x1,x2,x3,x4,x5,y,event
0.7986506900830579,0.8727133636631644,1,1,-0.5957568457156105,0.8558537102573054,0
-0.9580877951115649,-0.36805472362630226,0,0,1.183693914047767,36.82162774237503,0
-0.8260503952807545,-0.8832904911686132,1,1,0.8486592262355512,9.32555549372191,0
-0.007468341348832057,0.49244292544745843,0,0,0.07621073604186311,33.0331771132403,1
-0.6236185735049904,-0.20223665431781723,1,1,-1.1553484387862605,48.25411910424839,0
1.7124422547389297,0.5448566853686672,1,0,-0.866808794031786,18.396071137076486,1
-0.41848549076972547,0.37768507514903626,1,0,1.1238111926750622,2.5407872506005003,0
-0.894551728965567,-1.7793894298083748,1,0,0.0498758236947763,9.8474793796209,1
0.8780373023623169,0.4908699631171348,1,1,-0.6254678445774613,17.93391646129484,0
-0.5344530540737793,-0.26655345185025237,1,0,-0.09551305792670894,4.733589872855928,0
0.585510231156525,-0.9071374461351617,1,1,-1.684725666343589,0.0420798123001354,0
-0.5013290126997,-0.8075616453295931,1,1,-1.2927611030687132,2.2333539214678098,0
-0.2471915427267358,0.21515438047483199,0,0,-0.011311112013078934,30.03715945874036,0
0.1497884949468769,-1.0792582599435037,1,0,-0.812564310915159,2.5840804235494175,1
1.281681836162542,1.488711540137279,1,1,2.3706905266969147,11.451069555724109,1
-0.328457437703438,0.5661844498237963,0,1,-1.7031912836376912,1.1353704131264435,0
-0.6511845960387898,0.5017038220005396,1,1,0.11575815170234453,8.224606889246903,0
-0.06916982612308875,0.3101300384204961,1,0,0.2808429400144763,20.546571359542295,0
1.8677045949764661,-0.17173462049496258,0,0,-1.2400109130416044,11.224050961336857,0
-1.7807075361026654,-1.1315849694233273,0,0,2.1482008805010673,5.6071237318053795,0
-2.6009744452885135,-0.9781008518636378,1,0,-1.7234286900861417,4.848845247286545,0
1.0284809193849158,0.170736413282307,1,1,0.3532151289201843,0.6818282289709858,0
-1.2793537241539865,-0.4889080946343456,1,1,-0.253830665477267,5.945766653035524,0
0.8103371377484837,0.16658110789228542,0,1,1.0506814876961377,4.618414463853826,0
1.1137068106016161,0.352205075850762,0,1,1.3376023236080954,5.370172658955398,0
0.5162845476715316,1.0195665016006905,0,0,0.343972811397399,25.399246657872116,1
1.0609425970159114,-0.043607782776020065,1,1,1.2997033960745792,0.9249915515669161,0
0.26806847274136775,-1.2435767225482608,1,0,-0.21693535265736288,3.949482089616532,0
-0.8408548541289188,-0.3813083997607523,1,1,-0.527226111147515,10.606667159577604,0
1.0547164120663228,0.6987130363214258,1,0,1.4353808330375653,13.686972267677087,0
1.230854400319759,0.4858388922771123,0,0,0.8703792479133209,14.795625002745668,0
0.5254742004838556,0.07232403684485914,0,0,-0.09644592858091391,32.04769919087979,0
-1.4104947953052902,-0.5490318412110385,0,1,-0.15520181852920475,12.023135087129427,0
-0.4927944020312442,-0.25237413108711076,0,0,0.28977202947631914,7.872875042936304,1
-0.47777668590683037,-0.5190040626255157,0,0,1.4421392871672136,9.186653961584096,0
1.3744248561159538,0.7669679158456034,1,0,0.7307582764135585,21.738778688648974,0
-0.6909423546807264,-0.5624489175962373,0,0,-1.2424213011301968,13.62605246507356,0
-0.40650205225930336,-0.4416146339517856,0,0,-0.3073265109911441,0.7847425379788945,0
-0.2735625488188058,-0.2875981916911751,0,0,1.549826725038866,35.315129110164364,0
-0.014295806294529107,0.681310899003841,0,0,-0.8877327809038487,37.773245526751964,0
-0.9421517643402971,-1.8584662545615351,0,1,-0.23699600945447144,2.316677506513177,0
0.6897414875918603,0.5523950188390769,1,1,-1.3234412669881985,5.006037798523477,0
-2.289243925049202,-2.3521509037388793,1,1,0.03552815599615255,9.662499662224993,0
-0.7643301242944572,-1.6383737703550798,1,1,-1.2590262620628674,9.888672600590846,0
-0.4090130571284676,-0.47477640888748107,1,0,-0.8992937260560666,33.65025938355368,0
0.9562233961104375,-0.25806667164484604,1,1,0.2796679995007356,2.944018285010604,0
-0.324001013535681,-1.2077181028076283,0,0,-0.19683982527881624,0.42595057838803174,0
0.5928803991487858,-0.06923873477514286,0,1,0.5683875947447582,10.121284547798195,0
0.6710110073380121,0.013631265279127558,0,1,-1.1763684268805625,1.9039583448508461,0
-1.6649528872917556,-0.7892595766079572,1,0,0.3309427950184968,12.22811864750853,0
-0.8520222960333346,-0.8203207714901,0,1,-0.9890507568297977,6.81698527606121,0
-0.6273615328577086,1.3775056668786092,1,1,-1.487578859755662,11.360594885775978,0
0.8566753144072831,1.6333560138747723,0,0,0.285721252582761,64.53689618072782,1
-0.15225257511193743,-0.8901209331416309,1,1,0.6712574681550074,15.258782848128357,1
-0.9197535124524997,-1.2729115589029036,1,0,-1.661120514709059,16.371601126188693,1
0.10622671771540637,0.3331443632301415,0,0,-0.9192632975142142,20.268978003676406,0
0.5275262927579266,0.6820222143778776,0,0,0.05235937699935683,25.671297036466346,0
0.9137074476756953,0.6623024867553776,1,0,0.21905282045922805,8.14580695651793,0
0.8584354571645818,0.6253703790200251,0,1,0.5429478101247198,1.034236947079668,0
0.359705126663471,0.6538194108337968,0,0,1.9957996188065317,5.558405447681717,0
1.5304800968637338,-0.34729903920538097,1,1,-0.17375414557672975,9.300176966680677,0
0.6098056116085293,0.22705510425712538,1,1,-1.0947606864634354,4.161647635803416,0
-0.09507895794035383,-1.4298235232677499,0,0,1.5714131023123306,1.2753027198186053,0
0.23431976840233312,0.2644144360823308,1,0,-2.4506820632957766,26.03873229236158,0
-1.148077068836206,-1.2206461074531996,1,1,-0.664482533134619,0.4798068048437362,0
-0.4406109164704508,-1.2299030909049322,0,1,-1.15237188385387,13.500004727381908,0
1.0959776141525157,1.67886758926024,1,1,1.0738332615991828,5.800553036621296,0
-1.4423274094606702,0.20844266952404278,0,1,-1.5312645719093967,5.3103910744534595,0
0.8872303414285753,-0.07576432150636564,1,1,0.6721818817760679,2.5725500957318532,0
-0.25957215275862483,-0.10528444462026217,1,0,0.02060584011620854,13.715161786819012,1
-0.6447581625180905,-0.39798164908372863,0,0,-1.1165388307744342,38.56156688316393,0
0.23524167697707707,-0.42781229120857245,1,1,0.09200713687816242,6.621402880995112,0
-0.5693012486290201,0.14867065405924562,1,1,-0.14942748623927435,3.54804865725895,0
0.4118323796475993,0.8736718872970924,1,1,-0.08785501542108456,2.683851929044159,0
-1.156263074306445,0.6163781367569119,0,1,0.628173492272873,0.795963120464946,0
0.14236875994113862,0.24830852417719657,0,0,0.2801003850392823,9.418348302313811,0
-0.1556639646079849,-0.6511774392662901,1,1,0.8950253222075186,1.929854582456893,0
-0.996701233754636,-0.241124401200207,1,1,-0.9673048436813743,5.317100178242264,0
-1.8928001096365346,-0.7992969048818579,1,0,1.0272935914338153,14.6927948305465,0
-1.3801700379222475,0.10645963211136422,0,1,1.7629329679070929,50.950177221063,0
1.2557047687262035,0.8469321761681661,0,0,-0.8454531071297832,5.519979786222277,0
-0.9873273679429113,0.34572283683912053,0,1,-0.01901523445516701,3.3611352046903553,0
-0.5730835824242083,0.5321628191416368,1,0,-0.37313013874281425,16.973107300398656,0
0.8245343802196525,-0.3768420356277,0,1,-1.183723549550628,4.627391148983432,0
-0.3039747346721679,-0.811497891450331,1,1,1.2089294148173004,5.990386929888709,0
-0.17113901348571015,0.052976346759566556,1,1,-0.15909797351254878,7.355015029188331,0
-0.4624074301049095,0.4881784514736828,1,0,0.20910760063831657,13.366260634782696,0
-1.0785464947227228,-1.017818671790418,0,0,-0.3100985068662826,5.93436979720212,0
1.7922990004764392,1.0429255528261392,0,1,0.25601104210316333,6.946211329980569,0
0.7447679982402187,0.06998780106610991,1,1,0.7118406594521495,4.11323225291196,0
-0.8511802773789431,-0.674057261271039,1,1,-1.7466487129427706,0.2883630218475731,0
1.1193182161251283,0.4083798193002386,1,0,1.0584611187794926,29.6155328816138,1
0.43276343279149576,0.38610437320175406,1,1,-0.13204833603638993,8.46639120196338,0
0.3401508891243433,0.5243397862925263,1,1,1.0111474317705107,2.8747961070433603,0
-0.9009921180556354,-0.2965549189245481,1,1,1.1845461660582146,26.178719537369645,0
0.08436185341289355,-0.2916863088005543,1,0,-1.1182667773068455,68.57332643505053,0
1.1471089009115447,2.155705533470949,1,1,1.32168751373626,22.238224510063578,0
-1.1857853641289855,-0.13277159962753443,0,1,-1.9969929077452204,2.4181457148742718,0
-0.5692459518598819,-0.4253639860808865,1,1,0.3484049978429732,7.549250695473396,0
-2.1001297706536555,-0.010379842407883588,1,0,0.2898118961254421,78.25088505732305,0
0.0875043347541256,-0.45442955731464385,1,1,1.1269375583821843,12.204294740886017,0
-1.1083946829892322,-0.8613487354575026,0,0,0.6198537394777576,3.565262275466804,0
-1.80065628121858,-1.4731257557820097,0,1,-0.7840312567780856,17.16870823670231,0
1.5076747893991695,2.0517379961391082,0,1,-0.6177737350395935,4.425190213532147,0
-0.17762762948305214,-0.5316494994182304,1,0,-1.4328454629156306,20.88061528860369,0
0.9958819125545041,0.15557958813300032,1,1,0.3496667487169855,19.393311138604187,0
-0.7732316135659246,-1.538971614317638,0,0,-0.252568994167944,32.85294699706857,0
1.1437112962893607,0.6311896093966647,0,0,0.6788997202977858,1.126115407872962,0
0.14855804749283041,0.7274594311977951,1,1,1.6606618125192592,4.596450129326859,0
-1.6234485752851373,0.30154493305499364,1,1,-0.7396557867924533,3.023341810301702,0
0.42084937294935443,0.9668183521309128,1,0,-2.6292977836691542,2.4622050281464993,0
-0.17102577264976737,0.44554042410437306,0,0,-0.7482086025465231,7.012600837685899,0
1.1518569870485833,1.650171131904577,1,1,-2.582467717026736,1.7468818926417462,0
-1.2323615268177819,-1.3217242519897099,0,0,0.4774141802601038,36.834941854391424,0
-1.7047799383695676,-1.8139292689376747,1,1,1.3670552055468626,24.86645683778893,0
-0.20036298811708605,-0.31848638446099825,0,1,0.30460069312363786,21.232037388147166,0
0.08028832463270721,-0.2276383878316065,0,0,0.45822771299417836,76.24288130826508,1
-0.9447430812927831,0.01681765767819654,0,0,0.02179465429692708,7.839637257601653,0
-0.46924715892855334,0.5755842838755649,1,1,-0.38109590875513855,33.684881720425764,0
-1.4060864699924829,-1.0533734049701038,0,0,-1.9654725694730135,11.58800972652597,0
-0.5826480904283158,0.13501179159288823,0,1,0.9008089752218521,17.076943206147117,0
-0.4687966670675522,-0.484580227712886,1,1,0.31925808564869096,7.403298203705912,0
-0.3741711185340351,-0.4292845012038311,1,1,-0.0027777316821271263,9.855042089477603,0
-0.9731071166127537,-0.1396316785807274,0,1,-1.87269571465673,12.252803812165281,0
-2.0960647849868486,-0.13219777445649317,1,1,-0.9914789537738407,9.191279038516004,0
-0.06826111318573064,0.6471477110016409,1,1,0.10988511242145567,8.50427016554202,0
2.0182052403686526,1.1540517338320866,1,1,0.4794855956894341,7.379724726335206,0
-0.4024812703547799,-0.5127657610782461,0,0,0.3086461290595853,1.8184811092056308,0
-0.837946809824472,-0.4842818555777341,1,1,-0.18753093820708003,2.0208356758413575,0
-1.586255006745554,-1.5961127583361985,0,0,0.11655142612218405,3.0752229795620436,0
-1.3753480511275114,-0.6701052376675857,0,1,-1.5695231237699823,4.688826857067714,0
-0.4497532397651668,0.30795564967074024,1,1,0.8556255432991688,16.949925235684475,0
-1.6984047163148566,-1.27418556409717,0,0,0.5009797340663771,85.4158444771232,0
-1.8545424195689535,0.003152683489956787,1,1,1.9684131717515536,7.386920749026921,0
-1.3563461377402497,-1.3761549668103155,1,1,1.3782864070566196,4.759300016105836,0
0.5564756251045397,1.6303208956253847,0,1,0.2243796482697028,2.7724224390401293,0
0.053673620302254525,0.1469977720848813,1,1,-0.527693310812523,6.254328926015229,0
0.818562072663263,1.1132422532546185,1,1,1.7875359047794712,8.237222080643628,0
-0.7627069750217522,0.25725960977567336,0,0,-0.32181439688300867,11.662600399026145,0
0.33695568239183105,0.18971161528109104,0,0,-0.7351877473780578,21.006038911885337,0
-1.4380018239798509,-0.8553230733855779,0,0,0.6570929962536863,18.27439799626337,0
-0.7325761981786508,-0.8217101635843855,1,0,0.8845733872815265,18.769637506406738,0
-0.8724640685558205,0.1811504315042911,0,0,-0.5639460472367389,26.149258233165643,0
0.42389117635661033,0.1897777390306101,1,1,-1.1724785320491002,10.460053990113703,0
0.5311171998839795,-0.17881849344922524,1,0,1.095477587483454,9.34451080352691,0
0.005466800133228876,-0.20820994894397843,0,1,0.4404470216293804,4.883193183654383,0
-1.8740970627309703,0.0025579133994791947,1,0,-0.4788040002230925,55.7317207401144,0
0.2586225288919996,0.5260852176885683,1,1,-0.43815685784241537,7.799938634338048,0
0.23357603980122146,-0.5250005091496123,1,1,0.4595157917558743,3.9591264514532796,0
-1.4809611777455405,-2.611167696490311,0,1,0.2300941998524446,18.826482859932522,0
-0.3546968755846606,-0.03768316326994317,1,1,-0.8398149659691058,11.704509263648788,0
1.212607427017995,1.4399743270145862,0,1,-0.33033126715814115,15.076443144418308,0
-0.9630674841549631,0.36517711109709283,1,0,-0.23063733136154474,2.3594117993276793,0
0.11104153710162347,-0.20667614208247914,1,1,-0.48462195474969294,13.16054241528879,0
-1.0635640680486995,0.3200572576385696,1,1,0.6099158767964197,2.837613642597385,0
-2.0308063894503094,-0.24196612552061603,1,1,2.2302253288542304,7.924846435169169,0
-0.019609217769134272,1.4220390625474555,1,1,1.499937021832349,3.553676583846139,0
0.5073928848998328,1.7134105068210568,1,1,-1.5537052587211904,14.261599075581959,1
-0.20945207473114041,0.7921408117958696,0,0,1.6818112103187577,29.91087233511621,0
-0.821306320394868,-1.4116704073152855,1,1,-0.4522794578899692,3.0925503614732586,0
0.9290794320078084,-0.044437142320060685,1,1,0.2758210681209689,14.88840212832412,0
0.8214196784293505,-0.06715385320369271,1,0,-0.25375745535059463,4.30175849264943,0
-0.08182594752864578,1.0668570980863523,0,0,0.6362715174796008,17.89380593343648,0
1.0619752691961564,1.6753288650001343,0,1,1.2633055292664768,6.182380908422444,0
0.932436055818682,0.0587020534672969,0,1,2.244014830050451,0.01355255717075006,0
0.0829894739099348,0.8869140034400271,1,0,1.49534394297333,12.218329626013535,0
-1.889968059334079,-1.7770055185954372,1,0,-0.17679853897978973,53.315050544595074,0
-1.6024077720563255,-0.5018847586968628,0,1,0.6729492727234707,10.011873687395363,0
0.23768498133187566,-0.06786846416883976,0,0,0.5315386350853826,11.050910633614082,0
0.0019845121480177625,0.5880488667356236,0,1,1.083181236300637,4.3757841782133955,0
-1.732069679730762,-0.1799028688726343,1,1,0.5426776157135995,11.479955077430096,0
0.46749761670873485,0.7890657968257042,1,1,1.5792750517951915,1.0592887860945728,0
0.1383639452618013,1.0714396684434169,1,1,-0.9089592642133544,5.458679039331834,0
0.034988087251949476,0.34189134056029225,1,0,0.5400608656699275,4.58249681454697,0
0.350616401952749,1.5565430754417684,1,1,-0.3652961414164596,5.141185304229542,0
-0.15573462392733353,-0.4203381182222545,1,0,-0.621908532597308,8.365395941708952,0
0.1441767403700044,-0.2270978891453837,1,0,0.3587089892644045,23.90836956859295,0
2.1838041057492847,1.1445154088688576,0,0,-0.6068202769442718,41.80328984078162,0
-0.4309819631176265,-1.3265812513661275,1,0,-0.42853809175383994,12.009510170410211,0
1.0527153907582087,0.304836687854535,1,0,-0.7265616366376058,23.99001574478023,0
0.6636874618404661,-0.3266101301322248,0,1,0.373963718233828,7.2369186909926375,1
-0.5934360059401973,0.07953999118187549,0,0,-0.613572761495777,38.90032146757555,1
0.6571668033433163,0.5704648021155383,1,1,1.4018927561073542,4.080762185157781,0
0.18955435827538014,-0.11023844621177672,1,1,2.2632499432252846,7.368744655107124,0
0.9919042573939232,0.2858134964175734,0,1,-0.9991690355691993,6.808673070293711,0
-0.23195345413290633,-0.2998481457669027,0,0,-0.010924062198678695,4.675287450958123,0
-0.7121957500370656,-0.3710489581668938,1,1,-1.2238712748765879,7.645407501773711,0
0.07479656100833809,-0.4853014620752394,0,0,0.1544555951048372,11.672287417974541,0
0.0977591846672555,0.6872103386490055,1,1,0.6233869559585236,13.319147108258164,0
0.23753831253965707,2.397184584399262,0,0,-0.34069119501162454,10.584635472495806,0
0.7964097954483754,0.1831968894948823,1,1,-0.9003610296214426,0.7337000998397359,0
0.32856778180388096,0.5089357108522504,0,0,1.4346193656510875,22.03368372183497,1
-0.8444947553376222,-0.9635949662632555,1,0,-1.3136236406273865,4.185405920631968,0
0.8456942788617069,0.8903290963197019,0,1,-0.3253039093101931,3.7493034305356554,0
1.2118142251965436,-1.4846873774242977,0,1,-2.1971881359253715,1.1469323634363782,0
0.6530113106103806,-0.3870590651698273,0,1,0.3225782095585058,20.741118494793863,0
-1.5326924897719458,-1.5439704043394578,0,0,-1.5884366855243033,41.89952757171688,0
1.1441991325587118,0.8736087309786027,1,1,0.8400806925320587,11.745104779461647,0
0.9667165271336357,0.7056028289390517,0,1,-0.9865015232673865,0.20470324128095663,0
-1.3937464579344068,-0.27073631005082216,1,0,0.40263351808649395,8.674003874645795,0
-1.048579369643012,-1.2619018126066677,1,0,1.194736054867244,11.306994392784912,0
-0.08752887569066216,0.24467815049884134,1,1,1.107180076083402,0.7998336331962695,0
0.7837968633215603,-0.8017588408902623,1,0,-0.2700567787425828,5.641965260476283,0
0.9874642634490614,0.5806156800837854,1,0,0.3271171519657517,21.568221697818775,1
-0.06874023179181496,0.659972412188978,1,1,0.8577576656936029,0.9929183519107128,0
1.1917947205279258,0.0305097086429309,0,1,-0.981202556062808,3.404443029234024,0
-2.493875957078291,-0.5060536136020891,0,1,-0.41362452112633974,4.024814996422802,0
-0.08247911633659917,0.8065194983764604,1,1,-0.771205754545281,3.630436314137179,0
-0.06621622364889103,-1.400963847063298,0,0,0.3032197562788528,5.244661109797003,0
-1.4378594795078559,-1.029941029708327,0,1,0.6653669229139455,3.5692772400250727,0
-0.3307522717735954,0.028970471546226423,1,0,-0.9733626143424217,12.23453694446572,0
-1.2340388994991882,0.0767872300243243,1,1,-0.4243931580321006,3.153063270514104,0
0.15544649953811646,-0.5384192578320931,1,0,-0.5632070854635103,3.44093207393001,0
0.0542570764320554,0.6524686964557078,1,0,0.16501878175821477,53.44426733587157,1
-0.8460308108041281,-0.5511338223214541,0,1,-0.9684476581615793,31.96905659714142,0
-0.42851671157876176,-1.332448133455341,1,0,-0.3551843355768053,6.530142098624646,0
1.7834291454361946,0.6380269895982605,1,0,-0.3209442245337563,6.943217667468268,0
1.7889307461845325,1.3044153628926527,1,1,-0.1384011460559163,11.149513766051054,0
1.6377204619170689,-0.2321478279530076,0,0,-1.5327589717975183,12.447756048887586,0
1.148341868297288,0.11163501966162714,0,0,-1.165651016679705,24.63800097234744,0
0.35322597494314795,0.8192468987134343,1,0,-1.5529585448458378,26.79774128105766,0
-0.512193078459395,0.11946819436366629,1,1,-1.652871081605295,0.9830922308153339,0
-1.0709703380012328,-0.4006169431154076,0,0,0.6246823258360145,17.969414897179444,0
0.15742653455634195,0.7537902703971395,0,0,-1.921865244030289,8.232324884347086,0
3.1440653640343434,2.2294187277061783,0,0,0.8922306498726728,8.275479834023104,0
-0.6263375549366124,0.828005326530849,0,0,1.2206633332543764,12.820475367046448,1
-1.0784539089625647,-0.5502971732876278,1,1,-0.6996330033939443,2.6832486919013587,0
-0.9251533177484432,-1.2347644891632363,1,1,0.1093134462477222,15.35447020429049,0
0.9452391238950275,0.19638135506901228,1,1,0.0880204695638713,4.6335938826343055,0
0.9619583541606854,0.42800856186286496,0,1,0.5653311782700691,9.074397651625691,0
-0.049072639120601814,0.639216185512039,1,1,-0.5234132165774045,22.945162143001834,0
1.0217270153331777,1.0311079062871522,1,1,0.8095457134489961,1.8954909200886847,0
-0.6186481119421994,-2.58037733542921,1,1,-0.8741043920789627,7.521740867781633,0
-1.6079722188556234,-0.45703223392645037,1,1,-0.8546362146224323,15.92885055457355,0
0.2713591532162237,0.2580796967568598,0,0,0.9713608989944015,22.10504732732376,0
-0.9655316642299653,-1.113592672706901,0,0,-0.20018609629130302,12.758950105927562,0
-1.722873428768428,-0.17231203386229466,0,1,1.0193556928406902,3.1483876655680807,0
-1.4145327062728894,-0.9751821269439511,1,1,0.6594399441906434,6.02293078806415,0
-0.17452363530085382,0.784820855211034,1,1,0.0018557790112881869,0.3190288114296566,0
1.244698351190942,1.1530311901846515,1,1,-0.02590481249387581,3.240023030296856,0
-0.36424445191082344,-0.06764744075998483,1,0,-1.2715558363510255,16.142934015671152,0
-1.0250160534474875,-0.4844445884493523,0,0,1.4223984951775979,38.549963720346526,0
0.9349978165815276,-0.1686548668280895,1,1,-0.03691289853920196,0.627233193969128,0
-0.5306807984330925,-0.8814151428482784,0,0,2.0067003849718046,31.292599016493245,0
-1.252990648564912,0.4035842758321204,0,1,1.3150419257674963,14.495167917789514,0
0.7571709299260679,-0.4140953766465783,1,0,-0.47796330212717214,15.479626650458227,0
0.012119532041665252,-0.09966235324792645,1,1,-0.41318537164052577,6.544857028231574,0
-1.0634420070117832,-0.918705992210574,0,1,-1.112556293730203,15.167105573807877,0
0.4481939234755721,-0.6420598344317349,1,0,-0.5351369311688419,39.7810568243134,0
0.3744167844011678,0.8036592752458197,1,1,-1.2407452446201959,19.60282810602209,0
-0.8315306231759773,0.11910651979629422,1,1,0.6829147691351454,8.191107520243067,0
-0.7228069553958182,-0.3555962540710219,0,0,-0.5223131594215712,10.59684622521727,0
-0.2947371674187763,-0.3969548548074693,1,1,-0.47288766240498764,0.843716146303155,0
-0.8090739009885269,-0.8211829429300268,1,1,0.622710603743441,2.589354882836337,0
5.855810022939044e-4,0.8422110010038389,1,1,-0.09504481897637523,3.0797859610290295,0
0.3787835377852596,-0.03575130542027519,0,0,-1.1307462556625802,11.279040947342935,0
1.3165749675378304,0.5998797352848555,1,0,-0.15320257847843494,16.6507737542816,0
0.4098497687715002,0.31153927327041286,0,0,0.9440389176158618,16.83801717692521,0
-0.8419577111720026,0.508399569263003,1,0,-0.6892029286238381,43.810193415764985,0
-0.7057354409999178,-1.0955713286224098,1,1,-2.242538473956929,34.18794518227525,0
-0.3087544787646013,0.6367560716055447,0,1,0.4684061261068264,2.007507411196584,0
-0.2968774400103768,0.23168805429409847,1,0,0.2188961492118254,3.3796799850281913,0
1.2119679185962158,0.19297912949612672,1,1,-1.9987288547357587,13.096645757244291,0
1.3938128157100442,0.4321914253205011,1,1,-0.43688475921778364,1.6413312864279086,0
0.959337910361394,0.2820606431513444,1,0,1.0125122618441056,7.781622851316971,0
-0.9196986826885539,-0.2187053631789333,1,0,-0.3605037169216578,3.032620361868698,0
-1.0184836089671574,-1.0562257254503074,0,0,1.1341772740092515,7.703017662403203,1
-1.3842173331985943,-0.210949445833231,1,0,-0.3124602600317857,7.813920469075439,0
-0.2928007689714034,-1.4698512663466397,1,1,-2.3098148215353933,0.9332436615379107,0
1.8275185199164203,0.6783836116004102,0,0,-0.1373872041677717,12.321374655507004,0
2.2664276824800247,1.5081385768986304,1,0,0.29653036326167714,2.064579188776753,0
0.7608311020941708,0.04291751852343406,1,1,1.846680656792835,4.8383525414299,0
-0.9878023956289698,-1.4483818438033398,0,0,0.7665994081938983,0.1754496688537936,0
-0.08944225829652326,0.13749803000766234,0,0,-0.7065654435433405,29.03171526009328,1
-1.8360712259189882,-1.4015786482353754,0,1,0.9519925138163183,18.410038925013282,0
0.19794084632917477,0.4658043911683347,1,0,-0.29996931776424357,2.56285763750007,0
0.8187225883048187,0.0713507543690513,1,1,0.7781641225634665,1.3589173042738525,0
0.706672605684344,0.6154071172863775,0,1,-0.1494823238298006,1.3329695136252862,0
-1.8765141821083193,-0.6330848874670482,1,1,-1.0491507879888697,2.7589516604946827,0
0.2463015110123595,-0.2064536284390477,0,0,-0.35882634609645675,7.21281753829738,0
0.06458316425471972,-0.11926151466757731,1,1,0.22866429398732685,1.5648966638386195,0
0.5336083817915701,0.060839302393334266,1,1,0.8001324480855306,11.99005103531786,0
0.7396413632697069,1.086637644441001,1,0,-0.4266309277375726,2.8028807885823164,0
0.4367591416541364,0.06898804878336437,1,1,-1.5463120178742755,2.9378961163014523,1
0.8894320822813738,-0.393903041264453,1,1,-0.7673871943169327,11.554628082388838,0
-0.725310598704732,-0.2827111509840326,0,0,-0.5921210903046222,15.087753668739333,0
-1.0865282301991503,-0.31475979143753374,1,1,0.014038366805692459,25.513111525903046,1
0.3937859761412238,-0.5700722015143329,0,1,-0.7418514194837884,5.3108604744368595,0
0.5581695009752801,-0.14194896580305943,0,1,0.6277210826927356,8.704136590344707,0
-0.4197590418639939,1.3882577812993426,0,1,-0.6102708339891716,8.522863710050716,0
-1.7066663226638528,-0.6402449877160438,0,0,-2.0719710605055095,11.584815646863834,1
1.5726652449558514,0.2036687966776326,1,0,-1.9309723758738229,4.82312651103362,0
-0.8657770349163162,1.2595914376253179,1,0,-0.07355744068081786,24.50282942864998,0
-0.04478774964191542,0.41041436690979943,1,0,-1.2931594071911179,13.683682862640442,0
1.7168092805624982,1.087211751959668,1,0,0.6722618041838875,2.130148930700486,0
0.024044786027877952,-0.6760993988113617,1,0,0.6531626041074513,2.3285313395205294,0
0.3622240284192263,-0.39718542586263045,1,1,0.12916510302802026,2.5421029940333844,0
-1.0533715574380593,0.822638048031438,1,0,0.24335329719957446,8.800208203762512,0
-0.0099544788875505,-1.0155727821364973,1,1,0.4277388100313311,4.193489421982207,0
-0.9987914587058501,-0.1934082542157105,0,1,-0.5275177394428021,7.945760785502496,0
-4.2280246649004284e-4,0.2440687361137824,1,1,1.104935911830035,7.184369386048919,0
-0.1275374582312713,-0.3891821501273049,0,0,-2.393256208456038,17.302899255444117,0
-0.2779796104093843,-1.7288436862849004,0,0,0.6789066601668975,16.357658869032488,0
-0.14823603311272052,1.2558705154798455,1,1,2.602236437711148,18.46390600602197,0
-0.6143829916834121,-0.4264705948971841,0,0,-1.2874008958715115,1.8832236008663992,0
-0.562734686978472,-0.745751134587668,0,1,0.04262140193055564,0.5221613992501091,0
-2.369369368538175,-1.6533724638456233,0,0,0.8802371334565027,11.192365451834558,0
0.5429126198407507,0.9196306023275087,0,0,-0.7467825223872373,0.2914222531487368,0
-0.9270575489610872,-0.6063281105489491,0,0,-0.06914856432852234,52.15388766769153,0
-0.31150134140236263,-0.7769219521254165,1,0,1.6903160040926133,5.533800333704727,0
0.4009813061422221,1.0070825184991683,1,0,-0.9129999646643402,19.374178059012273,0
0.253421521483974,-0.25393920940956566,0,0,-0.3592214879782599,5.226781420364947,0
-3.0540783125332935,-2.225640123976355,0,0,-0.9819769156393602,12.583811293774685,0
-0.5358797254683321,-0.5095749178363799,0,1,-0.37715761019406996,34.66728194925865,1
-1.5381278302289327,-1.4678392185110147,1,1,-0.3642290921461424,0.9891966679620833,0
2.242078391482284,1.753398572628248,0,1,1.2478536122915935,3.7959861317430414,0
-0.28401412672297016,-0.04616184699056211,0,0,-1.3175828056087535,2.272769993168776,0
-2.211527448111344,-0.4724532481832826,1,1,0.2061391413169742,0.332156102186262,0
0.07031252735009305,-0.6071611602981254,0,1,-0.5401139131120658,0.6901894163228074,0
0.43659263195583475,-0.27383130766103453,1,0,-1.3310879169615801,26.095481501979794,0
1.3246471167332585,-0.40075082112852567,1,0,-1.6536069617512863,12.246676840438099,0
0.48811126509488095,0.3253168700566067,1,0,0.3277352076151287,4.320772950813269,0
-0.030499716425895263,0.18105343944646926,0,0,-0.41046391859177583,19.135815319521793,0
-1.3256892396795315,-0.9903372649450138,1,0,0.7811808501624192,2.331868223040626,0
2.7592003309097324,0.34010814766676534,1,1,0.6813890652392937,6.020054223972886,0
-0.0809608722528814,-0.48732408731680393,0,0,0.7374330845799726,15.809229711892714,0
-1.4362929563509357,0.629106011670602,1,0,0.4792212003403559,27.902840142212394,1
-1.024283672264023,-1.708151122163704,0,0,0.29093760760334736,43.76171832695396,0
-2.133917673439566,-1.3774573135741925,1,0,0.44180689084553,2.058830105439315,0
-0.6494641909578426,-0.8009646224809794,1,1,1.1929490395320208,2.254814370957783,0
0.7446680684624105,-0.38920005697094784,1,1,-2.2598726146520933,0.3706469264425362,0
0.26914063202792804,-0.8486792165721564,0,0,0.7048082736253514,28.692171112450726,1
-0.8166348032089078,-0.26531941250252866,0,0,1.0931582741104742,69.17213770506405,0
-0.6840766113639444,-0.040324493623989044,1,0,-1.05968888303546,2.047064416960617,0
-1.9021896532250409,-1.43723961413021,1,0,2.064072648882652,45.31198100148141,0
0.11602746821973894,1.0584772634218826,0,0,-0.1042893245341925,5.479326452364852,0
-0.27946768881623607,0.6010545132861858,0,1,-0.28630248463790803,4.2671510020055186,0
1.4263101449293571,1.9170626388201062,0,0,-0.5769622902253194,10.866331879353691,0
-0.5049205339503583,0.3196268214433616,1,0,0.16336916797047318,75.38368991830933,0
-1.1429493481395545,-0.5504500324036279,0,1,0.9600917728651995,2.911741650748915,0
0.27094965749002836,1.0499531630668137,1,0,-0.68191464076486,3.0104588511538766,0
-1.2973910870132044,-0.9613884061354936,0,1,0.7303708208496096,10.350940798442515,0
-0.04541919746973174,-0.03089169898388497,0,0,-2.2901230160362984,16.756247160356146,0
-0.4368459832893527,-2.3010455197055038,1,0,-1.236807223394925,49.04247258769886,1
0.19578727810084154,1.3462308615263947,1,0,1.7191397238231605,0.08374911007084189,0
-0.9356009472574162,0.2687754395407868,1,0,-1.1942324662056694,17.63872712243318,0
0.9456958389290799,1.0879743440993375,1,1,-1.835625387551769,1.1523435089226612,0
0.8625573303360727,0.9382298922329082,1,0,-0.30111073150046563,46.19735697365978,0
-0.84254419981401385,-7.283355081474929e-4,0,0,-0.7317366371356981,3.6842624278614804,0
-1.3660006308544548,-1.340921763797906,1,0,1.6376074490831314,43.0454490097811,0
0.5297530036041789,0.7062217204216914,1,1,-0.10540285363134225,0.7846970120804817,0
-2.2302149269187375,-1.3885129825191296,1,1,0.2765278418025711,8.832810651046167,0
0.5391889593310105,0.46282548858199213,1,1,-2.32894358509301,12.700486584144715,0
-1.6258555320942012,-1.9664918174966846,1,1,-0.20840087250602207,15.452420176696457,0
-0.1737114585285314,0.42797917931034274,0,0,-0.046062115103767884,1.716275751132401,0
0.1709737297684882,0.7819289675958306,1,0,1.6057706536173586,0.4020506113435083,0
-1.678754776371214,-2.773305339313604,1,1,1.8549575363726716,5.97268962240237,0
-0.061052246389461176,1.3779715082156965,1,1,-0.9962987400689028,3.82808082141481,0
0.23612993430884233,0.5842105523896038,0,1,0.9999124017509703,10.22209635899635,0
-1.2978465719401517,-1.4738408308193933,0,0,0.24645905639484622,27.88979499310171,1
0.986412995769522,-0.12890762866014738,1,1,0.6045194076489266,14.121698532406445,0
-0.47080958729640654,-0.9464446215907301,0,1,0.3659271545896033,7.604514173052353,0
0.6823780380494867,-0.2772264349302584,1,1,0.23451848865875125,13.698576880644634,0
1.1490904810585916,-0.5302885634255888,1,1,-1.1324453173073505,23.221633629866385,1
-0.3919429370986564,0.8412706031250631,1,0,-0.8210015379145151,18.72370647359633,0
1.678377287514905,1.7237479609053374,0,1,0.25790778071819315,2.432265152231119,0
-1.252760739679073,0.5012095188466765,0,0,-0.02790880457075811,4.450096598694696,0
-0.5652367938761439,-0.11347605671753508,0,0,-0.9774806338461792,45.36562802237365,0
-0.5600227542757874,-0.3898402272938776,0,0,1.8493709146424184,16.733114678033893,0
1.641725178866918,-0.37728969390950373,1,1,-1.509382943963536,21.420890357889675,0
-0.01258841763988791,0.13696355282195238,0,0,-0.5434105907335823,3.053011076036819,0
0.7836102974465814,0.3913617793028782,1,1,0.025182810921543782,14.765882461850666,0
-0.5578632137516438,-1.1755978940011895,0,1,1.0807695649669686,7.991563697443269,0
1.5076408974423856,0.17622510147425485,0,1,0.9202974161287968,7.144414409047552,0
-1.1899155665834815,0.6720163707694895,1,0,0.9487110300611183,5.215475001056096,0
1.0308208136146688,0.8655209973164476,1,1,1.6639976500605271,3.8851725872334657,0
0.38348531848713174,-0.5084145705109513,0,0,1.623342545402757,1.1884647356762803,0
-0.5608236269870499,-0.8277876597226147,1,1,0.7535829231349561,15.424451494918939,0
-0.23139303373916698,-0.769533071500214,1,1,1.1464842369371213,0.648923792551892,0
-0.9152679681046262,0.18788374446153006,0,1,-0.07571988838119902,31.501873544896313,0
-0.5082856623970539,0.8593131703524299,0,1,0.12565721079429462,24.447520168809834,0
0.8350106172928162,0.5748981013347714,1,0,-0.9168458741950255,16.419827312325495,0
-0.2245932203022364,0.6326064757739722,1,0,0.6763728697279869,1.5279095261092772,0
1.032212072309527,-0.3918638776176583,0,1,0.38088598277886676,2.3929668001723616,0
-0.4881694910645881,0.2102082619159267,1,1,-0.4525329235438859,1.1586134004488644,0
-1.9637645400783794,-1.0748519064587958,1,1,0.19784083098566416,4.339369181514787,0
0.4837627024300918,-0.15999704311900997,1,0,0.4437709104802685,18.973260738166957,0
1.0437526618960982,0.2972680472125662,0,1,0.6018919110889736,19.630307655883435,0
0.05466398042264786,-1.607041700575436,0,1,0.5584045294152168,2.4848842461124234,0
1.4963934691917398,1.6757602723493128,0,0,-0.7431088695356528,7.504445194811171,1
1.059617019287643,-0.18747894767217788,0,0,1.0560309556514036,6.737297698297379,1
-0.8701598735192486,-1.3854466804329502,1,1,-0.2433008730219393,23.226920320982185,0
0.29645762012255983,-0.5203497416214087,0,1,-0.8112163930381907,0.005608493763100907,0
0.1610932251849438,-0.1384554942738133,0,1,0.04864562233099909,10.783160853777026,0
0.8713196144459148,0.8422652033319363,1,0,0.8715169729555573,13.131101373582629,1
0.758901920718671,-0.03878114496644486,1,0,0.4869421165653495,26.31298572446528,0
1.3415025317820566,0.5612922948708555,0,0,-1.3225358892478276,16.44093409215452,0
0.12100077096694921,2.2293113252958405,0,0,-1.3984126631258047,23.112542750173716,0
-0.01417252536609982,-0.41114279655745434,0,1,0.8454788302661835,10.357695975861018,0
-1.2713649832479326,-0.39528709870272744,0,1,0.7893973417561574,3.6628602083193695,0
0.402941431476494,1.1557750889409315,0,0,0.051523303739560204,14.298706951063098,0
-0.5300614043782353,0.005823117066259098,1,0,-0.5775341321463489,51.539016211192475,0
-1.7703645126087435,-0.6870218297947178,1,1,0.7050556670557201,7.642638792192204,0
-0.36331486335742885,-0.29775210156290666,0,1,-0.28771688880963575,3.1553927060029663,0
0.17661404539920655,-0.8796078789746415,0,0,0.1800709188563515,25.162779491945418,0
-1.2212448155181246,-2.349978702514872,0,0,-0.10513924115558249,17.697353169039452,0
-1.9805836532356296,-1.5479755725736917,1,1,0.517717298044297,13.543585665811097,0
-0.5211757848629088,-0.016224769412185924,1,1,-2.0627985617102387,8.353290430904455,0
-0.3335446777394593,0.40680149588833026,1,1,1.967362278016091,3.3796038371956505,0
-1.6024750981592462,-0.4380194710622744,1,1,0.44767840755759725,43.314832594432104,1
-0.09177509049229272,0.043639975481844166,1,1,0.02173701939968902,3.0745005335444704,0
0.9116131482948453,1.0293002451485127,1,0,1.017048970243373,5.4741790268437605,0
0.7114243845764697,0.6732038255043133,0,0,1.1965206615730408,1.3776376248879596,0
0.06887079541502544,-0.6674623624824934,1,1,0.8072727708822067,7.641812501840701,0
0.7609245607528928,-1.3065323428007833,1,1,-0.5181501163923811,7.775088951006338,0
0.794612911353832,0.2501856939458005,0,0,-1.237869911638791,8.556262677108968,0
0.1221820820894737,0.7946018974571182,0,1,0.5387089158181787,19.91644134600781,0
0.5124679298030522,-0.6857161569285661,1,1,-0.2381086148958231,4.541692546382738,0
0.3342360812950667,0.8549003797658943,0,0,-0.9526747561685639,11.25215753028497,0
0.373081683403553,-0.6388220917799984,0,1,0.468395257908322,1.715437841710741,0
-1.6011595477290954,-0.6394639855203084,1,1,0.42735754589697833,4.051711165261919,0
-0.428650700897769,-0.573834793757217,0,0,0.9599321664141691,3.812777054548174,0
0.10494519218695429,0.7591880980660011,0,1,2.3599030212705876,14.148049998468545,0
-1.311612279644568,-1.0208434447227928,0,0,0.19509463931212873,31.08530421504772,0
-0.8273896736937295,0.021303505575879622,1,0,-0.4974883317760787,19.76932636375006,0
-1.4454345978789231,-1.2165030233052858,0,1,0.8764490540045273,11.902568254588923,0
1.038996969157978,0.24177137237247087,1,1,-0.2753253501105883,0.28230453097517655,0
1.4269215579946581,-3.685247912597056e-4,0,1,0.4361792308733258,22.883121891866523,0
-1.1501387129711143,-0.21328281719453301,0,0,-1.1719871763931236,41.91211556915375,0
0.2940169648466205,-0.1285667504720103,0,0,2.0930836663319607,4.70323387848824,0
0.7103455452051779,-0.2226410548883463,0,0,0.3453202360558644,11.612983791901561,1
0.057237334644858556,-0.44886015169557597,1,1,0.5808173843535959,4.400652834660125,0
-0.3680453403983792,-1.364418848439834,0,0,-0.19204233402823406,23.606867783484795,0
-0.35884389205287476,-1.2079001125331212,1,0,-0.16182788600761178,0.08079592246033555,0
-1.4744221838312754,-1.4854088547738473,0,1,-0.38040409954971305,7.138046235628836,0
0.37854678375754874,0.4784018635968784,1,0,-1.11605976761565,20.89934191613798,1
1.2012773527774545,0.04339200793778297,1,0,-0.15631155737374947,16.935636860887634,0
0.10048720613823758,-0.958913215101033,0,0,0.3096977976069374,19.978491190286093,0
-2.3671769725850758,-1.4487024733679745,0,1,-1.120090359834697,6.061898697841875,0
-1.137776092350665,-1.2438496173073539,1,0,-0.700623785572269,38.52846906011827,0
1.1967481788489638,1.4432811946044048,1,1,1.3424667171975906,4.973561084909513,0
0.05862030504499998,-0.1731936282621338,1,1,-0.9474247075982686,17.98635390413675,1
-1.878530288043289,-0.7130179835343904,1,0,1.3698797500269382,64.86428324690979,0
0.29475084367612453,0.720946932251527,0,0,-1.0555758469452485,1.0498212186581837,0
0.6165685706656543,0.20261599980549236,0,1,1.5025645636105025,7.053961656960357,0
0.7448593413533695,0.4080022652919912,1,1,0.5757035796220781,0.13842266774214426,0
0.2887865696022443,-1.1985675978920425,0,0,-0.522844097910838,21.298205991618087,0
-0.6561796119872115,-0.2712530632225781,0,1,-1.4556295322068826,10.421648929959282,0
-0.13398578169833134,-0.2931338744673763,0,1,0.6753690286381558,3.9948958942671,0
1.380900603534847,0.5109102736084635,1,1,1.3737075414683695,8.789404836063568,0
-0.3767667264640649,-0.7659977310764348,1,0,1.8588716330442494,22.46195475349403,0
1.2719741230583461,0.4759363156200879,0,0,-0.7536669307695262,1.0892763625439308,0
0.5191514178051405,0.04660689280676594,1,1,0.7955958110149607,5.596399908196291,0
-1.7192699222665973,-2.573765245419358,0,1,-0.29804462661139874,0.05837824623760472,0
0.47465866285817027,-0.20950697775896132,0,0,-1.3737012212345427,14.832733017281207,0
0.3076425205239747,0.48920526425281463,1,1,0.7456272021283257,1.2178547672686153,0
-0.19293057196144486,-0.28787004996202536,0,0,0.4291860480359828,20.516463419916416,0
-0.8914707640852305,-0.5192450296415402,0,0,-1.211735498049765,4.1787366306163,0
-1.4788282303818447,-1.1296007762085338,1,1,-0.6061267041200775,20.711405770979628,0
-1.6199982872582008,-1.1111818361901946,1,1,1.424926588607403,10.174086223509283,0
-0.6428987100682555,-1.2072995481981534,0,0,2.6878910826050135,38.46373176400197,0
2.2050959709641234,1.1849599429301694,1,1,0.02214351065189623,1.165733928634305,1
1.4294398156126893,0.18790236272490168,0,0,2.0361563002043925,20.800386264245056,1
1.5569779202732517,1.5445991113719477,1,0,-0.8630865733468932,10.97104206832788,0
-0.9158791679351668,-0.5723940817257647,1,0,1.0367667984127604,2.8798697413660324,0
0.1702735660104775,0.3595406732367442,0,1,-1.1244568501007681,3.3843896833200726,0
0.09798964229218989,-0.7254260005146137,0,0,0.0455033547116715,8.422197880078192,0
-0.33359983868295245,-0.7187138666368891,1,1,-0.6507505842322661,0.024333422657814956,0
1.3242423332389341,-1.1296554724841759,1,0,-1.6768525120032534,1.6730093010820268,0
-1.4253202722162368,-1.8821049314008296,0,1,0.31197984354598857,4.799044928738003,0
-0.9444940651231664,-1.0276161419313026,0,0,-0.5901036311352923,60.65963926478723,0
-0.9870834376449087,0.12652770902158872,1,0,0.6175863073911452,18.218069718331257,0
-0.9172837834604854,0.28819393740972166,0,1,-1.6875591800336918,9.961834581570534,0
-1.1987027435223319,-1.3418471006456525,0,1,1.871197277007971,13.760834955363258,0
0.27601665079951204,0.4161220344047105,1,1,1.1740547416272513,5.08676745571729,0
0.15924994490884678,0.19948341960354493,1,1,-0.12086470410793075,5.611541832892644,0
0.18165804477865866,1.6443198767964704,0,1,-0.2593032775365072,4.636314595270631,0
0.697750313304088,1.4166569197230015,1,1,1.5430157983502997,3.640219598131294,0
-1.1378140709199644,-0.9217989124265284,0,0,-0.6058859486080663,18.853338859898486,0
-0.416078805158852,-0.16693902788783832,0,0,0.7532472872695077,21.008526835303908,1
-2.3033346218798827,-1.384198846296588,1,1,-1.0922269256567132,6.036834724189336,0
2.152543742364987,0.9214938822151424,0,1,-1.841947663521618,5.251723107853538,0
-2.065059975737048,-2.097059095059583,1,0,1.281821505709601,42.13221921404474,0
-0.6708005797084131,-0.6500380884038468,0,0,-0.9746026780016361,45.49465917084774,0
0.5697187334339052,0.4097639673851796,1,1,-0.31077715159912195,6.819581768933303,0
1.3128441977215537,-0.3218843940850793,0,1,-0.14055514688212709,4.121210730008342,0
-0.7445854543395255,-0.6639748731299271,0,0,0.8692192140112917,22.405031222975964,0
-0.47410382330474005,0.07399612497305733,0,1,0.22543024902025063,29.90471318956663,0
1.5831898584809436,0.8647629659611102,1,1,0.44391026156276014,0.6444957298252547,0
1.9194812139506399,0.9547425408853629,1,0,2.2123266203570138,6.44530143311486,0
0.46298465353567386,0.44258380408120124,0,0,1.3388648269582164,6.9197643968917015,1
0.36426623957218784,0.1296205110421519,0,1,-0.29489767325996846,3.442192616089072,0
-0.05709940238781284,0.1120112811470368,0,0,-1.3736440995937975,14.119965037063139,1
-2.2108131503284607,-1.2527565140419454,0,1,-0.2661938089684806,32.26834888407524,0
-0.024492544600069797,-0.15457342423864978,0,0,-0.7969320800936809,16.315528693360207,0
1.0425202467178791,0.13286879621005482,1,1,0.4519962238966673,11.48245084619974,0
0.9932557544967507,0.703712943370054,0,0,-0.5864070482634268,10.66931501203456,0
0.16003603766065783,-1.736023976123003,1,0,-0.5789822917802324,26.33821101575221,0
-0.47978873912393083,-1.4343581996728951,0,0,0.8345219208208877,18.04478668848684,0
-0.7857251148741982,-1.006248326558706,0,1,-0.11976218273805708,0.09349456452450584,0
1.9166727033218693,1.401455539605277,0,0,-2.2940095299961767,0.5158685910451569,0
2.1053961240776444,1.2228860069543588,1,1,0.6214731408835915,10.76223881070538,0
1.1647172018328142,0.7105282427925712,0,0,0.2381194514152923,19.974365208932994,0
0.9573780658303063,0.3291543025191044,1,0,0.11149709325534782,1.1657739449111033,0
0.13020283444027933,0.3253304582123755,0,0,-1.6836899454312582,15.595341307478348,0
0.08719774202357534,-0.21717448030686798,1,1,0.48098256212989865,16.05724471020586,0
0.3778814291904907,-0.2713308064141356,0,1,-1.1281134143437377,1.0035796279294007,0
-0.17410865880632703,0.9807863079991891,1,0,-1.0181924097941377,49.25710973293558,0
-0.1827283615370479,-1.8695453652040022,1,1,-0.42090986723500623,0.991420781894371,0
-1.653757131118288,0.013807404972492998,0,0,-0.9548134059525641,55.5275287084137,0
0.3385672245278729,0.1937385360535091,1,0,1.1993037086969223,32.94290351221652,0
-0.04374919063828338,-0.4752735590720645,1,1,-2.0775498213233212,0.4405911990989559,0
-0.32503423081410476,-0.8509335361666737,1,1,-0.38023400624164244,4.4621202025028195,0
-0.12974330300314282,0.3813683517133468,1,0,-0.3147686083068796,1.2178487634930222,0
-0.8518867794519739,-1.1643078442985157,0,0,-0.309555679863892,4.362548614534229,0
-1.6112855047055872,-1.9677718796031771,1,1,-0.029457342102220927,10.093822094581073,0
-0.7457638033780807,-0.06287364302717335,1,0,-0.034708343344434595,12.460066429628812,0
-0.6506189744277201,-1.402627260263086,0,1,-0.18562183321932743,24.621625370589225,0
-0.3806119900520648,-0.9706677195137288,0,1,0.010716693761775734,5.816493357906177,0
1.17112566493418,1.6712830983620601,0,0,1.0173821688152827,11.631140261307587,0
1.4045778363653025,0.6035789090909,0,0,0.8947981537127165,13.98977289267866,0
2.3656667943109264,1.1325345454826905,1,1,-0.1758792202722901,0.8791227668253087,0
-3.1319700364155376,-0.5826022273503981,0,0,-0.27385405477898356,5.2847591290731755,0
-0.0818278487921318,-1.16013028795841,0,0,-1.6867410938011893,9.882718846654466,0
-0.7771935988809199,-0.7190370000097179,1,1,-0.30695767606588337,20.333118871525397,0
-0.8673863640584772,-1.0821548743430465,0,0,0.5607430197222932,1.3063177349176325,0
0.10762512824405751,-0.48153802972387205,0,1,-0.4544256210503064,1.9528592255873642,0
0.5426337742051255,-0.7991683468263605,1,0,-0.24433232074591052,28.897250737265356,0
1.695375747716614,0.9138992968775863,1,1,0.09099606941573024,7.265344647592314,0
-2.2123774727750756,-1.8290008547445133,0,0,0.245894199456958,10.978285018811116,0
-0.21652677853596664,0.09761477144642569,0,0,1.0140759801851755,26.50533987998302,0
-1.6731297122580788,-0.8662432172439137,0,0,-0.7529818368810514,13.92451463812849,0
1.6336475171114282,0.8369121181571372,0,0,-0.47252676401770594,6.3411035761634125,0
-0.15304815505381136,-0.2806214512135956,1,0,1.0962724018686452,12.348919379578913,0
-0.24868547537907376,0.11800594334131956,0,0,-0.6438435297306214,19.028757312924032,0
0.9952414373159594,0.329215941837162,1,0,-0.9907857774964531,14.144326056437894,0
-1.2771928302805278,-0.2377249433459343,1,0,-0.3225063485683768,2.2553089960082073,0
-1.0933757797542853,-0.6584123094294081,1,0,0.8763151323937224,6.323497877008083,0
-0.23050433081408145,-0.20586374778135988,1,1,1.2713030983227271,2.8498914157778867,0
-0.3700363780769255,-0.26044480005732296,0,1,1.5054079502233007,18.930630003125696,0
-1.3633552888649545,-0.13048935782384596,1,1,1.314682705567396,1.5916901073311986,0
0.29157665601799465,1.3320694950750886,1,0,-1.2412490540226424,49.95382774395043,0
0.17735768064169524,0.2852346989722096,0,1,-1.0000901164748226,17.21381270840053,0
-2.059426780170528,-1.5148941298946195,0,0,0.5618685257300214,8.023952380165289,0
-1.9434703837893563,-2.029561142699488,1,1,0.34838531453258204,1.1271827741110056,0
0.592377880154644,0.25602083618605453,1,1,0.0639499860949978,5.452788256128933,0
0.5953023248589719,-0.7905062966954337,1,1,0.9033187565621001,2.7896609731604203,0
-0.49717935767530275,0.44153348329827957,1,1,0.48053237132457305,5.637275726285945,0
0.549659682737756,0.9112294028059706,1,1,0.49465249770521735,5.429832970543951,0
0.9128782612485646,1.034384769748323,1,0,0.6945151118051052,5.39428229181222,0
-0.9278370533849859,0.42913072479425357,1,1,-1.4395021629312883,6.864244161806387,0
0.29433538182355484,0.10091323649038317,1,1,-0.20397654176564756,4.30351502067808,0
0.6754486259141698,-1.206397970384617,0,1,0.9859131593359728,0.49253924669107396,0
0.005936612334094517,-0.49191591177158167,1,1,-0.4681617205086827,7.60149655118194,0
0.5161138252953184,-0.2818514118320886,1,0,1.1398778343170444,10.795792740085691,0
-0.07822765262666297,-0.1522297173375655,1,0,-0.1869604700154148,24.3003881005209,0
-1.924687016950842,-0.9671973349407879,1,1,1.3918675118153727,8.505284771041474,0
1.0498507832599362,0.8923786893950363,0,0,0.16637703624906514,10.983811326669565,1
-0.3076742727496255,0.25747765743717177,0,0,-0.6252140656692129,12.882832285593427,0
1.341834544507747,1.0483961090644809,1,1,-0.9484497854507934,2.575035718857255,0
0.45510015894822853,0.8375480867995513,0,0,-0.5652621049447276,4.8848132410354514,0
1.414964756980443,1.213784872823768,1,1,1.480123435019024,10.5796273126439,0
0.16200003634777263,-0.06525178008266079,0,0,0.2225603149557871,52.26152226147418,0
-0.9427576085466255,-1.4096751117996316,1,1,0.3732849504056168,1.7906768239725679,0
0.8157347396356701,0.1953380825789927,1,1,-0.5886633813205995,0.28139963919464345,0
-0.4841979351878422,-0.2795809513215322,1,1,-0.9489908327158986,46.831787389449445,0
-1.6193496838971122,-1.208798849281503,1,0,-0.43175034046227784,26.04231192981237,0
-0.335357051611194,-0.5820128316524857,0,0,0.3100853207924765,8.579644820933716,0
0.9769102022153794,0.1594726864831859,1,1,-0.061904002396764864,17.974928356601573,0
-0.541319143139773,0.4755337787051853,1,1,-0.01947485291509872,4.645921852252797,0
1.274545815963298,1.2351145798622234,1,0,0.4897448147295725,15.419259279239137,1
-0.9766784664461173,0.1352449354683643,0,1,-2.648187112678791,0.20375484428953866,0
0.10414121200287019,-1.307741176387959,1,0,0.23435757613946756,2.7389496477526882,0
-0.13358547943948063,-0.34843100263050863,0,0,-1.2976563702028874,3.1561736579284543,0
-0.6322112548592733,-0.4834594691818277,1,0,-1.323547151153952,71.98791626418918,0
-0.6375434985702165,-0.5613250286316609,1,0,0.3855050009680958,4.695944160816857,0
0.5335578569839625,0.7110577848238764,1,0,-2.0610934000934154,5.1429515626492845,0
-0.6735491670184096,0.594827857104139,0,0,1.365415850228889,18.090810125473485,1
-1.1954751385151083,0.3257919239017062,0,0,1.3017980619013718,31.500495778891192,0
-0.16634509545024323,-0.8026636668429499,1,1,0.5996313713259813,0.15214427345267775,0
1.6660195036509509,0.7980961764354269,1,1,0.7413528086016651,13.31288998223563,0
-0.31676412676541343,-0.9731632558699788,0,0,-0.8208708366371112,4.312657224796376,0
-1.8263348365877234,-0.5614010874278987,1,0,-0.5478285134228345,33.71538954938552,0
-0.18642444097718416,-0.4391829439216158,1,0,0.5368964907419681,22.84833555532013,0
-1.601408730634992,-0.8526830034372932,0,0,-0.9218017370570116,8.719723909577889,0
0.7941412969954154,-0.6726485979586886,1,0,-0.24897786775750305,6.296196235271655,0
-0.23880891097917337,-1.3509000036979502,1,1,-0.4790847331229779,14.93802417659312,0
-0.10450133598635729,0.9453441890328464,1,0,1.4669546561417053,79.72347625793289,1
-1.19732516976567,-0.9043195959769382,1,1,0.4542994909082526,9.842768640286394,0
-0.4223121634544793,-0.8868348143890543,1,1,1.7885444749184132,1.4385076633683591,0
-1.9367975302589153,-1.9197355345090594,0,1,1.0279319600815742,0.3101214304596182,0
1.4008855713748043,-0.45254948703687503,0,1,-0.15724452595107571,5.902876338730821,0
-0.3231800537779497,0.5027334164837879,1,0,-1.0429303208871967,17.30657625339669,0
-1.3589333311115297,-1.3371340859430476,1,1,0.4324855684888629,4.408185460121371,0
-1.1019254015232076,-2.00546161584571,1,0,-1.0393285441216642,22.530560061074993,0
-0.5509662563194111,-0.15254375053171848,1,1,-2.010778690200581,8.358876493558055,0
-0.05341675010631965,1.2444547899315663,0,1,-2.216904671286737,4.1434520769135785,0
0.381303678815314,-0.049811265923223935,0,0,0.171027682247643,12.043490499568364,1
0.39888707327873235,0.38140772263133615,0,0,0.16040058549386046,15.892382630292456,0
1.9499320597677503,2.2541286014237176,1,0,-0.7360991856414334,1.882928244003266,0
-1.059202039435956,-1.251763232214672,0,0,1.1866319741072187,4.893097952196921,0
0.5719220064914172,-0.6728977269515543,1,1,-1.864568612709295,14.355742120890291,0
-0.21609760968033193,0.12973667131702946,0,1,0.9152962408239277,4.609799350361319,0
-0.937957663805189,-0.3327107219264511,1,1,0.8900194857077105,8.318052387539257,0
-0.6100266186963764,-0.5840923637916644,1,1,-1.1144082390214929,6.6896748716823655,0
0.869720456196227,1.356091502556723,1,0,-0.1004410089236179,2.7943050566659315,0
-0.6582112119121644,-0.6828179558325971,1,1,0.06927025863560256,2.727877103385459,0
0.029314260752202136,0.2613892701029189,1,1,0.3202518170310049,2.1455550319401118,0
0.6189737312631896,0.23916728158440476,1,0,0.19441244606747973,10.799591650294339,0
-0.2854495529478336,-1.381058062554357,0,0,0.6406045241241808,14.31607732253932,1
-1.4630557789022527,0.49128676892779843,1,1,0.9192545535490011,4.466649572232041,0
0.15186916501636283,0.9655593966849112,0,0,0.2830192153627859,24.952680747817357,1
0.7024256972802038,0.5641979184121798,1,0,0.25016488298795025,11.675217740743193,0
0.2708818842810366,-0.09676951859170432,0,1,-0.2385716591103479,34.11153914102071,0
-1.1144252422137253,0.08485054044628892,1,1,-0.5534758979125148,16.171797615151018,0
-0.2935456347143376,-0.47514918875928597,0,0,-0.6055439518167443,44.36614356956227,0
-1.3592896774934513,0.40749269678197886,0,1,-0.6065313343886664,4.913683903377158,0
0.9757650946075281,1.3125945132016321,0,1,0.6678109119123777,0.3631306190048459,0
-1.3918507050416562,-1.0667212495525937,1,1,-0.5361386926401961,5.724838934958043,0
0.38026191426867667,0.45350369857120654,1,1,1.298964611486124,1.8925146943491489,0
-0.4641710658904597,-0.6910645726272701,0,1,-0.10940876602725332,2.2480758169593904,0
0.31463287203641216,-0.9403653568394416,1,1,-1.0677720235228816,25.648172797385087,0
-2.3094142799943587,-0.5185338108036516,1,0,-1.6460177161066103,13.484087229779634,0
0.3175712226808087,-1.2223596207221046,0,1,-0.9099443057454296,1.1292022972118096,0
3.01428197434975,0.8221278620708002,0,1,0.4862189231304184,3.505487609777875,0
0.9417756444542009,1.358867011352388,1,1,0.31511202614982803,3.2518028348139647,0
-2.3253843468664033,-2.056254077127032,0,0,-0.5371041183973551,32.85102765401039,0
-0.992167236756139,0.10264290713037244,0,1,0.30653397775296815,9.98655536391751,0
-0.30763008476983744,-0.2684943205019106,1,1,-1.5897233964429796,0.3615793537073584,0
0.6173390840216988,2.0592107567748408,1,1,-0.6400675849644998,0.09202311249785057,0
1.1456582140136071,-0.5497469801182201,0,1,0.20843470092909944,1.5892801546947855,0
-0.5068151205152691,0.3240576349470071,1,1,1.6458770892897008,5.169504900547988,0
0.04578040730801407,0.4466219216035489,0,0,-0.9069184451968815,13.526819918136452,0
1.0909350461170741,1.853407999307074,0,0,-0.21276533762654487,2.5573257016334296,0
-1.1018092512761162,-0.5809006345448147,0,1,-0.23971930447338033,4.494356728902422,0
-0.718824426954139,-1.1745268586433577,1,0,-0.9512185915454513,5.997596077082229,0
0.08142775003614436,-1.0992921862675247,0,0,0.3380040279912888,9.76762974844027,0
-0.5321875546853183,0.06527449710059724,1,1,-1.5208295707135084,31.919857965848767,0
-0.31070508906586336,-0.10984492816316163,0,1,0.4789252831311803,1.2661186575549082,0
1.3360464069199718,1.9464114985511793,1,0,-1.0717749106326073,3.81830809580553,0
0.866342492383641,0.24620225035655724,0,1,1.0851852419700678,5.799843270273848,0
-0.870978195114973,0.30119755648802155,0,1,1.337692378909065,12.724673792560523,0
0.367892785625892,0.4459665838422504,1,0,0.009516217446717096,11.699946863915049,0
-1.2752638016188242,-1.0692465530499822,0,0,0.0038492015730055527,19.51819044542884,0
0.5573193188667143,1.0700020304315148,1,1,-0.7710275345951878,0.38782638001728986,0
0.571287413186266,0.8406939639561892,1,0,-0.5440517928887918,10.380470994194319,0
1.2309088591840163,-0.061318033173515474,1,1,0.25797453940534654,1.608665590878869,0
0.9284868235353794,1.0183626468242366,0,0,-0.48820794118496513,23.11983576058762,0
0.303604563731667,0.32176682381053906,0,0,1.1366686628228906,19.631421343655187,0
0.17035296784611648,-0.3724790914086771,1,0,0.7432633481519242,28.43903837877504,0
0.561498823482659,0.8319337888137608,0,0,-0.10667640423991914,34.07423536452861,0
-1.587876665168663,-1.5876629903223232,1,0,0.414061974099452,17.386205497201903,0
0.808873764343348,0.38035881006710154,1,1,0.29549773016566044,2.1731644025444785,0
1.9878935955470949,-0.07308652554234962,0,0,1.1760998648391627,0.45832237117926894,0
-1.061430664860279,0.4535068392039441,1,0,-1.4343839496458448,6.377519459679252,0
0.9059591381137247,-0.16381627213027444,0,0,0.8035433040952575,11.850104761580525,1
0.7629065137356756,-0.15120243708201764,0,1,0.8999381032840846,4.361193340460084,0
-0.2824586208361687,-1.1704011173926703,0,0,0.6550135787321887,0.08306266774740419,0
0.18425430245514154,0.6152029764228515,0,0,-1.4841036428573369,22.04338124281103,0
0.16279971962679043,0.8229663927673054,1,1,-0.8930696667026464,0.28112694989613496,0
2.0284623516774607,1.5297885479314686,0,0,0.8503619127661355,8.063770905272351,0
-0.9620684220613472,0.6280761674468598,1,1,-1.7170136055611052,1.8110483133776694,0
0.48457238791580654,-1.727132088626728,1,1,0.011806535039872647,0.8200698925778501,0
1.7980548314436018,1.7468573185099754,1,0,0.59934986310881,2.051601035886527,0
-0.024647685897176797,0.7109157328764941,0,0,-0.6121705827580335,29.734864470352225,0
-0.8206009924097735,-0.1312725552293525,0,0,-0.9688257722027167,26.279740373977845,0
-0.18313409545783127,0.31653271563339813,0,0,-0.7503127686975957,13.611798097442904,1
-0.46039796119017656,1.230679217961832,0,1,0.039816187783712216,8.967821095592141,0
0.9590283460203725,0.36603275101204885,1,1,1.2402761122089996,12.670867527697592,0
0.26359051737757777,0.9607370337017045,0,1,-0.5125011835976213,5.969105329165512,0
0.6304431300526191,0.11025007463684433,0,1,-0.07344661630262352,32.32423722425438,0
0.9435762103098171,0.5192417326287148,1,1,1.2690268543096919,8.359917523657261,0
0.7167880663142618,0.44102917803793207,0,1,0.8267775991062765,6.87072161632982,0
-2.7775941299764084,-0.813063159664259,1,0,-0.9924588240681519,21.934765536897313,0
-1.8993400261670277,0.42966627397580726,1,1,0.4189537920171278,2.4761086084211974,0
0.07909611651667658,0.5587451777662493,0,1,1.5322963223463415,15.611332518842666,0
-0.9096853142166184,-0.8019577344365997,0,0,0.0571530296814142,2.4664146282038795,0
-2.004271729924604,-2.3649959144844783,1,0,-1.5315484608301615,19.19285881100685,0
0.3370358969462772,1.1998652181845104,1,1,-0.012075665327145742,2.50798322910888,0
-0.9590527476336287,0.11100750585526414,1,1,0.4434050504361506,18.70590192798086,0
0.07911410970074369,1.2044580557116342,0,0,-0.21052924525348402,13.34463121092011,0
0.5273127249132568,-0.4058547851854497,0,0,-1.5530513036798155,27.867283061708083,0
-0.126527297095959,-0.22174715596081182,1,0,1.3406062330212971,2.561311460176165,0
0.21138213709213097,0.4500383237752539,0,0,-1.1335749710038026,34.45123991201764,0
0.7466038541674475,0.04815746967238388,0,0,0.2958437643372075,4.4061571997521884,0
-1.2356415520716428,-0.35394970982235247,1,1,0.18172165055293316,11.496835652450317,0
0.07663329271367933,0.526443129206906,1,0,-0.05968771281903634,1.9859361190785783,0
-0.5187511779340533,-1.5874432590674017,0,0,0.30090064437653596,1.176739403405813,0
-0.17530733087423342,-0.5082190173106503,1,1,0.8503458929161279,3.1058575153390935,0
-0.7991731939341272,-1.0668768093418002,0,0,0.794868253958375,65.18291358494095,0
-0.45360709279803907,0.09918975141219791,1,0,-1.1241491978720817,3.956302304362482,0
-0.6349213265528237,-1.267747681201136,0,1,1.12266087792942,13.50091091812353,0
-0.5617998013243628,0.09891050258481776,1,0,-0.6549333889412422,22.210711204347945,1
0.5572861646733422,0.5430055554984068,0,0,-1.6135398956715274,10.231423382930936,0
1.359947409818513,0.524818587227206,0,1,0.4971484696209115,5.366346160462581,0
1.0251137385602196,1.6884662271046218,0,0,-0.3420733694333417,0.6741434766861863,0
-0.1546865275654924,-1.8138413243039295,1,0,-0.5491886158200845,21.464137506961357,0
0.20256268505455205,1.2437160053202683,1,1,-0.9605302131711803,4.074614041423361,0
1.0661055961807904,0.007717422080262715,0,0,0.6956833766401246,25.907359003725524,0
0.5077008192919911,1.551170730511174,1,1,1.5625114979977213,3.726315273540784,0
-0.04551545244849366,0.7147098316698204,1,1,-0.54416245711621,0.2717841629177171,0
-0.8382524073191431,-0.4338040132328603,0,1,1.5001324331334602,19.363596633390472,0
1.628467167973679,1.0787726672535705,1,0,-0.9203977276013008,2.692824148241254,0
-0.2406462398064212,0.22436658166896867,0,0,0.542494732812621,3.458009778051208,0
-1.0926305744477152,-2.070015468987226,1,1,-0.26295693437948936,26.652044872239106,0
-0.695769916394869,-0.6690377675091732,1,1,-1.289835397802312,5.768928778324446,0
-1.1629488594010127,-1.0572584909806035,1,0,-1.1733655268343364,41.883625950039026,1
-0.6663521306039708,-0.19177220442368909,1,0,0.6248968535983326,2.950710163788651,0
-0.026435161054969826,-0.030082641174784475,0,1,-0.8719249372036793,0.26911844262227785,0
-1.7554604275207237,-0.8763194007633219,0,0,-1.1715746842090344,57.29933947326212,0
2.78652682641956,0.8899820992253556,1,1,0.6016325156785373,8.258003455417388,0
0.845597124446032,0.9623397022289946,0,0,-0.9802390776626432,4.051625224548207,0
-0.6740796248376412,-0.5022391460456357,1,1,-0.36403966294503487,4.997373958988506,0
-0.24040637361824063,-1.1117121521671007,1,1,-0.26636574200493973,7.757189103141144,0
-1.5031465324759306,-0.14983245727867955,0,1,-0.7603433319570347,14.5135954613927,0
0.9788497506546717,-0.8675663408392313,0,0,-1.0115504657841734,4.128194527395493,0
1.0763886500075421,-0.3947716674497741,1,0,-1.0022100929441,39.03615871835659,0
0.5084562801224924,-1.9942161348178498,1,1,1.0920934711548138,5.970075057914485,0
-0.8702400154475969,-0.8803272291877797,0,0,0.18490906131460352,20.122105822565214,0
0.02698366240546345,-0.8423151520934185,0,0,-1.3358926983491928,9.620373259517919,0
-0.503084255098416,-0.8712111071186444,1,1,-0.16357893305114282,8.56186430194387,0
-2.0426803971208973,-0.7607011759369177,0,0,-0.07510450551706545,22.944711966623615,1
0.1948032045965964,-0.9220499065684531,0,0,0.7764012640576895,61.512844048756634,0
1.2305983410563073,-0.01219658002930335,0,1,0.9675674101083644,11.219581677318505,1
2.0257755468233896,-1.9769709165833018,1,1,1.3749581354365294,4.3661115032309334,0
-0.285057251463664,-1.0347144821339511,1,0,0.17796709687261508,16.63176795009549,0
0.18066013080707793,-0.049923897575484655,0,0,0.9764911124997884,7.549672430583179,0
-0.8461785078140491,-1.2701554389041692,1,0,-1.1742732422655247,31.04708113835301,0
-1.4035569089883646,-1.30864737948494,0,0,0.7357417330469431,19.91490438365537,0
-3.6049610908532954,-1.645899196811842,1,0,-1.053877292025091,59.85044219089031,0
-1.0074276332967573,-0.21922829379563197,0,0,0.6601251566217722,19.347367092888014,0
-0.21840213533810332,0.6481157815591717,1,0,-1.639670186730455,17.87693130467876,0
0.3288922903196143,-1.1902879162623878,1,0,0.4960476644097442,22.59756481341158,0
-0.44587472111563575,-0.9499429652118911,0,1,-1.9288723715159017,10.199155852432446,0
-0.7696526820717724,0.3388729962721262,1,1,-1.8010446703352894,0.6157377263912382,0
-0.9420889426370881,0.09540885501558632,0,1,-0.26231030949785217,2.7826729887302655,0
1.5114690559699295,-0.8213226598363812,0,0,0.10211976988145147,5.7068369542017825,0
-0.7489147425339893,1.5922258521903294,0,0,-0.28465240928587715,4.527440705022379,0
0.16385186370338284,0.3017473332697935,1,1,-1.0079840406580374,1.5612377315181514,0
-1.6597763192437998,-2.5601311396275452,1,0,1.2802402254055678,2.1296579491770062,0
-0.5293947069359616,0.01099693818275621,1,0,1.0047442095154182,17.482155866232198,0
-1.8606577491674943,-0.6878527374030209,1,0,-0.6049636962631874,43.24806012484125,0
-0.16865324528220627,0.6221415668187623,1,0,-1.0234572926459002,1.811504736885442,0
0.7448674377757599,-0.6085356913059412,0,0,-0.38361296029340114,1.5883941631664429,0
1.69231309652119,1.1271278668852511,0,0,1.67176474895731,22.41891886022043,0
-1.167107993540807,-2.112984561432678,1,0,2.6739806497069947,16.195404167902193,0
-0.6715986625634499,-1.4108557566874897,0,1,-1.5061840220621112,1.9745928289417054,0
-0.5675009891727458,0.9957127042392035,0,1,-0.22695528450039287,20.48087909902484,0
-1.179482350408928,0.21413379080408723,0,0,0.013325984874792295,62.78797156669854,0
-0.6215969360768417,-0.5531455825578028,1,1,-1.0238835479533854,2.8112363687075455,0
-0.5705679717258898,-0.5213895832262749,1,1,1.9196316372622115,2.9955945827432333,0
-0.33944809741029525,-0.04954727556830785,1,0,0.4806715742437183,63.85051012479878,0
-0.4627996435503598,-1.289896746031603,0,0,-0.1692695066457531,16.775338581044547,0
-0.07296236428415925,0.825007823260536,0,0,1.1946182315676648,11.475724924007,0
-0.8424720471250103,0.2834559227117253,1,0,-0.665474668406835,1.9421928946231395,0
-0.6338493323789449,-1.2451051347238014,1,1,0.7786790588193516,0.3894146374999342,0
0.379200178159063,0.9843469138216518,1,1,0.46226619988184237,10.40947099105324,1
1.1414103090183758,-0.06950161327954185,0,0,0.14523648380001783,13.586461336392066,0
0.007161634601706117,-1.1831293207075666,1,1,0.34343501637529616,12.061681496341908,0
1.2860459215581341,-0.0404510892654405,1,0,-0.523212320303937,2.8368004441209966,0
-1.202859614621102,0.026503105142089534,1,0,1.8059354229384972,0.22716149209906059,0
-0.10684989274601528,-0.06301068796783299,0,0,-1.1626435640494495,12.349112468173587,0
-0.5312646099404561,0.49722614300975276,1,0,0.07515851112511301,0.30459100431997344,0
-0.15393588677301864,-0.17355006423378522,1,0,0.2860084483377742,1.754083280738125,0
-1.8393078183732623,-0.333397458949672,1,0,-2.3828407916061187,30.916719764038593,0
-1.1723134683023557,-0.3592003730895196,0,1,-1.1914630460564684,3.7112949394262316,0
-0.6804999351795447,-0.6029679255419815,0,1,-0.542120330160348,1.8929851672311253,0
0.3364628806339233,0.9013347264428254,0,0,0.7329935692422073,18.114780418418754,0
0.8046977010577901,1.094412900215566,0,0,0.33534344345917894,5.739106171240811,0
-0.7952855540833869,-1.0025021133552272,0,1,1.2936387565321061,4.452121731988907,0
-0.2714711828855103,0.7321263777443732,1,0,0.20305915867412663,23.792627538204492,0
-0.5640104383949804,-1.1276273445168181,1,1,0.5697774473330525,1.6774500019675611,0
-0.25595049301140255,-0.537803752047684,0,0,0.2794997630931267,40.433077838894384,1
0.45290605436992104,-0.9111388700691152,1,1,0.08698913697891286,1.6326082851913182,0
1.2261245882864078,0.515114773864687,1,1,-0.5747815937316542,2.093975358739103,0
1.0539321494009624,1.0440314226543443,0,1,1.6150062653286368,4.209144635164722,0
1.1950511245429265,0.11750516053568322,0,1,-0.004238116374608345,13.750332722216635,0
-1.3523938174569121,-0.010876585571596875,0,1,1.31859100177398,5.744400123973956,0
-1.7546368449544218,-0.6198425741691562,0,0,-1.8044142665150305,4.433111739719193,0
0.5089712166215112,1.4656664427908643,0,1,-2.7536825306786756,1.3142164870306008,0
0.7833878321405008,-0.9621920752734363,1,1,-1.2756986372389305,9.347654262790055,0
0.4753134918963905,-0.1438230474336611,0,0,-1.0272657570700805,33.52550504639319,0
-0.3117157813866838,-1.0049536616839472,1,0,-0.762602937156703,10.48590402462538,0
-0.9267588803036544,-0.7884881748817751,0,0,-0.11867984588944423,0.08249947600090439,0
-0.5747655483632097,-0.948563437420418,0,0,0.08599078250589064,21.012611645304073,0
0.41345144245408705,0.6867224314897985,1,0,-0.31279957359671745,1.1040433196380497,0
-0.4011272548016994,0.5779263699476695,1,1,1.4900904234938945,11.187218280975872,0
-0.44829825526374845,-0.9254042774250332,1,0,-0.10982803322867275,34.67243673168672,0
0.26792726824983454,-0.5555303410228817,0,0,0.8846160882875265,32.13562814926895,0
-0.8497608062042679,-0.7566859376337393,1,1,2.0914001570265075,4.3890649461196505,0
0.012417300103670157,0.33801482070106537,1,1,0.8938463771775974,32.90369178376547,0
2.115706636816825,0.7486935913537346,0,0,-1.5734847036376893,1.620308141456262,0
0.027176264280374972,-1.1517750016936172,1,1,0.23637178168556974,2.5075533791518527,0
-0.9791618849336079,-0.6938580370878353,1,1,-0.29702519706252284,8.08416477670973,0
-1.7821263194564556,-1.1938904266636623,0,0,-0.08692106967267203,23.467088857486033,0
-0.9567629508120891,-1.188524457087658,1,0,-1.5191422121103724,28.35690496130195,0
0.06237944207954186,-1.043598772951527,0,0,-1.2694052639159088,70.85221539763805,0
-0.01933225434706278,0.18817207073718567,0,0,0.29529262711584736,12.357625175583491,1
-0.4179477191927724,0.47996736858407324,0,1,-0.7375220055473819,0.7756910724898864,0
-0.28867111038827714,-0.01570761124445355,1,1,-0.43175481753097844,6.255828023901329,0
-2.691999188736656,-1.6242882208880896,1,0,0.48534947247171145,33.494606582523204,0
-0.2718828118666829,0.15537474889248673,1,0,-1.9107555604246427,14.622733226783732,0
0.2835375453121101,0.8563740634209585,0,0,-0.09363141519102702,13.426415059605429,0
-0.5606319079799297,-0.8937991362451916,0,1,-0.16749668511119037,5.759283240230411,0
-0.6378015461054138,0.5659154148922796,0,0,0.28989433719578417,28.672175407918942,0
0.6125584027576884,0.2314040240203783,1,1,0.404670125399876,1.221480474797211,0
0.9868302327526093,-0.13805708447181753,1,1,0.5040501043240206,4.926517643594413,0
0.057572790041584235,-1.6513726902714176,1,1,0.7692485343012201,4.510534298420673,0
-0.5914642680610251,0.2034772972135649,0,0,1.493674503713089,50.930037437389515,1
0.050708412713741206,-0.4400808870807644,1,1,0.4901141813372906,8.203756627650645,0
-0.8000592359566238,1.1294043743354707,0,0,-1.91600903407447,39.31745013482631,1
-1.7632790475319047,-1.8633707571587323,1,1,1.7714880526418089,3.995067068333003,0
-2.4816042487731904,-1.9459921875300283,1,1,0.09605552656322552,13.598198991431119,0
0.4830541797650855,-0.0895380163374144,0,0,0.848491969955823,2.424962800691641,0
0.4192996773631351,1.1103032077044577,0,1,-0.1878280706840395,4.5470063650347905,0
1.7504620336734582,0.9004825682777117,1,1,1.344445389809995,1.5855146725477016,0
1.043308468071149,0.6652422858252187,0,0,-1.3335785141118865,16.050522051476957,0
-0.8867847333455527,-0.6821187384555913,1,0,-1.0996507771932424,14.683034968224087,0
-0.5548665565143771,-0.06346001796414413,0,0,0.5523542009439948,29.99509734064725,0
-2.795827246040569,-0.26267141720036813,0,0,-0.4622841589730431,4.939802138412695,0
-0.41507376435528764,0.7497957428064095,0,1,-0.3956274057585333,0.17132919787140458,0
-0.7926827928275071,-1.795798939797601,1,1,-0.026143431076007192,3.9494864400668894,0
-0.9641091403540939,-1.7302303799093517,0,1,0.08343996262100105,3.381487494585628,0
1.7137651589658265,1.3424462838082405,0,0,1.6003674951723186,41.69445996629723,0
0.09594063764406363,-0.6945826362617222,0,0,0.6587340140141131,31.985582496261927,0
-1.1751154902101317,-0.6896878031796458,0,0,-0.3573607796415295,33.26404993074383,0
-0.2331841629906255,0.6542291981014899,0,1,0.40244899507322474,5.565623436568973,0
-1.191531221290437,-0.32798498166919476,1,0,1.5547795648335023,16.055032872400922,1
0.8801243351538522,0.5286906654470139,1,1,0.6719584602539382,2.6215702451617005,0
0.22869131584153687,-0.4974179514668017,1,0,0.32980541395728946,10.714334459359678,1
0.31669205971607217,0.8042112416397722,0,1,-0.9581368617767004,17.3711232257329,0
0.7462376126570992,-0.552491212298885,1,0,0.08820782430188291,7.1071386812714685,0
1.8668996621281508,0.7063132450843801,0,0,0.7308442666715538,9.963720518707273,0
0.2504560840390893,-0.05227747149416531,0,1,0.35534211141681465,0.34254342921525155,0
-0.7574634194603544,-1.3609713349592754,1,1,-0.21900397952216277,1.5303379730195084,0
-1.4109684700861782,-0.09384331768482002,0,0,0.2876920374439473,43.43793663323476,0
-0.24516980677830472,-0.8623023888407472,0,1,0.523175090086207,8.016889400573051,0
0.85563404648038,0.41116171840641635,1,0,-0.2683913268154858,26.518466368730603,1
-1.846576918503308,-0.45793480125900765,1,0,-0.41610516589743685,8.671066505132611,0
0.08881074084718911,-0.4171852865417065,1,1,-1.1535576359541055,8.751805940149403,0
-0.32803337067618793,-0.8715370254204222,0,0,-1.1842475255352551,10.855316410347564,0
-1.501108367155581,-0.8847671169167047,1,1,-0.12477625238222566,2.325016219683396,0
-0.2924430847738329,0.5566378437579407,0,0,-0.09118368590262237,29.263304099070123,1
2.414845490446223,1.4447276907591973,0,0,-1.4787572287894453,1.6466381506275616,0
1.6376785680423123,1.7323141332490497,1,1,-0.04238362746771636,1.2771524255490316,0
-0.48398904439581447,-1.0074334238957674,1,1,-0.6741677849678599,0.42035745296426374,0
-0.9607199582916492,0.5902691722666344,0,0,-0.7958272834471379,10.338748054745032,0
-0.1911995012430488,-1.0025143950236697,0,0,1.2276256645712966,18.212572341364186,0
-0.25733037145606863,0.19699612945726774,0,0,-1.0095494578282587,41.88784153857567,0
0.6147976331434525,1.4096977917891114,1,0,-0.41168455556758077,23.98182427832141,0
0.3836104838385857,0.6273774338959003,0,1,-0.04288663785825334,2.466295670438146,0
0.8352565773925751,-0.5675218677973869,1,1,-0.3056480060765056,1.1479305939749105,0
-0.3387456266605045,-1.421371194531606,1,0,-0.3045558914862894,6.735454873564635,0
-0.6135079222485301,-0.0784280610914237,1,1,-0.025958090647258514,1.6244069594693917,0
1.5838504793317472,0.643693780043693,1,1,-0.36143966148302725,8.114945301830339,0
0.5614167599430846,1.1503157100252546,0,0,-0.11990953359472376,33.61972876413391,0
0.7463566672407116,-0.13664772014304316,1,1,2.1703890198599645,4.445145533844487,0
-1.9781988583162837,-0.1287402803353901,0,1,0.32924235282071324,1.4090288371554052,0
-0.451557204387161,0.3334264548143576,1,1,1.005694180739546,8.35780922751714,0
0.2567355016516113,0.025561009353229996,1,1,0.20163287717107142,5.232871895011227,0
0.47650953330409596,1.3218806317803926,0,0,-1.2159538035253568,0.19416656112879405,0
0.42346214093885576,0.7945861350189968,0,0,2.3987320656573505,1.861167063448276,0
-0.3079511067332537,0.03977105728346805,1,1,0.5212569982306973,0.9228335259373568,0
-0.11654363983093512,0.1458502848790071,1,0,0.747612653760027,2.7868108280010744,0
1.471548875807898,-0.09281066313026942,1,1,-0.3700341433463793,15.25015675259921,0
-0.4879133521324213,-1.1427956335211382,1,1,0.7775875195203115,2.1518981882156814,0
-0.9491209337635029,-0.4278546979655833,1,0,0.6250814625762199,11.088149795688196,0
0.45415061887689834,-0.8440196396522281,0,0,-1.4817494816155767,13.545292027973842,0
0.11030020614920846,-0.3140364009809115,0,0,0.1281942327875719,3.9705220600843076,0
-0.6163358923945564,0.4983535581730891,1,1,1.6455264866885115,12.766271947267471,0
0.6525484639107318,0.9032710595890736,1,1,1.750692966148818,11.865506240666072,0
0.2194389421682462,1.7572474770303306,0,0,2.1490478975017497,10.959582206793176,0
-0.5120406810680176,-1.068882402202742,0,0,0.7198777818514741,10.625438010592905,0
0.577235711288377,-1.993787128005467,0,1,1.0475840837033357,4.828347555081665,0
-0.9710279586944892,-0.9709109869356061,0,1,-0.766436418653465,11.183443827787189,0
1.1923870660790106,0.4400540380012863,0,0,-0.9055503035391106,27.977977258029266,0
1.1329618124855454,0.26673759494472454,0,1,-0.3208855680039,4.434627966889823,0
1.6609933219067228,-0.01930634454018676,0,1,-0.2611983132450541,0.48873650224128584,0
-0.011612335217794409,-0.2927851387262514,0,1,-0.6212218050182485,2.0382607476658396,0
-0.15596362695047705,-0.7303855900897849,0,0,0.12242647904656988,17.820961066897485,0
1.447681320971374,-0.11205743777196442,0,1,-1.7590708857746293,0.726502143330846,0
-0.3494430489425235,-0.0017111194272592667,0,1,-0.5121989113999428,15.1132042953695,0
-0.5678284434588037,-0.5753161917467624,1,0,1.1929234226145466,4.328897106609068,0
2.611721270879604,0.4436602674321162,1,1,-0.22401585944615637,0.18683478200980436,0
1.2728740112250823,-0.889761784030651,0,0,-0.6394805757690956,5.6929333086843785,0
-1.0985075087534872,0.7952937858920573,0,0,-0.05112088718740181,27.6355513137698,0
0.1371479993965801,0.7622589525593578,0,1,-1.1742745545819153,0.010828876390226687,0
-1.9990166039915231,-1.040876603114691,1,1,0.6768356203804811,2.67165814613775,0
-0.8367928115728934,-0.4117913171329442,0,0,0.8816339815704225,24.147107312908993,0
-0.5425727180036886,-0.31151248138567184,0,0,-0.8861037703062764,17.666822751775467,0
-0.44850634936899164,-0.6473897950403693,1,1,-1.2539532569021,3.433448152845657,0
0.6609455165724925,0.7841132073794757,0,0,0.42154989221808065,8.344163894528199,0
-1.4412784313747615,-1.3175160610319232,1,1,-1.3781661989089804,11.479333531768976,0
0.08500903285314358,-0.005080539493441179,1,0,1.017116142474925,1.5358034914612477,0
-0.4239771787194629,-0.6225027501981961,1,0,0.56644039631906,28.284230137754566,0
-0.4002393048904466,-1.018302128353759,0,0,-1.133588162836298,23.353699213445285,0
1.098560933603823,0.16419045840551355,1,1,-0.2480180754658977,18.300048034357285,0
-0.2651964601669678,-1.7858025957451078,1,1,-0.6251835553211177,19.115186591772652,0
-0.28601708331766157,-0.49802207061657466,0,1,1.532512706732759,0.12786292851113207,0
-1.2602924026115614,-0.011315805995983697,1,1,-1.2006892795928064,3.9673673966356553,1
0.05635593275364654,-1.1953343153474931,0,0,0.47253012153756957,29.208834003442327,0
-0.41558832413302116,0.022002102750688646,1,1,0.8334540635244807,11.194763149150535,0
-0.31563310524770705,-0.21483797988020145,1,0,0.4986074641189457,21.1781165976339,0
-1.5041487894400287,-0.5323851552869838,0,1,-0.3348932760623102,11.995729521049382,0
-0.8137449325148808,0.4079042965228911,0,0,0.5531242236112942,13.810385597374372,0
-1.8902277976184942,-1.7324449100759811,1,1,0.717400018485004,10.502677049234745,0
0.8864632736101823,-0.25347168419464794,0,0,0.7907337648478476,12.078208684923707,0
0.8303455827999333,1.1349118232740643,1,0,-1.9993766414618666,11.051307005537385,0
-0.8914720006488472,0.23480285293237746,0,0,-0.2726325337613249,6.2126151520044015,0
1.0043721581584115,1.3752800373032907,1,1,0.39104964308913054,15.228392864247079,1
0.9481913972707916,0.0737121900755972,1,0,0.3867883651125622,6.697761780392729,1
0.5185118947266649,0.8921288305668703,1,1,-1.4937002370744072,10.10758486827988,0
0.7110191155287864,1.0991095238695328,0,0,0.9819245247910046,18.55666685794996,0
-1.7992908617006713,-0.9525252179594492,1,0,-2.0216227630688026,3.9932621639027857,0
0.06914404669826142,0.3489539337741032,1,0,-0.3014017652858029,5.724227067701209,0
0.34110461203690484,-0.07580346397405913,0,0,2.40235373548292,17.407293669506238,0
0.41678534812025425,0.22597185123538677,0,0,-0.06476486428663293,6.66064128076406,0
-0.9721135693505278,-0.3075785979502709,1,0,1.0759856337690072,26.040024363308852,0
-1.2852172739513703,1.1589665645667988,1,0,0.8709116947662702,4.54781369920391,0
-1.484933063138931,0.24645110412167048,0,0,1.02594397083511,42.533334572644826,0
0.5266713249819491,0.4413845411075532,1,1,1.7165964315965927,4.99016770079985,0
0.2947245621762921,-0.12703882878181658,1,1,-0.27083286013332464,1.143514075661755,0
0.5333160697923681,-0.4052020765394329,1,1,-0.2223629498712272,11.064440363690231,0
0.8713881997621229,0.018079363670267024,0,1,-1.2363302034055013,4.6564833734800395,0
0.4057645209691065,-1.1906534536512277,1,1,0.3190005676936013,0.05599456543200699,0
-1.6039201164816141,0.8056763285591488,1,0,-1.4071831598085713,26.878076339288405,1
0.9682395812056984,1.2357923767076022,1,1,1.7823257832899462,1.7800572894472615,0
-1.6022158687772252,-1.4147359560310222,1,0,0.7099425883940647,3.680356134248638,0
0.3209315992344569,0.4867479453537583,1,0,-1.97908941440499,4.496837962749132,0
0.020393446677711022,-0.8759553191835098,1,1,1.6663407794941245,4.359253989057824,0
-0.3242131529243176,0.41199256481098606,0,0,1.0128884441073727,27.39594397000493,1
0.142313483536676,0.06639131718441807,1,1,0.0526501429297352,5.940387856466657,0
-0.06122734646703351,0.10239200945222167,1,1,-3.093296195041397,5.367387155599111,0
-0.01473388222018917,-0.5665175559039376,1,0,1.9096952294946563,2.954498370855219,0
-0.4111391473663378,-0.8623818978008696,1,0,1.391364097133999,2.600563120531975,0
-0.3071418767991787,0.6109634132474615,1,0,0.5100504787507917,3.362944928532752,0
-0.9206863271209396,-1.967518173025916,1,0,-1.4878094363735836,24.141776232297023,0
0.6749624252072872,-0.7691868275997648,1,1,0.9746864418941318,11.434620072456351,0
-0.10752363806026859,-0.8844337340663462,1,0,-0.6545594414413669,9.475119445592368,0
0.22250006745038728,-0.5254816301842251,0,0,-0.5377552148447619,50.95792528990906,0
0.442898834916387,-0.7252791020987291,0,1,0.46382775083241956,4.2502003289146035,0
0.5274537968615329,0.39037653692436003,0,1,0.6567332536782639,9.091703112520289,0
1.6348786191017037,1.792379681332863,1,0,0.2591705940466556,14.610752263273522,0
-0.0380366659092288,0.2359163179317023,1,1,-0.7709471244654135,2.3834537103771565,0
1.2017962192052924,0.7575349971674816,0,0,-1.0855948699607167,17.666454924207248,0
-0.9643892477458993,-0.1079519177193205,1,1,-0.6184170330178774,8.83323038708011,0
-0.8090915863323762,-1.2818689625350432,0,0,0.5363386343405652,16.989013087218627,0
-0.3156986061224489,0.6157910596749983,1,1,-1.7617301002681591,14.761312891052542,0
-1.4067044877761663,-1.5559045549902706,1,1,0.6581640814283606,3.433885578816715,0
1.6826072117979634,1.3247740374473858,0,1,0.6763343864681273,13.875787435409197,0
-2.1380098815940456,-1.4185390578667536,1,0,-1.661026558189312,6.254398721754643,0
-0.10964380008696756,-0.3459134720282966,0,0,0.32450858678541755,8.692581743758291,0
-0.7499972925122922,0.38926941001210347,1,1,-0.059346205966291345,18.20894582123516,0
-0.866190080091037,-0.2755117042893919,0,0,-0.6589490678588688,7.012907760817347,0
0.0188850257001341,0.3824017168494661,0,0,0.9141255634292599,10.61043540767561,0
0.87682047501071525,0.6958862876286678,1,0,-0.5278794611160909,19.711044740340004,0
-0.4557993292812367,-0.4649402271018608,1,0,2.1500365265165304,61.01691068390437,0
0.7809632426040451,-0.32584665799746404,1,1,1.2014343317074334,8.558344837146356,0
-2.342949893986435,-1.0598390444455397,1,0,0.7569580805892286,26.493516564912774,0
-0.3844442002617295,0.14791835695446268,1,1,-0.07739734444440187,39.806871820007274,0
0.4498259433270756,-0.4282485510580369,1,0,1.0605245966531045,26.7849008328259,0
-0.29309136216228626,0.0827954553271823,0,0,0.41961975388478306,12.688357508701031,0
-1.4927605236840131,-2.076890726578084,1,1,-0.4541580460932514,13.081860977312225,0
0.4550778017209719,0.350875760528475,0,1,-1.3306737288593318,2.2284181576328828,0
0.051144594296540384,-0.3483539372582116,1,0,-0.05426662433060358,12.966589453498747,0
-1.9058357643356367,-1.4035440053816688,1,0,0.3856740515787872,20.01324098544985,0
1.0194091948729738,-0.059377223812715485,1,1,-0.7873684513861209,33.244386053122554,0
-0.4641069665429047,-0.0048552878562725665,1,1,0.9998192151703322,13.771963984819482,0
-1.8750088556773914,0.372135543606001,1,0,1.4035897903555132,26.224852652693812,0
-0.6659221124149147,0.7500825070264665,0,0,-0.1641060339913005,11.929530818916144,0
1.5858885647301255,1.3982573957586952,0,1,0.6323730853923326,18.650190092159416,0
0.8394581146151077,-0.5610947877189744,0,0,0.7367060852471049,1.5637993940843402,0
0.33670264849119497,1.2265603991910805,1,0,0.4997340468179342,16.760959193960456,0
-1.3734818874721915,-0.7265375561678662,1,0,-0.41503292346123527,0.8172130763545115,0
-0.00847342725800042,0.20141520632312399,0,0,0.6141334185044471,6.819830793402873,0
0.37495292866202146,0.7709690736519585,0,0,-0.5489542150224718,0.7458436569825015,0
-1.8866315539701852,-2.2892405537053406,0,1,1.1725677013483737,4.38944532730262,0
0.42415380717246415,0.17290345524888956,1,0,-0.4048453271003203,6.885452969662106,0
-0.43019043078981334,-0.3790569655040554,1,1,-1.0691984053227512,4.382579840022542,0
-1.7051969041867732,-2.551128076366394,0,0,1.607195464196554,0.2113838637267825,0
0.22424664505780004,0.5683235146845902,1,0,-1.312140933815716,18.761823321866807,0
1.1161793101875075,0.4530310087967493,1,1,0.41823824150060834,16.585937774128034,0
-1.1449402152718573,-0.6643955257737895,1,0,-0.5033202429756022,4.737093686967876,0
-0.6752467207855753,-1.0492147578021178,1,1,-1.8322887906571872,12.38570584118071,0
1.6285522551610176,-0.09922227088484026,1,1,-0.9988058285576606,9.706050023199156,0
-0.3928474396453021,-0.6439298129700136,0,0,-0.17145212945541902,30.966128516793844,1
-1.274496781552771,-0.7315897627927268,0,1,-0.45219816811931146,27.79520048776377,0
-0.42731424416373437,0.13776196658675763,1,0,-0.8514477949167497,50.477836734840324,0
0.4351821696704235,-0.0716466670431892,1,1,-0.5979922144014084,4.412193293285754,0
-0.4792640921809981,-0.020436361613958703,1,0,-0.09042474944233315,78.8445084942042,0
1.1962706483846426,-0.4048894880596452,1,1,0.038879838010055866,7.96466120147473,0
1.0576665069143607,1.0104546727948582,1,0,0.8257155946590238,1.2292119625088014,0
-1.5792204085894181,0.613603340610442,0,0,-1.3406988390911936,12.51933142438908,1
1.177409641008331,2.060505640012626,0,1,0.5014760263370172,25.097086909149837,1
-0.35405706290562683,0.6635937141011145,1,0,2.2646301650674423,6.524253845887911,0
0.3379825214519218,0.1928901704248194,0,1,-0.13917484564250535,19.769075007510143,0
-2.022113494043752,-1.675648282810334,1,0,0.0034275937433864007,55.289204178383436,0
-2.3205728392497447,-1.5542561828458021,0,0,-0.5978602858832566,14.97946329717067,0
0.9196406334710816,-0.10437399836554806,0,0,0.5686748545456257,17.03731435935285,0
-0.16907894735299958,-0.17430429714306656,0,1,0.3453862424395779,30.287125169376164,0
-0.21924306918833353,-0.23143974516046079,1,1,0.14108680927306907,7.984720183511684,0
-0.667807091945165,-0.9664329173614872,1,0,0.7843683837404078,0.4298499734960499,0
-0.2685298164549262,0.2575555879036264,1,1,1.11396904490994,1.4821560379298928,0
-1.2823990448895275,-1.33743924097478,0,0,1.2715067636522377,33.236112687558254,0
1.6367734629675035,0.21531729871633176,1,1,2.093463072913018,2.128083037813481,0
0.4781412983656841,-1.0063935601185001,1,1,-1.348198750827384,3.8031467602519626,0
1.0662678789997986,0.4824105974881396,0,0,-0.7992606825680668,3.6107340945036808,0
0.4794495042521229,2.0037792541340846,0,0,-1.280908978816139,25.205832875344875,1
-1.7016681854475595,-0.9474072945962138,1,0,0.5546704356310235,7.550667027420108,0
-0.8565505653586709,0.2701934345256374,1,1,-0.5466128763952208,1.6092819358339208,0
-0.5877761798292611,-0.9533036925767759,1,0,2.340451636455556,29.687480742448844,0
1.6305744547144827,-0.016395825930713648,0,1,0.12943132778861297,2.5536962916553336,0
0.16360314572609264,0.9457525770851106,0,0,0.18513125410093942,3.552107163290564,0
0.1332413533521223,-0.7994866371359454,0,0,-0.03709095318068812,6.052523393194566,0
-2.2499252292939156,-0.4235477455836556,1,1,-1.336368609370825,4.523125255016501,0
-0.8264573141026311,0.013058927281037636,1,1,0.8772049842229529,0.15964987888516352,0
-1.086434395490072,-0.9520519619558593,1,1,-0.045330160015544955,5.671320207752183,0
-1.3280825721140646,-0.44976303015074415,0,1,-1.0801759823924189,20.94082681760078,0
0.1567536213341044,0.2727744428220999,0,0,-0.37075295565099164,20.27486272131706,1
0.25939777040607936,-0.5955374468152534,1,0,-2.123957791996195,0.16334004805808738,0
0.920665115366539,0.7058218156968239,0,1,-3.386670092948438,0.9211858468911249,0
-1.51685238811829,-1.3502876690237389,1,1,-0.5547206965011522,0.9461370566524724,0
1.845014514425152,0.9055959883757017,1,1,1.1498427845839378,11.431708547127032,0
-0.009219594977416857,0.10542319473378861,1,0,0.25494214703216717,28.778241347848184,0
-0.8169755390929593,-0.16480311024963018,0,0,1.3680048716833972,30.25547616680862,0
-2.271528412236891,-0.9658432108208779,1,1,1.6997246948806504,3.56498997227371,0
0.13133851077673095,-0.0617965998401296,0,1,-0.8626420700791385,6.825679505771923,0
1.5004363079340972,0.029831474460965346,1,1,1.6256467177107679,12.007933659714801,0
-1.2497798094927504,-0.9616088641545455,0,1,0.2427766553002407,9.572354553528465,0
-0.8683283696244247,-1.309193974696114,0,1,-0.15273376285343315,6.003434940808173,1
-0.530695510116581,-1.0234488239540684,1,0,-0.8267208882390619,19.502468226875852,1
-0.6685841269264113,-1.0614442999018785,0,0,-0.7278938330939129,12.771735457451001,0
0.005590000125707098,0.30872933466187646,1,1,1.55778715142001,12.280650371889736,0
-1.2716283112390117,-0.8895090718010772,0,0,1.5696981942565056,9.04459512813548,0
-1.6603500004200746,-0.7494452788903199,1,1,-0.31034240037354893,0.796041574108813,0
-0.23240639167599356,0.08765783921472393,0,0,-2.7534269333575896,55.42015581629726,0
-0.4872929396946775,-0.5877007424530358,0,0,0.7053953555326814,34.02430670254963,1
-2.5311415797259085,-2.2993689846050094,1,1,-0.42892676751151304,5.667974721033412,0
0.23830703153623392,-0.13570387130442363,1,0,0.453706011362851,48.937661575704276,0
-2.3756592203574116,-1.2583768924038892,1,1,-0.035664226348814276,2.1135847945559303,0
0.9120014515022115,1.5440103934110696,0,0,0.3234068303543562,0.3052204390099083,0
0.0023274398184535126,0.22314844662050148,0,0,0.2579122031784745,5.5093897485629695,0
0.46277623984724164,-0.5923974986406537,1,0,0.5958211252364497,2.0146319280030225,0
0.7149510284644339,0.20311333587039407,0,0,0.6578026067501872,50.8966356243476,1
0.42621208431333674,0.4492101395359055,0,1,-1.3635462262497382,18.18235450481013,0
-0.6714779663259469,0.09060604095846014,0,0,-2.3507621827730967,19.281165595953496,0
-1.3034823671413722,-0.597228310289647,1,0,-0.8825349092305788,10.66435297510298,0
-0.801562402452687,-0.3649153677207796,0,0,1.365169204239485,20.31964640863275,0
0.35065234859000866,0.582933889424736,0,0,-0.39678810271643433,9.166890645455181,1
0.17767010828826363,0.2123036618827165,1,0,-1.4369678239006718,5.690892761296001,0
-0.8092234423813963,-0.4556016820791027,0,0,-0.014229974491276253,4.948265148958013,0
-0.676204345731236,0.013772038899169392,0,0,-1.2419934387659552,42.28781952246697,0
0.06733872147667383,0.4157434419563345,1,1,0.8130913541362298,5.268648992686378,0
-0.7427404235965872,-0.07966753873090487,1,1,-0.7187249207177024,1.5417486367247544,0
0.7434000364666058,-0.1110516618046149,0,0,0.7150975646639238,17.236352024582896,0
0.8299421997758902,1.2966290542051881,1,1,1.0674275333284864,4.434022553216357,0
-1.8771581563350697,-0.6528318899734546,0,1,-0.5419401899135271,18.94147833116674,0
0.8565140625370266,-0.6510489379858153,0,1,-0.05771012559163241,0.2882994303954351,0
0.017703479219051632,-0.4844895168246882,0,0,0.127515704742064,13.142025098809905,0
-1.278945465402074,-0.11371426609694135,1,1,1.0488960086352748,2.549958597948088,0
-0.04076723388810145,-0.20386341800876673,0,0,1.6570246085166211,8.789368314127904,0
-1.3633754404711238,-0.8518923449493228,1,0,-0.6654130658324224,38.34802442951249,0
-2.0828814905894726,-0.24992324935430554,1,1,-0.5765431869292864,1.4364995372976415,0
-0.17340323893558787,-0.33685500127363455,0,0,0.0016565568595806105,38.13181445895678,0
0.12212854489513772,-0.8030741673855956,0,0,-0.5806653771843755,0.3550302247283776,0
-3.045118614750228,-1.4665503481746187,1,1,0.40952806529155483,8.482852606480677,0
-1.4090438137184191,-0.6732912523082708,1,1,0.028716549863443273,0.9774369763957892,0
-0.7946983792118377,0.2605060524647464,0,0,0.955461698247356,10.851631197657335,0
-0.12606454624312388,-0.6894201795554938,1,1,-0.549296802383253,9.422452908345223,0
-0.39094563934874704,-0.5626755160066885,1,1,1.4972073796155718,8.072362418094302,0
-0.10371895950715868,-0.1333324028737281,0,0,-0.9638677895381329,30.57193145831119,0
0.3216092572469982,0.5878803925084204,1,0,-0.9104557754015798,58.442081482021294,0
0.09954426276748926,1.6937073028210472,1,1,0.7752260337379263,5.9431921599727575,0
-1.6521089210974236,-0.8269847071076146,0,1,-0.052004467050422096,1.3684552497384002,0
0.1648175866303475,-0.8616161852174309,0,0,0.3981698533116157,16.34145267712219,0
-0.11768976787620103,1.255299467937845,1,1,1.0335733045802336,37.8398436320093,0
-0.9675643437440629,0.032376665154928874,1,1,-0.562737654334319,1.999850111455944,0
0.8652207970144917,-0.14136161477629144,0,1,-1.1966902171719755,4.003128786315341,0
-1.2621281101383877,0.6152871784051043,0,0,-0.24649399134359795,21.679067014702966,0
0.8316931127714222,0.9147841140895625,0,0,0.15433349354119372,13.947755031000506,0
0.17022111321056937,-1.6928146986067518,1,1,0.17081845821134603,18.553001904160496,1
0.15958071436652488,0.09784671078124588,1,1,0.6420330925840446,14.600294104991518,0
-0.13755892236391234,0.9948932169996133,1,0,0.24048604020651948,17.808765321733002,1
0.6075236515001368,1.234017463906419,1,0,1.1373846314011031,0.21440421385040467,0
0.2953672584258789,0.211341751282905,0,1,-0.3647536678024742,11.747807258308809,0
0.33791507384895797,0.4109869129337199,1,0,-0.627980319225632,14.598460762997144,0
0.6693325178557107,0.15358551198932116,0,0,-0.21961151089386974,10.631951041822832,0
-1.9586673903701086,-2.6161956480030057,1,0,-1.8424272349793591,17.255108788217136,1
-0.5941999376787692,0.4721212471566323,0,1,-0.12751400305405888,5.957201158759342,0
0.5492181131046691,0.1149038676709511,1,1,-1.3537851640529097,3.3954534684853925,0
0.34696354201163915,1.1900420583244111,0,0,0.8383523729008162,62.12644239977528,0
-0.2949799355569624,-0.4743189447492905,1,1,-1.358941143801782,12.101809333407239,0
0.4784979295125877,-0.058486992189442505,1,1,0.4893624683474817,14.460575043676542,0
-0.7561119584222921,-0.22821201800396942,1,0,-0.8401748815588224,32.19477891066246,0
-0.7937425248795666,-0.31014454689164916,1,1,-2.097124559941936,11.538016112162316,1
-0.3921623919621892,-1.579394256117644,1,0,-1.4190532666960278,31.71013249763222,0
-0.4393725902848734,0.04106097298345407,0,1,-0.6081753147247747,5.209285371328363,0
0.6356582985045279,0.8686736068341829,0,0,-1.348210047410563,4.3541043389162155,1
0.714694077637972,1.3614014934546668,1,1,-1.316170527880066,9.744123369966532,0
0.5310978530137476,0.7067080302393496,1,0,0.3909729614910939,28.197834774101903,0
0.015719454004570012,-0.9291446167516966,1,0,0.8840676014843407,16.623091114590828,1
-0.7499985024876009,-0.8611667827849772,1,1,-2.7724257679029463,1.9485327197530389,0
-2.263165178964342,-1.7919229246999557,0,0,-1.9740790548975307,17.619061247489796,0
0.20945264911121966,0.17056735947175863,1,1,-0.5186895218978672,4.472410014186725,0
0.6885755056704486,-0.6329420572671031,0,1,-0.2222897915875065,4.805384783021307,0
-0.11034422443884963,-1.3116697242936655,1,0,0.819624901287729,26.43670405312699,0
0.20866964588796877,0.5014942011724499,0,0,1.6776515153752616,71.19290543809839,0
-1.014762943642431,-0.5891949207145906,0,0,-1.9318751412787982,0.914952256373433,0
0.23042285631334067,-0.043346822547025834,1,0,-0.3303302270563971,0.020040374948904864,0
0.06189098440386471,-0.8388453543878964,0,1,0.13814709776751793,1.3808327885338438,0
0.8985429558511824,0.7129020964070668,1,1,0.8763319663574152,0.29657223802255517,0
0.3664040869607998,1.2679668397522201,0,0,-0.41077636558042996,19.86527188455614,1
0.12580377598895806,-0.9462641286759245,0,0,-1.5040006361481406,40.54658810384024,0
-0.5017198054963348,-1.0762175466462223,0,0,0.557365075996488,10.158944717574347,1
1.1145553787951963,0.093121180115387725,0,0,-0.4943124991665977,8.372492563729043,0
0.30066710744877406,-0.5139283792687691,0,0,-1.2018031348899152,0.0024579416657949764,0
-0.07506607732797597,0.06592854257218198,0,0,-0.14690217323401403,5.436487163273396,0
1.1667917412891358,0.35883029554048085,1,1,-0.8127987724586203,9.614682791897282,0
0.6821697495080067,-0.14619770594080078,1,1,0.5436443648720843,13.116258368351108,0
1.16230453954093,-0.08003584695501331,0,1,-1.6695694087612913,1.884246389280392,0
0.8369890420752344,0.9214079043416271,1,0,-0.07329859942035162,0.13703096569785367,0
1.1876802170416534,0.07852519637516742,0,1,0.29664663531930174,2.8298576376340785,0
-0.4143870928929364,0.712280897666044,0,0,1.140353866153096,2.038026547333227,0
-0.34140570691850625,-0.2090318126201778,0,0,0.6621254022122952,12.239751311892451,0
-0.7628478188557002,-2.1945463226362913,0,0,-0.6731262049028338,6.134729534584137,0
0.6490293661844498,0.9055496246177797,1,0,-0.6259796899371219,11.427587750826115,0
-2.473977959435789,-2.4297774466127784,1,1,-1.1240090341021969,2.277159147578454,0
-1.8176538394390984,-0.47495242705118645,1,0,0.04508215667258708,45.584871791939456,1
0.03681712738167119,-0.7374892360490647,1,0,0.3883527802325295,1.4284774806724982,0
0.8150470674088545,0.011958919043675575,1,0,0.859009975431052,12.695426445309074,0
1.2269380751921097,0.6014649198471904,0,0,0.9341853956749209,5.526664863989355,0
3.1690079238153137,0.04609036464873295,0,0,-2.268033286398887,11.117115525797276,0
1.1574103668683913,0.8384498301944023,0,1,-1.533308021406331,4.685388506479864,0
0.2446514427224247,-0.6224877251822586,1,1,0.22515124215646193,2.4062964201356785,0
-0.7906587924002504,0.6406036769984844,0,1,-0.05884946433586313,31.77767478943375,1
0.6735189604706678,2.3025299504004044,0,0,0.06772713717765462,8.04415094875965,0
0.09130703041341448,-0.6728110455807149,0,1,-0.06445424630286245,0.2731065617092032,0
0.19127460456567255,-0.20938841474457714,0,0,1.50495394453906,7.581482472086437,0
0.5854011723810957,0.3886893524049936,1,1,-1.1198453413507257,2.7975427681884155,0
0.033614292759050556,-0.09403448361359158,1,1,-0.9333763177598644,9.697716716656528,0
-0.8452317383158985,4.769794289108953e-4,0,0,0.25743784816915255,8.72076000994477,0
0.027801418004920964,0.2963815638157609,1,1,0.9657742257880753,4.820336287703712,0
-0.29193435732778183,-0.4452324114839588,1,0,-2.051569574279324,3.9880927691997163,0
1.8948852575475355,1.7980710781086437,0,0,-0.810071020017497,20.404558036676857,0
-0.09330995509274972,-0.4255693425141422,1,1,-0.22456155947009443,0.6173109976079336,0
0.006336788698972061,1.0040743650463322,0,0,0.4806508661312845,19.923717002707615,0
1.4578366615989269,0.23169801320343847,0,0,0.3143006485293178,15.892654086040407,0
0.8107105502811248,-0.2721106093922741,0,0,1.8924881602958568,9.015108465740344,1
-1.4112129925849517,-0.03822098569505261,0,1,1.2872310872643766,4.43409630746693,0
-0.46683855052018236,0.21606233272357436,1,1,-0.9947751260855745,15.841734409229947,0
-0.5780006993179334,-0.7164237501395241,1,1,1.3800751469723231,3.129831163615585,0
-1.5553407450507186,-1.0667530476077136,0,0,0.3353354834013071,77.15061857662418,0
-0.33989290576463993,-0.5631813323998989,1,1,-0.24580553292672064,7.517734196844018,0
-1.3469546684994858,-0.7989205445730658,0,0,1.8451676707579323,19.401698603211106,0
-1.5104306887821015,-1.0795260660578372,1,1,-0.3097332142211912,16.391874580859554,0
-0.7845502427121537,-1.7033847887427482,1,1,-1.4910037629646622,1.6432000610497395,0
-0.36566497437808226,-0.934394143181772,0,0,-0.5250171018690961,17.268375774777223,0
0.7171595050254072,-0.07722311182942931,1,0,-1.261548864764159,5.6603389885938835,0
0.40573344958696506,-0.8335479944817508,0,1,-0.649415908779024,9.274507706041378,0
1.090532594877595,0.5754772124795686,1,0,-0.35531514409739634,4.421588598908409,0
0.05996652436207018,-1.3711256619234782,1,0,-0.78526069739735,5.314929586947823,0
-0.4266081893830519,-0.0896522016067533,1,1,1.009670770376535,3.82133744481674,0
1.5927507943432748,0.783221531867269,1,1,-0.25268163071120187,11.426555785784782,0
-1.5239834518096569,-0.4337276000212193,1,0,0.19356734269417247,13.505963247721354,0
-0.290446407337276,-0.04982941378497131,0,0,-2.189816061440821,68.62026121340244,1
1.2046187058183253,1.2728348071525022,1,0,0.5908250928630472,46.192321613545424,0
1.060088732735805,1.0724757559315856,0,0,0.02233254849976828,3.7443084342983273,0
-0.1575441452290568,0.5333514850986787,1,1,-0.012917155987763154,7.682040964614128,0
0.7830075143822217,0.7452904986502058,0,1,2.942153441820984,2.6553532845707677,0
-0.48250391547420274,-0.35462031455016546,1,0,1.3890746840638006,25.056307201369844,0
-1.6660096083298241,-0.312339048274483,1,0,0.13577032592340407,3.1460160729515683,0
1.0797259617234876,1.243070991908748,0,0,1.148893698994205,7.421214616317387,0
0.23035444456686333,0.910873834823079,1,0,-1.2794644157696995,3.539133248875323,0
1.0190229301321738,0.4190491573382414,1,1,-0.7091998303259524,13.576572932830574,0
-1.0683360907911834,-0.9696673435817209,1,1,-1.0542441137265723,21.468484489272054,0
0.4008106255985008,-1.2858843339893369,0,0,0.15494079705611258,4.3298296966228715,0
0.6635557022830312,0.8154140987609491,1,0,0.49335091286335486,11.219282481388639,0
0.3498500250063145,0.21617883290264472,0,0,-0.290983458717831,13.033319869847663,0
-1.317583013967532,-1.9972817824088678,0,0,-0.6640017991065296,54.403821009363924,0
0.23520853970597536,1.5775669793170521,0,0,0.6404307452415944,3.114699191748739,0
0.07701929907669976,0.3750371632067999,1,1,0.09517214785516447,12.100949035737884,0
-0.16082244067068938,-0.8010454336558274,0,0,-1.335840412146937,0.3271923807668363,0
0.9196107158157766,0.16154671041042007,1,1,-1.3314125348887869,11.394353960922523,0
-1.9426869416517516,-0.032031141040810174,1,1,0.6483428955377841,6.6783606105350595,0
-0.8473076126741934,-0.863787103058696,1,1,-0.46674559914657054,31.249840265545185,0
0.36754481096735514,-0.4776237369689186,1,1,-1.3552345421195817,12.948596736763655,0
0.48496994358273826,1.1002113004097471,1,1,2.43111610619559,8.011811068181318,0
-0.06324757700916808,-0.7669506079736352,1,1,-0.2668512687825147,7.91087695071684,0
-1.2812466301011565,0.34093690756849737,0,0,-1.5410660871092674,26.039628773950273,0
0.37947040213290995,-0.14418712472777356,0,1,0.10389962886402383,6.315883125259104,0
-0.029728894460613886,0.06180429066665981,1,1,0.7664030479563096,1.2748444966449466,0
0.6492968365963522,0.17934912753027632,0,0,-0.6292937692072479,1.3236211768028123,0
0.8952260361622832,-0.9652264166356564,0,0,-0.7911787248253789,8.919982392338428,0
-0.20653293140921014,0.9250364135694219,1,0,0.16025601266422385,18.749348189314933,1
2.7911597733916165,1.0478957678056358,0,1,1.0383714701264848,0.17957921437497243,0
-0.4429173407107301,-0.012950807309046741,0,0,-0.9082782927485491,15.173081381383238,0
-0.3127155646489593,1.7521771146764489,0,0,0.33314750203626653,20.085886251513475,0
0.592799419998208,-0.9666147940212992,1,1,1.260238736217702,1.3852821305737704,0
2.5815744287974676,1.134943356877237,1,0,-0.549872420184181,6.912484728513141,0
-1.6379286860355793,-0.44337740833199946,0,0,2.274643720195716,5.470348543483265,0
0.6751745953088273,-0.28164006658045526,1,0,-2.307354823846661,22.042358801726788,0
0.5830694172252361,1.7396170105522915,1,1,1.179138356509045,19.030240167698288,0
0.8566503904728522,1.4752948041209262,0,1,-0.3224963151511037,14.603125642937576,0
-0.6861335794241231,0.0424392925071006,1,1,-0.5244196090544851,3.6761176741713144,1
0.7493392225822391,0.11794390121591125,0,0,-0.0958140275949815,1.91702967321101,0
-0.9728593535254736,0.29093789605209947,1,1,0.5362281385003174,1.5036105070109185,0
0.9141424365407916,0.27376888652570214,0,0,0.8127819382586154,10.59912208445247,0
0.7156077755756414,0.3018128314781553,0,1,0.752662198884713,0.07391699586118348,0
-0.3477370132002561,0.08621305649705918,1,1,-0.22883645464283586,3.322687605594697,0
-0.7165551523616733,0.02936880124343344,1,0,0.7148135098505675,6.337358146467822,0
0.7192100612192244,0.5366361987635763,0,0,-0.11133082513115045,59.45150650123848,1
-0.214350406276661,0.7418671230831285,1,0,-0.49726950068889947,15.375833868238056,0
-0.9935877680056572,-0.7347306134922366,0,1,0.7685511451458833,2.623636877421957,0
-1.1177318678965176,-0.46733781203049674,0,0,-1.0576946405344982,12.596452378205063,0
-2.0580089688257734,-1.6014489604097837,1,1,-0.24510460049002786,33.43176014082327,0
-0.3515037921221451,0.505836789457054,1,1,1.2114543460399472,13.234414822119724,0
-0.9947926121054502,-0.3710507058636737,0,0,0.8615060774098974,31.96048563394224,0
0.35982177038368984,0.0030280518223864683,0,1,0.2803527498449058,13.882160219604078,0
0.20725429473595133,1.7983700707138424,1,0,1.5238129779625715,30.426841808993657,0
-1.2314821989949778,-0.7071390283459476,1,0,-0.7966346245430631,6.344507851094138,0
-0.12296170146646943,0.85590561531732,0,1,0.38724848208948676,19.01210932305871,0
-0.08046218846130468,0.30015656168619986,1,0,-0.610650150063259,1.0188294661761943,0
-1.7700374309254512,0.011264831910027473,0,0,-0.6668223167021388,44.901920349579875,0
1.5168783898931817,1.872441776775963,1,0,1.038648816685422,26.677799782658855,0
-0.2804902971861325,0.31391702985749553,1,1,-0.8289811416480438,4.962677358189553,0
-1.5481138590339936,-1.4643979631697477,0,1,0.992529557153971,4.654644625267321,0
1.6530453987368652,0.6510188456996637,1,1,-0.7990771747844414,4.293221424275186,0
-0.13048629293224304,0.28839240179226727,1,0,-0.892470180974779,12.330623825477847,0
-0.9170117886322221,-1.0223228325095477,1,0,0.8715184349907596,7.627719210921418,0
-0.5687674418610056,-0.3399833697200685,1,1,0.2840401189308311,3.3373629199546837,0
-0.8764524477390855,-0.2995025140434741,0,0,-0.5998625168049337,4.082358470589828,0
-1.0917907858558855,-0.8652616316822455,0,1,-0.9157541247274866,17.0581679313363,1
-1.3708938865014206,0.7258981848970286,1,1,0.11596651593084917,1.6301426744073118,0
-0.07100572334455771,1.065613122662686,1,0,-1.4823568347234024,13.543074625459024,0
-0.31134650095460037,-0.7352835565317266,1,0,0.6072540286055642,4.725590801952803,0
-1.5187890633608188,-0.07127691284961901,0,0,0.21677239624730726,20.791000983800167,0
-0.546437895994637,-0.0975342662701269,0,0,-0.36275279953532036,9.766185559438954,0
-1.198516674989928,-1.5163751150473121,0,1,-1.3597564757963223,2.584822875581832,0
0.864086392687071,-0.6475152516042878,0,0,0.3456198420277289,24.308677504258,0
0.245051472356294,1.2522169737663078,0,0,1.2357308040422164,59.3185543611953,0
-1.4929289089854858,-0.017736424883847746,1,1,-1.419917671066175,16.272508723766055,0
-0.14945873638606968,-0.9137663180161987,0,0,0.8061446767789283,12.23406963157927,0
-0.7610598226165102,0.5149389653361317,1,1,-2.3370648770631455,4.607321486819633,0
0.6701426645023105,1.2017523524434597,1,1,2.5239995913119895,0.06322045942311805,0
0.09249113513351087,-1.8218635969060972,0,1,-0.7627084419796037,4.769753506815465,0
1.9874435756849163,0.7013374864885815,0,0,0.957860739992214,7.604795896039467,1
0.3355961937058743,0.06870696542699499,1,0,1.092989119095553,27.312787310421715,0
-0.023339179766884738,-0.21525064170613767,0,0,-0.009294616477328068,18.071402926483184,0
0.37906517130378886,-0.12672196790089932,0,0,-1.663980197685938,17.297606387986427,0
-1.5169428667675677,-0.9053033420126669,1,0,-0.9168396328759284,6.00080043207274,1
0.8718879394136065,0.6866382741304512,0,1,0.004453496688041139,5.285980520843503,0
-0.11369886208620829,0.041464919437802415,1,1,-0.2432844390111085,9.844630974428965,0
-1.0979868005393367,-0.7811981175184491,1,0,0.682403745894728,20.400074187565927,0
1.0570791442430953,1.1357302512821321,1,1,0.7634086809911591,8.778499879790525,0
0.24061099465771324,-0.3498036049887234,1,1,0.7683565289537398,26.312084534798345,0
-0.5327781559826894,-0.4750962195695917,1,1,1.221683422153081,2.850753647327312,0
0.924176605785665,1.0016200597592084,0,1,1.0599137241232206,6.252339049983858,0
0.1842796816763525,1.6393801875549519,1,0,0.7522348343482602,0.15271080279357233,0
0.6581600934420464,0.3850748025739559,1,0,0.5401902932391806,6.1273836757220534,0
0.35923765025550924,0.68816777207891,1,1,1.2901895063716913,27.163800920660055,0
-0.10018468704185451,0.45981966973853794,0,0,0.8140250050110736,10.338393622691852,0
-0.7005883013175147,0.31796113760296507,0,0,0.8434488789024737,8.816404642231936,0
0.5332540514005327,-1.5239822011260733,0,0,-0.4385689065131953,2.342735789766303,0
2.127943735980528,2.057842291450707,0,1,-0.8710156346877463,8.062891210774337,0
0.489062718306736,0.7040938245446672,0,1,-0.8183937282891085,34.70399705556524,0
-0.2879034828776355,-0.886170636874614,0,1,-0.7352274336803867,6.634584689443273,0
0.26395959575815275,-0.10956705397439753,0,0,-1.1275143873865494,24.32347790201449,0
-1.990518231192153,-1.6054627688004655,1,1,-0.5374113412982908,11.977952090888444,0
0.31866765867217095,0.11615945333779089,1,1,0.606826520088302,6.203229206806463,0
1.6670971960536936,0.09122616340408629,1,0,-0.19818407105470295,8.119008616609234,0
-0.6981425591071864,-1.1686743964247284,0,0,-3.1195171050086707,4.673782115836,0
-1.1098420160748537,-1.4530444250048675,0,0,0.24453206690621979,4.840845795880474,0
-1.0019453523123618,-1.0968931466981788,0,1,-0.8868708362935162,34.479545393437526,0
2.239061523002938,2.452833750353685,1,1,0.5597500336635042,2.878212141996321,0
-0.7689570072518396,0.3237697210498201,0,0,1.5768677242030043,2.338445031528592,0
0.4941328426634518,1.0278077036776165,0,0,-0.27016013496482194,8.346240344330905,0
-1.1115441569627824,-0.38950114374722045,1,0,-1.4767125751124588,40.03011199792087,1
1.4990900104814098,0.15962813217800065,1,0,0.8699701305117599,9.597113015023615,0
1.1527014458694413,0.7036986380701914,0,1,-0.15071323287778818,0.021626398053638272,0
-2.9394232822173336,-1.44839048886243,1,1,-1.8354477144081658,1.8505577473555492,0
0.7801821688724891,2.09361056296673,0,0,0.7897217856892585,24.30171908826266,0
0.057433242531152374,0.04155987017979143,0,0,1.9314039529870277,15.206981379660096,0
-1.8911599282392972,-1.2592062082483988,1,1,-0.5162071685039473,9.512049544928209,0
-0.5512308924385166,-0.1904139371702126,1,1,1.7851503438224476,2.0471931691638985,0
-0.4589073134620972,-1.0508627398568808,0,0,0.670771741125605,60.3678092098421,1
-0.44069652161386724,0.1639353731278654,1,1,0.32989893355647854,12.541804777772068,0
1.7324160242173285,1.022305262807775,1,1,-0.26465224754475486,5.798660240574516,0
-0.31642602369120865,0.5478846631201841,1,0,0.010449013270791096,22.965285006229347,0
-0.7103000766875265,-0.44912471554312183,1,1,1.077207152435183,13.766446395839512,0
0.876300076170728,1.6541691937162066,1,1,-0.10841075145361412,32.79587489982131,0
-0.42174351771264573,-0.717002866819956,1,0,-0.845155332086843,20.09670765515544,1
-0.090866464089464,-0.2382467310972473,1,0,0.13634308471177592,4.970349725138136,0
0.5968524090875527,1.7194858935654245,0,0,0.4162503250641359,6.1207068983717985,0
-0.04396961874366416,0.8599673711351367,0,0,1.0256297490492872,26.77315246655674,0
0.9007742497680021,0.2503375355084735,0,0,0.08771065557138501,16.620010244600287,0
1.794054006835087,1.0689953128315217,0,1,-1.1019291564237024,3.5653551953292113,0
0.6343495857328966,1.3181342919072672,1,0,-0.26912408799879883,6.084536021577317,0
-0.09214210979026226,0.618564507959812,0,0,-0.5104820430720446,10.029724306835615,0
0.816664754488606,-0.17091902601890935,0,0,0.2660070276158721,41.58162194260512,0
-0.08598600940838115,0.2929152262053162,1,1,-1.60757501167714,5.197190774133061,0
0.502007191603044,1.753077177399885,0,0,0.6567954853051526,18.940862903807414,1
-1.3721269162513707,-2.017849895786492,0,0,0.4776982875341012,0.5705709585288832,0
-3.2908163424568837,-3.049632042823704,1,0,-0.013458044423437964,43.741752712058826,0
0.3970108938141374,-0.8937520100634168,1,0,-0.4501630818873274,8.918786492194481,0
-0.8137921569880691,-0.39655282537781755,0,0,-0.38031321514927485,5.905718838132818,0
-0.2592048484612578,-0.9707727359111391,0,0,0.18749785163842697,6.000751500979659,0
0.4512934754592558,1.5618714491107932,1,0,-1.0187129018169923,21.31028913879716,0
-0.09485635856867596,1.4006009400394295,1,1,1.2245424197495605,13.157996276946825,0
0.5398462201097128,0.8726606446585601,1,0,0.9016566768054753,4.578655316663635,0
-0.6362576576972311,-0.8915528152370442,1,0,0.09301953645052827,61.37759179367429,0
-0.9013716519004681,-0.8856374782363423,0,0,-0.3546874143233482,0.8916377062531022,0
0.6480506575686158,-0.3409171956917365,1,0,1.0570061758384406,8.85474014753409,0
-0.7672846098594599,-0.7939370965616296,0,0,-0.18035760098165746,62.43061766671905,0
0.45900904630239414,0.12192273807740059,0,0,1.5932778281938766,7.504063301719009,0
-0.26115333097604637,0.7868234715594955,1,0,-0.058641225189881255,11.275871487544752,0
0.3798489072360878,1.205587530057418,0,1,1.7538848646238328,1.840988596666279,0
-0.3619820367348731,0.287010265495636,0,1,-0.4520502105477038,1.319369247781246,0
-1.4718824132402601,-1.910018794816075,0,0,0.1698529844443589,0.6413607010066016,0
-0.20758758066153132,0.3170918438232201,1,0,0.47247912267662967,18.028130646055132,0
1.7300875108537337,0.9977296303568961,1,0,0.04326500442347655,15.85664764612788,0
-2.140257600371776,-1.4454474112270703,1,0,0.9145592995162088,8.127014341807651,0
0.6398791819575611,2.317993877425862,1,1,0.8402563600714107,7.8604914919224544,0
0.8512610187458967,1.3494920584886083,0,0,-0.06223114692899896,0.5623469489988219,0
0.7124371686740193,1.3818666523174634,1,0,-1.8240420656367264,10.576939699090575,0
-0.6804633544912102,-1.0310198395151668,1,0,-0.48568204311805363,56.70347847061735,0
-1.9623911444183084,-0.9869173707872134,1,0,-0.3474121511244244,21.383047364889396,0
-2.3803190850794986,-0.6925343407172275,1,1,-0.26883125963630833,3.057935025897795,0
-0.4192947089570328,0.29399997359374114,0,1,0.5837468486076366,0.999185228762376,0
0.8843492873576613,0.11463769905366672,0,0,-0.40483224360543824,6.756120368353649,0
0.9523621226578167,0.11427305220024686,1,1,-0.8083851944423176,6.486769389298612,0
0.26394559964073266,-0.19218890430506388,0,0,-2.2579130350668586,8.787328854033609,0
-1.6032635834738873,-0.03301393826485566,1,1,0.7860150153403042,6.576437151658055,0
0.9782303309883976,1.2629539173016155,1,0,-1.9372105736556033,0.6362405330696939,0
-0.7609758909333506,0.12378758527376521,1,1,-0.01148553349410294,12.04659055050183,0
-0.20299517960397187,-0.9261809954640087,1,1,0.9470483083946062,5.18196633082091,0
-1.9265557354288974,-1.7203779446192646,1,0,-2.982210955523868,5.524601298396667,0
-0.9462002139068099,-1.1101724195989267,0,1,-1.721912594261961,16.255071509245127,0
-1.5295829763517153,-1.985488038450232,1,1,0.364244700504483,1.5770660469684141,0
0.3785057151637892,-0.09536804532280138,1,1,0.9100760646487658,9.637119199033542,0
0.45977208008535586,0.5393736106699407,0,1,-0.09855645586417383,7.014151039079128,0
0.16355721099182233,0.5719847333998572,1,0,-1.1381055405005527,1.6498451178324358,0
-0.6406313873148904,-1.6909523190337774,1,1,-0.2710676580425433,3.2757117606466397,0
-0.21426810986129433,0.4834225462165492,1,0,0.5072988577578441,14.177581544719422,0
1.113381850097294,-0.2415123089656276,1,1,1.649415403354163,3.821815712442492,0
-0.8866102234277583,-0.39776965526033004,1,1,0.16318570987039765,3.2942937469068276,0
-0.6316483872471221,-1.5882898461768222,0,1,0.3362040419612931,14.403169674713162,0
-1.5000686439506066,0.10702066792961007,0,0,1.2902811480826955,48.72805387867058,0
1.1306650431964615,0.011995457194524994,0,1,1.2212508461146923,5.363195711401337,0
1.7971184622659389,-0.4660817271901939,0,0,-1.4133550725389648,4.491922889509699,0
-1.0934771152894804,-0.616427912096486,1,1,-2.3053197278448825,4.817408435296779,0
-0.3728777389931718,0.3527023730379784,0,1,0.20486982105290558,7.176146747969071,0
-0.37337917283324246,-1.8991036510329302,1,0,0.7585100120899119,6.433567302157185,0
0.8600128016911727,0.15138591881455254,0,1,-0.6338743159475596,9.732236941309663,0
-1.364814497318065,-0.9044346390941642,0,0,-0.9680100708109843,25.579642188164218,0
0.5226569375277099,0.5202371481827899,0,0,0.67272632307766,25.526828930629595,1
1.234468921804819,0.7541860410676022,1,1,-0.1020147141621612,0.5034862202279674,0
0.506508058270602,1.1079545354161302,1,1,-1.917845555311494,1.2255604909261815,0
-1.5949241933509457,-0.4736160354123377,1,1,0.248835047609828,12.076659543051536,0
-1.2532682834869873,-0.3092948002326581,0,0,-0.6783479773591088,2.77458349276197,0
-0.14487734141077582,-0.11830096654575184,1,0,1.609776927957335,1.1664825328515491,0
0.029166603701471183,0.21435457229620408,1,0,-0.9085906887576137,12.505103160371982,0
0.5285647403948186,0.9454023198799394,0,1,1.5417176868225515,12.706103956071436,0
0.07263766863378453,-1.5813220314613952,1,0,-1.2790001531466082,39.621860895268576,0
-0.02243953664292305,-0.21439514920066763,0,1,-0.25364078937632406,6.4141777881613935,1
0.13094030071739857,0.4497007130246279,1,0,-0.1682935570693053,32.47985510978389,0
-0.7368403208535791,-0.5897127787964601,1,1,-1.9585399154753567,12.69359629275777,0
-0.07890874952601819,-0.201075042974409,0,0,0.08966038699866796,44.340672405734196,0
0.08711617851039956,-1.46691370328457,1,0,2.456876985403317,1.3460392580033287,0
0.04980318217827541,-0.6249795800898904,0,0,0.7160249562909418,0.5717941454801717,0
-1.1821160058147708,0.3166836944353736,0,1,1.5148747723957008,11.893705981440094,0
-1.784593289887182,-0.22486589051534844,1,0,0.2534376978754289,5.040648666320748,1
-0.5119767802484997,-0.5297222678913124,1,1,-0.30642498656068407,2.4165445764777544,0
-0.24831722253305186,-1.2738305968524177,1,1,0.10885212224215265,4.474329034906919,0
0.7904763613006276,0.7820857899028011,1,1,0.37624266010390905,2.042313896420628,0
0.5465063622016496,-1.096314832788752,0,0,0.625684373008824,5.988324971145977,0
2.1224624806889527,1.398971705079739,1,0,-0.11951498794085878,18.19430362244212,0
-1.7908358896911385,-1.214195434986249,1,0,0.016380978898259922,15.749501908761733,0
-0.5335043160384703,-1.1535557850217468,1,1,-1.0842987996072848,3.5556296683195816,0
0.9146379597845746,0.02424395270465357,1,1,1.6665013097645154,3.5536884001801172,0
-0.7667848053583024,-0.9300227784807665,0,0,-0.1968928434350679,1.549344162276582,0
0.3945499138390269,-0.7661781615399527,1,1,-0.016715093748297247,5.019130968924868,0
0.40799027210268324,-0.1109400199566507,1,0,-0.26825825567063855,8.705569227182771,0
-1.1183181818971222,-1.019596871713596,1,0,0.944203507346157,7.23018540853087,0
0.25871315283026125,-0.46657424049841145,1,1,-0.5459147450498996,22.773556472220235,0
-0.526725143191489,-0.15613558880181738,0,0,-0.836773820327072,35.95218743112724,0
1.3327998330027244,1.4338195276831178,1,0,-1.8202343962160774,4.413243855099497,0
0.11376168371024997,0.827846258358722,0,0,-0.495667092881898,23.551435277723662,0
-0.46429790870730553,-1.77942628678558,1,0,-1.1364922756738207,19.339051627096822,0
-0.5533572785588823,-0.5036488563622832,0,0,0.0512556743009794,21.299272957705078,0
-0.9632484018636315,-0.58757876528213,1,1,0.7641478723660797,14.033514803435878,0
0.3039926090290708,0.6737269886102851,0,1,0.32001377509749274,4.453237996977781,0
-0.016211301152518585,-0.47462631519723775,0,0,0.3319654092658594,19.777498915889264,0
0.761722492002766,-0.05668883239911737,1,1,-0.4241721576644125,11.49862204988003,0
-0.6196647307449658,0.34505515168719575,0,0,0.12439862347120917,15.714609509692476,0
-1.4120365885661401,-0.6395875064730743,1,1,-1.8163510461071959,0.9529597943264905,0
0.1008560870243985,1.2472415660620209,1,0,-0.5533868212641787,7.3786303055058955,0
0.2219067460822601,0.566955207494192,0,1,-1.0416046656946094,4.9054923522310885,0
0.23794535925366658,0.5294949057533118,1,1,-0.6418270542626637,5.309782094105577,0
-0.6300986034811759,-1.1480422250178102,1,0,-0.02483120302611201,13.211111701116094,0
-0.3905080032653668,-0.6941719099212783,0,0,-0.5876941255277264,17.051701331607024,0
0.22957274158361238,-1.2976796678273037,0,0,-0.625285147926529,1.9247123098872327,0
-0.07941693677289173,0.7219343627178182,0,0,-1.4683523496967572,34.21660767191781,0
0.7509250985003068,1.0610130972931353,0,0,1.4932303033315468,25.330421724956828,0
0.044197267681743084,0.07780263077909876,0,1,-0.8581323983909567,0.8712453396319857,0
-0.026416074085157754,0.4078943048080286,1,0,-0.4434998871636483,0.6391561405144861,0
0.4890213887236759,0.1708451138080448,0,0,0.666934578580308,13.172933656297388,0
-0.4591186054287644,-1.437141767901495,1,1,0.032412247092846576,5.987507447184661,0
-0.4976129420844685,-1.1080386523029315,0,0,-0.519985154452268,0.18187466185690565,0
-2.2406523126652753,-1.8800879014991274,1,1,0.8038565840424999,1.9207767931885742,0
0.030974891434133938,0.8416383899519975,1,1,-0.08895555557624113,7.3444084080811525,0
-0.158133054965175,0.27935199591793225,1,0,-1.4137874681122236,18.736607557549476,0
-0.3285643421473995,-0.5607415192604016,1,0,-0.35061040906043933,19.013062050006663,0
-0.6348098277121862,-1.7301260594001533,1,1,1.4380193780860648,4.0053144959781335,0
-1.20376219547692,-0.45348003465088416,1,1,-0.2955490475430371,0.08533426295054829,0
-0.5963972446327745,-2.20084965288393,0,0,-0.10456501426992552,5.957805459607718,0
0.4218813615485325,-0.32716460295505806,0,1,-1.5022814347967448,10.28170206609768,0
-0.5850604060153428,-1.5930967848095503,0,0,-1.2035884393794614,22.53275447783061,0
0.687947962386413,0.949426701077986,1,1,0.08977524429088837,12.524721818808716,0
-0.7094155920618674,-0.9158141373887929,1,1,-0.2077824828124851,4.387048049577229,0
0.17614781006183922,-0.12643136344997968,0,0,1.2417543650684972,6.337782177988547,1
-0.8815795166159386,-1.2349945709192127,1,0,-1.4066857683834282,24.17559153734207,0
2.434545822877985,1.3083041981877517,1,1,0.15279654091942713,8.605817693988183,0
-0.9100374982871323,-0.34459486526039684,0,0,1.10638720415935,20.191544768466603,0
1.1724509990438288,-0.2295000961233299,0,1,0.4558730996763465,7.398471452475679,0
-1.8133532539964352,-1.1360958417720979,0,0,-1.0171640795190255,48.648783244628575,0
0.1462326191777033,-0.38700660356187166,1,0,0.41972297630151056,2.7410185015907014,0
-1.0962207498979961,-0.44986026890432174,1,0,-0.02539833273811988,12.230381801754405,0
-0.10258224553172188,0.16457049135208834,1,0,1.6804993646140458,4.938491755346872,0
0.17251285075988793,0.31765618738073254,0,0,0.4956524662569863,66.9852571721178,0
-1.151508790702546,-1.1427276497591,0,1,-1.1633441900078525,6.954249135741822,0
-0.4658879319366023,0.7313627435129534,0,1,0.7604538486123595,2.270806690933667,0
-0.5553701558776214,1.0510666389211603,0,0,0.7461037071922839,60.83572196380361,0
-0.1337469939675295,-0.027444132096277538,1,1,0.5195699159299753,0.1618940692190473,0
0.4187869365943383,0.7721653125036037,1,1,0.7732675486614466,1.8344456102297393,0
1.4513981531154647,0.6079788732865941,0,0,0.547228896772805,22.782143809716487,0
0.31289891629165223,-0.47889197411774587,1,1,1.0861360605298724,0.04942782718728599,0
-1.847391070822961,-1.3779423574691825,0,0,-0.14191645619269017,34.082865676276086,1
1.3344982288915992,-0.26799994535736704,0,0,-1.7387710534584782,8.041455332346986,0
-0.2947002589148714,0.24802954060058996,1,1,-0.2971961873664642,2.0281640314830756,0
-0.6261918665577539,0.4970489818650763,0,1,0.26470918954481154,1.1610914302449444,0
1.4111124789587426,0.5838377774581898,1,0,0.883869720882217,1.493180435025003,0
-0.6666651202229221,-0.3864504616293483,1,1,-0.17158883922109397,4.021400830458666,0
0.6789836541290643,-0.10118239237260468,1,0,2.0144057732627623,4.896270648158256,0
-0.29349011253178303,0.3344553352376447,1,1,-0.6009497562223198,2.8130414749018975,0
-1.2149763089503018,1.437873488139111,1,1,-0.0029226734646085927,37.89942654669845,0
-0.6035289075383475,1.7287116126616682,1,1,-0.7956729783588816,8.380689380487658,0
-1.2039087776242263,-0.9806882295674015,0,1,1.556899822761571,6.017747510186342,0
-1.3138859359902202,-0.35015116354617293,0,0,0.24913470189919928,61.465549406118384,0
-1.0696168722319823,-1.0893691832535177,0,0,0.7341698254741403,13.565646702430442,1
-1.0740090712612196,-1.6497432471556577,1,1,0.7478161511271211,9.500425829530833,0
0.6840456654317746,-0.2279947453673986,0,0,-0.027199154706193867,3.311337809291319,0
0.13503357360910784,-1.0345502327317293,0,0,2.1861450297691354,15.083612876918536,0
-0.7439853469449557,-1.919090886167563,0,0,1.6754592628567775,4.38101655244462,0
-0.26658089756329245,-1.1989552688200023,1,1,0.8203539791701365,17.804770333245155,0
1.821758827613585,1.5328831856932452,0,0,-0.839505689426518,2.7688088529665804,0
-0.6117569056184767,-0.7065341268865588,0,0,0.5584572312439879,40.42137548222294,0
1.2367771143012942,0.46867300472784823,1,1,-0.7366588866379881,5.554382857034134,0
0.9855571601463609,1.4766425321926517,0,0,-0.02031019147977636,8.175339778894392,0
-0.7022509150419468,-1.8468433145167773,1,1,0.9434486181799961,5.907731764928212,0
-1.0321899141018027,-0.5036178471224227,1,0,1.0528940867490761,18.413197389087504,0
-1.358212781778263,-0.9442966649006785,0,0,-0.6737519562628318,26.909240484967743,0
-1.4821891196512311,-1.1449574501036084,1,0,-0.6680403773563593,9.748010784772852,0
-2.532563278973973,-1.5411399023325458,0,0,0.7314520040634487,67.30547474515562,1
-1.8626440586848019,-1.6068293606948587,0,1,0.28017967835706975,19.705848244833266,0
1.847810297743593,1.0579175951141038,1,0,0.2941289880089239,22.64970338536251,0
-1.1350891341326403,-1.4069727698959038,0,0,0.06227714201534018,30.36002517221909,1
-1.9713202332273694,-0.7001245731706203,0,1,0.07420980589012251,1.5369301944032019,0
2.754416875018332,2.5476419646772737,1,1,-0.8826986202827951,5.59810270681158,0
0.23243537612627568,-0.7837945012722969,1,1,-0.550754367317559,1.8047805002412334,0
-0.826307413238751,-0.9832450327483071,0,1,0.2631778689228344,5.406048332923437,0
-0.10841059554925073,-0.7309214123677006,0,0,-0.5342565696540921,8.192632561612971,0
-0.5288200383638442,0.5441431506251684,1,1,-1.0639320718434544,0.030159594318870296,0
-0.6433082869818867,0.11558799212874349,1,0,0.8606549436478778,14.243691159983184,0
0.3733569611422117,0.38318637376842113,1,0,0.6319931701846309,8.557881907430739,0
1.4155446480568388,0.5525739822170144,0,1,0.9869614000490969,10.356337239147944,0
-0.9473908990010224,-0.3185420269611837,1,0,-1.9417810683571066,1.1318748906056675,0
-1.3166868996820347,-0.5049774470704779,0,0,-0.13628436101029515,7.210511029128105,1
0.16331640251812934,0.4151908826511477,1,1,-0.898602853459272,12.754431997245824,0
0.5628715467064177,-0.17231574489061646,0,0,-0.7894267977513492,21.92273899203822,1
0.3062726086412276,1.8148235971439994,1,0,-1.3533933611115205,11.645771695717475,1
1.6482147503962177,1.084667839436509,0,0,0.5379187595524846,43.85122401125525,0
0.47803394198893645,1.1491232622246161,1,1,-2.356465348274298,7.149068467801493,0
0.22435194600116326,0.9352083041007824,0,0,-0.24684934398954045,12.649721895701546,0
-0.7469625122974038,-2.3250948478044537,0,0,0.7762124625118713,25.417559168166665,0
0.6161012890113934,0.40005263877526254,0,1,-1.858497267767131,12.602858206636606,1
0.8849866281078508,-0.3038685752819556,1,1,-0.6130051948618964,2.8225443975274636,0
-1.0258903918799838,-0.7693756718282098,1,0,-0.29109549636778825,2.008263744378349,0
0.7239041552842589,-0.5252514714428347,1,1,-1.0623704567888312,1.2613221519472235,0
-1.925252380578384,-0.8151648583886135,1,1,0.6250080646363771,7.58758661977424,1
-2.712932126015361,-3.0641242796561983,1,1,-1.1570411920330788,0.8108566314787021,0
-1.201752130107251,0.1393742827498481,1,1,-0.9402242544430263,1.3194061819483307,0
-1.5046929420249855,-0.6698760639569432,1,1,-0.8716063241564068,27.40259337053589,0
-0.4815063103679717,-0.9445022894165476,0,1,-0.5334463721109907,10.340875811148484,0
-0.9988387907013035,-0.7606526339167275,0,0,-0.9592849344773594,4.66144994900369,0
-0.5974605623645107,-0.5485141372468473,0,0,0.5981411358502275,15.468102576431036,0
1.8324479966526774,1.8169788361798476,1,0,-1.4960888902258116,31.69172919765036,1
0.6908163498119995,0.3877649781642199,0,0,-0.10063605243409224,7.032830514238921,0
-0.6361638989935777,0.8912758695648495,1,1,0.010708156690668652,7.3850742112159935,0
-0.09379660283437478,-1.3741485597869103,0,0,1.146643456156723,27.0324458046831,1
-0.3725742225015829,0.6727494283516453,1,1,-0.23029190068398564,9.307535099040981,0
-0.5903791651563407,-1.6719291119520552,0,1,-0.36924559513156124,0.6992914293030126,0
-1.7946254398535562,-0.5410056864062034,0,0,0.5755127825305363,68.405212705935,0
-1.7988943148750804,-1.4869249123571797,0,0,1.3538236803714674,1.1164426567095476,0
-1.5797325170851546,0.6664862459217136,1,1,-0.8274758396720772,4.469124353760567,0
-1.031971365164068,0.6520474973215614,0,0,0.5242486098633387,3.1413688096620636,0
-0.05669593469465745,-0.5754221575528898,0,0,-0.40121348176728755,12.181010800369567,1
0.2618396305959593,-0.3330403243609391,0,0,-1.600594724044567,2.1255513609729166,0
-0.21157698468440364,1.007269318186635,0,1,-0.6994590468448407,13.512835651720742,0
-0.14496877168341316,0.2605941965757665,1,0,-0.06280598984314249,14.127541560075391,0
-1.4216550789524314,-1.1187338409950953,0,0,1.2719615273656386,53.060450824936524,0
-1.6708528434575427,-1.0171990250379563,0,1,-0.8661598417444818,2.528694209256922,0
-1.0978254775926333,-0.4372432748727707,1,1,-0.40566477940253143,16.71936180599574,0
-0.6086382043855953,-0.4651791313772318,0,0,1.2761469471478202,65.47309469925675,0
-2.0708678296874377,-1.730413678143816,0,1,0.8060817101080707,22.063038644766674,0
0.8035892277093631,0.533043749211224,1,0,0.9984742113750137,18.20494484642313,0
-0.6250431404878907,-0.7242149252852532,0,0,1.682762359806096,24.53948635900439,0
-1.7604655182285645,-1.8120703384242303,1,0,-1.1696097190102175,11.543758348869344,0
-0.9104079324924612,-0.013576331184622092,1,0,-0.1672401037702521,27.041277146169232,0
-0.8066180685876484,0.27508689446027085,0,1,-0.21443179081707295,23.833923876399957,1
-1.1056600151948832,1.1821135468966277,1,1,-1.0362651974306514,6.250618749707588,0
-0.43260644260230546,-1.0932452647053013,0,1,-1.6555990425260056,6.511144621735578,0
1.1788035249309219,-0.6963250868377061,1,1,-0.33228232310381633,5.509869044308747,0
1.4871968100616162,0.4954921862518136,0,1,-1.779496858737657,4.66306461979079,0
-0.7443036186460172,0.29028325952568657,0,1,-0.22172005554436877,3.091721329190928,0
-0.5958263794214268,0.45926407745406556,1,1,-0.5811073356489641,3.304838243377061,0
0.7641513285689977,-0.24034072083301855,1,1,-0.4842554994174397,0.04357655536683569,0
0.5465607021826496,0.26067039040441076,0,1,-0.7346842334000636,11.961066228104357,0
-1.9482945789360524,-2.1008696452610827,1,0,0.43949987928060125,22.57795280157935,0
-1.2722926969369373,-0.6791399352631969,0,0,-0.9648369793738175,23.315727087257436,0
0.20662465864107044,-1.8956991871128928,1,0,-1.4006044476568988,38.239548927439145,0
-0.009235292925629033,0.3597316884580819,1,0,1.0918865543604659,7.1675655145479205,0
-1.1334791468468441,-0.899739249490008,1,0,-0.2818248198131065,0.8391916365278254,0
-1.5919301444114324,-2.9511551135229044,0,0,1.0279762822944183,7.700196183342634,0
0.769442724958564,-0.399402927832727,1,1,-0.42657920752821166,5.794576184143107,0
-0.8169009190685348,-0.6557856773472093,1,0,-0.14624755752340332,48.66148168571126,0
-0.4075427716605228,-0.14699997236217477,0,1,0.9416587332737754,3.318696459365623,0
1.6345089855779222,1.215146402772374,1,1,-0.33205954793277925,7.33762484673741,1
-0.6195499941133471,0.5524691210199065,0,0,0.843828961714744,28.242643443881228,0
-0.3020175047430502,-0.011141251775866251,1,0,-1.6072054586107796,18.954715943359076,0
-1.090804648155446,-0.26180646149365217,1,1,0.17182216487613283,0.17515136758911404,0
0.9408636077764512,-0.425164053318831,1,0,-0.20133175180258808,7.605894246955095,0
-0.18259614890744696,-0.9671678309076072,0,0,-1.9259966068106358,11.47979957940759,0
-0.25023240580479644,0.7379197208180084,1,1,0.004027024582830045,9.526729075070895,0
1.0446756915906257,0.34813632977454095,1,0,0.6160231004068324,4.481989827731495,0
-1.8685427954461251,-2.481764538557499,0,0,-0.4435406982984201,24.54267757622449,0
-0.5977618429824987,-0.5299325199525673,0,0,1.122449997628168,46.82241673829083,0
-1.3648385858539291,-0.8423185855496306,1,1,-0.5599564079976154,4.253212080682922,0
-1.2458256865305906,-0.832193241822728,1,0,0.4850943445402624,10.84211207554679,0
-0.2114830592436286,0.19046641636704217,1,0,0.48290578337412987,14.597864764408918,1
0.5499397814045149,1.3102345191969522,0,0,0.10228214899239281,13.053310295932853,0
0.38628532145732986,0.11019443863976028,0,0,-0.5104611351524524,32.9881746086995,0
-0.8384686850219409,0.2964843605566262,0,0,-2.287711247630034,17.124156377264267,0
0.9702349339906997,1.531531683378875,1,1,-0.8373699706273844,5.371468160536365,0
-9.216400408313084e-4,0.06097216437592212,1,0,0.32573338381472877,14.43266469712649,0
0.38323803898911873,0.2834556103302892,1,1,1.3693616306112626,24.566764307647155,1
1.4733615774399316,1.019190832295242,1,1,-1.4251893129627378,8.684825264617343,0
-0.5785012756105792,-0.10503372640471581,1,1,-0.40413992358899414,8.874924975027344,0
-0.6857970802519554,-0.3671186577834203,0,0,-1.1370735322538676,24.799709110360766,0
0.9062010730098979,0.9258656289509872,0,0,-0.8443394025701172,3.7683784394993736,0
-2.145922983320273,-0.7922714089508032,0,1,-1.5642318059515152,2.453834906745788,0
0.09969022825330776,-0.7417214447102374,0,1,-0.39523209845008017,20.37876781703887,0
-1.813357413634824,-1.4519077476450528,1,0,0.45794901387389103,13.9560167949164,0
1.0215227133273987,1.9113457939910123,1,1,0.2517562271828128,0.9305757034305477,0
1.1298306416258557,-0.0010927630852105574,1,1,1.8641205614709953,3.2448171652688598,1
0.3160035363755318,0.393443968355096,1,0,-0.9408058949955926,20.96843790609773,0
0.9724734398266914,-1.3153465427078914,1,0,0.6680489861718129,10.831037481587405,0
0.9305142668436777,0.15505369870127828,1,1,-0.2332140975581856,5.793649664343783,0
1.0695580684223944,0.631527977418447,1,0,-0.5639875662017279,8.892259312691097,0
-0.599786057789719,1.1912458698661936,1,0,0.9024058116367226,41.218820609716964,0
-0.002158870332029291,0.1341189234617957,1,0,0.5645089995944459,42.66247573181716,0
0.010224521675806363,-0.3523387583338796,0,0,-0.44074805168760656,3.326530877501448,0
0.8345505778394646,1.3650024694181981,0,0,-0.8826695171684422,21.371460501194687,0
0.6759517110440217,-0.21649787192959097,1,1,1.2443833750890727,4.326130761729967,0
1.0738069553573586,0.943811230476472,1,0,0.867459865119686,3.9372317596012643,0
-2.0172516574050716,0.2920432191466431,0,1,0.9057459416796304,4.06955832543701,0
1.3948262445540958,0.33650933247574266,0,0,1.5320019827404188,4.029014742895397,0
1.2653616629799038,-0.6246186100286841,0,0,-0.9023388279926364,8.598582137896853,0
-0.6320752925291575,-0.015890615950459708,0,0,0.190570754059318,62.101272644759284,0
-1.7257497935461115,-0.5049174873652877,0,1,-1.224283358382306,2.6750245143660067,0
1.2407225872820156,0.3023553890679806,1,0,-0.5070101380923066,0.5018352194567663,0
-0.9367147097346227,-1.2295813976628707,0,1,-2.058921824426226,0.19307762299470616,0
0.11603863902633066,-0.24224452301422364,1,1,-0.3161414731815207,5.060660507329058,0
0.7838107180988969,0.23071063950865153,0,0,0.034147327341330934,21.11322347635672,0
0.30169784200707983,-0.4984293232931712,1,1,0.4247417301269452,6.738055306853494,0
0.1846144221495005,-0.46291259265775786,1,1,0.4959435964910612,6.652971719903153,0
0.9246776822235719,0.2536241005142446,1,0,-0.7695394809457641,13.08459760825973,1
-0.7320860188526023,0.7150950070867921,1,1,-1.5509424223901915,6.238826123586136,1
0.10478488446062832,-0.11537329406316152,1,0,-0.5390417483259433,1.2882583695122165,0
-0.7719569947408991,-1.9623675943765062,1,1,0.9317136350891132,2.2063523506070957,0
-1.0425907453525274,-1.0423180319627594,1,1,0.864847764909882,2.239280281049256,0
-0.023014343822094257,0.3858900762424519,0,0,-0.2243917842387887,0.5043437042678809,0
0.28969096591597876,0.3995203612497537,1,0,-0.1292593348167328,13.620466339970758,0
-1.3655882193919535,-1.3755717312616103,0,0,-0.30716168759248463,10.670706139304777,0
-0.1342185768372632,0.2223685352272608,1,0,-0.6540682855440881,19.83451774565353,0
1.7336806199756278,-0.40936766889845244,1,1,-0.04103327870016326,11.18376849226028,0
1.128060243667698,0.08665675527515804,0,0,-1.9243036562101021,7.175581236587808,0
-0.6232899679451623,-0.21567695165185746,1,1,-0.23168743360930988,3.028259947159938,0
0.2629228205100747,1.299799134367313,1,0,0.7815110265762599,11.964059891424629,0
1.039207716309046,1.4483446875330204,1,0,-0.194841959916574,3.856377857386293,0
-2.143495773418705,-0.934971271433285,1,1,-0.2822908626231591,8.72116872379696,0
0.09921808104721976,-0.8099759113162444,0,1,-1.6648428687180674,14.317014010322948,0
0.44675357718638237,0.5001323541256505,0,0,0.9308016255408565,34.71069785451193,1
-0.6286090662362793,-0.8008464107562291,0,0,-0.07590801493395903,2.349900030416716,0
0.05149230387590184,-0.2303771017879679,0,0,1.1060762684722456,7.041890135540893,0
1.7068870854317515,1.6044241721366856,1,0,-0.057952171097854985,23.92803275250361,1
-0.8036784042320301,-0.3112118998342141,1,0,-0.13572311765899012,12.026143696651591,1
-0.16800244500834344,-1.0526071307919191,0,0,0.5456650972143822,42.90054272123447,0
-1.0096208217009173,-0.9342779336450524,0,0,-0.09189352252802059,9.428409472643999,0
-0.2288386963050298,0.01828043169535551,0,1,-0.1016279824989232,4.135328026503509,0
0.910114163801612,0.691689309318366,0,1,-0.7611924358572366,8.037561073883168,0
-0.7217191070354283,0.12520171267017122,0,1,0.5228714166008122,5.102038240957259,0
-1.126219458369937,-1.3581110145836142,0,1,-0.7223241824539428,21.167189795709895,0
1.5594102693320349,1.259626851005741,0,0,0.7043978021650532,8.882733307340176,0
5.538143905653046e-4,-0.389784857551444,1,0,-0.11710728546957178,14.903509124658102,0
0.4238176482600125,0.6820979989325512,1,1,-1.0870380548694745,15.470623867720578,0
0.285244243596328,1.1184418505121871,1,0,-1.5920894431332082,18.921543268016254,0
-0.7589796849222034,0.2672308271429649,1,0,-0.3040524323998807,13.857310076838921,0
-0.6481520824155097,7.137157184313736e-4,1,1,2.379023887460999,2.0150295500656035,0
0.4488911225990093,-0.23471090959439767,0,0,-2.577293612970679,6.657980174351013,0
-0.3625987769561398,-0.6536253156182007,1,0,0.39892149196587845,4.163151840825222,0
-1.3113254080508565,-0.9224692982156747,0,1,0.7497418654087785,4.822466786037903,0
1.1228463966207671,-0.010983903898378,0,1,1.3720078003100304,6.236705729560442,0
-1.8869398440934013,0.15942876039684717,1,1,0.049849676896486624,7.588350173608037,0
2.0734364097845206,2.1471762273981403,1,1,-0.21275367452424512,13.25102561933397,0
-0.518216444194137,1.2158733377007227,0,0,-0.8125227725406962,35.8826913502614,0
0.10338470328236962,-0.46524519367222306,1,1,1.047861280755323,0.24716310919863269,0
-1.5507304073853843,-0.1493091178318421,1,1,-1.0264147857637236,31.680497721571783,1
-1.1522480934700778,-0.3230973937685141,1,0,-1.0378720885139008,12.087803378720439,0
-1.321766912957684,-0.8390500915508105,0,0,0.38066941622482453,1.8976681046281085,0
0.0743728167199327,1.8794478793527003,0,0,1.2288009653914407,15.358264123790491,0
-0.8322405473404884,-0.5584542177444854,0,0,0.48010084466112857,10.795338808241722,0
-0.369643584116051,0.30724256038508424,0,1,0.9562453358496953,6.371002685899049,0
-0.544745795035374,0.7102655077828296,0,1,0.08934495684479106,5.327305058890761,0
1.9415333067192728,0.873509572934386,0,0,-1.9369110667604748,22.328995776472425,0
1.3106684120270915,0.7202157661544342,0,1,-0.11175904366248735,0.8910820084346572,0
-0.8672128186300977,-0.8517125063256819,0,1,1.1853210774905063,2.9813702152465535,0
-1.0596652422965438,-0.6742953419786781,0,0,-1.0148614642278628,27.7543210132904,0
-0.460914143466358,0.9057281605426598,1,1,-0.22017398822156278,5.461668382494219,0
1.6646731103677022,0.7974700490378345,1,0,0.6791719385564425,14.340657815585068,0
-1.7769401110553336,-1.0815326791880626,1,0,-0.8267549348241986,5.3575101874489315,0
0.1850160024808283,0.11546933086916211,1,1,-1.7448104568582603,6.016279954394721,0
0.48202182774606156,-0.2770072571410893,1,1,-0.35040277361921657,0.6965379873504529,0
-2.667393636033061,-1.885811560157602,1,1,0.9636625003515624,2.811085878167542,0
-0.9880380403022087,-0.3347808351947415,1,1,-0.8562548111414621,3.4559350170227257,0
-1.2451829281442952,-0.604213367766365,1,1,-0.21247366614995217,20.730331941786783,1
-1.0257198891162822,-0.8821865872628982,0,0,0.3114387537347026,1.3225223811289992,0
-0.1746205823850592,0.6810853633878653,1,0,-1.878617821486955,25.640982680998352,0
-0.08430243923489149,0.4903725039007545,1,1,0.7116906733570991,7.330008778910548,0
1.9898646952053103,1.1462894136350985,1,1,0.1681410530378899,1.3310534699993588,0
1.09461256105362,-0.04967205310718159,1,1,-0.4747475379242958,1.4611288931656394,0
-1.1088181076915045,-1.1806465993873858,1,1,-1.020642379902296,5.312667043034459,0
1.1709434642092393,1.0505326243059705,0,0,1.710586519553039,21.58745198638897,0
-0.6874326209898964,-0.9027859566053211,0,0,-1.0135742301572255,12.682793026125992,0
0.26249819875560965,0.32359631049423443,0,1,0.08036718707175562,2.0644521294223503,0
-0.2256235635913551,-1.0057847622891618,0,0,-0.8383149893486289,3.5517003148218986,0
-0.744371313483508,0.9696309018790241,1,1,0.2496752950913632,12.036371463308488,0
-0.15972384506845244,0.6965561802404046,1,1,-1.4181046133307031,0.6028365194469728,0
-0.9309029915324819,-0.3855216716867018,1,0,0.2200652355299057,0.07489402569142892,0
-0.006256998487743702,0.9874634813748027,1,1,0.7218698572198345,4.217742448935853,0
-2.398526720357579,-0.6639457945906173,0,0,-1.378526013456392,3.735955311889835,0
-0.2366279726214622,0.23150000594126818,0,0,-1.2226389926997723,2.3149264626949035,0
0.5505550237564647,-1.6267734546074415,0,0,0.5835822260708788,16.907402116593968,0
-0.6636792804756816,0.1732301437590082,0,0,-0.6402785175217822,7.9253828067723,0
-0.7721148117362291,-0.0703986842801213,1,0,0.24964893643158761,9.022945230902145,0
0.39467734135210153,0.12378171649240226,1,1,-0.8488517237690276,0.6216236430549286,0
-1.3659193423110445,-1.9880205686126078,0,0,-0.9946484061955152,29.92626172356482,0
-1.5378094927010144,-0.818828041831394,1,0,0.6558208350786305,6.237130849162321,0
-0.968130310991907,0.022609376406766413,1,0,0.3561839218995472,16.13822325484954,1
1.4348414057951189,0.0961105860618382,0,0,-0.2948014059332753,7.705416297181758,0
0.2964269133045916,-0.7620219791357,1,1,1.3268375203118699,0.05515817080922886,0
0.5205732334536591,1.8475959268740227,0,1,1.5160526569118824,8.410874941756987,0
1.310297588329971,0.7305485320580994,1,1,-0.13002612864285465,1.3831172400019305,0
-0.4431241653591117,0.2109344924088667,1,1,-1.059482651734545,12.40124048560545,0
-2.0544573899668768,-0.9249470765649319,1,1,0.5634724919138755,7.627349277997773,0
1.7898780725476928,0.6705189333759557,0,1,0.5118014542759406,11.202730310050908,0
-1.136102213769446,-1.260565668378268,1,1,-0.7606028944471207,3.2167691047744698,0
-2.2106374098808765,-1.3211180825225082,1,0,-1.7136915265551649,54.900014732419464,0
-0.9449018018135351,0.27872985131590255,0,0,0.4211815417784716,24.588538073471113,0
2.6327309639073313,2.2595346160815373,0,0,1.2026464907359782,12.323449958003494,0
0.49752193449054843,0.8062098066622968,1,1,0.8959183239013955,34.3992256419981,1
0.04752172600033375,-1.4204204698668481,0,1,-2.0223990847471676,7.256965063634886,0
-0.23010059151008155,-0.6075897007374407,0,1,-2.2553652382403535,9.948322202571152,0
-0.5571429092587578,-1.3835579735500836,1,0,-0.37293900858225104,3.3284651792834925,1
0.23234458415990278,1.5482497838418183,0,1,0.6365822470735352,2.248699926407978,0
-0.7251535882133067,0.311947321055839,1,0,0.5965550862536826,36.781533335808106,1
-0.9964526961678101,0.2862135701981022,1,1,1.0415428638425668,10.63720948334852,0
-0.16598742567497732,0.6148303555583672,1,1,-0.4589385953345639,4.432544532531023,0
0.13477563752076094,0.4827942425671602,0,1,0.42810713494409314,5.2870192624099595,0
1.0587502751366833,0.012606755332307151,0,1,1.3974827160423942,2.861358027312292,0
0.6726267142031305,-0.15384641296900586,1,1,1.0523457876690434,5.037985289416189,0
-0.01767888587725286,0.2621645146078227,1,1,0.7306147644333965,2.1503831609362387,0
0.42874679378206026,0.38421672783097227,1,1,0.49037619437282653,1.9429369756906756,0
0.9308450315224549,-0.7723883546943371,1,1,0.08093730468729396,1.7556490240904976,0
0.6569803573204874,1.000854838060287,1,0,-0.33013877902005695,0.07279996502924983,0
-0.41550424220954635,0.2190732976997332,0,0,-1.4843775623448718,15.665419575273758,0
-0.6957373273316863,0.0369383848781657,1,1,-1.5155347021900625,21.61803538784824,0
1.4806635373009196,-0.4011628357907382,0,0,-0.11071687490250912,5.622413550641745,0
0.46690915016732554,0.9948049945410451,1,1,-1.6246744982073607,2.188523527624769,0
-0.9154971911498383,-0.9559261484472295,0,1,0.8350648677372485,7.680187518684019,0
-0.60790501634952,-0.5124836847460943,1,1,0.32710634681889017,10.69865914032538,0
0.011868497555465785,0.6470241824734223,1,1,-1.8172798401838128,2.1911764870856762,1
-0.6354485307996529,0.4108600821340601,1,1,0.11898227186423421,3.7082747098979687,0
0.7690755753481393,0.09167852569390827,1,0,1.6557660394430898,0.011224641210413585,0
-1.058001022514057,-0.26004157241662323,1,0,-0.24999454553517825,30.724694765989124,1
1.827607210204995,1.9656893550423429,1,1,2.0866891405046206,8.532979714902439,1
0.8958114131186825,0.8235112716467741,0,1,1.4074127382976613,9.950169320153192,0
-1.5691094377831354,-1.4063501153488303,0,0,-0.17776046241441565,2.1458829558296513,0
0.6297251362149094,-1.445101063821129,1,0,-0.6481446213038198,5.110730240050939,0
-0.4079471700357656,-1.3295090385525785,1,1,-0.9288793348822365,1.8321078412538905,0
1.1277339394285526,0.9630096894092296,1,0,1.0582458522267546,18.66008052718152,1
-0.7144302752077577,-0.5320072681398615,1,0,0.9010719719429728,8.436383138266097,0
-0.7847445654938755,-1.1954681240948581,1,0,-1.2267731137388136,24.88265613770337,0
-0.5015597352749366,-0.17536458767044258,0,0,-1.0530736615475575,8.80963703261454,0
0.4743158136019784,-0.5098082565807089,0,1,-1.1423420760426923,7.821492855125983,0
1.3643829530344302,0.2863337429846243,0,1,-0.27885591896279965,5.84126214976836,0
0.10547261861521823,-1.4128850392942789,1,1,1.30394147993861,26.852947641063423,0
-0.6885088405343505,-0.7101100768203785,0,1,0.6359192230164696,11.04148853045613,0
-0.8378585691809877,-0.7250590380413477,1,1,-1.0299707646212026,16.122394189131732,1
0.0553956643379036,-0.10778430679799797,0,1,-1.069816634899941,7.77095820407158,0
-2.1221665634161515,-1.8133763218590593,0,1,-0.680101085061472,12.613780396749211,0
0.637088235070413,0.6036016153424857,0,0,0.6262136006884015,0.3035054287606326,0
-1.5463411877706632,-0.5988462661201408,0,0,1.5921811502770318,11.28137639324571,0
-0.9586989882589265,-0.5133284108331444,1,1,-1.0864942163942781,8.61573396252231,0
0.7004137479443443,-0.23714961315527155,1,0,-0.1510890035477768,9.92226842310875,1
-1.4485981922659854,-0.9448590347949519,0,1,0.24164873002689796,0.5193306224926224,0
1.111843174428926,1.6966165515363394,1,0,0.1209916434804222,7.441145479908989,0
-0.3192425512822627,0.30537108695338855,1,0,0.3339102708761717,19.057996695146976,0
1.3739255902342689,0.4290935957089492,0,0,2.5210409505384503,4.030008268928689,0
0.4425294426106868,-0.910733792598742,1,0,-0.946142659391594,0.28438269597070287,0
-0.9281942515764651,-0.22214161625674955,0,0,-1.726561710752714,45.13082369085792,0
0.7877391508282809,-0.2602717013963295,1,1,1.5854974831182915,6.086624061831986,0
-0.5156543907073706,-1.305010689749113,0,0,-0.12338680035250868,15.707325882639633,0
-2.8395830579599535,-1.3748279589103138,1,0,0.25772331155671835,40.84289856934782,0
-2.3810924462470866,-1.681771838134368,1,1,-0.853000925934534,13.452984204462028,0
0.7924414460717155,0.8987691415878907,1,0,-0.11294251841993098,5.714071483812966,0
-0.43809459343491086,0.012550006829654237,1,1,0.0749598190224114,0.1546701942266668,0
-0.7444420434453679,-0.6091497325241331,1,0,0.9600772146541506,13.103356569917667,0
0.05894676518669699,-0.43513544055109393,0,1,-1.0724342761011132,9.697779197449782,0
-1.403293717130479,-1.1781741398692858,0,0,0.21900622916846316,23.387773461241316,0
1.4085813406220073,0.9397854670774242,1,1,0.2008864025014696,0.2355214289428181,0
0.8296141241823923,1.1787071913422689,0,0,0.7826467571177432,7.1823513866674045,0
-0.16167303060516933,-0.5842299984202974,1,1,2.5228092662980357,19.122403123680066,0
-1.3363000003256016,-2.0670220190774997,0,1,-2.029430387687458,11.331113972385365,0
-1.4861705940076784,-1.3812618895700388,0,0,0.8249936429596265,33.155244716519526,1
-0.383026160827466,-1.2701894182901432,1,0,-1.6579439389372734,4.738039100863733,0
-2.899138735072163,-0.47433650273321826,0,0,-0.6255177199385453,35.312912928525996,0
-0.9990844902929946,-0.4148962046782615,0,1,-0.1981046801594362,0.9617476327161787,0
1.6629910094350022,1.6007980439174117,0,1,1.2050266893990522,10.781830215696393,0
-0.9222105376944575,-0.003945585298502252,0,0,1.1676880213981173,43.021839282960805,0
-1.3959226266527511,-0.15122266725442735,0,0,-1.3985808162005129,15.095748841563806,0
1.328522656838237,-0.487326226330007,0,0,1.1187266167879324,6.202203206986789,0
-1.0304777649485664,-1.7236141160401934,1,1,-0.9590662062436722,9.046763671814356,0
-1.3750950970834324,-0.9443551525015215,1,1,0.31183251674950696,0.9300819604689079,0
-2.2756818256216915,-0.8534967209163657,0,0,0.21354968092750592,60.13090538220284,0
1.796063781527,2.2215170141468805,0,1,-0.2040427159661823,7.460609772259817,0
0.41046543752029513,2.0472131457718636,0,0,1.0901961119392518,37.217177024342064,1
2.7262837067851735,1.6139554325686862,1,1,1.96990302268237,17.207600310856765,0
0.33793692653378776,0.10347570222892793,1,0,0.07383291290274928,12.553406882519164,0
-2.0631468839354477,-1.3042415939743752,0,0,1.9362711104982726,25.224817907478858,0
1.716876367910064,1.1097019305456124,1,1,1.7080573329294135,10.500113060291294,0
-1.4739470439207676,-1.4017852521652512,1,1,0.0949468405383976,16.128144650546652,0
0.8709975841550701,1.1560440203377271,1,1,-0.6365643112562106,13.774764263901963,0
0.21402178729838625,-0.7538930328763589,0,0,1.9254787021635331,30.416771117861703,0
-0.5657531719925044,0.4543947665171193,1,0,-0.5781133076775804,2.303741807815428,0
-0.1824653418424233,0.8040520919489427,0,1,-0.45729152171596105,6.843524848130105,0
0.5730262648994436,0.20691103239853553,0,1,2.214975839704333,11.00951464916459,0
-0.8006226845637012,0.556118905621561,1,1,1.6861972490282464,0.6259658330391911,0
-1.600786436358075,-1.5529668448543439,0,1,0.22355573765408904,4.927389560244845,1
-0.5578657120599747,-0.9723410396356509,1,0,0.29335625595310005,2.433198863140669,0
-0.7595582878880232,-0.6086047193256814,0,0,-0.927559574636986,16.623124673194656,0
-0.3810067717830885,-0.5626295969258505,0,1,-1.0378524400315128,20.80909643606968,0
0.8381298912068321,-0.7577980561536108,1,0,0.9017016768092595,8.722253617576172,0
-0.9975110597678815,-1.2447362549190735,0,0,-0.0444082720748809,8.664735471267145,0
-0.6029801892998964,0.014989480147447776,0,1,-1.079832584834558,14.234854066939938,0
-2.155148189897354,0.06962612749926933,1,0,-0.37235880087876655,21.555789289238703,0
-1.1146625191666535,-0.7350902641462638,1,0,-1.6870340820131673,11.92800665609043,0
1.411454297047101,0.6556586805987361,1,1,0.08889809333558608,2.9974025188984803,0
0.9983462588889067,-0.4511498167823046,0,0,0.2351830322557452,21.10153232978628,0
0.6917030866095353,-0.598224667701296,0,0,0.4577253507678708,20.245655552843633,0
0.6041833844464825,0.4620379720233827,1,0,-0.6102485553150824,46.364124824219374,0
1.2832980452680725,0.10421418410845751,1,0,2.014143181696354,2.3703021692821453,0
-0.397765623673465,0.11698891947187712,1,0,0.401116712574533,35.554125060800146,1
0.8381184705664805,0.019025639551603857,0,1,-0.3082513044721754,4.611513669194558,0
0.4564851213172139,-0.721506735526064,1,1,-0.6299826640528988,1.795587156428155,0
0.04197247426410156,1.193461974343723,1,1,0.16836453740612115,5.430476191510256,0
-1.043607327790753,0.4336546149834367,0,0,-1.1933860232895686,16.406561421698395,0
0.9046134969803236,0.8841743330134345,1,1,0.4334022020433169,17.39320048140068,0
-0.11099762945460645,-0.015466770897383894,0,1,0.3431724631700251,1.320421897550713,0
-0.8624547168319278,-0.2555339928175636,1,1,0.13840685641236328,22.615075292806026,0
-0.03059575485417512,-0.595662136238717,0,0,-1.6531427217481955,23.268383514600863,0
0.127000509250482,-0.4820415711114736,1,1,0.1940179692428348,12.821969779618279,0
0.2792877313299902,-1.028880999358015,0,0,-0.9835518239817134,34.38399441170462,0
-1.8856595733354724,-1.0564325694789396,1,0,0.005874220093783707,19.80559210198598,0
0.33070943835519107,-0.04890957975623805,1,0,0.5282343578260008,4.773864575968299,0
0.03314244770002077,1.4560977339936312,0,0,-1.5060977929968697,31.829353407348464,1
-1.4326011558647895,-0.6367048297783028,0,0,1.7704724849902729,19.358102862550833,0
-0.39267609008659093,1.582681821659915,1,1,0.9871293442911081,0.7013065736964476,0
0.4080622682311009,-1.0232322471718789,1,0,-1.4759564010102948,4.847416502339799,0
-0.21189373229014585,0.4732860995162144,1,0,1.3838418338261427,31.407717438841836,1
0.555454193907643,0.24373578992073996,0,0,-0.44794161813545524,9.619034489633057,0
-0.8039746107013072,-2.123641407144692,1,0,0.5164603345947724,6.5697812375306235,0
1.506159504862828,1.247619844925255,0,0,0.930336218112415,6.534167429226289,0
-1.6344478114098049,-1.946477171103979,0,0,-1.7641991418634106,70.1987669702981,1
0.7934525903995181,0.8146806192009488,0,0,0.1497568905365711,23.59604899739557,0
-0.7361842877099587,-1.3172716601899153,0,0,-0.9323825652593782,25.708241097622754,0
-0.8124255611572321,-0.9111031013567166,1,1,-0.8429576690749487,5.7451599790441,0
1.6382137253693356,1.609228491780594,1,1,0.17072276795183938,3.386929179064129,0
1.0137321546058253,0.0845397505455533,0,0,0.24487718967816857,2.811254565788321,0
-1.7771158710003685,-0.4569933575885333,0,1,-2.0474185038042445,19.41726145757788,0
-0.02755040769292736,0.47887232026366067,1,1,1.3853274220192646,3.8382961325189324,0
1.333397547527733,1.5611701808387373,1,0,-0.14408586908791468,6.998393515284207,0
-0.7039675230549186,-0.7943187606803443,0,0,-0.8900042274757788,27.182674742472024,0
0.4356956138523381,0.2783362495133851,1,0,-1.8848480508829724,2.682158541220798,0
-1.402509821881025,-1.0997179970818727,0,1,-1.3513927511870303,8.366934654499486,0
-0.9357165982779495,-1.677522871714609,1,1,0.976579780558241,3.0087084662559045,0
1.001539843616572,-0.574166308900746,1,0,0.15832268689351095,34.56629914267745,1
-0.47912543354875414,0.7561621931514535,0,0,-2.529286244464121,1.7444679100912528,0
0.2914425961091413,-0.6791346924856523,1,1,0.9238774436150058,1.6415236735333927,0
-1.2069086826152182,-0.6934789329886354,1,0,0.12034917823651148,4.340706174208455,0
-0.5159943772918829,-0.40071751186676746,1,0,-1.1343612957859475,3.2662127914142047,0
-0.316030934687166,0.5107860611652371,0,0,-0.15182024589651305,23.689352696926065,1
-0.7419336642804787,-2.1088723139060175,1,1,-1.0024651271069522,5.073333310082572,0
0.01623869256488902,0.20963997649316038,0,0,-2.3231027003760816,9.744158664151778,0
0.9127838358742458,-0.08074382416997877,1,1,-0.6069356625881394,3.1749886075803313,0
1.9588717577821406,2.2623259967493006,0,0,1.027639369051713,5.444440568839454,0
0.5243730951447165,-0.9350609369467381,0,0,-0.4314756827901977,32.664479596143416,0
0.8013100397393861,0.08742918619225848,0,0,2.69300219440395,8.539015412449801,0
0.6451194402039679,-1.3072775816979827,0,1,-1.9759600455973574,4.021189982653277,0
-0.9911664705420666,-1.132187898230813,1,0,-0.26486532885037095,0.8456970367937727,0
0.7620737452482667,0.628789751171168,0,0,0.07238743301632423,39.38229466230823,1
-0.33909654989596827,-1.0928525396737565,0,1,-0.2271310543109487,8.159482395961126,0
0.8356651814702784,-0.44344394567179807,1,1,1.1717856983549513,0.9832058002337125,0
-0.5764814276652588,0.9654955525910057,1,1,0.07628440076443492,13.750221103114573,1
-1.8882446683485243,-2.1211346821381847,1,1,0.9286131778075662,0.25707041062832386,0
0.0220021867454105,-0.8552130416436736,0,1,-2.1928115554723644,4.274694912748685,0
-0.32024725641917284,0.7649919232055076,1,1,0.09276812470130963,16.419251419739652,0
-2.290317741636307,-0.9363753443792542,0,0,0.4256874017598873,6.8920628941496025,0
0.03109002796181944,0.5207826546340062,0,0,0.03457650770564123,0.8219329883863667,0
1.6046920663175328,1.049103484018744,1,1,-0.35205230848912966,6.72780350651163,0
-0.20507832025910677,0.5971650606238803,1,1,0.8222475494222092,6.897088877555982,0
-0.6449575923977807,-0.5229475327174937,0,0,-0.3781588568023268,1.3159385686174179,0
1.9916500187822135,0.6792783571648214,1,0,1.680908340199203,1.4083773561081823,0
0.4451469466655079,-0.266669151998205,0,1,-0.7565038496774629,6.292462966920337,0
0.4144605524899117,-0.8125794041260797,1,0,1.399064412739613,23.844649595473356,0
0.3433935303745735,0.7969937867394414,1,0,0.02913811319938465,22.239103972126983,1
0.0730385244485936,-0.3816900047547056,1,1,-1.4678345745665646,6.911433040191752,0
-0.8880007002177929,-0.7625746700064275,1,0,-1.309527880867959,21.71325340317442,0
0.6363116757966623,-0.28615320311071346,1,0,2.730982841943915,22.114310972613012,1
0.5592192432588566,1.3034676692619933,0,1,-1.481266541127814,4.792172339437553,0
0.42423713071946506,-0.7378253168949652,0,0,0.1783072026854984,9.712256763860347,0
-0.09660190345516927,-0.2985912968466775,1,1,0.9239924744454477,14.059868498560498,0
-0.8595794429641691,-1.5361244986835707,1,1,-0.030922767576219853,5.329807101109792,0
-2.396759517563024,-1.08250912873525,0,0,-2.0637914901686623,5.06710613321496,1
0.5994901326295556,-0.0251618618208167,1,0,-0.5840197304729797,19.9844370727849,1
0.30059344392043513,1.1419097879910292,0,0,-0.8328725512250237,10.018419076167648,0
0.17042387824314403,0.14152325000233817,1,1,-0.5277725891500872,3.4983868521089954,0
-0.5947628530072008,0.14312582880610253,1,1,0.39259859456106705,8.88157065859416,0
0.8992311685714788,1.178980941130226,0,0,-0.0999802647495621,7.478440604020808,0
-1.5582550117559926,-0.7434897967003998,0,1,1.4072120897307006,3.373876350352241,0
-1.3946347350922668,-1.8248530873327216,1,0,-1.2967719331332748,3.737734117928658,0
-1.6603656520529935,-1.7013570847960604,0,0,-0.4249608683812166,6.821842899510231,0
0.23274048080705895,0.599433606297903,0,1,-0.3706089768098669,7.759563524278289,0
1.0069699844565665,-0.0788143798237777,1,1,-2.1181972239041786,20.11442947134406,0
-1.1702394874030866,-0.19904984792058394,0,0,-1.1269337212355874,4.793704675608902,1
-0.5747010826540595,-0.07933962512183618,0,0,0.41778727682137756,12.942913760957484,0
-0.8392553038745485,0.15250041207723464,0,0,0.7306482194779651,31.34032638466565,0
-0.11222508152899975,0.3475739747466987,1,1,-0.4287410555339991,3.5609696660593597,0
-0.6533982250441697,-0.2165688211178055,1,1,-0.783058642617535,2.177336092988367,0
1.0817874278039208,-0.22344249177059505,0,0,-0.6828657878137124,21.142035563020325,1
-1.452134432510678,-0.03174725241687271,0,1,-1.8740607060030106,3.9129162035252314,0
0.6393794176365544,0.5981033299576075,1,0,2.178509999346551,6.4551989729974215,0
-0.7971063070449902,1.0944124528635324,1,1,0.3087731318430874,5.120110189313005,0
2.1143340314624623,0.2781551466873943,0,1,-0.9484838122456165,8.714456810207315,0
-0.2665142302704686,-1.5417270382039572,1,1,0.4466413575730561,0.7048105354001611,0
0.33284479171946857,-0.6404555764121862,1,1,-0.9286375729071156,0.5217878722351357,0
-0.9179981756962942,1.4743970802933906,0,0,-0.5600954173514757,5.741173006883773,0
0.4959504934193911,0.6567275739885579,1,1,-0.12758711950404797,1.9621713196867758,0
1.2472265477539277,-0.09216474259042517,1,0,-0.7130364135636117,7.2148447225615415,0
1.0780189737107413,1.4422916065230544,1,1,-0.07563765445263776,22.494812886696053,0
0.44084284740146207,0.5259890564204821,1,0,-0.21570962311565087,52.36200036613824,1
-0.6362945620549816,-1.1942646056848094,1,1,-1.3471468393193446,13.876617390665352,0
-0.03508314102727212,0.78611574253575,0,1,-0.17451299983451862,20.406226101680588,0
1.937392013256122,0.41533344897508373,0,0,0.9805510894548554,12.991608705745131,0
-0.6822604910492469,0.5584642478106902,0,0,0.6593400422862812,49.9228354028376,0
-0.021072646632827013,-0.2993949947404669,1,1,0.21639062215959723,3.707402280481814,0
0.2666786951205298,0.3608759031838921,1,1,-1.2706862582411698,14.848011157787141,0
-0.624601937287874,-1.0003640160852707,0,0,0.7747760358092942,6.334699786771214,0
-0.0019014272618682927,-0.8116359084901139,1,0,1.0971691694439167,34.936595604655395,0
0.33638433933452344,0.8698391545119901,1,0,0.47063580842470965,57.65843614117232,1
1.7705315782772484,2.539770697496097,1,1,2.188203332018583,11.729426205292036,0
-1.5959478013935482,-0.23952108641203584,0,0,-2.932398523006413,5.484291807284293,0
-0.61286270159642,0.4671762902982603,0,0,-0.1588326468470857,0.6508257639837521,0
-0.20421555461878785,0.7380479567559607,0,0,0.6226707704661488,3.633395131963619,0
-0.8844233382337073,-0.11855519792827757,1,1,0.6607398206631033,12.185020784161312,0
0.256243987019146,-1.076514993560564,0,0,-0.613824025121135,4.038218133796711,0
0.2070262493331854,1.4414143147995024,0,1,2.396904550831451,7.770234745906149,0
0.3311771085700008,-1.532052450803815,1,1,0.5567083420648455,7.344755728884764,0
0.9530257562317955,0.818923645258977,0,0,-0.015391518957519829,1.8944068023493168,0
0.872589662238214,0.47090593519855634,1,1,0.13100358204820345,0.02898483057533465,0
0.14947015163456545,0.3494205934497813,0,0,0.5309221635461644,14.169243890965936,1
-0.02109138945455257,0.4956302342285126,0,1,-1.3940050195278417,10.190699496182383,0
-0.615474871446801,0.3834494910362959,1,1,-1.3460375041769936,2.780059741921539,0
-0.8478932416209731,-0.6614085210877798,1,0,-0.2503596657148703,4.532691265747529,0
0.8989232166664919,-0.16758584313584274,1,1,0.12464172688132309,2.665123401926326,0
0.06758179966089306,1.3512335289845654,1,1,1.6134563477453283,1.6797765826368856,0
-1.6327327009557333,0.32366056550126343,1,1,-0.14041330684431144,9.265640909329036,0
-0.02703464589743318,0.14585281630197272,1,0,0.19069430620652963,73.04060755388736,0
0.7719060986309965,2.0207470083975823,1,1,-0.20635468660972328,3.853239789760693,0
-0.24684920116373948,0.08156278826287766,1,1,0.4104795399263899,0.6610467354500495,0
-0.9968866648836484,0.0011113126729820344,1,1,0.611267701419218,12.762442866982601,0
1.8093187312246277,1.351114251112508,1,0,-0.3529151311473898,5.614369142397075,0
-1.258537526865339,-0.8813778182493126,0,0,-0.5604473435376217,14.22654474835508,0
0.46763941336796755,-0.5137045932131128,1,0,1.2100278365776775,19.47700882700311,0
1.476540093862359,0.9207223147286593,1,0,0.3431751987474134,30.280830337202403,0
1.2781331132760838,0.756388321938352,1,0,2.23392895200911,3.569329137767209,0
-0.828594465256061,0.24409234022092813,0,1,-0.38113115729406816,2.736064933181649,0
-0.3003530769029841,0.4765989090565057,0,1,-0.4690369922743735,4.403896592716048,0
-0.02835823632209665,0.8843903174484008,0,0,-0.6229545723381013,14.711109691182356,0
0.7270116366288569,-0.5069574438077298,1,0,-0.5062312249007092,1.0590629668494775,0
0.6525356946025522,0.5024715910005424,0,1,0.5956120765060704,8.295722290377594,0
1.8882347656835154,-0.5355480373576935,0,0,-0.3116431583339354,48.65749357162014,0
-0.682936061021471,-1.9138748424590317,1,1,0.9874588638076338,11.953592314889447,0
0.2609555513649549,-0.7321648753003674,1,1,0.6870899992114119,0.7560119646753056,0
0.27625766441166016,1.8121705937869792,0,0,0.4524682732035185,21.078062075282023,1
-0.5166570737246299,0.5406439541368351,0,1,0.8012968815550053,2.0465043126668476,0
1.9835505290378783,0.16851303782566396,1,1,-0.27802989639867326,2.8802694710155436,0
-0.9567739892992605,0.3577111425117426,1,1,1.7940346495671855,20.22237118015284,0
-1.5214526344723835,-1.3400169169831726,1,1,-0.8189635334450532,3.7859830115291766,0
0.8282188508931811,0.4058434706188369,1,1,0.913202892214822,2.141460522002808,0
-0.06786345774123763,0.7298953202501449,1,0,-1.2316913349376724,2.8899571689728822,0
0.0835436001531656,-0.8414445717095598,0,0,-0.5124203371135946,8.38154714606805,0
-1.0485168683292212,0.01912858053501476,0,1,0.6102489065150346,8.085535084525585,0
-0.14310279672360068,-0.4765387103782206,0,0,1.0679936521965798,12.512358043040026,0
-0.11825352877842939,-0.1735318132449951,0,0,-0.25092439529648347,1.7171669953594975,0
0.2083017189554953,-0.7821426012956828,1,0,-0.42051415305411516,4.593802787285745,0
1.115808938752517,0.7545032220315594,1,1,0.8180421836705685,1.6459122231667471,0
-0.17712597387047355,-0.32956019888850185,1,1,0.7016979097586278,6.15013598078424,0
0.6643096572730853,0.8416855076332337,1,0,1.8949662654895452,48.43863861879121,0
2.2288353395514777,0.3219699472971007,1,1,0.015516852317560828,0.6509727920678336,0
0.6811307058474889,1.325767841491759,0,1,0.23048921483584728,8.003149793127196,0
-0.4276173699456837,-0.7488617567560661,1,0,-0.6428700984443178,10.200814408978886,0
-2.367600224213599,-0.7199185011730689,0,1,1.9424323968666042,5.762253303994898,0
-0.6901276792599773,-0.5845712932622513,0,0,-0.579903709722997,13.22015275553631,0
0.34439285764221605,-0.07740435724366773,1,0,-0.22562397341168436,67.30060346689565,1
-0.3961315841978912,-1.0072161818819807,0,0,-1.260758047058283,1.0354703479279883,0
-0.8587561362114917,-0.7906528552507563,0,1,-0.5275784313748825,14.727295185190705,1
-0.2315280124170056,-0.6535564660799527,0,1,-0.17828481272929664,2.991332640406308,0
0.35121835505493215,-0.9324025233622565,0,1,1.4749333233947857,7.928651317274029,0
1.039312511281475,1.31063905893829,0,0,-0.2895203447300095,19.9746533907799,1
0.8620362967634557,-0.04557310549925492,1,0,-0.9964047062320426,2.2897408565188666,0
2.4596290884254284,2.4732512821920825,0,1,-0.7418319775107478,10.359215266315104,0
1.3458409590145444,0.44620301152322,1,1,-0.5112239102652666,5.147766731719848,0
0.8428726437067663,1.091016970454936,1,0,-0.25913723127315647,15.60036853118407,0
-0.5355917179762103,-0.04766102183278825,1,0,-0.7540653620664414,9.218844176475514,0
-1.7855934498864399,-0.9378541261366433,0,0,0.009522912391674132,79.79536045997092,0
1.2406584370454896,-0.6746980222826228,0,0,-0.23856880449928808,60.62376836570416,0
-1.6656661378482425,-1.479204040513096,0,0,-0.4019456688154931,13.135225845585316,0
-0.96212407178198,-0.2495361620112925,0,1,-0.3128672516100157,3.8610785011170146,0
1.5047896523582027,0.5537688519974335,1,1,0.23525188143768874,8.164012843251387,0
-0.32844888838542474,-2.3052875066506866,1,1,1.239374567069506,34.756740333841414,1
-0.7671042298998142,-0.7755307795381801,1,0,-0.9425548247261565,81.49545728744104,0
-0.16598462514421808,-0.9147191354621158,1,0,-0.7266359679002637,0.89328139587071,0
-1.0835820268514234,-1.9118377476826312,1,0,-0.8527538770748255,17.58978045053148,0
-0.4686315349812509,-0.1330783031272248,1,1,0.9275297965527732,5.231750673928789,0
-1.2890909135487487,-1.493888692938502,1,1,-0.49186840259469183,5.317682155437595,0
-0.993599025413637,0.3154002259071545,1,0,0.06193459388385232,20.773339876760378,1
0.7017398702288136,-1.1277675612142648,1,1,0.7388967619301455,32.513961999728394,0
-1.5472641460513403,-0.7266039875937864,0,0,1.0468837209419237,66.4224441954632,0
-1.9569935458537204,-1.8644325163364708,1,0,2.8114266914594452,19.225292380900694,1
-1.2805728702086465,0.04141396089953564,1,1,0.08710713131283931,3.2243214787243377,0
0.06970888002975098,0.09099561691804861,1,1,0.4135604835126887,6.089726150803634,0
-0.22563277830767312,0.3048145727413219,0,0,-0.09695115162591267,10.172507503319705,0
-0.23386592525830674,-1.1012496035300667,0,1,1.4050570880499555,8.905929536619016,0
1.0078935316000954,0.820851753433828,1,0,0.11867539844370384,18.95837788827216,0
-0.4522503666879648,-0.8310311041553868,1,1,-0.20736628699844503,0.8864689732448691,0
1.155592690829178,-0.14972342067016764,0,0,-1.1288004243106153,7.441945117161094,0
-0.7225224874543068,-0.35878978497853536,0,0,-1.0634774986793236,14.119956177252282,0
-0.9151255126107064,-0.26259522888346626,0,0,-0.25548224149722054,16.00628877291181,0
0.495333119832152,0.805738741748301,1,1,-0.8432747384298669,7.044868718824378,0
0.20527611260255008,-0.17326264182664758,0,1,-0.3816735753381787,3.2883445231273933,0
0.05554963351515588,0.8948331552976609,1,1,-0.20227800069528645,0.9121605172759618,0
0.5768954429000841,1.937992738487035,1,1,2.267032732507034,5.293041080799651,0
-0.12288755392638209,0.23593760806875003,0,0,-0.2364881706207544,0.8725527053903832,0
-0.22339646411449274,0.20003827650398764,0,1,-0.04718267911822936,12.513133217579366,0
-0.9766294081075059,-0.6541032049303056,1,1,-0.004580884038253618,0.6305784459893151,0
-0.6394030699380573,-1.0942022932052473,0,0,0.9386083316216179,0.27242036589993907,0
0.7737492804533833,-0.9082578700326014,1,1,-0.943033954639087,6.403304336331279,0
0.5769915362205403,-0.6755530080861745,1,1,-0.3930157147306768,24.65645297900098,0
0.8599876165184892,1.019340733479976,0,1,0.9897544529728352,18.473069199789304,0
0.7192217284005653,-0.45143415877778037,0,0,0.3492962755230389,12.099227309161241,0
0.46675870900846955,1.0330189215618075,1,1,-0.8079994981148946,26.625794204129498,1
-1.595540674064414,-0.7644572882071966,1,1,1.182766668988017,9.711921689110715,0
1.215371252733862,1.3963225926307374,1,1,0.5830439124761894,28.390627383320762,0
-0.6882732532852491,0.02166027525162284,1,1,-2.3310786155140923,4.057441644814731,1
0.5928969406480276,1.1291233440257291,0,0,-0.13268416062823474,2.8272455782380503,0
-0.9331366300566948,-1.2277176110677255,1,1,-0.4230791713057306,0.36653883238284835,0
-0.0028055468908686713,-0.3018298404466532,1,0,-0.6200994354273264,8.388267242247858,0
-3.2742947527921475,-2.604252394648845,1,1,-0.23552361513942768,10.012542000751672,0
0.8504010076983181,0.5957567027064816,1,0,0.11976523217915053,9.692515723394184,0
-1.4694041447946193,0.5243145576397847,0,1,1.14508801587298,18.37492378849894,0
-0.18731455145277173,0.12360402158801527,0,0,-0.10687435438723362,27.383728142798557,1
1.8336005499430568,2.2783789928310383,1,1,0.013914059007656639,4.740188985019785,0
-0.901349151988829,-1.5051648041972037,1,0,0.13461223466945504,31.166987732131695,0
-0.6635961176371645,0.729993539897128,0,0,0.31214902680087836,5.4987145513435625,0
0.19159330166472713,-0.5592128595603307,0,1,0.6325360662720912,6.896840233623622,0
0.94535132360049,0.8148634320171009,0,1,0.2802916166588226,0.09895058797404295,0
0.23646618477305806,0.9466608919961083,1,0,1.3807871451471252,28.13671069104792,0
0.020772054974913995,-0.1190409322593093,0,1,-0.852265144177358,1.2160257231898022,0
-0.0010471336197818307,2.0682242465166474,1,0,-0.4296668520716679,1.0970082993418806,0
0.060132941054418236,-0.32011000848098436,1,0,-0.05694919127852557,9.223618432165258,1
-0.211608601246304,0.11748010431516485,0,0,1.2957560667959818,53.51123564765995,0
-2.0016708577152142,-0.9360296365938833,1,0,-0.6779876643000262,2.948537832557899,0
1.1612165187080405,0.578661528767817,0,0,-2.4238979829248595,32.50736036375727,0
1.2290541838643905,-0.10524922841138251,1,0,-1.9181770090391306,4.663724735470569,0
1.1290148051380804,1.5497928929377913,0,1,0.694934732228599,9.037027021402078,0
0.25934088794934507,1.0356295803325795,0,0,-1.1351407465908938,1.8689733343989163,0
-0.3879350376777414,-0.1717752772891875,0,1,0.5956791297217551,8.094198977285226,0
0.4132814274442545,-0.26364434483398413,1,1,0.04604075337100465,8.623691880379566,1
-0.592523302156792,-0.6662872847919648,0,1,1.3711774810313224,1.141588419012354,0
-0.8349767391574827,-0.47518827799305635,0,0,-0.014621218410552817,33.59177117610827,0
0.44789631757051185,1.5133501565730387,0,1,-0.4316664659279675,4.005824734433687,0
0.2187766160400062,0.5411643063169103,1,1,-1.1390901774218583,7.516351591778666,0
-0.054226457989412294,0.07916157512450084,1,0,-0.6661599203386305,4.606588678890013,0
-0.18982306477829572,-1.4866772047374515,0,1,1.36780501363836,3.6342429502927303,0
-0.17494714722827392,0.019741621939945372,0,0,0.6877356373976318,45.778737075457165,0
-1.2848223391817892,-2.0046696083111804,1,1,-0.11926287179380685,10.232147671942489,0
0.33530141039080597,-0.8611713261455383,0,0,0.5108664157756342,33.14672335424356,1
-1.0644898255279776,-1.260473790076321,1,1,-0.7876466614037807,3.0211678038863097,0
1.296650419236693,0.37045655702954233,0,0,-0.3417631537381119,62.13812265570437,0
1.0123782232415854,-0.24354860970094883,0,0,1.4886752250328135,13.021294726303227,0
-0.8391556166879601,-1.6059324846949323,0,0,1.248645305570676,20.814237661731227,0
-3.134066065791012,-2.3078203519323606,1,1,0.2560439403895056,9.829630141376237,0
1.7092421485536193,1.1483519146169892,1,0,-1.2274463566695637,3.523946691244336,0
0.8127362493880335,1.2681848187976383,1,0,-0.32487963020737287,4.309236035247468,0
-1.0240340415929592,-0.3900930173625476,0,0,-0.9790241678332184,49.791962374367635,0
-1.2857379452430955,-0.13168968816474247,0,0,-0.5845604809494953,8.051358176461756,0
0.803973919173855,-0.43089700112551227,0,0,1.2792286392478938,49.68193011172284,0
-0.23069274386528457,-0.46438857992790106,1,0,0.6900978354960684,3.9432106078062246,0
-0.5474282234615805,-0.7487128559190883,1,1,0.20682232496060468,2.6811374724340564,0
1.0552348255048256,1.9700133809815479,1,1,-1.5425165179915685,57.11640406666025,0
-1.1209000579225668,-1.0597260508857858,0,1,0.10060873481001327,32.820563004125354,0
-0.05832491072182238,-0.45955162568832986,0,0,0.672459677607957,3.343055432003712,0
0.5714431318151078,-0.8915900594284107,0,0,-0.36464452100786987,25.022153392426052,0
-0.539664451069126,0.42978431939202444,1,1,-1.3916145520564982,8.324292833319248,0
0.2579095543509601,0.48541654409460766,1,0,0.5486226869532688,25.941183100341586,0
-0.0931862174193927,-1.133328089978182,1,1,3.3072699138232378,0.18875428691621074,0
-0.972027442382241,-0.17014384153588313,1,0,0.6396286690265891,19.39772336548633,1
0.5825182414455861,-1.6425668475489836,1,1,-0.9138451437499624,4.180269106618853,0
1.0926314756670477,0.17905353371611,1,1,1.178644543351991,10.888697063020603,0
-2.241634674868408,-2.2439113914856605,0,0,-0.4880313017154396,100,0
-0.12239064700630703,-1.4178685354933798,0,1,-0.33665910622708844,5.352438856753906,0
-1.8847395518472365,-0.8629370050442511,0,0,-0.4726421547783892,0.6036128994879375,0
-1.0459345862161549,-0.15951338401735154,0,0,2.6782592425673046,50.82412361479132,0
-1.2070682069557324,0.16072051749391014,1,0,-0.7267495794948565,5.579916467516966,0
0.9187924691898272,0.06694012197169524,0,0,-0.6936511996071298,30.792100452087812,0
-1.2283294852552595,-0.2091026709219066,1,1,0.2890754411028934,3.840395850139774,0
-1.1358962154796683,-1.3857675085664716,0,0,0.029780062253200026,13.794572036276978,0
-0.3423451280076389,0.6756249999517571,1,1,1.0804867698194205,0.7818539105372153,0
-0.031535137778848345,0.8082025757682149,0,0,-0.44535680906872127,32.17155479964103,1
-0.4042972168678962,-0.9216030454210522,0,0,0.12560381384989983,7.762401994955331,0
-1.879186788385328,-0.9318294609949864,0,1,-0.10062767504788371,12.376016280002903,0
1.3076223602545702,0.3205454629312566,1,1,0.6941469564495262,18.66940655634705,0
-0.42108029447976714,0.9878212938243762,0,1,1.9308316209763843,29.079126057698343,0
-1.579263042022514,-0.5894082100480383,1,0,-0.027508010783282306,8.468607819738269,0
-1.0933600865561743,-1.459184060403667,1,1,0.86119213392557,0.748123435039598,0
-0.7226137803515871,-0.8642748455957334,0,1,-0.07982369527445476,3.1018200727496654,0
0.25078002694921425,0.08809258999906089,1,1,-0.5415868497996653,4.861067781928105,0
-0.2729866445021885,-0.02439744040504463,0,0,0.041478391204074115,16.96369725820152,0
-0.22129971463611997,0.05599137420367045,0,0,0.1403688066767453,20.711815678553926,0
1.400082834450343,0.8353723977809172,0,1,0.590787465064818,9.104894670441125,0
2.0276978959808276,-0.3470382351844943,0,0,-1.5538394904527348,4.650084915149283,0
-0.7530249526969526,0.12102861108801483,1,1,-1.162031743678715,22.784287639720887,0
-0.9368144135821465,-0.8824493829601965,0,1,0.5371909839363589,19.132604147002926,0
0.31587603515049933,-0.4166900918720023,1,0,-0.45090024627994596,12.70951348080034,1
-0.8063588218474821,-2.1927076925066595,0,1,-0.2921676703850215,4.06250226275958,0
0.845365917386162,1.015303075480102,1,0,0.18334075603622232,8.74747503114985,0
0.43690975735117915,1.0509319538698032,1,1,-0.14957398704870706,17.02132945560159,0
0.04608952014417844,0.00813021115406299,0,1,-1.4069541718918397,26.937574720735633,0
2.0417116553994177,0.5022616926692277,1,1,0.5116800775974496,0.3910104219870665,0
1.9662096108937699,1.826474511495955,1,0,-0.614102204541278,8.736040230422653,0
0.46300950696242005,-0.6318368785228077,1,0,1.0664983560233685,27.255580963714262,0
-0.1466946087724426,-0.04234807122463799,0,0,1.9565166127892248,1.9821245241389727,0
-2.838627558926721,-0.38091956058573717,1,0,0.5436033211211723,9.622816860064376,0
0.5896866892724593,0.4463383332325003,1,1,-0.5618376206850298,8.950726755424997,0
-0.8796574765534098,-1.2502110694619804,0,0,2.099268358562242,2.4576929000769057,0
-1.1306237699506845,-0.24083205849188427,1,0,-0.15338137237793498,23.965430763807696,1
2.56936235157398,2.4620115775755265,1,0,-1.8060877776736513,24.701916003230775,0
0.6505925200173397,-1.2447949132091054,0,0,1.9694727099876637,2.1336937835822543,0
-0.08633375935041969,-0.577882607556169,0,0,-1.284652769299733,45.55437483724478,1
0.21374516863935622,-0.41131046657122433,0,0,-0.6995674958190069,17.179427414978157,0
1.0805596132133009,-0.14798131410296722,1,1,0.44735377283034433,0.8776257308430648,0
0.5522923259385597,-0.1163643609356444,1,1,0.5864641313107116,16.249763638226,0
1.9184264520194498,0.9361070296592728,0,1,-0.6389919967653389,3.832673665325773,0
0.33129912378703635,0.14234368002814482,1,1,-0.30912350282761764,10.303339926348686,0
-1.2305145927675498,-1.6125729565595583,0,1,-0.8042600040455086,1.1312761949971497,0
0.09668959783402012,0.42829526678540897,0,0,-0.2363928139626383,20.95967094636331,0
0.3726578569544898,0.4771613932226846,1,1,-1.3060603224138125,14.077013321758859,0
0.8988222485834196,0.7963534339125315,0,0,-0.012105779726569323,11.45316771730881,0
-0.798521142137942,0.21970225636594626,1,1,0.9078875183678206,4.619899938705484,0
0.8096991089691322,1.3947124711126655,0,0,-0.04243296713491483,6.602423461038789,0
2.723598988025123,1.4251287813192606,1,1,0.6179336593429616,20.068646392516055,0
-1.4629012831903447,-2.1860047832072316,1,1,0.1376101837879133,6.693421683255905,0
0.5938866247057731,-0.4419563370593414,0,0,-0.7946286230025987,17.596925431837196,0
-0.5997573412057776,-0.07454576754658665,0,1,-0.42182312395449756,4.166188680548879,1
-0.28204533390738457,0.055043863056688874,1,1,-0.4474347428210016,2.0859844555631817,0
-1.1017585745335672,-0.07915149285096335,1,0,0.5040155242146245,18.618192122742812,0
0.5468237406557872,0.25584909223341323,1,0,-0.04256420196404672,27.176697990835056,0
-1.4584967360312848,-0.642443739601984,1,0,1.096980780294807,13.630740068721408,0
-0.38152114217008243,0.6482183467011225,1,1,-0.287757193789344,12.08593413164327,0
-1.689113346348887,-1.5717700409559066,0,1,-0.5539088133240756,30.097447105939942,0
-0.07840258989608719,0.6280667096678585,1,1,-0.8094212559988282,16.19908713415184,0
0.22572265505799124,-0.39410593333488514,1,0,-1.438097977223236,35.71779118599059,0
-1.6672408228603073,-1.7502221591633598,1,1,2.179980374132225,7.682645989654786,0
-1.1299314975595003,-2.1231117928858274,1,1,-1.0361219353853754,18.693536296653726,0
-0.10108958000059175,1.1696012483161262,1,1,-2.174436504037489,1.067172349108243,0
1.6112918074972156,0.5695313643457384,0,1,-0.3048322103877178,5.6075095315532995,0
0.42366358854165664,0.524237558492146,0,1,0.7940767465131285,2.383590798864928,0
-0.18331612782019494,-0.42942921808654433,1,0,-1.2572918508603872,14.956470397808628,0
-0.27951041635780927,0.23089790561279888,1,0,-0.936293805127396,13.910832171130973,0
0.08759297182401085,0.19759199005165012,1,1,-0.47985117841114594,4.852367072248053,0
-0.530273051301374,0.2820453397379633,0,1,0.5968005890900695,4.971063992736302,0
-1.0941544447868183,-1.5333800092145733,1,0,0.22564787231740818,22.38166598805513,0
0.06331267470617398,0.6742573093088545,0,0,0.21051603514511436,29.303770204338534,0
-0.5484776316173696,0.18302681605979398,0,0,-0.9956541965091267,12.438528164220202,1
-1.1662975471774135,-1.0921042021380831,0,0,-0.3775540393294821,7.7580753458451035,0
-1.2344087962980335,-1.1553857361339872,0,0,-0.12878189435429954,16.516386608135186,0
1.4801110311835464,0.04294070099294656,1,1,-0.2820658382084303,3.1800512938318315,0
1.2774221078309953,1.1414339418861839,1,1,0.449012715647511,8.499653159277582,0
0.3654892243447731,0.48404210618647525,1,1,-0.2294162969019879,0.7125686220926727,0
-0.5707028012544788,-0.12341979953423876,0,1,0.49780371334232754,5.565670063106973,0
0.06182694710361508,0.23378041545960493,0,0,0.5537696678404342,5.4028672645649305,0
-2.135569453386498,-1.4979088293210459,0,0,0.9459387075681092,25.753823070103493,0
0.20120610589835344,0.31097348091068416,0,1,1.0858609357609499,2.518133276528001,0
-0.4457065997781352,-0.5043426793379617,1,1,0.38507076522155165,2.7975135310843853,0
0.45759670666268454,0.9483812186863116,0,1,2.0687131549179094,2.625551217667463,0
-0.2699221332510093,-0.4121931326249494,0,1,-1.7426137222255333,11.731193575945106,1
-0.9139781362764269,-0.8252568899806376,0,0,-1.5678320277478326,3.0072517163598107,0
-1.5099718457051328,-0.9762610073894655,1,1,0.662661687003641,12.907933433704493,0
2.1870502281219055,1.7100547652139395,0,0,-1.0627337793840341,10.771826514110977,0
-1.6917171290312643,-0.6988262996781442,1,1,0.035445486404143446,1.566405845429833,0
1.8185936748280858,1.0809735618830887,1,0,-2.2508701477963204,0.134040595534022,0
-0.3500169681400082,-1.7576082184246116,1,1,0.5113398745203753,3.2188469247484073,0
0.8083586727436859,-0.405001101995388,0,1,1.355229741138202,19.186871617496585,0
0.09013621202004377,-0.1344301446553735,0,1,1.155786976342667,6.476022950855588,0
-0.6955312538034919,0.31565940951852955,1,0,0.2585247816049952,1.279626374553101,0
-0.3775420938583867,0.554580756150172,1,1,0.1087138231628661,1.8934656522495907,0
0.01591140294786267,-0.32424079886293367,1,0,-0.3691840482410776,12.398763174508858,0
-0.9122211288407278,0.1167125602960527,0,0,-0.8527406630451759,1.8765410828196798,0
-0.18695172609705785,-2.006184962089621,1,0,0.3014740045401389,35.729283044239786,0
1.674930686509957,1.4416440997495648,1,1,0.7343149956890767,3.52966230862383,0
-2.365703318976279,-1.9181080644255044,1,0,0.1312228085548024,2.934948092839811,0
1.0037251977429675,-1.1561397141052077,1,1,-0.5275116382566482,6.9170958107553195,0
-0.23280048234833103,-0.3147182192840524,0,1,-0.06612402045969155,4.877563149771997,0
-1.4419629202323174,-1.4985432817736655,0,1,-0.5348450058763974,9.576526392987997,0
-1.9949302223813614,-1.8918199167987484,0,0,-1.9517107933301614,6.486758013079111,0
-0.561369600371958,0.8278580505549893,0,0,1.3393197473653964,28.35382149197332,0
0.7678975827515736,1.3185926968336652,0,1,-1.4040607758428065,7.452082404205002,0
-0.9927836976423348,-0.7740824329169063,0,0,-0.2183478394377418,9.801865339089419,0
0.5248415600482836,-1.1156766629240682,0,1,0.03939863038457187,0.5014300182775359,0
-1.3741107712436416,-0.1315724630425753,1,0,-1.9517189786152216,10.257488975728982,0
-0.8871792628204944,-1.641206999210939,1,0,-0.21222779176689643,37.53044762806201,0
1.0344530957734799,0.06614388733968857,0,0,1.9582194275840892,19.789854950893968,0
-0.0867925344629188,-0.5478147905236833,1,0,-1.0256298744873305,12.752048863548808,0
-0.42360054554305404,-0.4529792755648496,0,1,1.3178508965280453,8.990662547472722,0
-2.6634883220939134,-0.8283329589486268,1,1,1.620073782688923,3.1338302520272667,0
2.362706755209155,1.1957412196421455,1,1,0.33362849261602534,2.381063926590898,0
-0.0765073538200617,-0.36536674098273525,0,1,-0.1865847417444088,5.714412439908921,0
-0.5837892553322628,-0.4281326427841599,0,0,0.4427616180875927,40.751972411474284,0
-0.7857157997993797,-0.5925323891495862,0,1,-0.7600260558057212,15.056924868589828,0
-2.146785056415698,-0.9264022734253881,1,0,-2.513211222360091,15.942634743086288,0
0.8845367394745766,0.007589694964518168,0,1,-0.49606210651054516,9.561763684992536,0
-0.12034328339226473,-0.1316638180998423,1,1,0.0531287068980293,8.777431085736367,0
-0.39633519309843324,1.499673365411707,1,0,-0.2547525077278326,2.938721056899383,0
0.29785349157494356,-0.6481327584282649,1,0,0.303480220697644,78.48463537805078,0
-0.9383703024302296,-1.4032748590135231,0,0,0.828255769682236,34.63872014257772,0
-1.941695426636235,-0.9560736991587395,1,0,0.22112666700546596,22.53077697732026,0
-0.09920029080966464,0.10834093731896455,1,1,0.7245610431388396,30.34807898845548,0
-0.15235397515064072,-1.4339694923882977,0,0,1.4473470522618896,32.46082253356661,1
0.27856702974631004,0.5608036780339327,0,1,-0.8747991745581241,26.429307239459654,0
0.042687168212962985,0.21445409710302235,0,1,-0.8581730316723583,4.868946029519994,0
-0.7536474990827229,-1.4880480125265376,0,0,-0.30973918667645955,2.276789395564291,0
-0.2931586223174508,-0.7421229784362915,0,0,-0.2879027439946454,6.354120758131749,0
-0.7967974413047092,1.1822925882277375,0,0,-0.4062685220063691,13.89889087398245,0
-1.4666905138959474,-1.03893233923704,0,1,0.7315669114701413,13.755902713323229,0
0.6500458952415028,0.5859052043866868,1,0,-0.13113388909538728,1.3391304968391793,0
-0.06445869730238099,0.28757332915884637,0,0,-0.6324531954996138,6.2446386009859625,0
0.26589088664634786,0.7502528054682113,0,0,-0.21834533791184593,15.420226859705224,0
-0.08215550071388814,-0.23472907197101606,1,0,0.44570096173363605,16.702394212026753,0
0.5805694631004634,-0.2571198764321254,0,1,-1.0774995489505639,0.851095982600428,0
0.7044935684488923,1.4952098206470286,0,1,0.1301992403436382,3.287982096354881,0
0.2383882177281889,0.047119432999866914,0,1,0.02479067589467161,5.6007865025354056,0
-0.41575622493350944,-0.19749619040113706,0,1,1.6121978809856514,4.241721231063998,0
1.4702583848611732,1.2804611072732464,1,1,0.1513419922512469,5.25363066793454,0
0.22706685634473675,0.6139371514225946,0,1,1.1760177912373677,1.1589582999942387,0
0.7237563732626644,0.469655098329394,0,0,-0.5603970987111141,37.701767919642826,0
0.5847035709234731,-0.6680635295929347,0,1,-2.11914281437768,6.870619035499234,0
-0.7276052307793014,-0.9755389562377845,0,1,-1.281386581913442,19.71461068361096,0
-0.5829227687880423,-1.0189461991424018,1,0,-1.0135677296699663,32.688300965339835,0
1.6453650778800601,0.48919416035595603,0,0,0.20147748272452473,18.946055253653928,0
-0.28131148002777223,0.5389138513403982,1,1,0.49508407938208215,2.134213962285557,0
-0.5307214725670174,-1.5921092447506469,0,1,-0.072511747561136,5.8502550087608745,0
1.2332827461941942,-0.4478351727091102,0,0,0.19357599667425887,49.504402990422975,1
-1.5483043689723062,0.15457842608055306,0,0,-0.6792522098705077,48.453421285255,0
-0.9031394907812583,-0.5418069047162177,0,1,1.9894685501646134,1.7103437831811348,0
-0.7514279098860461,-1.282888429440964,1,1,0.1685033940271511,8.752132731548587,0
1.3447730170608767,0.1518982632642314,1,0,-2.046806058921713,12.415757390939293,0
-1.8314242425733813,-1.5009430718102617,0,0,-0.2442874900842966,3.3935867357692233,0
-1.0335043446845884,-0.772388314108529,0,0,1.0753168688249777,38.8584745056226,0
0.7734747089972422,0.021553481443442934,0,0,-0.9029809076320884,0.7606049318354291,0
1.5490847640704835,0.41068487242541785,1,1,-0.15960041317693874,3.0383276189465085,0
0.7476381843542487,1.2737433672824021,0,0,0.7860602162984821,18.709386102998735,0
0.7066971830351217,-0.2903970715049177,0,0,0.806615614559429,21.319907136645845,0
-1.7543107648538374,-1.2088847418040505,0,0,-1.7759717247098072,9.290455295491341,0
-0.35055455583136264,0.708405503693148,0,0,0.8841508565828395,0.5038814718226936,0
2.530773178840851,1.3492905884379367,0,1,0.4166968842518359,4.262702535253421,0
0.7354141447696236,-0.28839727663329706,1,0,0.855396618250283,1.965357227183504,0
-2.1574229286195106,-1.6639795328076588,0,0,1.3155734761584663,33.04727396072789,0
0.7537359360460074,0.6498363322822442,0,1,-0.9269749022944073,5.409474307309983,0
0.09260761671328503,-0.6012184080779306,1,0,0.251474014037119,6.957345414312793,0
0.3098211763743652,-1.0423371020886563,1,0,-1.509684258998576,10.126479134344269,0
-0.42816784716169815,-2.0998278643785016,1,0,-0.5494837017368347,6.338504354767797,0
-0.2929442984430601,-0.7010574074731226,1,1,-0.6616730376524372,4.505238954290564,1
-0.5605925030268462,0.5642273158353903,1,1,-0.3985349182968892,3.3100464309494884,0
0.34877918009066106,0.16332307848067382,1,0,0.5632529705507091,1.9125741763355693,0
-0.1499127441856352,-0.36038334268875466,0,0,0.03901466584568478,2.293477053543338,0
-0.7291479072320172,-0.45442988491225267,1,1,-1.518878655049039,1.1621343703983085,0
-0.7541942789713582,-0.2936826909905294,0,0,-0.9732197758630798,2.8148269947979316,0
0.7414320763994674,0.37687558761548073,1,0,-0.15360518001204115,1.4499024425315419,0
-0.5424589753609725,-0.8356444340947031,1,0,-1.4821224759915523,7.5126488815229555,1
-1.0549925498732293,-2.1036423778409605,0,1,-1.084099483209421,21.38620933471758,0
0.570878801092085,-0.35048260449630814,0,0,0.9443033419753462,29.444390636056752,0
-0.27438210439009375,-0.31138587109752547,0,1,-0.26377689452740216,8.804144474730403,0
-2.6331629227679327,-0.4092152685524387,1,0,1.3369406369422148,3.9220182860292114,0
0.29599629624801355,0.46460182141014994,1,1,0.4549926035282665,15.441035115869072,0
-1.8942341578840807,0.21513726940140432,1,0,1.3036749168887172,5.124166316736607,0
-0.23012129142230847,0.08556763213177998,1,1,-0.40829475305344193,5.053523923677797,0
0.49947827446233223,-0.24411195133712613,1,0,-0.7630945035630446,8.19750147276507,0
-1.0812697567600162,-0.9985889984042209,1,0,0.31590016253723374,48.46251794021309,1
-0.026198306302634932,-0.5178068984132586,0,1,-0.7085382145076683,2.6346103098871287,0
-0.2159048090075863,0.07320195694328485,0,0,2.3378115533697783,34.7016021747561,1
-1.4790472389918823,-0.7464678847005126,1,0,-1.2967491478036688,45.877003439605566,0
1.0672477677064303,0.8197615477170958,0,0,-1.058556650702812,16.084504914257813,0
0.17576459007268966,1.1576159888492803,0,1,0.5872948228496417,3.4919948000927064,0
0.4356247628294077,-0.359998333867402,0,0,-0.5164566474715332,7.744258239591401,0
-0.0388303230819883,1.0339740977353349,0,1,0.20275121131135565,4.404502330377895,0
-0.5843816437731357,-0.1835445021860598,0,1,1.7691249768631412,12.380108631850298,0
-0.9121155327402904,-0.7957495957236509,1,1,-0.41768667229808454,0.954080140207055,0
0.40373218186349846,0.07188011739014902,1,0,1.2617949369824202,12.784778392594486,0
-0.6395340814055592,-0.44321446443114576,0,0,1.0731349588451453,7.894374609172543,0
-0.11705208453778831,-1.7650508342574374,0,1,1.2110210774772512,21.03204948565281,0
1.448245329469965,0.4032846340285686,0,0,0.6884812456676817,6.300541409426702,0
-0.2665334399513174,-0.20347694453996418,0,1,1.06805696403158,5.028745040045694,0
1.3803387417524733,1.1026997029412673,0,0,-0.4268035713792064,6.126216372260883,0
1.6327638757793579,-0.8559773214573122,0,0,1.3527490596899152,4.921333035321136,0
1.0586290588726548,0.9790308930684882,0,0,0.5056641615323142,3.047255081351533,0
-0.6966493492563577,0.2802769711346378,0,0,0.18854678021178461,3.9482739179092543,0
0.6688024180738412,0.900449561403924,0,1,-0.21451847933139911,2.5938170958244053,0
-0.38277783800128656,-2.138051554105536,0,1,-1.1842671483975575,15.949892730352683,0
0.13486572595061833,0.5563997303320958,1,1,-0.33373090491877255,9.475466307960826,1
-0.950576244538422,-0.5475557554610402,1,1,0.10812488662110031,5.822812374347871,0
1.363089529572081,0.3756960356048197,1,0,-1.2640026450086776,9.298466606932918,0
1.1576004797670008,0.24689037350763587,0,1,-1.155643721881407,3.028393483933142,0
0.20474057267032064,0.02192187589327811,1,1,-1.9559755598025812,6.12893485996839,0
-0.6305856696829378,-0.05926580601479886,0,0,-0.7108205948148385,19.537059793101253,0
-0.9752480647162366,-0.8302397930259269,1,0,0.7836402135208524,37.92958481232785,0
1.4083546051422713,1.5756379149934012,1,0,0.1847915476715479,13.665102404323786,1
-0.391457654483147,0.15277479058145663,1,1,0.2835482984776508,4.172891251863668,0
-1.065994349062326,-0.28190852725303084,1,1,0.012527712395797901,3.846822098815934,0
-1.513586630788798,-1.3803824493894865,1,1,-0.0017602501701011516,2.0107531098822444,0
1.0552137278113594,-0.29785138919102416,1,0,0.1990224606580206,10.589637107060067,0
-1.2503302032140018,-0.5705126258897273,1,1,0.41006735231901115,5.719974266201652,0
-0.17187717014479556,-0.5280012158816066,1,0,0.14345761920991343,3.4972953203825408,0
-0.8479444017585284,-1.1915109145203788,1,1,-0.5505085088869417,9.117721757230726,0
0.9327663218121025,0.5700312484123448,1,1,-0.28849356009928434,34.40728218462598,0
0.8644811826497106,1.7827478820043583,1,0,0.9715644537029934,4.372793545512107,0
-2.1616773232075372,-1.7286399283214262,1,1,1.114047513005093,0.8922768713897513,0
0.28783048802077094,0.06367107538852501,0,0,-0.5048859536293724,21.789847711645244,0
0.856949895066205,1.1542694292919962,1,1,-1.3780259006589595,13.33596780959199,0
0.24994553739769076,-1.2177573340162517,0,0,1.9289292844719395,0.8944169915087496,0
0.39040066585794486,-0.09215435338515687,0,1,0.7201327575531592,1.8839402885302872,0
-1.6551186692075812,-0.03752302205418845,1,1,0.38994394032496893,14.803889217576819,0
-0.30798171569608507,-0.6780000463142294,0,0,-1.0848537128621454,6.419446752493795,0
1.041142827565904,-0.228942002988477,1,1,1.8252584127696387,21.06401090923554,0
0.8722411294186784,0.34285679567388505,1,1,-0.7571465557620976,1.6853501474793275,0
-2.781747073902176,-0.4507360261448302,1,1,-0.39422528418460995,24.84872365474081,1
0.6108402274199151,-0.4803762621196071,1,0,-0.749021462089195,12.31590077183771,0
0.3655762173433299,-0.057042826497206045,1,1,0.280218262273884,11.801229163894394,0
-1.6333644101583538,0.07040061730394076,1,1,-0.19454626197538658,13.21358097667777,0
0.7843805537220733,1.1447036585546577,1,1,1.5739864318996304,13.49394492734982,0
0.35125005814056104,-0.7974541714421556,1,1,-0.05447463534509032,15.113026645458428,0
-0.07373067369247122,0.16649874799423314,0,0,0.2577930460840588,9.779957184816471,0
0.5920543400686538,0.8440870474831375,1,1,1.1678553198085073,2.7883958231427424,0
1.7006782655600323,1.6693976741339362,0,0,-0.28837516010180386,11.908782469889555,0
-0.21412678937394403,0.10583079828236208,1,0,0.33762071549009065,12.621284692315598,0
1.334417538879442,0.07506923345525351,0,1,-1.772831090071429,8.44313204456342,1
1.3390578653179683,2.144508237331623,1,0,0.2988685659800095,9.521453346167693,0
-0.7988566237227631,-0.12324715561783522,0,0,-0.8221888902500498,0.49577338650596126,0
-1.5917256492194047,-0.6723755630837454,0,0,-0.5449961144358225,30.2206144662096,0
-0.3148697641180601,-0.06746904994317401,1,1,-0.3433714202585227,17.445301714228158,0
1.5709495410336067,1.5575773523066352,1,0,-0.3218213222154612,11.77190197729731,0
-1.208176381178574,-1.6307729556447625,0,1,-0.2589754018809597,0.018357230397703875,0
0.7232583661945946,0.8282696534049212,0,0,-1.4365751963656035,33.25538635712561,0
0.7535935319275687,1.2161859571692957,0,0,1.430352601434491,10.163051439099023,0
-0.5159478508415575,-0.2478151422544462,0,0,1.2170784606441531,0.3294777362533414,0
-1.1805654470933573,-1.222622807176934,1,1,0.26900690026503066,2.6051167318203006,0
-0.23720225217643817,-0.5617209005128976,0,0,1.1432411766836545,39.21258539493043,1
0.8125603473586936,0.21406275256901397,0,1,-0.836286993610197,0.9232273329462626,0
-0.09216241884488387,-0.9110604808095412,0,0,1.3647396114999817,24.748536693760443,0
0.5547951265621844,0.24166013071394668,0,0,1.3006723199884482,13.882353827179443,0
2.1246557436544142,1.697154652178559,1,1,1.9265559157903098,9.606648807356905,0
-0.7203474413248312,0.8256604268475851,0,1,0.25548746354091006,41.80443457596679,0
1.5267892333412565,0.22058730691310036,1,1,1.3579911951022752,1.1892452764875512,0
0.7218485197217432,1.9111291612898467,1,1,0.7179101081064608,19.09395930613051,1
0.01970405155768581,0.3850330988914713,1,1,-1.7495478426820739,1.9949468390757494,0
-0.7613417540020231,1.0184726608385741,0,0,-0.3317426846539153,6.734782048864631,0
-0.21082359284662797,-0.4279881900971916,1,0,-1.52243735159258,12.822568854645123,0
1.3157047199448584,0.9724753200073867,1,0,0.45692271022213754,1.1062855482628002,0
-0.22557329139351076,-0.5952295021708993,0,0,0.2831781757916508,7.195990000271892,0
-0.373265430047042,-1.790446665316525,0,0,-0.3210597861912371,40.081752258233244,0
-0.37832887567745405,0.3762745540875627,0,0,-0.8892063543119503,1.3970721799017918,0
0.9851409509765784,1.4442848250033276,1,0,-0.10147481967911591,3.365646947981479,0
-0.13284949401256663,0.5270571398389114,0,0,0.7966653220765391,3.065945436379449,0
0.31741333761071794,1.4092412197193365,0,0,0.7183854136759484,9.158618924571469,0
-0.5886949153587141,-0.46466027359482137,1,0,-0.22948699495158506,32.61355683018117,0
0.5553419530381073,0.5252642184138017,0,0,-0.18160844037766974,59.619263678800046,0
-0.7340937112191882,-0.9028957657330432,1,0,-0.2282018943164231,26.874227781483526,0
0.21869839149835443,-0.8100029695765855,0,0,-0.289320359743758,4.447115042229465,0
0.40979030503475317,-0.043975126513967594,1,0,1.3665061599941981,18.029735347856608,0
-0.2792177409938388,-0.12999111737294092,1,1,-0.9244727898482028,15.889267636585265,0
0.9641515755343976,0.745643678644989,0,0,-0.5383098321722533,38.87310725989839,0
-0.20266495043149055,0.839361262191688,1,0,0.65719372993733,19.532750786943016,0
-0.6971132353110985,0.8242232826476894,0,0,0.9525341154742935,13.837630418721789,0
-0.8751715257580743,-1.1988374197446579,0,0,-0.6054240913240783,18.452212968934283,1
0.20397686396743966,0.2915446246856964,0,1,0.33867520519720895,0.25695222896788567,0
-0.7179269795446259,-0.5696437049308336,1,0,2.509000960791777,36.08037264964173,0
0.9090370047964959,-0.36974452988780476,0,0,-2.024746176865971,50.0035838213435,1
0.0370512359742411,0.03398105523608162,0,1,-1.208977634390382,10.61465801525448,0
0.5101620370177211,1.2158989490206988,0,0,1.3848344029895148,16.626486704280154,0
-0.2207167943485455,-0.9606623359750197,1,1,0.18449384397381186,4.555205536914989,0
2.162174197788095,0.17817177839963327,1,0,0.4443500130567241,0.30269237867729715,0
0.2739329753406067,0.886840344299425,0,0,-2.0597375716661452,5.851689133832556,0
1.0666627860620903,0.48858013177994963,0,1,0.738669660755702,0.551818962122185,0
-0.6839878202331435,-0.2653249402803689,1,0,0.7582142003072168,21.723554408400283,0
0.696762459038166,0.4636729197507456,0,0,-0.6809399307318277,12.724235508172233,0
1.610028763410906,1.9310696705169366,0,0,-0.9128130654098181,87.69529085207266,0
-1.4498799727980867,-0.5508267335502286,0,1,0.05357564247538901,2.7139269664652046,0
0.11381106110097886,1.0377104495552407,0,0,0.7291625651261331,8.180839804917085,0
0.14642579948265405,0.8811318026494532,1,1,1.404234141012472,5.579794416700721,0
1.090839582222754,-0.769650962120505,0,0,1.2339978418678852,21.014544944233624,0
-1.4200998602864192,-1.771514712483056,1,0,1.4454465314965965,8.638544850931495,0
0.3161560818662351,1.0295211146614927,0,0,-0.6649159498085091,22.61288037382439,1
-0.8084253514210527,-1.1811317213446322,1,0,-0.9582265434092391,8.976086482547387,0
0.16361451515279973,-0.46632191761420494,1,0,0.20112179181024345,8.646056034440884,0
1.2436674075198868,0.35648496953808995,1,1,-1.2342173558038754,7.646822418604055,0
2.327326925703385,2.312274544643931,1,0,-1.9317537140278895,24.51777646722775,0
-0.3046785622588927,-0.5891449742585801,0,0,-1.1775356006618607,36.46708581397157,0
0.28688609667793286,0.4911006119214059,0,0,-1.4266117438447687,35.64779617423869,0
0.6676331071719496,-0.6714521231516721,1,1,-1.1583029711388457,4.62948629292033,0
0.42763822455688855,-0.01770156379390586,1,0,0.4916913675158554,2.795466590803722,0
1.06492059911369,0.07374476077090864,1,1,-0.4284376832482566,7.163246748194733,0
-0.32544279293175576,-1.5251497374547176,0,0,-0.018800581719314452,2.976087130497019,0
0.2200079047254506,-0.17737544488527168,1,1,0.8484124936888969,4.066969089753253,0
1.0119633196917885,0.7570795439503841,1,1,-1.5259887150139781,3.2386222678415195,0
-0.7306742175025609,-1.0489481186435912,0,0,0.29580045508045233,2.6258770713549695,0
0.09456809855937236,0.5368791025358708,0,1,-1.5349808266726384,2.7110743652739466,0
-0.9560933383879197,0.16099325201079212,0,1,-0.3210631824205332,10.439709150604552,0
0.6973664845629808,0.24581619586609177,1,1,1.2781991302625775,15.831071715403622,0
0.07641203390793307,-0.03780162142028778,1,0,0.21912162619208883,3.6963913009896787,0
-0.15017169391202703,-0.24934417684994986,0,0,-1.2942243381475063,0.879340438336351,0
-1.023445766959791,-0.25782104550844204,0,0,-1.1303622993506537,8.052761079849644,0
0.6219853903474148,-0.24839381719268738,1,1,1.1903545039601302,21.71116126445022,1
0.8382714524535915,0.2609266491808815,0,0,-0.022863948753148445,12.230258254612766,0
1.1229973479550066,0.142516227320447,1,1,-0.34453774799341647,2.0406401836730432,0
-0.4183170043883566,-0.055578066669392856,0,0,-0.23544995072371636,29.413607641396315,0
-1.274100216931583,-1.4052955367471207,1,0,1.6038445348519637,76.12888666967551,0
0.33055885893579456,-0.21080641142545545,1,1,1.3672352569328718,15.669058916865984,0
-0.49113356819369736,0.4015471636242212,1,1,-1.0579426855715677,3.835801473446021,0
0.7008406854890106,0.36781095867779867,1,0,-0.4285232245590239,9.608185611499437,0
-0.5839158542675896,-0.5170405139451189,0,0,0.7188452998423848,1.365062369057715,0
-1.7130613434161637,-1.7601881786432811,1,0,-0.8625879686000234,5.472187532380875,0
0.12381408414736417,-0.06172433462677342,0,1,-0.42143276561431753,0.2858177332810047,0
0.8653913356266606,0.07879005952322637,1,1,1.7247048323424248,26.009538299676308,0
-1.0043750390840325,-0.717032399533442,1,0,-1.2976143446784205,15.12963278764466,0
1.3263967164375565,-0.19098806089405473,1,1,-0.5541952115228779,4.7268309823773285,0
-1.451421573000826,-1.0952441680168252,1,0,0.22183094169526787,13.737965987010076,0
-0.4375076129723648,0.7138787035746369,1,1,-0.08588848042829018,4.596876596926932,0
-0.005652902764925955,-1.5273815620547635,0,0,0.504874322556645,8.099849293893353,0
-1.294965695147558,-1.440476614405251,0,1,0.7548606938645722,6.914447310939291,0
-0.14406770116713769,0.6973529714448216,1,1,-1.2543791491801422,32.26416155323452,0
1.109269348058222,-0.4031188895119542,0,0,0.8720906710030308,32.16655418730112,0
0.7093813202309587,0.8759614669256086,0,1,0.3615945906742951,4.029801573789495,0
-0.3760301866267924,-0.6220559304904281,0,1,0.7040972325951865,1.4854095364632816,0
-0.16295637242595068,-0.03725785162524026,1,1,-0.26160403628133405,7.4041778542127155,0
0.6649079410139958,-1.174640624253818,1,0,0.6357692202802404,5.183063621019969,0
1.0905649346253499,0.6800718940105137,1,0,-0.2658208724301907,0.5669192774383283,0
0.2509678336300132,0.29423933664275365,0,1,-1.1897986197934702,1.5132531318681883,0
-1.5913508526227043,-0.47397457305318325,0,0,0.28528632575127183,29.46913252615708,0
-0.702690811878198,-1.2774611508425804,0,0,-0.3680376731470888,18.896527922451394,0
-0.11647455276107609,0.7244697878432494,1,1,2.0863225499875497,7.910230135471891,0
0.004391571728634455,0.018368807784847518,0,0,0.24051876080432225,9.034220803247434,0
1.0733331860226434,0.039707472744837935,1,0,1.09269349864754,17.473639312824996,0
-0.25678490209404137,-1.0772900990659555,0,0,0.4026218676505422,13.32989738944054,0
-1.5120219284585545,-0.9214874595914093,1,1,-0.049833196179699765,7.842023935458222,0
-0.1589323616207145,1.2899274042357167,0,0,0.7974538168762068,11.918895934829465,0
0.5631466284974035,1.4873266207612528,0,0,-1.4499663870039015,3.432128963762034,0
0.48668332289970606,-1.565559722298417,0,0,2.0587047986656306,20.199243271584596,0
-1.251937959981022,-0.3767389166793726,0,0,0.5875714075417435,4.20048427321205,0
1.2728942794691556,0.6771006523065978,0,1,-0.8185885367496836,34.717477504252635,0
0.45431122964883064,-1.2161372589954211,0,1,0.41113087097910866,3.305162501443912,0
-0.1942669497912448,-0.4207613456016308,0,1,0.32657595322422245,3.5874250905967453,0
-1.6196425218614892,-0.13288505607068724,1,0,-0.40867256102831007,8.613943373894479,0
1.2819781595623967,1.2031690817401028,0,0,-0.38491362730539264,2.3383987681784055,0
1.1664309418530014,-0.4135420769491076,0,0,-0.13794091914316325,0.45528235439557807,0
-1.5061252231039604,-1.4698019923732986,0,0,-1.2787840522343372,4.259646773303191,0
0.7358025552155167,0.16666040272630667,1,1,-0.5240549088141987,3.516639621021251,0
-1.9482239713647806,-1.1882054849172938,0,0,-0.8315638531698065,23.189890186693386,0
0.43877184246105344,1.2150882899602553,1,0,-0.149717558279083,6.040596441128364,0
-1.3969187184995886,-0.1860846612049476,0,0,-0.2962217649669771,40.255253948515865,0
0.15581264035628564,0.21948387108232148,0,1,0.06716735044379026,5.234540872921119,0
-0.6153052828905852,-1.0586986208040674,1,1,0.8269404517337234,4.723701412164726,0
-0.267858825071601,0.30662710661612225,1,0,0.743236145211863,8.516953338175844,0
-0.06418909043893811,-0.4724662227156774,0,1,-1.611589889595517,1.5409757177935297,0
-1.2380342872079841,-1.0300991987190962,0,0,-0.4278388025835397,5.720998135018504,0
-0.015703190885750506,0.3186600994683685,1,0,-1.1599265076487166,22.174825589904398,0
0.12261734168284286,0.968513839674281,1,0,-0.7143999360854639,2.9923908567324338,0
-0.3168410623276607,-0.6739271169905118,1,0,1.2892062903301553,52.2835089758775,0
-0.45649318058095883,-0.98337256020241115,0,0,1.7802862822874972,20.47885102502467,0
2.0082679852442724,2.005939919748152,1,1,1.5440070577503404,1.1922575239813276,0
-1.0186841660623338,-1.2536449699270418,0,0,-1.3442053030513883,3.6972724007583437,0
-0.5390521758872997,-0.6303125203556108,1,1,0.14464843852790812,18.193628360234797,0
0.33936453575948355,-1.3572423595323166,1,1,-1.4621982645761122,32.91949466807395,0
-0.3666492853305449,-0.5378613567506138,1,0,-0.08411954999077426,21.235439672292607,1
0.8802812329143719,-0.3817816593865655,0,0,-0.941993951814409,20.52039395466532,0
0.20862707821079302,-0.35182019328124414,0,0,0.19487924858482228,3.581355954298296,0
-0.7794002785979793,0.5571333125108475,0,0,-1.0717756234139917,2.7869566868753943,0
0.6663546347308583,-0.06807862935745262,0,1,2.047952348516083,2.13705949416118,0
-2.3280175431595076,-0.15382670697186018,1,1,-1.3577745271205237,3.9415131527198417,0
-1.4699395038438807,0.26919865420478695,1,1,-1.2321271379661136,1.002651965392592,0
-0.310022438006263,0.344038242989651,1,1,-0.701738528616109,18.59950008346009,0
-1.153970752888991,0.7042087327233116,0,1,-1.02806928734464,4.8788532597381185,0
1.4488055229906411,-0.2331651864228702,1,1,-0.67116492549028,6.202062746617087,0
-1.2149660156305886,-1.3559775419267763,0,0,-0.5702610975968893,32.258486875031586,0
-1.396566250146368,-0.5702050797250133,0,0,-1.958584713041726,26.63939910904064,1
-0.9780210343545526,-0.6835234345487134,1,0,-1.7619222323712567,21.29816750158342,1
-0.15287341912999988,0.33695948550649113,0,1,0.9308998488295518,3.3968002912545887,0
-0.31410626445878276,-0.28988160319307726,1,1,-1.336163843535873,10.873737902392385,0
0.3019230436042719,-0.4175605230853735,1,0,-0.3543435871623089,3.6853736886315116,0
-0.9704693761722438,-1.6990434431589012,1,0,-0.28891988184170747,1.6877028601253319,0
-0.7843452155257975,-0.7879160884557401,0,0,0.5315240704836207,1.0542012467382544,0
-0.561879472599123,-0.23641905812731795,1,1,0.8723825621411455,3.4800924043909305,0
-1.2000041489878368,-1.2682310394130527,0,0,0.9703147958600101,2.619115819833339,0
-0.6537411486813879,-1.2346640860305904,0,0,0.5306614129001749,2.323296450551298,0
-0.35671353257653327,-0.7024293738775447,1,0,-0.5147651942566667,0.6569519182156544,0
-0.06139124290044797,-0.7185524499631399,0,0,-0.002259447023664786,28.343977897081757,0
-0.36838802463270554,0.2570648483135449,1,1,0.8653010311903396,1.5117066622329274,0
-0.9054454821298284,-0.297485548244352,1,1,0.6020422408893957,16.166882357098505,0
-0.30966780157055895,-0.3119631691323665,0,1,-0.21446408460325994,3.1981131762515482,0
-0.26230903757419893,-0.4089758268630007,1,1,-0.992298290127645,6.547022887880975,0
-1.3541159184186402,0.2982448388982074,0,1,-0.2710250687831335,1.2165000867185363,0
0.7188144159126318,-0.26504225917427054,0,0,-0.37971366341989987,7.18150507378908,0
-0.0900336761921507,0.4524345374990658,1,0,-0.402345298384461,15.383991280419817,0
1.5408149808709777,0.3539938164833326,1,1,0.007681849567598501,15.149783862859447,0
0.10223672837287849,0.7352500604367141,1,1,-0.813520374513386,4.636968428673688,0
-2.2668298689377058,-2.5864294691198335,1,1,0.011369113011008,3.5305607989258423,0
0.9177709644214257,0.24164411025843552,1,0,0.5867940514558465,10.510964935481887,0
0.6456426605648681,0.327728885209072,1,1,0.06628898767272817,9.691154250128932,0
-0.8657510039050033,-2.1303733824035644,1,1,0.25876790911573744,4.434246823573776,0
2.1186503897399747,1.8752380255108552,0,0,0.5853193672189334,11.512981568083287,0
0.6771781629594946,1.5467384739501875,1,1,0.392118654706447,4.106476074073682,0
-0.6744675080864437,0.44518691711580205,0,1,-0.039153475751675014,7.291921368474399,0
1.133694605482257,0.3282956998686266,0,0,1.205387577483698,8.116212326313859,0
-0.09846911523262049,1.4458602735283543,0,0,-0.18886189430531278,34.00147061138141,0
-0.13315753736247873,-1.1992364578074133,1,0,-0.10460653620872425,2.2589601531794523,0
0.9581899953950052,0.25013131761466634,1,1,-0.1794500152897167,8.277961075769866,0
0.24995661491829385,-0.0317909458238709,0,0,-0.12061482597838906,36.635551116924866,0
0.1982821997901559,-0.31616924870135593,1,0,-0.48579162789894886,14.08327576725852,0
-0.9913751166908499,-0.9687328506789448,1,1,-1.497386450962323,20.87600207385406,1
0.4349083576779059,1.434298269264767,1,0,-0.23330188645649216,10.06357914631586,1
0.06318761633737895,-0.6372729261020992,0,0,-1.2981398881570094,11.782658321395527,0
-0.552507211608962,-1.2949813224419149,1,1,-0.16484307936824202,2.855742964021124,0
-1.72550687376089,-0.03646147745885164,0,1,-1.802241106395659,4.324832054770087,0
-0.6778711608894495,-0.5986323447050561,0,1,1.4300167837476712,24.98323490817345,0
-1.2712954099902563,-1.070897263681307,1,0,0.44400838937169923,4.487372618769166,0
-2.4233444164197087,-1.191138057081668,1,0,0.8560762130759068,17.64477063997273,0
-0.39941156881012485,-1.8629965187706334,0,1,1.8076081649876534,10.341144669476325,0
-0.621335194179546,-1.022521093708755,1,1,0.9019897717810522,2.2407824092050364,0
0.09192951984248647,1.0869473258775646,1,0,1.255723601996838,16.712971019886016,0
-1.3241092110836794,-0.41194608074345995,1,0,0.8808358561770906,24.554624231089786,0
0.03269850881971896,0.5628263620442965,0,0,-0.549708299416902,48.2564422637525,0
0.9206043701961271,-0.4836021889145955,1,0,1.325438536637611,9.460492414404886,0
1.1685408804094104,0.18004455859446222,0,0,1.4176296809851412,10.290871722784827,0
-0.020378472683559776,-1.231780625204603,1,1,0.08655106858504048,4.389545691859382,0
1.1503981344047014,-1.2346035147399697,0,0,2.183556207400522,2.750746783524895,0
-1.7249008595990198,0.17461583251770296,0,1,0.5582030408442723,2.3827056769107497,0
-0.5060742770649961,-0.31206484057384265,1,0,-0.318135251035195,0.5384953611197942,0
-1.3455555867308973,1.016896576245572,1,0,-1.9341412169653318,5.607449119046081,1
-0.9662530681570173,-0.37535250101330486,1,1,1.0553148125394913,1.032376611929922,0
0.5192012766991707,-1.0130912568633899,1,1,-1.2207864225942342,3.4923108365884854,0
0.8781812621632672,0.8833080718186275,0,1,-0.9977730426875667,0.3053568342477207,0
0.9458458565106025,0.342338849476628,0,0,-0.13309798791762253,11.788438123261956,0
0.6429921598143308,-0.13416409482304464,1,1,0.6589868762992424,0.953870345936592,0
-0.10913723692131944,0.11487270017688492,1,1,-0.48780590844693433,2.3056038374749392,0
0.13488813959765653,0.1579703911250221,0,1,-0.4501798766123285,4.760327684759798,0
-1.3739309540711415,-1.4334391912630715,1,1,-0.7086828141828916,1.47850596192863,0
-0.25599366461888995,-0.6348896553406023,1,1,-0.34649154326386544,17.999066587272,0
-0.17687716473402854,-0.4358347930444789,1,0,-0.38865169490984,2.4324168261148835,0
0.4019605960860602,0.07860462366686535,0,0,0.3925310322312793,28.456406257969675,1
-1.776891272776408,-1.4369026020129985,1,1,1.1006634069776002,5.247775212544544,0
0.4193969540245247,-0.5866453635317241,1,0,-1.3717373881984378,29.02880770161586,1
0.24476270987871387,-0.21015703109941436,1,1,-2.4535111765086866,0.03177654592576235,0
-1.7038431523083848,-1.5357160998272001,0,0,-0.09323210567643267,33.69320372836727,0
-1.3295161266949762,-1.1478579528713537,1,1,-0.1454958987934656,22.428316984048898,0
-1.6911103645863903,-0.5016905338752623,1,0,1.510384686494768,2.686180470949765,0
-0.8928509048208293,-1.5637879717575833,1,0,0.2940044610058664,10.598391754620204,0
0.8752489279155634,0.24059164988912105,1,1,0.9233985944560718,18.227359254941952,0
0.2891876527489323,-0.8559640660027923,0,1,-0.9170703840847404,10.868962875814656,0
0.8465432741954642,-1.0017102773388158,0,0,1.3089319082701651,17.534588049329667,0
0.5809584420649553,-1.044083187084358,1,0,0.7907330547566839,21.270086534371654,0
-1.5984075218186438,-0.7713136268720436,1,1,-0.09708096269733567,0.1378830115655522,0
-1.6451380486147835,-0.3032360310356972,1,0,-0.18210817874176835,9.250120951304849,0
1.4081017752533853,-0.1250402589652989,1,1,1.6597524848461975,2.6908188908304327,0
0.45113081970679714,1.0084648782322154,0,0,0.6736095738618113,3.962509115089674,0
-0.4742819915998298,-2.061188279295187,0,1,-0.6282918333702615,8.24238479965938,0
-1.1889158827838586,-0.9213393519248131,0,0,-0.18553665470882685,5.885162879293531,0
-1.324040205752316,-0.2838543442587723,0,0,0.5721983718895463,7.583069426393502,0
2.167984535715029,0.8919266573071831,1,0,0.8300649796900142,3.8335908748983405,0
-0.2760105594244319,0.15844260461918472,0,0,0.5648602133356314,0.5291257714099932,0
-0.12400784898416566,-0.01571941664809577,1,1,-0.5290025376677997,5.423018382052709,0
1.0196238167377687,1.2640655860962728,0,0,0.7570879915607766,12.527188431508659,0
1.9923319104647133,0.9453239464926199,1,0,-0.6004956353914361,1.8472887166898007,0
0.12708378361838035,-0.05118173534013566,1,1,-0.11372469527867893,0.8626275687305357,0
0.09772795411429006,0.7112117954272139,1,1,0.8953425667276356,1.0613290760215328,0
1.084217795851664,0.18774684331815333,1,0,1.705413522772129,5.533535110998492,0
1.1535732029654093,-0.23457845196214255,1,1,-0.01337362332230095,2.0366897805104878,0
-1.622169035794382,-2.19814790467081,1,0,0.7757308813559621,22.18997280241849,0
-1.2554463497421362,-1.1692637286899359,0,0,-0.5800321626959203,6.606744844122793,0
1.299541808648377,2.4940947356459384,0,0,0.5202608989200992,15.444315509730119,0
-0.6431414036867351,0.05691597686157557,1,1,-0.2199851797899426,2.937113755941699,0
-0.5512182731631076,-0.054774386407271225,1,0,-1.1444394061560215,7.136094641571338,0
-0.09141936858155345,0.5933788264567617,0,0,0.3462235222480093,12.566690675029987,0
-0.16874176005622615,-0.5189289976608621,0,0,0.7435472537027172,8.751986547062574,0
-1.142786999924341,-0.6994735309058786,1,1,0.006347136721876364,5.242824186600413,0
0.5664381654841398,0.4220603852658271,0,0,-0.6848043145288024,25.420795268426858,0
0.1199228858325722,1.1348810314305586,1,1,0.2114698983214946,7.103463518278709,0
-0.8874228402713672,-0.9613180679032287,0,1,-1.0669634219489916,25.82799882103144,0
0.48964483417225924,0.17488446104988162,1,0,-1.7861061553732933,14.72567167381143,0
0.8254920937116514,0.09068243781152752,1,0,-1.1500330578446325,5.373089715069955,0
1.3535245917181278,0.8263187924480951,1,0,0.2491548953142042,1.7536390403276871,0
-0.696422789065876,1.2098291908678698,0,0,0.0768896417772988,5.60895135443293,0
-0.2276809609069826,-0.8603547718963933,0,0,0.9764803408567686,27.3046105749353,1
-1.5879243398253367,-0.5540917431044885,0,0,1.2356945087753035,21.062393669461084,1
-1.8118987091623338,-0.7160144760095994,0,0,-1.891830946069712,14.510827015619792,0
-0.3774562548442677,-0.47195449166375,0,0,-1.2583530048571372,24.297793450944358,0
-0.572993113500645,-1.0308680585546912,1,1,-1.0469440986236276,2.381648264536027,0
-0.715527557731229,-0.29192592429592074,0,1,-0.39693096963305086,1.264819443127104,0
-0.9054346619258763,-0.96383414090474,0,0,-0.010457024733710017,14.180289204018187,0
-0.4334280578216169,-0.5120624353142007,1,1,-0.26433551505665215,0.3510578851351751,0
-2.28367467364688,-1.6931550988397406,0,1,-0.5866726864381165,18.104322000482217,0
0.8716164571000166,0.5213759033844041,1,0,-0.5695386330826187,36.05318676658023,1
1.0933324077778035,0.49359001434099564,0,0,0.9543434944630993,24.197862610255843,0
-0.9034519048433948,0.3953124869580363,1,0,1.2580425916343962,14.609945019948345,0
0.1845174315462227,-1.5246351988694793,1,1,0.39403364851141764,3.1148299942899422,0
0.45443663496812225,0.8352029312618268,0,0,-0.6892556971518085,12.472448013419411,1
-0.1701711019192935,-0.38354443578491115,0,1,0.3378002540030333,4.0680402435026215,0
-0.34103521030837697,-0.7354376244085646,1,1,-0.9984772302474064,4.662308295105366,0
-0.06353490116792891,0.7756110009486963,1,1,-1.5182459759583184,13.353817461633982,0
-2.244347049676193,-1.498551109912974,1,1,1.7422463260397445,2.482643690542204,0
0.6466770152702188,0.04884069846715333,1,1,-0.010086336891221188,2.699299852291834,0
1.3501596972171637,1.995415900226213,1,0,-1.4199749580770864,9.794289340327335,0
0.16741996218057634,0.6441152161278977,1,1,1.6058545178614914,10.269035474087305,0
-0.6310209456136978,-0.49337309877543445,1,0,-1.3276702405492076,1.4635143335888292,0
0.5438788233499201,0.41155311431654334,0,0,-0.9645849202442334,77.69916287001588,0
-0.33327744107556495,0.023491498351615597,1,0,3.1456161750308986,3.8483720946734628,0
-1.8825988616044902,-0.5107941199378208,0,0,0.25345185358398564,11.73769336514528,0
-1.68231531524151,-1.2468640010066983,0,0,-1.3244720567475479,6.52982580923836,0
0.8840441398039333,0.3047884452718211,0,0,1.2459309881757745,31.913935179348876,0
0.18897546503768098,-0.9764022150309148,1,0,-1.1327195915325672,2.993096145367472,0
-0.2886730444064438,-0.2504825640094834,0,0,1.661927764575321,31.83923909088259,0
-0.54670921107146,1.1964223072619582,0,0,-1.3901901992917511,0.6232456317352689,0
-0.3740217950297336,0.16092395361216036,0,1,-0.05997650463056411,0.7479801382380492,0
0.5727231390942865,-0.9255738866930576,1,1,-0.7775382349172321,4.486354437921395,0
0.1167145404167301,-0.34810394465106426,1,1,-0.06690067308902303,5.156837972984089,0
-0.8575296545248805,-0.3301051829082928,1,0,-0.10890977382231586,7.172501359188184,0
0.8611318724977175,-0.07616748380292626,1,0,-0.09387188651185084,10.80414183221178,0
1.0475617839568991,-0.31780171210723085,1,1,-0.4672228625456936,10.22937433032673,0
0.3087017041717905,-0.39828841478302013,1,1,-0.5588058472770767,1.3968585663003592,0
0.5635582967728363,0.35638908624583365,1,1,-0.3041892252390205,1.6815253097928842,0
-0.7784546685960454,-0.9155663896655429,0,0,0.9160739216081804,39.891485531956036,0
0.7789141339068885,0.38550906751025016,0,0,-1.1536294696981904,32.26912663313926,0
-0.08537748725520881,-0.8646303121999499,1,1,-0.5149887802411891,2.3590929283597744,0
-0.061929681041438894,0.43238263547286043,1,0,1.0211635236093812,11.931993758782973,0
1.0789581702418582,0.9739973254046779,1,0,-2.9117599355167454,27.520283026867833,0
-2.08171187859742,-2.3220093412894798,1,1,0.29482686196477215,22.037460193644694,0
-0.1580543944246389,0.2812661727180389,0,0,0.489987615587304,14.209797372377038,0
0.6298758649717626,-0.8961775823970634,1,1,-0.8874516031825956,6.798044586830669,0
-0.33888808307041474,0.3982679323608849,0,0,0.7945161394135112,15.03466992619279,0
0.6320274434725531,-0.99523612616394,0,1,0.23979716036811763,17.03519574162144,0
-0.29197415730245924,-0.17138341834935655,0,1,-1.2946583124473297,3.5199556602887156,0
-0.4362182825362404,-1.778245190042855,0,1,0.39940099544103685,6.762649687542663,0
0.2692643129151872,-0.6636821978594891,1,1,-2.0088842324975498,10.695322689448204,0
-1.6538158295896142,-0.6182949109148337,1,1,1.4757689983240576,3.4709712312558225,0
0.7444697801035662,0.5645563525861486,1,1,0.6233341559482162,3.876898802208281,0
-0.058114453855799594,0.442664920709188,1,0,1.7575650471717232,10.875203599120072,0
-0.20274995613248709,0.0764168774836885,1,0,-1.2800292653028482,30.820301205064897,0
-0.29130089974775636,-0.7992026194782469,1,1,0.7291226039197909,4.271945894090523,0
1.4573538376433492,2.04545195112882,1,1,2.250664711435249,36.14107160929174,0
0.8408530125646128,-0.00771431756060581,1,1,-1.1048723689275584,2.681181180085074,0
0.23096980748441692,0.3322489920683672,0,1,-0.1783564807564195,17.826174562871085,0
-0.8190704483465108,0.014689732373606601,0,0,-0.35268583847252244,4.538654211967536,0
-0.455325236921693,0.9319408656337782,1,1,-2.9019608864744715,0.17418779556039277,0
9.896195995064635e-4,1.3462997878843386,1,0,-0.6042230001818708,76.70715242018804,1
-0.13788214528223983,-7.137420685983803e-4,0,0,-0.8915049749230178,18.157364104709245,0
0.1915254544685855,1.251115733360082,0,0,0.023492600880587456,18.964191464286174,1
-1.5130860310706564,0.3021784840464835,0,1,-0.9798511095341761,2.7686977079567985,0
0.049968616525179935,1.989530870248288,1,0,-2.2000254457917285,4.860970097913627,0
0.12680587102516108,-0.701075710656414,1,0,-0.63209266358905,12.369605083409398,0
0.6173458325202458,0.20274564047846544,0,0,-2.1798395452899495,11.604077699544566,0
0.6176715549280607,-0.16848170525752626,0,1,-0.9461614999368549,1.6407720321705552,0
-0.7560373475130396,0.38306411799143364,0,1,-0.3032852017177323,3.792404252023665,0
1.746040753541525,0.33764143447219097,0,0,0.23435939329695482,18.829136011875253,0
1.5081893573954195,1.1004962851520417,1,0,1.3237406243188947,12.915485727480661,0
-0.9946890900553614,-0.9667034218667805,0,1,1.0403088820076614,3.429544645759138,0
-0.7329526992265848,-0.3450877758749342,1,1,0.20471750852389814,4.325131827387749,0
0.763749450486447,-0.12939831902851584,0,0,0.09944650316578091,3.843884396950014,0
2.6907163705707062,1.317005233254952,0,1,0.6528222920078348,2.461563635346582,0
0.4371757544331037,0.6039451425100685,0,1,0.34223982228281546,6.103268117440482,0
-1.1443614380629474,-1.8004480798138287,0,0,1.22813953605281,1.16298248340071,0
-1.3020065856537175,-0.8938283200548063,0,1,-1.4239485146818711,10.191707353826995,0
-1.1741654774542114,-0.5058164136358516,1,1,1.3215735098934738,10.991592391616466,0
1.6901682936676004,0.26941331585295725,1,0,0.25910773451421437,7.236247560342167,0
0.8462298514836851,-0.1973141186689577,1,1,-1.4828182940364387,2.505354048345279,0
-0.6188349903773598,-1.1698353034186888,1,0,-0.6853356376887763,17.152095101221835,0
-0.047955682640883616,0.5914310727806958,1,0,-0.3822605782738035,27.834478677653593,0
0.40471698196658723,0.3687966957573905,1,1,0.08276383735268247,8.188856369177094,1
-0.023568688113623188,0.7782584498634669,1,0,0.2899761257635714,10.853458096934821,0
0.056248730681427474,-0.4505087179905329,1,0,0.9140364173922108,14.882711932147716,0
-1.0718990479165262,-1.0066493456106698,0,1,-1.1438926844449608,1.4772036210815023,0
0.7178453469370882,1.4457198057151412,1,0,0.7684557569920752,33.381344078704814,0
0.850049175386981,-0.24944696460616467,0,1,0.8991263257023117,6.0577972276955006,0
2.213607898681417,0.09266744698486695,1,1,0.4162489681874229,1.8229132640910237,0
-0.36183675547819844,-0.11869728759884379,1,1,1.4082623587231813,21.991799878574977,0
0.5370531730782344,0.7680761930647609,1,0,0.2232132254346787,24.034051878273964,0
-0.8321069502541579,-0.6981406342276566,0,1,0.19585194069380224,3.1900287743201905,0
-1.0331298870042234,-1.6578821776277226,1,1,1.4796265922066885,4.859580850576537,0
0.42955020135718514,1.1564003372503762,1,1,0.4304553074633913,18.050625885445932,0
-1.4985711955973207,-0.12750709521575176,0,0,-0.3023810283459972,2.9414412544818567,0
1.1718705449036193,-0.0852636020997346,1,1,0.649992834469388,15.231533053800195,0
0.27671961889933416,0.11013653556159242,0,1,-0.2214059240934782,3.860809673528509,1
-0.43499461860441146,-1.0459523629000085,1,0,0.4028228113661289,10.001745719657148,0
-1.2220366040174846,-0.3846725103638151,0,1,-1.3744796587130128,1.3603730738004023,0
-0.04642876974779186,-0.6491775392613185,0,1,-1.7347034472753629,1.8811719584703248,0
-1.0759406636450024,-1.6014747016383541,1,0,1.153416777795144,4.674706286391509,0
-1.13942402710323,-1.5415420498285113,0,1,-1.1170967098350448,8.023844266630299,0
-1.4172970588908365,-0.47413856026056256,0,0,0.31971910189426445,13.218273137220802,0
-0.24894369407615766,0.2527017709215374,0,0,-0.7898068272994919,16.107914467884417,0
0.7466663425116448,0.6358710605193474,1,1,0.36950555744097024,9.830074341802199,0
0.9098391512286247,0.43386097621500247,0,1,-0.4054386274208282,3.8956695450249823,0
0.620392088315546,0.8681382106775463,1,1,-0.9747934374065814,8.26027138447135,0
-0.309300957493021,0.39798357681660523,0,0,0.40947035445720986,22.61710176895494,0
1.9838049369621371,1.057373704991908,1,1,-0.9964212497797678,10.27580650425943,0
-1.2875395197524002,-0.570499294320179,1,1,-0.8033327975074445,2.872906414564598,0
0.5240895090238813,0.10916678948241981,0,0,1.1657162661454796,1.4027742682301914,0
-0.6305580791254973,0.025555045241319463,1,0,1.6857891729164132,1.6018691369375777,0
-1.2799507786479902,-0.4715241440286034,1,1,-1.0570238580213334,0.39143337032571235,0
0.0664138346794994,0.22284237296254075,0,0,1.4043845283605372,8.858164145197938,1
0.6204870792029853,-0.6397874340235412,0,0,2.1548313180867655,1.0686831241352999,0
0.59827485112472,0.4769083104474797,1,1,-1.073728529398665,18.492734690655723,0
-0.16024787719101471,-1.6471059142129023,1,0,-1.5969188849232545,4.028300550878437,0
-1.4904515391694322,-0.8248767644333086,1,0,-1.0470830190362983,14.07037541282691,0
-1.6974416375948342,-0.15919844435887864,0,1,1.8703588848165065,1.9811115866045947,0
-0.5552641412471021,-1.609732913874355,1,1,-1.471452985725555,5.87406309514159,0
-1.7207048585385245,0.7875254992086272,0,0,0.7136375579699658,13.941340397952786,0
0.6997353054791409,0.24726818119776778,0,0,-0.2897641637328104,42.44495402326729,1
0.6010497525943599,0.15437250219541,0,0,-0.4831175498225784,24.03862472815012,0
0.1145638830561281,0.5230426409216175,1,1,-0.414752868307383,4.926768635332733,0
-0.4385656878577646,-0.4994805247998924,1,0,0.6260439755953816,95.80648876025289,1
1.2122365868010792,1.21174371620193,1,0,-0.614922749304989,3.962305431962864,0
-0.48852809575461453,-0.33626560662342636,1,1,0.9740214861358458,4.884892170052501,0
0.6623349508560034,-0.6891258764923172,1,0,-0.17765875842193876,62.22030044773639,0
0.4560006993945145,1.4826531181767675,1,0,-1.0593755959159057,2.73836894825732,0
-0.6037766119830978,0.9158205028457311,1,1,0.1960760538653299,41.6181571793789,0
-0.8671024260536189,-1.0419202057969297,1,1,-1.0834790917625292,9.282493117488368,0
-0.5235659719716399,0.08166485158105752,0,1,-0.25949890018335076,13.140228485267441,0
-0.1416864427001317,-0.004045631945816419,1,1,0.5507698690976355,2.137360683446199,0
-0.8473634746317595,-0.6345753101114322,0,1,-0.07434645162715364,11.626067902820195,0
0.8262494692542777,0.4304954963468735,1,0,1.1649899098976646,1.7977412911358999,0
0.6033751964761064,0.27143322333237085,0,0,-1.5151077108038575,3.8479872859859245,0
-0.8713255359937891,-0.6231964378865756,1,0,0.3754547650631975,7.163116046791215,0
-0.7507085813673775,-0.28286869509587154,0,1,1.1243600646782275,9.976373127384969,0
-1.5864563659646542,-1.0631602856791782,0,0,0.5421281370209251,68.64488161179071,0
-0.9689375943248527,-0.30921695743222466,0,0,1.3860875787388522,48.9026780819695,1
-0.583370148945435,-0.36618787561580424,1,1,-0.15956260960398969,5.22196621777849,0
-1.1197575006288538,-0.7262915849730202,0,0,0.6561799207029143,14.475034535913242,0
-0.6929974540170132,0.5377645537861108,0,0,-0.29490450220173203,5.593142677720312,0
1.3806196508788307,0.052042307021261336,1,0,0.07979490653071446,3.966331690923909,0
2.0463462269392236,1.2914666233055925,0,1,-0.10474030115389076,12.63984645075917,0
0.3911508374994709,-0.0672960132565022,0,0,1.5323397519780826,25.32304597839484,0
-0.31033730805853704,-0.36304021646879503,1,1,-0.8212714522607407,3.2357120879331718,0
-1.3019436881326085,0.07049429478015123,0,0,0.3306216663887546,42.25322976274256,0
-2.293306546332231,0.4445562520213098,1,1,-1.4421574931754029,7.2585853793147574,0
0.3963817176438815,0.9480678779291876,0,0,-0.4119060429672331,1.2988459486645987,0
-0.5177789520303282,-1.3781569938850735,0,1,-0.44034563300047463,13.266677220126592,0
0.12360325178541935,-0.14380179254935857,0,0,0.7599073438083379,19.845937986819127,0
1.1508314845374763,0.9072409688959167,1,1,-0.6861134273134373,1.5142264539103394,0
1.9457911689948275,1.7641008410616075,0,0,-0.4158515594430919,8.497342006875506,0
-0.7696347643827456,0.01732908486425694,0,0,0.4656788247223755,18.68560313499368,1
-0.22740541727361566,0.922258476413417,0,1,-0.30387349064459795,14.16333926709641,0
-0.4445763579345526,-0.4577477425807658,0,0,-0.8625560931923776,0.8419664936642007,0
0.42600927520179555,-0.24659720790953982,0,0,-0.1861416616591441,31.33377305230375,0
1.1031092105948845,0.8764245422367218,1,0,-2.331428903847122,17.682182284267455,0
0.6656558167924311,0.08837115660290007,0,0,-1.1309201200883676,1.1158855677474626,0
1.3460115163760875,-0.013074901835486874,0,0,0.9825101872508308,33.8080472179025,0
0.2664096173817025,-0.015628923341000384,0,0,-0.9531383318844264,18.538596632812766,0
-1.297649436423418,-0.5058928693330419,0,0,0.836670141703833,14.247719935585582,0
0.48384636070511716,-1.094621863576228,1,0,0.7112111149095233,45.74824686808274,0
0.15083569637389824,0.4575508709457035,0,1,0.24578072561653513,17.71427696131803,0
-0.1415204753473458,2.2645880481165053,1,0,2.057871787812632,0.5106393194850811,0
1.38900234228646,1.4754174156764912,0,1,-0.4735692068408801,25.725144013769516,0
1.0944479265359137,0.47674843811143797,0,0,-0.3131506368726381,11.363781473457262,0
0.661509606450735,0.5560084598454872,0,0,-2.5011131065561587,10.884240983863144,1
-0.3767631446197912,-1.9361826613507478,1,1,-0.38222576762509364,6.539330324205405,0
0.40927079796464705,-0.8348859797527919,1,0,-1.2918630678397196,15.067576603047307,0
-0.5704484892685608,-0.605260901864064,1,1,-1.9542785490419372,6.505383638777175,0
-0.5618160189553726,-1.4246689240336847,1,0,1.1787627814440433,47.89058995073211,1
0.49560032412432203,-0.6347463904295609,0,1,0.6435719362977114,8.321733756471357,0
-0.49734990010384533,-0.7155225714471961,1,0,-0.02687927161753104,8.005664852702864,0
0.8284670221798283,0.1577683466659638,1,1,-1.7358629588436305,5.938117084372784,0
-0.8479198144042246,-1.1219112732367063,1,1,1.5460041776654851,5.983969631699339,0
1.0895248367707682,0.8835155368428613,0,0,1.4762552602492818,15.961683028720696,0
0.946130742499794,0.3390374290255317,1,1,0.1463977222581273,1.9777752785222655,0
-0.026973672845445582,0.33090302576514463,1,0,1.4636309114184682,14.078110993809931,0
0.17269050896145668,0.7942354215482842,0,0,1.639717446562991,28.623002716030463,0
-1.2186460813523747,-0.011922698255689035,1,0,0.6392494918545365,11.314491158124643,0
0.1499259872581383,-0.11355943968841854,0,0,0.2872498520733259,37.889996635807606,1
-0.9744438933627878,-0.47424449362125265,0,1,0.5900463791546782,10.149007690593265,0
0.6068568110105859,0.42970679833237035,1,1,2.365879589187316,5.207922337005865,0
0.013895634863895548,0.1747820303774156,0,0,-0.3029691856153358,2.4404790431370835,0
-1.720256725478738,-1.1887618472375685,1,0,1.9328533111569255,20.076135823964883,0
-2.4511720004778477,-0.8860441642068438,0,0,-0.14301877281951517,3.314027068615396,0
1.5085026074094279,0.6542822814184237,0,0,-0.4102564035477255,10.458674365311504,0
0.14361384346549227,-0.30706849498325806,1,0,-0.2299583462428034,17.75836772504266,0
-0.023810956753469108,0.5960797645948454,1,0,0.39237838468635433,36.244622790301655,0
-0.47501709507121226,-1.303264211540057,0,0,0.7557402977272681,31.25995821368519,0
0.09909286104770892,-1.7774946686120334,1,1,0.5474200284927584,4.195970578379838,0
0.11320124274667226,-0.2410513310961336,1,1,0.5572994052387187,5.649684550523325,0
0.6369607347198245,-0.14670621297124498,0,1,-0.3441081289672684,3.311812361753686,0
0.25927889681081323,0.5852662873630695,0,0,1.1232730520917529,31.6918339377485,0
0.8476072959399595,0.9331028110587831,0,0,0.2278913067607379,5.5046804034245,0
0.5013275174743923,-0.05420438315980064,1,1,-0.8023336727318622,0.3804750270510448,0
0.014492289783657776,-1.9151074177364718,0,0,0.6407154760253739,14.909584390158285,0
0.3014694770498231,-0.0704310469414346,1,1,0.0016282681252603498,0.4134206585215195,0
1.278142402503793,1.7096603151458676,0,0,2.4757791352865874,2.791811215103677,0
1.1101498667959429,-0.01529567450800573,1,0,-0.16521679458890334,0.025856327818440224,0
1.1750390348771527,1.6707213419878364,1,1,0.42754413458130724,1.6040178666372777,0
0.8416610877033696,1.2739030543947119,0,1,-1.1490816174955907,3.649154662519822,0
0.39676813788100457,-0.333503745443983,0,1,-0.08616992113871919,1.8756024078991853,0
-1.269920064951275,-0.20810336214775338,1,1,0.9349827680464203,5.95380702289924,1
-0.15075531141116874,0.2026263724928576,0,1,0.7126855302170465,17.35446516894862,0
0.8144974555826594,1.0266223094622027,0,0,-0.48452789135906293,9.198498972559381,0
0.49544970127886645,-0.37367052695146713,1,0,-0.4825454086763473,100,0
-0.5542406269358775,-1.43221273479246,0,1,0.06562113453901999,1.135097321511711,0
-0.4471925644994364,-0.23536071586933266,1,0,-0.8662502348506422,27.43275905992679,0
-1.5300986913880728,-1.7497691174660575,0,1,-0.2450652646975818,16.018370311327022,0
-1.5519534610459784,-0.2294314648002389,1,1,0.6409098578980639,3.3024496213335213,1
-1.6628455771980641,-0.6852854915309106,1,0,-2.431484047517672,37.55577629799879,1
-0.6371906690546044,1.2168231030428307,1,1,0.013773179696598876,7.68569758453407,1
-0.37646372027770286,-0.1940757980251233,0,0,-0.47025169263492334,47.11595593454853,0
2.64462689918301,2.035490935854004,0,0,-1.7778317177376903,5.134142690532118,0
0.13515911950130016,-0.19878389382994252,0,0,0.10011740304807334,32.34010222739163,0
0.4751945222460269,-0.42855994657307256,1,0,0.278612034673297,0.4361334171242507,0
-1.261671995576328,0.31142060702603136,0,1,0.2076888584166062,3.71307002701469,0
-0.3480538603583717,0.4569120607649157,1,0,1.0336742284922253,23.637379167810234,0
-1.3454319989433396,-2.1841293643800848,1,0,-0.4600804203420142,2.425358757800465,0
0.8147229648117342,0.37282366524636423,0,1,-1.1214500354677541,8.260745302568344,0
0.7465582707969908,-0.6891425445754338,1,1,-1.1917558656430662,0.29416973578301947,0
-0.09217855914794831,-0.5134185305220959,1,1,-0.33712471072543365,0.5068999613964066,0
0.48145078950877507,0.9621825020986112,1,0,-0.7747598833991868,9.71855110560089,0
0.5925381995911376,0.5080884316241152,1,0,1.437130065263363,13.648122306851693,0
1.375899504826267,-0.27357929679068005,1,0,-1.0368904503487923,51.816494345508275,1
0.9673538130000631,-0.380207372895317,1,0,1.3994687412536426,25.041207835464757,0
1.0875756122943416,0.5051750404517206,1,0,0.01563327625051234,12.987364121378686,0
-0.08530776575156307,-0.049798778080725824,1,1,0.7312760491694643,4.097893191004723,0
1.4055337857464594,0.7099212700916632,1,1,0.6284519258804198,7.43698736234329,1
-0.5769644777508617,-0.38842985732075086,0,1,0.462401037464835,0.9132712035596829,0
0.8201986970543141,0.700533151727871,1,1,1.6601665250802464,18.83820425757518,0
-1.3994626978047762,-1.3988717282127037,1,0,-1.175333741337298,15.677529461104644,0
-0.7788349332374158,-0.665209900225664,0,0,-0.574584376557789,17.94481867911474,0
-0.2316884489149378,-0.8263575988094782,1,0,1.2625951701967388,2.1278553279772696,0
-1.1815763709969622,0.4118069911921718,1,0,0.0018015195338902047,14.48600722895294,0
0.785928344414933,0.1334510490558906,1,1,1.3522357666288596,21.82158997215181,0
-0.6849806490433079,-0.2968072222572402,0,0,-0.8140092541108027,10.449906835654899,0
1.0277449987241316,0.06651517760864667,1,1,0.49165469433680226,9.758961888413973,0
0.7183648789723682,0.573315687027981,0,0,-0.25517294240519767,9.83652140085071,0
0.15344387190800338,-0.22769684983906108,0,1,-1.6226939730245773,4.163050460208634,0
-0.06865261741407733,1.779540999834853,1,1,-1.4299461347524474,3.3088365094187866,1
-0.7442876504186171,-0.139767819376239,1,1,0.7885804868060421,18.00571255455833,0
0.03049119617122102,0.4334526189928015,0,0,-1.2147968607668453,16.7842266404588,0
0.4875196232439866,0.9040440026108049,1,0,-0.8242851773002072,10.605901444705445,0
-0.33655327834261684,0.326157320768688,1,0,-1.2695534828756896,15.114615294349889,1
-0.7587490076434491,0.2623930279267982,0,1,0.1418485488608995,13.308385420078999,0
0.364511148788666,0.21657132549765862,1,1,-0.19527162036350837,12.712205440125514,0
-0.5868133530744779,-1.3816614806550687,1,1,1.035204001467123,11.600755166520473,0
1.2871376521248301,0.06873951870115103,1,0,2.2620858426313046,2.9385669498061273,0
0.9284482968294722,1.052549767643307,0,0,-1.1870988125002617,4.28117491788476,0
0.387621221017765,1.1460773477017205,1,0,-0.9703803142208814,18.209399372302595,0
1.1092372870719234,1.4801782689090233,1,1,-1.1940658538420337,2.119256731469013,0
-1.275527028137013,-0.06683551123120657,0,0,-1.1798438605069164,19.497721676981694,0
2.3004643831779577,0.12242329064676372,0,0,1.3724804157353327,12.657185436858121,0
-1.0327384328224993,0.04513459257630836,1,0,-0.2163396091628634,3.5533663373550213,1
1.6479930972150116,1.3500080183624532,1,0,-0.6236099529530525,11.324552051591763,0
-0.9524499432661644,-0.3519158223749753,0,0,-0.36645016819751175,24.183753922672736,0
-0.23041877194245877,-1.9625571349049613,0,0,0.8403697786822985,3.813189341634219,0
0.5827834586201314,1.5627370776728835,1,0,-3.119883412541366,19.00785220502874,0
0.23831371340334093,-0.11387719409119341,0,0,0.37911670363386646,4.328273809044592,0
0.25618598582185953,-0.13076910404844236,1,1,0.01643030222934972,13.927735878281565,0
0.2242542559004087,0.4045357999553988,1,1,0.9858308788309481,0.7783425300319922,0
-0.114481975717289,0.3969009436602654,1,0,0.0032720127087268076,14.657400495553627,0
-0.8701777055495125,0.3020515603026301,0,1,-0.80762488709535,22.413276379747735,0
1.5240943187370042,0.1919572441407511,1,1,-1.1109020966703602,31.86525432787738,0
-0.04236426348042091,-0.43350624865336385,1,1,2.8897277466166327,7.327691116321601,0
-0.7029129663439944,-0.8587682199841845,1,0,1.4602601259968497,22.85508718978067,0
0.5931282044836955,0.07935768621757466,1,0,0.42917128357654855,1.131694497861464,0
-0.5000845182526333,-1.1333837342757782,0,0,-1.355432725100551,26.536590719867288,0
-0.6237830031001865,-0.9609059148704533,0,1,0.09885622368938349,3.0555489367419595,0
1.4164213938238348,0.33954574680848004,0,0,-0.42246180035793957,10.587323753719211,0
1.6342097510968632,0.6689747359158623,0,0,0.5737827057331499,2.8379053960638383,1
-0.9024886081779642,-1.652259818257746,1,1,-0.6511249342895026,8.144166695824486,0
0.9340931936034357,-0.3469670295946841,1,0,1.0480875871865252,8.14850901485256,0
-0.47233002617315756,-0.9724686316040333,0,1,-0.8766710362578949,1.3281937161169375,0
-1.2135804159441954,-0.1159339063562933,0,0,-0.5968148430031429,25.22182348024607,0
-0.7401897413518287,-0.4155886383821911,0,0,1.1492564909382437,2.5646920288609145,0
-1.3412395611411707,-0.7968896702198797,0,1,-0.13592826486871964,6.168179892984412,0
-1.624959430910144,-0.5414091553827405,0,0,-0.9645742848731026,12.580368851459447,0
0.13830414406834773,-0.3157947373211729,0,1,-1.8495233606854251,16.486480520822326,0
-0.9288539262691066,-0.6218192146564069,0,1,0.18962254757796884,5.357448806804208,0
-1.594368597387503,-0.11801141162445339,1,0,-1.338484787967195,18.558950135736026,0
0.03396685808997827,1.0619024051113732,1,0,0.7847590858515169,20.60800214662922,0
0.2005531883154951,-0.261657359613385,0,0,0.4250430615682589,17.69713465390284,0
-0.7310560722386024,-1.1008403553880044,0,1,1.2877291212246191,15.917993110074722,0
-0.7667853753221943,-1.5539756365437785,0,1,-1.424615127969141,0.020392386721066205,0
-1.2070735749726733,0.06585616219280799,1,1,0.852211069495595,13.655252338066331,0
-0.49258053827289106,1.3325649888752593,1,1,-1.828254606744288,4.54706049793461,0
0.9013911832478969,0.9070212550086211,1,0,-0.707076811655826,9.151373140741496,0
-2.330071201157208,-0.634317340718804,1,0,0.39004271102129473,6.069360357979573,0
-0.6716226802916393,-1.0921502238629242,0,0,0.6446526703833404,4.774389965168803,0
-0.5587906902566778,-0.1183884510758978,1,1,1.420255438657972,1.0133374485138433,0
-1.5479367149527952,-2.124619965060461,0,0,0.9545750280690399,1.6896083166382936,0
0.7337570177273762,0.07158186740697903,0,1,1.5577908080918768,25.529893405276052,0
-0.4055021334673847,-0.18520092464388432,1,1,1.2409390334089336,1.8055956026131934,0
0.5308977958800937,0.5133738994289853,1,1,0.3791668742541275,12.022383544870804,0
2.297997900344222,0.5296940991499495,1,1,1.7752936913694295,6.614178640986465,0
-1.3481304023277618,0.2403024429065811,0,1,1.4061238876510909,11.054172445736892,0
0.43551280618637245,0.8074016192062041,0,0,-1.3877764204810679,7.0096116321816755,0
1.4691409163826752,-0.10047781717362769,0,0,0.4658125292195992,0.34442005825565264,0
0.9016770537387672,0.35819890274503563,0,0,-0.7586765094881328,15.149168728223811,0
-0.09678539522112105,0.03342258018697996,0,0,-0.5612541902811982,65.62930438679022,0
-0.30412463776202936,-1.263551546698627,1,1,-0.014638323714806669,0.2519424910390014,0
0.19979955197143842,-0.7293395128086857,0,1,1.4122996500617608,9.40122313285999,0
-0.011638463398957308,-0.21295384079657495,1,0,-1.0154653247690297,0.8070055774371634,0
-0.2558262594222332,-0.693172864612904,1,1,1.5153390107833224,3.5201169230737017,0
-1.0622601685597597,-0.8785407451951666,0,1,-0.2890630624340151,16.78409839672501,0
-0.06921177917157137,0.71599891931285,1,1,-0.4263650823155836,1.2222532204223095,0
-1.6234323243162982,0.037955225229425515,0,1,0.19302442249736917,12.969885470411583,0
0.7413074258495075,0.10731959849510714,0,0,0.5674324620729175,13.972893032613557,0
2.836544031186671,0.7015023899169822,1,1,-0.137829717942487,7.125693005514316,0
0.10294407812025316,0.5215557798001625,0,1,0.05475032369427309,2.5637475063931725,0
-2.6391487899645294,-0.7074023768031421,1,1,1.306249986284699,1.764602489510007,0
-1.2521013646983152,-0.7253544971435828,0,0,-1.7004943609741932,51.4845732594346,0
-0.47079331957148046,-0.04129044374940713,1,0,-0.43273059417801507,80.72163590605355,0
0.1730364128218152,0.5320627314467377,0,0,-0.5498222110414358,4.618038656107839,0
0.11472330673572148,-1.609300548390847,0,1,1.1360086832893461,0.6986270241115368,0
0.713114966395765,1.4579685494667642,1,0,-1.6529318434731668,45.342190219985156,0
-0.11591334077947527,1.6982704114484706,1,1,0.6157758245242422,4.548811000211,0
-0.01196650159880989,-0.4604911596748772,1,0,-1.7930401239461036,5.00588971954125,0
0.9001498206104827,0.30465079071138546,0,0,-0.6692469574719943,7.278896779983211,0
0.408416675518852,0.9492626995538658,0,0,-0.5810795234201003,31.55650245675327,0
0.7316274958667254,0.7953871514282587,1,1,-0.19496981301793792,18.588538556028496,0
-0.3936095886941105,-0.37695381157230545,0,0,1.0448652221093135,3.6838950577753304,0
0.3744263498390059,-0.45219127849364693,0,1,0.0375326689948559,1.81975331778935,0
-0.5774703889485397,-0.6767371883474549,0,0,-0.7098053120003935,54.74295808995141,0
-1.5195577022002758,-1.5045435705972676,1,1,0.9560178519192245,15.552564761731668,0
-0.3725334083385783,-0.33671206767273626,0,0,0.09579531656419583,25.53547630682881,1
0.054777193525737816,-0.3832265621285262,0,1,-0.5132478394968005,9.967858875457633,0
-0.4348657039863842,0.3691638545972957,1,0,0.2412856933765829,12.252158196686983,1
-1.8370854961012577,0.21764477559921447,1,0,0.5012320588671269,56.917793856524064,0
-0.5021007557645015,-1.5403901663421922,0,0,-1.3315099478663133,9.82848426438974,0
0.30451731384110975,1.3572626504282062,1,1,-2.680948632179193,2.4046003225015817,0
-1.2007943225689202,-1.7050914702683895,1,1,-1.5061214775209641,19.82241035315232,0
-0.7363968241174152,0.8556592179398279,1,1,-0.8215169577263357,3.7307121774591976,0
1.9075506391442165,1.7348997434055793,0,0,0.665891426492338,19.85115285752873,0
1.3253959264025355,0.23335827407390053,1,1,0.45453784480808695,8.701930221580321,0
-0.39423039272562127,0.6656067376789967,1,0,-0.08572180505276467,1.9128485171940424,0
1.0718216971792893,-0.31675921836653087,0,1,0.8261326423876683,12.152016910302967,0
-0.7971629990067177,-1.2043846720796054,1,1,-1.2520027378706522,0.1180453011788843,0
-1.090491312352134,0.9136293628875523,0,0,0.20022277677322925,8.607682788729793,0
-2.3490859793921097,-2.985617086938619,1,0,0.4219709593663313,30.45719240930089,0
1.5100066993120984,0.7820897557969094,0,1,0.8613355519270418,13.012985875922684,1
-0.9540900195229989,0.12349465618710609,1,1,-1.4976197705771064,0.5672394897551409,0
-0.1028426708023135,1.230689706830179,1,1,0.6118439833792909,11.073787697317005,0
-0.8792646607926555,-1.4023310633806738,0,0,0.18571047583616823,49.840378802117726,0
0.4443326140750877,-0.6104723985087427,0,1,0.07814186300601224,20.89759295634657,0
-1.513456760985063,-1.0802553873681857,1,0,-0.5460607768164243,29.19942622730515,1
-1.9898909888193694,-1.2435707834654608,1,1,1.0601156524978552,2.0577177111893525,0
-1.1228760663471964,-1.6944874049913599,0,1,-1.3396164858502455,14.463758330321353,0
0.7226119538728913,-0.09597290110845219,1,1,-1.2167818999992144,3.0639683202677133,0
-2.8685075966655456,-0.9997910375752073,1,1,-1.2055140666763375,2.931950896793922,0
0.5223310352886761,1.5516549874820456,0,0,-0.23169728913782908,21.79806854437361,1
-0.30431496849174205,0.08088817530834533,1,1,0.7942102873609396,0.875151548555507,0
1.0759165573381277,2.4142483366583396,0,0,0.1661883447352923,5.9632960614761235,0
-0.9561236578235369,-0.033373721225981756,1,1,-1.7204854751701093,10.86054306927964,0
0.1937269219147864,1.33704370322337,0,0,0.40000086919763084,13.930627839164105,0
-0.38492414846316453,-2.32758853483052,0,1,-0.901351753127786,0.9117000441528414,0
0.02961768017728131,0.32340278520895327,1,0,-0.6214771064227824,5.2512805252432075,0
-0.7946078734543303,-1.007365776765069,1,1,0.8175813116963082,17.064605751403164,0
-0.2931786685370674,-0.5340550997440663,1,1,0.661769937430983,7.407736364144608,0
-0.6811616943651732,-1.0435249535250066,0,0,-0.11485623726204815,33.68715303172857,0
-0.03983271179872446,-2.2382318623497985,1,0,-0.4301110337248315,21.057769815364903,0
0.31988029144312724,0.11077665594633915,0,0,1.07491810032176,26.135410206277125,0
-0.13470879391007545,-1.0767666129613405,0,0,0.27374057150798564,14.93351945900419,0
0.23378837394376067,-0.8108900524045785,0,0,-0.03869416288087222,3.6876025775017593,0
-0.10764444023491762,-0.073570305348162085,1,0,-1.8766754711598772,21.230248420224864,0
0.2662967239480105,-0.2631741336512369,1,0,-0.3577228294765148,7.830509871452417,0
0.27032415435160567,1.0802587203818177,1,0,-0.9356164718792536,7.021002084478152,0
0.2197212337580701,0.3453713380639876,1,1,1.317354424214982,1.171499615229598,0
1.3028976203621325,0.35387015307534525,0,1,-1.0370928486152173,2.161334023252095,0
0.7510669992930546,-0.6364384164751178,1,1,1.8624984338764905,1.4026156334914233,0
0.7760500627519903,0.4983195147240842,0,0,-0.448618257857831,6.927700373327909,0
1.5554299992567675,0.6938690451989658,0,1,-0.1127497363654356,1.4764890468157092,0
-0.5580420525745811,-0.3514145912089093,0,0,0.9160976168121958,7.069351823878948,0
0.592746827963038,-0.29229678440696444,1,1,-1.3028023938880724,4.169549490909784,0
0.3990648051998791,-0.32410779641489373,0,0,-0.7484579390338036,1.9650288810528143,0
0.9743668774803788,1.2984867928044934,1,0,0.06678127682174326,4.567353421333446,0
0.15165889883059447,-1.0621457428341392,0,0,1.8231605967648046,15.960687778613616,0
0.17200696830119547,-0.06137840954731057,1,0,-1.9164312443736902,1.3075414770843656,0
-0.5666392603214501,-0.37757901593545695,1,1,-1.4322775151471738,0.1911331758261618,0
1.2576030142419605,0.6493202698363036,0,1,-0.27638859345668243,2.563646072907685,0
0.4945105871050085,-1.1545611488076972,1,1,1.5569224348633264,3.8791118216032126,0
0.7896882425169522,0.9531285084917362,0,0,0.9088161511880494,13.619559209120087,0
-0.2770319921303653,-0.4919129177217735,1,1,-0.31534717806800766,7.792621401375688,0
-1.7100159901822825,-0.013130979132114029,1,1,-0.7298390282772683,4.37445932434914,0
0.5700941523094935,0.20341553725672423,0,1,-0.46796730504465484,14.695938127027514,0
-0.7817583908219491,-1.2151670631576108,1,1,-0.530826380873674,13.67025596925787,0
-0.21049448712108948,-0.9274379316709044,0,0,-0.9112112670169004,22.298098666857534,0
1.5026634166658486,0.7435675989259076,1,0,0.27343759743708934,8.257683439102319,0
-1.2057562069075267,-0.5323421549401363,1,1,-0.1517820768795626,14.428408459160744,0
0.2669217870505191,1.2540528769878023,0,1,1.1387052184873856,0.9416979648456275,0
-0.3415695621376216,1.8515631511808053,0,1,0.9509095021142269,4.4309742942823664,0
-0.11804555018884114,1.1243396882876504,1,1,-0.5085407011335606,0.05414125922682914,0
-0.4476224154937233,-1.2981444778432163,1,1,-0.15601423881218474,1.194457082815456,0
0.37114352967742353,0.37552720866256395,1,1,1.4616882710795136,34.780854067303046,0
0.6079750490856861,-0.060711985367416677,0,0,0.16558754382723193,3.775873309222926,0
-2.5155467701124037,-0.5895845384325471,1,1,1.1385910695004577,1.7688930300671937,0
-1.2519248020658011,-0.15836671372378108,0,1,-0.6908495793075166,9.486932619204417,0
-2.116120435076711,-1.9165819282787182,1,1,-0.7894603921210036,0.8484951730639667,0
0.957082325301554,-0.39951805582468175,1,1,0.1199906025527464,2.63959337014714,0
0.42858759328749596,1.6767367635772534,0,0,0.8796188744476287,24.492003970405467,0
0.8306616379174933,0.24785825479180942,1,1,1.256469424457936,0.4426154707732436,0
-1.7205980174214286,-1.3926648045138923,0,0,0.611361788255248,9.793414473539839,0
-0.4101243430863133,-0.46776194561441925,1,1,-2.494679048170322,5.304834337236908,0
0.14725954549459375,1.859222791842777,1,0,0.9596139892685052,14.839737257272494,1
0.39055846878907485,0.18364286294803006,1,1,0.21800409841823157,1.297425600149953,0
-0.23220576102794915,0.023541829900987854,1,1,1.2301386593979542,3.839280786597338,0
-0.009963966421188233,0.18037642425211156,1,1,0.08113743555372635,29.116544356997817,0
0.9068548067200675,0.8518599537292708,0,0,0.05758012014007519,6.72581212940449,0
-0.08193967322650082,-1.168936193964562,0,0,0.7762317339610735,0.21345838876566797,0
1.1134949348923102,0.3298161115188832,0,1,0.2849252975749736,1.7847051929341669,0
0.8084686450462332,-0.9838485580719434,1,1,0.34475612529225724,17.976217454752472,0
1.2764557513200612,0.7786366394059533,1,1,0.7392947074320019,14.16783243785072,0
-0.6679299929992512,-1.278355369639863,0,0,-1.2156729798908936,29.292792641285455,0
0.8359964670478508,1.1549469920390687,0,1,2.6554202158208153,0.27347278058821256,0
0.5172153352433404,-0.00974288722079375,1,0,1.5821917447076925,7.570339257705641,1
-0.5657034468504791,-1.1891223047544466,0,0,-2.000672595128915,14.002849189748446,0
0.6446936596422861,0.003551358548695205,0,1,0.47349976926816567,8.627602304570821,0
0.3476909068948941,0.0909199714834352,0,0,-0.15248681849792525,53.15215251998892,0
-1.9742541174178285,-1.041577350496223,0,1,-2.2652735779398028,7.536433000291551,0
-0.6011101633319834,-0.5442324419220343,0,1,-0.014084493270733063,0.26921918132235373,0
1.1914512145801233,0.5439683125034778,1,1,0.19576537327204196,10.032609749006905,0
0.5075767949854196,0.6720503110882633,1,0,0.7003725038222992,29.79698589775246,0
1.025114279977503,0.46892833590461175,0,0,0.4292305541799693,11.963075203645204,0
-0.3907032183597098,1.269274916930758,1,1,-0.03299366959417932,2.3852480392632582,0
-0.09614888974640214,-0.40710688107168536,1,1,-0.4354758231759853,10.239353282330995,0
-1.6340004805909978,-1.1709067956775145,0,1,-0.22607701537829367,25.09032705006695,0
-2.5718001366772127,-1.5191817146848186,0,1,-1.0146157550605843,4.891007352782336,0
0.7015916273416835,0.5147784538026277,0,0,0.5494245739461516,0.46303205371678496,0
0.6888762948092789,0.4749514875855385,1,0,0.47397596237994866,7.632149646606814,0
-0.6789401426427707,-1.768069007651189,1,0,-0.578380174912331,4.4081567805984205,0
-1.3965740258029715,0.7365468496371421,1,1,-2.1859192455371903,6.579327448311128,0
-0.5883539442486132,-0.9762276255250368,1,0,1.995716137062819,15.543855235704532,0
1.124316626483608,0.6595094255145019,1,0,-1.174832947196053,0.3055082763377235,0
0.017396277057571668,0.3449159765270034,1,0,1.7012583514998862,15.901692286979232,0
0.03802425888617517,0.9825742217608484,1,0,0.9015067257101629,4.243771920401456,0
0.3079571504714905,1.2518415484633836,1,1,1.3485217033276367,3.952752584694698,0
-0.3028082881222889,-1.7812421571288264,0,1,-1.218883530712283,4.0062080056852265,0
-1.9833530977656815,0.5926094431819247,0,1,0.007144422537137826,10.130083836879468,0
1.286818272870296,1.7109317138371127,0,0,0.6745021969079846,2.4917722311021326,0
-1.4181577522084612,-0.29793493577782365,0,0,-0.5540743158555154,1.1523350469001739,0
-0.4312594136132641,0.16490946675385823,1,1,-0.9013697649177101,8.260071737897269,0
-0.6716872117248012,-0.8140101975915279,1,1,-1.2342053841204585,12.716142738205516,0
-0.9193959968531829,-1.7850023845847462,1,0,-0.8635998619397337,25.395177693086815,0
-2.3213166474794913,-0.026131184257306206,0,0,-0.08572424392256021,22.622225184308014,1
-0.24939259648188847,0.2261619819063389,0,1,-0.9392715607888332,1.5272047967443512,0
-2.046185076900587,-0.63403492161312,0,1,-0.7529743533281593,16.5997927115954,0
-0.9404218524733982,1.1080145462615016,0,0,0.26480025427831105,15.640911018283756,0
-0.7633329265286737,0.2974688529069539,1,1,-2.56122767875656,2.278737002821248,0
-0.40788268641848147,-0.8872510506003316,0,1,0.5872326755789435,0.6156180710260009,0
0.3327037934015208,0.7598922772958889,0,0,1.4643222225991457,1.1222253477108375,0
-2.200726083735583,-0.4694421780972622,1,1,1.964238361086249,7.5763252676107955,0
-1.2048616548364341,-0.8935676080846235,0,0,-1.280831108591293,1.2975462978563395,0
0.224625034474559,0.0992194139606324,0,0,1.3126939926752137,8.761384326363904,0
-0.39750705952584797,0.5530506996369864,0,1,0.13470391151180225,0.524565211749423,0
0.22608552218607403,0.13004327139028923,1,1,1.169011289313961,6.743211374196339,0
1.3000059651645661,1.1899563892286167,0,1,1.204347185106709,4.293873436410346,0
0.25258575616851003,1.1491923812732627,0,1,2.863439768507769,8.083081783844477,0
0.7513835666969761,0.20366216677208718,0,0,-1.427392794651439,26.97393562659012,0
-0.40072706713039646,-0.008594143199433912,0,0,1.333364677687816,0.5419305996828946,0
-0.6781307224729246,-0.5353375694113971,0,0,-1.4659944390809463,25.59230212926016,0
-2.1940932743501205,-2.179368326749902,0,0,0.43826150557092225,8.118769457872913,0
1.3195256289827444,0.058847706463227456,0,1,-0.25173879254094017,8.585926650596264,0
1.5355622936323328,0.6242519239665076,0,1,-0.34837655571355747,11.799073110533291,1
-0.6559985339749417,0.13543223239798025,1,1,0.4668760385792043,16.369145401373004,0
-0.24152034781036164,-0.04751368729786021,1,1,0.30672020632770913,8.337452267266551,0
-0.279999749359745,0.5620082679455316,0,1,-1.3400828333396086,5.406667992181018,0
0.06295585869605147,-0.957726074041885,1,1,-1.0150349451955885,2.5092759291257787,0
-1.044249142571964,-0.1779765132508353,1,1,-0.8929602644534143,1.0476484701410536,0
-0.3925018657272494,0.7503588783630869,1,0,-0.05160995402857937,21.116996230435433,0
-2.0898803635597325,-1.1836785305757513,1,1,1.8489000512447658,17.06700720015759,0
0.6884000476484055,0.5071147037436727,1,0,-0.17189596974345256,6.263387322537682,0
-1.5969471680394995,-2.257703708461681,0,1,0.05045919839871386,2.55181108286131,0
1.2877304301454955,1.107820907748237,0,1,0.5597083108797588,16.664558675233025,0
-2.246154396599016,-0.22107698208976934,0,1,1.5134463512263843,4.2389636796329855,0
0.5027649238788824,0.4636079807222428,0,0,-1.6845459218294385,6.5810051256074376,0
-2.2573965431606364,-1.6422170126951332,0,0,-0.29938384489681047,35.0064233602557,0
-1.2533729392939699,-1.6534516738871214,1,1,1.5630274715147319,23.341719407518752,1
-0.7331487660058399,-0.8446231734559029,0,0,-0.2889199941086758,16.530473411398248,0
-1.4502753097397914,-1.1281952171892522,1,1,1.4743562797940284,5.856626055172183,0
0.4387476798790266,0.43120482330183274,1,0,0.7511965704119947,6.480848966457664,1
-0.5828169889966504,0.72998495374963,1,1,-0.5071374275144325,5.776325553736121,0
1.1336433602893885,1.030355645889225,0,1,0.9015425953709927,24.760847914099294,0
-0.6355561057296645,0.095079989250545,1,1,-0.6002452631861301,2.680828997529308,0
0.1175081829310703,-0.4370953059987124,1,0,0.9828919112673166,7.2165524285476055,0
0.8097621619491038,2.2199620125849435,1,1,1.1622852185658474,5.428951581651986,0
0.3221273928093123,0.04273614904379361,1,1,-0.16382266895329145,11.343809951681195,0
1.2226230144046308,1.3491949878528202,1,1,-0.8098623358321461,2.2352121494474613,0
-0.3424560511263475,0.32384849992049725,0,0,-0.5354973702196418,5.230414397883022,0
0.9554568527220161,0.7988578817074554,1,0,0.7354094188623306,4.842902430805219,0
1.313887293795761,-1.0617036148817731,1,1,0.5064155510204785,2.201251870240079,0
-0.9446657317779976,-1.0538900427040354,1,1,0.08858037332668021,7.892943315155471,0
1.4068629240865862,1.4046037280958026,1,0,1.5522878850861526,39.67668925201149,0
-1.2290137939434485,-0.4962573465276445,1,0,-0.46310602676105184,10.333330356113878,0
-1.5581506814428694,-0.49010761298176353,0,1,-0.1803438526210289,4.700316915012804,0
0.8511304919533296,0.5262446520076263,1,1,0.1127422405442019,8.34690254890936,0
0.301391225955576,-0.22411970985399832,0,0,-1.5199486268509308,44.681243607872844,0
-3.0108612081773116,-1.2554227422450734,1,1,-0.4996057870792131,12.796815221178749,0
-0.956509264788623,-1.2712879399468773,1,1,-0.1314540894500798,5.196932393707571,0
2.0274455081138143,1.2688519601202435,0,0,-0.0028454901503129366,17.830797437148252,0
0.07689483130376637,0.3314276528330723,1,0,2.1506588354850864,18.241918761859928,0
-0.935493758488193,-2.30782770131294,1,1,0.41716102207674516,1.5650046689399635,0
0.8075829027801193,-1.3664213302826171,1,1,0.5913413216842281,7.698796017666938,0
-0.5248482559635711,-0.7610625729783751,1,1,1.9484627270203272,20.302340849216176,0
-0.07802214130771817,-0.11367626682193838,0,0,0.22333082797195264,2.0504221386944166,0
-0.6472465327116218,-0.22487353402061488,0,0,-0.24298267781956953,44.20448085955144,0
0.656491217364511,-1.053702691153502,1,1,-0.27760586072511456,7.348135787385189,0
0.6850458387384052,-0.11459963254119582,1,0,0.0714491815427167,8.979812429275777,0
0.08557175720398084,-1.269432272078989,1,1,0.020188259536508674,5.793230484290799,0
-2.15905364070633,-2.3965611766727806,1,0,-0.9672114947268414,1.105948762255379,0
0.4724540436194752,0.008865462032533605,1,0,-0.20060533951408127,17.935797881550233,0
0.5865533047976101,1.1963162568033145,0,1,-1.6810118350202476,0.9460773717433217,0
0.3111199222891299,-0.024397039050197383,0,0,-0.5665562803074929,4.067107655116466,0
1.289373196764969,0.0933799061337478,1,1,0.6532839357590294,18.09940429625488,0
-1.0072513743325464,-0.7069495317308401,0,0,-0.9357028594870973,1.8892935800983097,0
-0.7680453361069953,0.03648163481868033,0,0,-1.2293369924454696,36.220716360243834,0
0.7394396278704037,0.4112878268153263,1,0,-1.3312669322624164,12.16733214384168,0
0.7304080294636848,0.11070522013326811,0,1,1.0013240985606426,2.5028931138053077,0
-0.39495051033090506,-1.5423597602162664,1,1,0.06064228077111902,9.69403026368759,0
0.36213028671590747,0.4108607003770368,0,0,-0.6812095696416556,9.502588975632893,0
1.8850488822522877,1.9645058561613813,0,0,-0.8432475764309338,49.12896467620395,0
0.3270416545039656,0.09004807540153048,1,1,-0.2921419929058943,13.836563428310455,0
-2.1685180293650523,-2.544654354211902,0,0,0.3094347777309292,12.541821977442677,0
-0.21888064078804606,0.40136685568331737,1,0,-0.09397892987874598,9.739069736695273,0
-0.4472958490854254,0.1914786277595646,1,0,-1.646211920908409,3.1509703629821577,0
0.11815764986919224,0.6350918907567482,1,1,1.6605390327496532,1.8012399310964315,0
-1.3757431794053632,-1.660658868215842,0,0,0.30437093708193314,9.246276614402788,0
-0.07355925961980868,0.28782261913228224,0,0,-1.4322648255358112,17.506715280449335,0
-0.8669540992855412,-0.9646866006550769,1,1,1.6439035567880826,4.2565578685907814,0
-0.7823238029904316,0.3762321150225397,0,1,-0.8117939336145016,4.694083837994928,0
0.2559477317106769,0.14296316106879325,0,1,1.6560844908329948,7.771399008381491,0
-0.3998047751651637,0.5411739540177789,0,0,-0.05127790979985398,2.898886091930817,0
1.3312041862670771,0.2507585737531967,1,1,-0.9065254709438577,10.438909536571453,0
-0.6312596143553901,-1.5549520236771601,0,1,0.10312989610681826,33.53526526241778,1
-2.697579308173642,-1.4543530536178693,0,0,-0.39493432873888734,49.48192853354926,0
0.6955356734069738,0.10808900338294364,1,1,-0.8587387142295471,24.82142636146998,0
-1.3155254889877872,-1.6324647753290982,0,0,0.6171084952339522,5.040038778552885,0
0.7793333612572882,-0.3832177811789433,1,1,0.673384091188544,20.34882794127149,0
-1.2769806526813026,-0.6288978287009863,0,1,-0.49861769107079906,8.274879788729185,0
0.8585696983094883,0.5988952962205578,1,0,0.8916093094571441,5.741794844943497,0
2.218656949910523,0.9190546198971878,1,0,0.2603992814392043,44.82800748178896,1
-0.7325609755979787,-0.3366601258693826,0,1,-0.6884406472048241,17.51667344963671,0
-0.6226178662825448,0.5210934746495848,0,1,-0.5734118335196762,5.839582931088881,1
-0.5056213254239267,-0.5969598471040667,0,1,0.5270181917576456,3.716450401723728,0
1.6537334983794658,2.0019513504110966,0,0,-1.0887250285797767,1.2092328068434384,0
-0.6714605395436837,-0.6560362197818068,1,1,-0.2803427672431458,7.487998070767949,0
-0.15918326285112275,-0.13239108826279355,0,0,-1.9582951609617596,22.757743076996462,0
-1.6616735090660741,-1.1060222057971754,1,0,0.049496650296837155,45.17812675446377,0
0.34334905461113546,-0.2389498997136942,0,1,-0.9431628218064497,8.792955103372252,1
-1.1485457210572534,-0.5181091093312984,1,0,-1.5243401378814894,12.295375096096826,0
2.2128034062202837,0.5795424887860936,0,0,0.6607228141304039,23.305756021410783,0
-0.7129217560496973,-0.5013223611074883,0,0,0.8257505015276594,4.29819758953104,0
0.8565005082149222,-1.0668446485007952,0,1,0.7501541575998784,4.669478701969433,0
0.4190676106487839,0.3293524236599416,1,0,1.211757754610187,0.06202345734394082,0
-0.7217680353285146,-0.24505103973313241,0,1,-0.3271005231317087,4.179033750604945,0
-2.1260552068648906,-2.6415600963405788,1,1,1.4558845664915285,0.22679575871390506,0
-1.0112435009162728,-1.1945147966518639,0,0,-0.6562546087372775,15.742212034874713,0
0.054649030366238555,-0.4973073609273263,1,0,-0.45655322999285347,27.8748463176473,0
0.016561422801778553,-1.9551695793178325,0,1,-0.3897277407588527,0.6027728839648115,0
0.09311350870431102,1.0279638537858053,1,0,-0.6779545363899487,5.901081195149477,0
-1.1639408020511708,-1.5220149817425281,1,1,0.333403490066137,0.9134368740194063,0
-1.019960481743685,-0.4276464075962292,1,1,0.7020650640758738,4.99630966264415,0
-2.4749873373355444,-1.9947610632212844,1,1,0.12103819295605575,26.00786647833635,0
0.3577904278922565,-0.095211522139408,1,1,-0.007781015020434531,8.241829792265822,0
-1.3900512477536944,-2.1006869380143485,1,1,-0.28392225995924414,0.638087662385634,0
-0.6459205658452927,-0.9111921400372881,0,0,-0.31537396499785986,8.266400165021624,0
0.0706902754865051,-0.17115271082404704,1,1,-0.44960936122743755,20.871737575758637,0
0.47262166295285085,-0.23036354899827208,1,1,-0.0481542349388759,16.593588172023544,0
-1.1931803395231138,-0.8767123227012759,1,0,0.2508556484589172,6.727705490281065,0
0.6039854106533589,1.4434989281381796,1,1,-1.633495017020852,15.332665198146158,1
0.8163260966497587,-0.2871380767252769,0,0,0.689411406946016,4.946862023650522,0
0.6461316123572308,0.592048798052426,1,1,1.2767914084716567,3.3064114873273125,0
-0.3925768601297559,0.30110400809809545,1,1,0.6707738472070408,10.044457103788693,0
0.0648921460210582,-0.3572008391420896,0,0,-0.6491241513680124,61.4882089776613,0
0.12407247322134456,-0.22258503362844975,0,1,-0.8913739474778817,11.30356463107673,0
0.8769846529586746,-0.8287049403941011,1,1,0.12835805194297117,28.547528680794326,1
-1.4457198593107246,0.15919047981163648,0,0,1.188218951565357,43.594633986414514,0
-1.6211801414728144,-0.6057975901381835,0,1,0.6846974512896268,7.4228023765163265,0
-0.21109429375115296,0.03840423580644714,0,0,-1.3593384798169945,22.855253492166128,0
-0.6546370001689343,-0.7982406622451111,1,1,2.5049309127417585,4.010765018155119,0
0.43303631496653006,1.5406565911608718,0,0,-0.33142071019472497,3.825942170587382,0
-0.4128004667462863,-0.09572603026391525,1,1,-1.2032003415921528,16.016284657568058,0
-0.9584178570462236,-0.6351635223569936,0,1,0.35595085513032615,2.271858968789844,0
-0.4810277792064611,0.7224179781075786,0,0,-1.4623566781654063,16.47084173944862,0
0.7731206211227936,-0.05475359382297146,1,0,-0.48813650383394974,10.886150112303026,0
0.4780341321561346,1.9478944314580329,0,1,0.9001662648144506,19.507966738511488,1
0.42106629633658155,0.5566191089912624,1,0,0.41487288336748773,21.714047779617143,0
-2.000256288022264,-0.5486213445005207,0,1,0.7762003182984794,20.179570575621355,0
-0.061566985361058535,-0.23478432264052967,0,1,-0.8119110610172761,18.04041406481869,0
0.3887869896745611,-0.7491100410906463,0,1,2.656752822140515,3.174068553557792,0
0.6287505767541378,0.19631951681591497,0,1,0.012551721926786679,13.002156261584869,0
1.5548783332066258,1.0141150759034305,1,0,1.6227306909841637,1.2114680570762777,0
0.11879502259051898,0.14549906161495343,1,1,1.048019729391953,7.913420198332138,1
-1.2729058670389481,-1.3326312004414076,0,0,-0.7287596988878142,32.602397275327085,0
-0.36577367209019157,0.33571422715969135,0,1,0.10763360443255765,4.206987807284585,0
0.596992990452093,0.5641883920931603,0,1,-0.7713291611611685,4.258732583428736,0
0.6043491255586008,-0.2168573565894461,0,1,-1.7633109738705515,3.6572333793026766,0
1.4960363600968611,1.7070658928954945,1,1,0.11800050487440442,0.2269441055993692,0
-0.4965899237282575,0.27647255422859135,0,0,-0.7614643682675478,33.300186248159896,0
0.09688282047543154,-0.5246934551934146,0,1,-0.6492684315168555,29.59590948156495,0
-0.04748146295836861,-1.2133656319521609,1,1,0.4633938440340792,11.643467823842737,0
0.486186615074449,-0.38323277843109005,0,0,0.12958804835898968,8.834620031087752,0
-1.1073294619592469,0.1339760119465867,1,1,0.7432387237236168,12.610940452410984,0
-0.27182005614963756,0.0723826827506755,0,1,-1.3246378472107487,2.99143305521841,0
0.4272051076387043,0.08762278659802433,0,0,2.260791531041953,38.4160770535464,0
1.1917927064598317,0.3317533869358033,0,0,0.3817411499523095,2.5191194841309104,0
0.6541953180452901,-0.5667090951575005,0,0,-0.19683887960792684,11.877659124314828,0
0.37559884981600083,0.934927343343328,0,1,0.672900098882353,7.457993402113756,0
0.46789851482860084,0.12097860372056256,0,0,1.4072243503906812,19.744133408678184,0
1.4364538685253616,0.9698874574984049,0,0,-1.1846035763769556,44.90233396990695,0
-0.6299074903376797,-0.7944342667224065,0,1,0.30620003443590804,3.8313290636528854,0
-1.5120019485267833,-1.9395738032282215,0,1,0.17664671360204687,17.786645173547935,0
-1.4323011703643358,0.4048085357142779,0,1,0.9624968463917983,4.005788884436395,0
-2.35992279980973,-0.5292391217124929,0,0,-2.321795090746878,11.14748720350549,0
-1.224371896411511,-0.07935139503314126,0,0,-1.2051666661535458,28.487890674520646,0
-0.6130542199295662,0.2669976058282664,1,1,-0.006970987015569411,20.958610236066313,0
-1.0314912436654124,-0.32107439052624764,1,0,-0.8513784846007942,5.634325685244552,0
1.2918975710730096,-0.2301016102264627,1,1,0.8585358071101318,23.833132407190096,0
-1.9468039923583498,-0.7775533775763928,1,1,-0.09784317498822534,18.4161296493086,0
1.5710545010144656,0.7666961091775261,1,1,-0.9789408548625925,0.9838183697335379,0
0.7270944235139274,-0.8532468177576099,0,1,0.06276151745242417,18.948219037541975,0
0.4267301164397346,0.5800831344688797,0,0,0.827061401392311,4.005368467512093,0
-0.6655169382333687,-1.5669100885899756,1,1,-1.4872027886228978,3.8921018555863447,0
0.787917095357435,-0.48647175649137897,1,0,-0.3214033630568764,13.198934237715848,0
-0.9406483573742437,0.27844087462407063,0,1,0.7897145647288658,8.40925630913608,0
-0.31263723108954744,1.479190192655617,0,0,-1.2407510728492008,24.944254349608617,0
-0.16957236379453208,0.005464603646820901,0,0,0.6097513262013153,1.1056825593213917,0
0.3057721796338061,0.32131713593497313,1,0,0.1287510742091014,5.181343821960763,0
-0.17254846221507403,-0.6517722458885473,1,1,-1.4772482021307398,21.46177819917165,0
0.7809238853344243,-0.2760298323478233,0,0,-0.3230064053707829,3.206786990298132,0
0.12381378705985398,-0.9600748215226116,1,0,0.5200396390979722,5.165398461251963,0
0.5257506962818671,0.08959849837958178,0,0,2.242099936936236,1.5482416306066618,0
-1.6658712869694485,-0.2998525004822098,0,1,0.9894669979996826,14.269002174096512,0
1.490061509616645,1.1943084158050143,0,1,-0.42169998482148213,8.47430434663982,0
-0.2809137009942969,0.2287513208533547,1,1,1.041272029799609,7.8401191662949135,0
-1.0709398036543107,-0.8033655439896641,0,1,0.05597493640764345,26.854648021374913,0
-0.48365979109767726,-0.8597768479909315,1,0,-0.7663673403961472,6.065146475672111,0
0.25668258440426683,0.01432783517204328,0,0,1.3250512888776327,10.538808573225898,0
0.4522064917343235,0.7467556599656886,0,0,-0.9104698488404925,7.091455008355665,0
0.5974057477119857,0.09371543186157913,1,0,0.01770225137350649,9.008260902346015,0
0.11449696813483966,-0.80061501893865,0,1,-0.3523121606386785,2.863865301424108,0
1.31574465532943,0.17808503695150674,1,0,1.1891005919450937,20.756690230397556,0
0.07128126608002966,-0.9934012417101662,0,0,1.014244838378774,1.1063126416562528,0
-0.5671104395058714,-0.8774111723574365,0,0,-0.9383896705396256,5.480337943247121,0
-0.5024160071058378,-0.9187220851320932,0,0,0.7091419469196995,22.155807437826976,0
0.905395927646012,0.5884893303694345,0,0,-2.2423676503563255,18.61586016092492,0
0.9959940141941234,0.5064272566371286,0,0,1.9675443297245603,11.943723665052389,1
1.1239399128734653,0.8871379747127042,1,1,-0.0878926806122287,2.7875615854209705,0
0.2926874429889987,0.5518720350866353,1,1,0.4472660682341681,15.887556357626408,0
0.5862320667898069,0.3546969122080702,1,1,0.9881155755110712,3.249201545998551,0
0.07979624605096212,0.3129396365225312,1,0,0.1416025115368521,28.05730938741614,0
-1.016140836659725,-0.9281001863178082,1,0,-0.13621133420608728,0.6987725169407711,0
-0.1545317351955157,0.25999750233174207,1,1,-0.9257568234743079,18.404359025784682,0
0.5235070439586654,0.41526261364385086,1,0,-1.6284014030830773,36.91523034646175,0
-0.6927189980029471,-0.6669918200659426,1,1,0.01946460638369404,5.2708525794618355,0
-1.2418515165221926,-2.1160597778716497,1,0,-2.0457557461172784,8.368214209856252,0
-1.2830661868078954,-1.5721861972066598,1,1,0.04740350035054745,7.833416359657856,0
0.35195987539083445,-0.136907089381029,1,1,-1.326880348205136,3.1228364747750534,0
0.2416438473495713,0.37619538167588057,0,1,1.0879309129028907,31.310136484564307,1
-0.44454126361282414,0.21245091377144085,0,0,-1.5490025437809778,8.812563695612205,0
-1.1983776763217424,-0.8270588213221874,0,1,0.046234759162734236,0.9641598289094521,0
1.2554914804188215,0.34934672714304416,0,0,-0.3840482636249393,5.636568557434982,1
-1.9111221402623289,-0.6472178922645664,0,0,-0.8064531520965988,26.50523362244874,0
-1.657631109947635,-2.4860833854488216,0,0,-2.5668394280312117,5.440457245821138,0
-1.3720609673747455,-0.5129791517637515,0,1,1.0455705924772742,1.8538163017644578,0
-1.0736058349339521,-0.6057431604174592,0,0,-0.616975408527796,8.112252523601475,0
-0.229971391881526,-0.4959671390141134,0,1,-0.18813055756504327,7.494404927774367,0
-3.5432931127980507,-2.3602092605025695,0,0,0.8137290729045267,24.074519232832525,0
-0.7697212327932286,0.04576115177291595,0,0,-0.30604239516701087,10.246872487860998,0
-0.8695924057848692,-1.7234507404268304,0,0,0.3306419916301496,2.0923631326329577,0
-0.5803590885916243,-0.7553676248303735,1,0,-0.6553553151127405,3.8827735539454693,0
-2.0521099689615574,-0.5594092236887407,1,1,0.8435940832740756,10.297028662038448,0
0.6035393485012691,-0.973240393150141,1,1,-1.069674004922789,2.8299586512072725,0
0.27102427082253655,0.5593399306395259,1,1,-0.026120994232808704,1.6887393848593908,0
0.006444672520343797,-0.5948239331163863,1,1,-0.7338964443654841,3.927540518826254,0
-1.5791530451340376,-1.5092130128970376,1,0,-0.4445590163139238,29.273783527489606,0
-0.8179953211481117,-0.28546352956381565,0,0,0.35842559356029935,13.448060338766188,0
-0.22601073514463854,-0.15584411735082454,0,0,-0.16863245110485783,22.472823210978046,0
-0.45267012563756315,-0.625664847571554,1,0,-1.4756949091417795,29.48886689197259,0
-1.0694055458397091,-0.12441243084793485,0,0,1.309411367886609,52.42725513921991,0
0.5159037093284643,1.5901597918249797,1,1,-0.22903632145867336,11.296491629901277,0
-0.398976544536705,0.698459728181611,1,0,2.041979031130925,11.337562291353853,0
-0.23104591302758196,-0.24585035921241416,1,0,-0.9509112556742119,0.8219431005669238,0
0.48213011061348965,0.939958533021681,0,0,-0.9051144877046263,20.034425914849837,0
1.2954812043064445,-1.0912903037448878,0,0,2.190580805981616,1.9073420750867291,0
0.43868733992039316,-0.011056727576050723,0,0,-1.3373989499722767,8.470010119787803,1
0.6160422971120564,0.6741388805255865,0,0,-1.3109772209033836,17.952330136373863,0
-0.9944916145531641,-1.3844186928413236,1,1,-1.838273974921037,8.563086506692741,0
-0.4910060448512059,0.12704251813696688,0,0,1.0388974334895387,33.021712972652885,1
-0.6271475855462162,-0.06298800070372479,1,0,-0.18766807932262147,13.244041048679437,0
0.832525055386457,2.0985382931283527,1,0,-0.8667300400004488,15.439215741844306,1
-1.0899923448965747,0.23890446966773327,1,1,0.7718628423399236,17.017958332782676,0
-0.303984815251179,-0.3780930084473375,1,1,-1.068282213770626,2.3151535520378124,0
-0.9425959101619686,-1.11306947200859,0,0,-0.17084690514166112,37.71831280140747,0
-0.5383716420543971,-1.1839373396307553,0,0,-1.028918223757139,5.391677094752239,1
-1.296778692164269,-1.6732681145720618,0,0,1.2493731124404144,26.087965970677008,0
0.03948004464256414,-0.31671948977653086,0,1,0.23751587859155016,18.656512478616303,0
1.1555743061794126,0.5576446027281827,0,0,0.7691395182088904,12.81445952882918,0
-0.2350303504164373,-1.1413439542676902,0,1,0.6213619693763204,0.9734255703028151,0
0.05557194019539073,-0.35672341852145006,0,0,-0.5924332532478124,47.83496464709266,0
-2.437043439996547,-1.3993675199373505,1,0,1.228083237346864,14.098648109963476,0
-0.9135837412794817,0.5419934960423991,0,1,-2.1716204152935545,26.9726683930953,0
0.3800385511519242,-0.13699267813479188,1,1,-0.9627633916768573,0.9567791900397074,0
-0.5229787725728641,-1.205251418760366,1,0,1.1101837689402099,37.39012642564587,0
-0.8784161795168486,-0.6690386703859363,0,0,-1.1815954506378326,20.61196162493761,0
-0.32151742957254736,-1.680349630001557,1,1,0.5224398610591144,9.729413020353956,0
-0.09911069165959525,-0.9790934160626851,0,1,-1.0165123810770003,4.495062173275326,0
1.503012488378073,1.3193595539110985,1,1,-0.1760282513305962,0.465091793454507,0
2.375855378051104,1.651911468970897,1,0,-0.3977469806069077,7.286669786734625,0
-0.12700056964790418,-0.32178127538039925,1,1,-0.8994844541644968,24.539077252071042,0
-2.4220873072805524,-1.4731517554338855,1,1,-0.8098505414105448,18.108922609495078,1
1.0369304505948769,1.9750610140830582,1,0,-0.35139331713867067,23.047829858290054,0
-0.8612393944473936,-0.7370678003432838,0,1,-2.369454777133991,7.76505612767922,0
-2.127076488615745,-1.0110469507171984,0,0,-0.7267364221584703,44.20089195255386,0
-0.5052567132306559,-0.9883501824935248,0,0,0.7090712659333454,14.508451474425838,0
0.005106344414749535,-0.49200078944469144,1,0,-0.31927975032328443,36.24168251861977,0
0.6618267780373887,0.6314048781263405,1,0,-0.33841653526213633,16.565546679667474,0
0.15064132522716275,-0.6878814069554018,1,1,-0.23880478933692098,19.088062433242566,1
1.2548698904803324,1.8887261749060467,0,1,-0.6538988559094285,2.6359631998481188,0
0.7600722229427744,0.4077944544869414,0,0,-2.00602310273469,6.1880526048526745,0
1.1434043270681198,-0.3249968741959173,0,0,-1.2778751476981527,24.171946158528353,0
-1.1900160551540313,-0.9609878134568615,0,0,0.714153915492725,74.6021322180509,0
-1.0422984815360479,-1.6294309351195455,1,1,0.7642734571026485,2.726071882480635,0
-1.1140004039882032,0.8855766809336918,1,0,0.9043285493187925,38.14219525141858,1
-0.2334291077485874,1.1108864773517417,1,0,-0.48011863367271584,5.008895305809096,0
-0.5261779023340256,-1.3660717382064376,1,1,-0.898188704709774,4.740975587147271,0
0.7351357122940329,0.12927342879634762,0,1,0.5171022260208873,16.604898132940836,0
0.5896279709059731,-0.1588097069614237,0,0,-0.01311108290834057,3.870734675713906,0
-0.48403203093882585,-0.31259996913870286,1,0,-0.3948037119721811,36.392522352029346,0
0.11568403417074788,-0.08706014633952915,1,1,0.6688123205785963,15.063286293670581,0
-0.7000396959729849,-0.3361600955969644,0,0,0.36344958442100456,49.545607559465076,0
2.6347919237669664,2.108838303120788,1,1,1.32971771825962,1.5823253793498608,0
0.15786757603637522,-0.7457417875075675,0,0,-1.4498227360817553,21.239786542300386,0
1.0821956578261718,0.9769543028820373,1,0,0.7635460662811611,7.237804720077755,0
-0.5066215895746048,0.8886065509565293,1,1,0.31472369094141617,13.277083886514516,0
-0.3608107569525746,-0.4028168746002917,1,0,1.77890950899685,25.16717413540507,0
1.20642667262924,0.7095729922921012,1,1,-0.28332342911716213,6.522699159626841,0
-1.9832273886558365,-0.37462204376832153,0,0,-0.37429862375054396,18.29502321210612,0
0.5152334666822651,0.384730855512056,0,0,0.9231452460414953,18.033962903073405,0
1.9658612511737246,1.8733237083580097,0,0,0.05448004660842437,1.1310836879337176,0
-0.5613796423240647,-0.7137435128740985,0,1,0.9419695718256512,10.625058254248804,1
-0.42890135494746534,-1.095687757674018,0,1,-1.0170815837997602,3.05638191850063,0
-0.6621909887353883,-0.6922342303090283,1,1,-0.21925914431213486,9.59512101397226,0
-0.5786667584208588,-0.8375066818886736,1,1,-1.9150948913657357,12.059869021996073,0
-1.6831946962860942,-1.3854038117891039,1,0,0.9394486638364989,11.901160226640172,0
-0.04759127845957429,0.6271060119118719,0,1,0.008920311590394355,8.417878370871591,0
0.8136084678933829,0.46660582645296383,0,1,1.6104638418695245,12.34131412815478,0
-2.1265947593814927,-1.7433609897508457,0,0,0.8200190052306994,0.48102961034064157,0
-1.7771708160425594,-1.2203939039792056,0,1,-0.1421422511397693,1.8199662528276017,0
1.249838133022352,0.6537463556576798,1,1,-1.5601236488115444,9.63508443680642,0
-1.460163171826756,-1.015360727910949,0,0,1.3195004816171012,11.703689460733312,0
-0.43952391726592027,-0.946643545280426,0,0,1.3381914728915134,28.40164111805389,1
0.10829837795753218,0.5853782839008902,1,1,-1.4301286521707872,4.029886946635011,0
0.6173134906702844,-1.250325436102921,1,0,1.4538324777546803,22.872921287331337,1
1.9619567900075965,1.856879074314074,1,1,0.20687672033099777,5.915479436637287,0
0.10486566558419731,-0.6071646194560681,1,1,-0.2223250160081409,2.4558190463022846,0
-1.0529125325616615,-1.508550661228897,0,0,0.037205097921343404,8.092325798425394,0
1.4265650141825081,1.1020816341099207,0,0,-0.06550283877883936,15.550408801270953,0
-0.14730287957671356,-0.93344024589211,0,0,-1.067570496804333,5.351648238845846,0
0.30037878126548845,1.0140831534199513,1,1,0.9516102894116973,9.650155591433741,0
-0.19165385338390659,-1.8313423794977284,0,0,-0.018577356910547377,1.8564196695140915,0
0.5917680610612336,0.1717874080202561,1,1,-0.7576014285649366,1.9121165402335505,0
0.38642152935956303,-0.047756592262163416,0,0,-1.0852204882878544,16.663869193681773,0
0.030653556112720172,-1.0974670773723625,0,0,1.8677370283215742,0.24476954988941982,0
-0.06380466955532818,-0.8777362326129939,0,0,1.9542284913474117,21.979150176772215,0
0.40556415114759325,1.3461043840884357,1,1,2.0164234416606304,17.12709882074133,0
-0.5022888258023045,-0.8929216182563182,0,0,-0.346894307130282,12.67905388749572,1
-0.1283413713374071,0.305258481729579,0,0,-0.31231639674127415,39.37269945497936,0
-1.7111374874126573,0.07822267007089068,0,0,-2.4252648939358874,6.546447780078329,0
-1.8687019121886324,-1.529665839881798,0,0,0.41315691225746176,18.42873193909626,1
-1.3841258758350918,-1.522960817658631,0,0,2.0429742553131542,7.795146839959906,0
-0.8845502051028359,-0.7107304542893067,0,0,-2.5028692942585566,8.880457410932232,1
-0.3768471992016058,0.42774329713275916,0,1,-0.7475088178913362,14.809200704510635,0
-0.9689815754940598,-1.6112595484941032,1,0,-1.2428229492151548,6.159750559783731,0
-0.5697854407508465,0.6810462006708938,0,1,0.047548606055585446,3.4732614307124923,0
1.3006314735215592,1.6819631712775016,0,0,0.2013559243949691,0.06832440372160947,0
-0.34044148671073865,-1.5095595950766485,1,1,-0.8998500790612391,3.1991885887555656,0
1.9103719752110946,0.587074937223415,1,1,-1.3497655964385198,0.43205709663971464,0
-1.370236589486484,-1.5886351168391684,1,1,-0.6200896884149917,15.998865172059414,0
-0.9828417205239348,-0.08470805039943485,1,0,0.3914951396428357,9.757991459932017,0
-1.0467566934151438,-1.783935516741648,0,1,0.9689852543382667,13.626363039054715,0
-0.8979281710455671,0.2556040601827838,1,1,-0.2975186545450841,7.48730404763012,0
-0.07665198594917955,0.31935851670588117,1,1,-0.8317381425615351,1.0116541261856784,0
1.2706869509437242,0.35278427521287314,0,0,0.05323520045788856,0.3185341942950504,0
-1.4999126346800045,-2.6777752693097017,1,0,-0.06757396323515838,17.459154125742057,0
1.465928730608333,1.2981488545524569,1,0,0.9776714095406615,2.180080164065706,1
-0.13949574042239105,-0.5756844864931331,0,0,1.0578970256698188,22.90241768574077,0
-0.6534963517950388,0.3909997987809897,0,0,1.095991691313344,7.200287327222458,0
0.2901954317518168,-0.520184428516729,1,1,-0.11191649456995614,2.85981093879642,0
-0.008936688042073185,0.4578101499412959,0,1,0.15119197559036243,0.4950005667513885,0
0.38453829674080975,-0.07699753376622942,0,0,0.5355573820071973,32.50169807017656,0
-0.23371427079503615,0.9714902249765958,0,0,-0.5093301149767517,0.6512122831978558,0
0.7981779755420622,-0.5464543089519194,0,1,0.32335015336972683,23.905140303490736,1
1.0068984577099884,1.7015081057694674,1,0,-0.676590612681898,2.1556091411827687,0
-0.33157904351525497,0.5616136500601291,1,1,-0.03834071117449733,22.255979887238066,0
-0.13789721131957233,-1.292592302901921,0,0,0.21112492303890704,100,0
0.5404138916949868,-0.6255162924103974,0,1,-0.06452686614700354,5.1515583960194915,0
0.9307675356976588,1.7538085065640572,1,0,-0.7050782846364565,4.62610651320032,0
-1.2705051038135513,-1.6735012606941173,1,1,0.5025033009031553,0.5556756554705006,0
-0.7434203504894651,-0.14517242172632,1,1,-0.3809457732514684,29.710551298510048,0
-2.6118177509273033,-0.8692680040162502,1,0,1.0586291943020139,9.309077285524483,0
-0.7301732209292892,-1.21134394001581,1,0,-0.6175221265689045,43.399564659568895,0
1.341638511638323,-0.2226436624907664,0,0,0.7500705902354914,4.11914037424483,0
-1.1924702669098304,-1.1529670453937042,0,0,-0.9483552245158723,27.46632341373181,0
-2.037711689317828,-1.7949068015624294,1,1,-0.42453059261324433,1.9670389895623752,0
-0.2351135655219027,0.5278510447254994,1,1,-0.25125268102226156,3.6560403245382775,0
0.18695349741207276,0.10681915563351055,1,1,-1.4947678344961024,8.959785138311917,0
-0.6525891975113859,-0.5066949544223136,1,1,1.5008886327296624,6.316820025882229,0
1.2829891979586978,0.21857177913545145,1,1,0.038691328211712506,3.4299844193623503,0
1.3250720851996185,0.8010240021003521,0,1,1.8225396595491565,22.3076812521499,0
0.3029562438780781,1.027899426564414,0,1,0.21604741235791539,4.79417666980785,0
0.045631734605489804,-1.901828883605227,1,0,-2.074621510994598,22.86433792049507,0
-0.29554225264419476,-0.23844401238684748,0,0,-0.36287736673249077,6.149528940729685,0
1.1204255914034673,-0.4999053215799002,1,0,0.863451114003235,30.921541519057907,0
-0.6912627471835424,-0.06139668332475179,0,1,-0.033898124889353315,14.739276683273664,0
-0.5914290183735827,-0.5058660113091143,0,0,0.9974905559883918,18.962126673502517,0
0.06072013809423004,-0.41478966245839577,1,0,0.04576790071006212,31.266738145180476,0
-0.715291940714808,-1.1918283580990574,1,1,-1.014611317179486,34.594596768001836,0
-1.0701616064511896,-1.335795460911528,0,1,1.1912939535009215,50.78088192968735,0
-0.043964451264919546,0.5240769668688834,0,0,1.3070633810628745,0.853368448587774,0
0.3369768205092633,0.1943239239878961,0,1,0.510596467400995,9.604376802788098,0
-1.450885447401899,-0.8826347808529631,1,1,0.3129972045630968,19.53273107445581,0
-1.3132685311124341,-0.6714216827639506,0,1,1.1901512626655952,5.792306548058208,0
0.018995416593804357,0.714808130849509,0,0,-0.48284873438081394,6.45870614481135,0
0.4472879599640281,-0.2267324424915453,0,1,1.0140719719112197,2.64577052361986,0
0.3123178254987479,0.25382291701424164,0,1,0.6834144411235701,14.576350287881636,0
-1.519379196093628,-0.6859829983373109,1,0,2.0315914619085125,38.97962894403547,0
-1.2391961283810145,-0.30557384264176357,0,0,-0.1419703016027283,40.474318081566125,0
0.3713690704363465,0.05184142066267847,0,0,-0.17599504717552789,13.24135925050719,0
1.2571841776196702,0.5859211923864661,1,1,0.5255643201270216,6.176307409035394,0
0.4268071819143777,2.2025653006741304,1,1,0.035797656795500565,11.137098699663554,0
-1.621255871969332,-1.787287143092486,0,1,1.1626649291904627,10.509940323030866,0
1.1347498860620793,0.6078201978151185,0,0,-0.7320520250608274,7.803990105908001,0
0.8477269269452613,1.0469827976667239,0,0,-0.6813293989360402,14.886338136697232,0
-0.028683539079354076,-1.1266721123612393,0,1,0.9318088086269719,4.3500807163687805,0
0.3997303454058476,0.2985793495364283,0,0,-0.23713867547555012,2.6396480534095277,0
2.2366876415015975,1.9020920781940465,1,1,0.07449988176714804,3.8019156168503248,0
-0.5278442193935777,-0.5248853230554971,1,0,1.5554387440784487,8.788273772963201,0
-0.3645264707531658,0.38364123922485455,0,0,0.5207172474560556,22.891734480125347,0
-0.3576051240601306,-0.46416363495518587,1,0,-2.0515212231000497,26.604005723145022,0
-1.004625153931113,0.23895615614791,1,1,-1.326802286447201,32.97184742549865,0
0.18958561649653494,0.39848249992665097,1,0,0.004978465612931302,62.657111698304035,1
1.2641757410848318,0.23066236807858342,1,0,-1.5718356666327709,4.588005039043681,0
0.31667501406387005,-0.31850335076726954,1,0,1.2634691115260688,40.94491830937034,1
1.1024930732315747,0.5770417812245979,0,1,-0.9140252388666618,4.1632672165934315,0
-0.15928216855358804,0.3119634938296327,0,0,-0.4650874431941941,20.41965117030463,0
0.48773751845359775,-0.020661814060401656,0,1,1.2336352129776509,5.9969444091160335,0
-1.945563072587631,-1.8099058421112264,1,1,-0.3044647063878409,1.0928148012049632,0
1.3886062430795034,1.721762530401901,0,0,-0.7166813280918326,29.952677979408488,1
-0.047360247906245156,0.42369539728403355,0,0,-0.07218250245684031,26.63658918994329,0
0.3775292967109067,1.1561558860694716,1,1,-0.41954571486667935,19.47187438747042,0
0.6855008044159306,0.5471398664726392,0,0,-0.36286796886631356,11.0624634274979,0
-0.715948277798107,-0.09520053293089348,1,1,2.1699210092428256,0.9947181302026664,0
1.0901043857695256,0.8041225279944335,0,0,0.04554734446473089,7.922918658433673,0
0.014282930137660575,-0.5459774574755597,0,1,0.5271788556695233,7.615523397850386,0
1.1946448172551098,0.8358697476582273,0,0,1.012910699007642,10.848644613883472,0
-0.011705425131066816,-0.13286055757340162,0,1,-2.0615858297016154,2.3406305548996507,0
-0.7837043763265925,-0.5705401871340892,0,1,0.45145050362268485,2.009782553403422,0
-0.019929197654157394,1.6876126807841005,1,0,-0.12991057559134414,13.649741472030655,1
-0.6153027747263371,-0.9783154729811647,1,1,1.6532957621575324,4.1213593211801385,0
0.2416171288421801,1.0909989441886294,1,0,-0.2275038167865524,35.67909163813919,0
-0.4079650280994735,-0.7387773274397026,1,1,-0.10320115766494405,4.74276007031635,0
0.09642701868210868,-0.8181386116697411,1,0,0.586320169384336,2.456684248134518,0
0.9438126616006093,0.6493058933867408,1,1,2.1064546447874615,1.3375910803789783,0
-0.2896914270264275,-0.17283059895866254,1,0,1.2714119713654766,66.05416679900888,0
1.2256567791693935,0.6566796367793266,0,0,-0.44380268418161367,31.000823757843012,0
-1.5643053549663752,-1.9320637348706322,0,0,0.7430919544485352,37.96421507378325,0
0.3033439012697717,-0.07829145354314643,1,0,0.07078167383663019,44.7406545518991,0
-1.3217670413333205,-0.5766135357097117,1,1,0.2532480357810931,14.273815426572023,0
0.27172285603173246,0.6619076237750291,1,1,-0.3088144838343282,12.985054464790883,0
-1.504674230726862,-0.6390327190267924,1,1,-0.5902685858505318,2.974210585111938,0
0.8662317851592285,2.173188287195341,1,0,1.1890558224140713,4.585126186818852,0
-0.47151159453032604,-0.35690523723931245,1,1,1.687905533660471,2.276550468878054,0
-1.0687584323912656,0.3111377895493652,1,0,-1.7961693022196938,13.132635369699791,1
0.805346652931297,0.6795564266302949,0,1,2.0592711586345995,0.2808605798174532,0
-0.19466303402584156,-1.3704535091169003,0,1,-0.2744484660580227,10.256029795921735,0
-1.1996615702134723,-1.1009240338284834,1,0,0.6907355689972142,7.011156656954203,1
0.6962945743863591,-0.42535864869396467,1,1,0.527851432351099,9.34541764516664,0
-0.33191195743193025,0.38577641596745094,0,1,-1.2061460084318871,6.053380166566311,0
-0.7397986934023852,-1.7797377763608828,1,1,-1.017494662891245,0.6098603809386594,0
0.6008475626222438,-0.9368808724812074,1,0,-0.6149434918374814,39.06481143156451,0
0.38028433612262874,-0.1567713803680885,0,1,0.078945908838205,7.473529585551308,0
0.12498181793625077,0.901856302209868,1,0,-1.0356288338735373,6.028818214480793,0
-0.16042844552218682,0.24425243465425056,1,1,-0.6139429396148139,4.37250848098364,0
0.14406628628365598,0.2718821435979365,1,0,0.7798231562786314,45.76739976981929,0
1.1801507604419317,0.8110172689888311,0,0,0.11758749902030087,0.8308764631901816,0
-0.9378056183850502,-0.09364879171415613,1,0,0.7212621316747041,17.89947680086547,1
-0.3577394401776115,0.03817386062542227,1,1,0.3261161470742747,10.068144944675689,0
-1.258441615699036,-0.4570347413732009,1,0,0.07294531271041602,7.550122680119288,0
-0.3770334615158775,-0.5748616278867854,1,0,0.010167013857736874,44.67381866466238,0
-0.8384816260453689,-0.8898304268945378,1,0,0.8234992544569983,9.764517261248221,0
0.9924132428826562,1.720897923075723,1,0,2.283305775783778,24.990590479444382,1
1.0105547554623537,0.6106157575490959,1,0,-0.5217075696380097,8.260951724364977,0
1.3993150556395755,-0.14844281180177665,0,1,-1.1578750752511124,7.786136171790051,0
0.25848789975981606,-0.7274166364712472,0,0,0.353753918182937,8.108914859772023,0
-1.2485428429890966,-0.507616946475523,1,1,0.4464439993014144,4.0672704960242,0
-1.0493777203365682,-0.743980093425023,1,0,-0.469858178771369,6.504902298704278,0
-1.4681869699206944,-0.5968398467763087,1,0,0.36069757142359216,100,0
0.41179569072920635,-0.9086345051633935,0,0,-2.679189888236888,11.0214218367844,0
-0.7344035941266314,-0.2987977276879484,0,0,-0.32197572309067785,0.5922444232640833,0
-0.10401077808651947,-0.4850440880853469,1,0,1.8380898325890906,1.7349252604331737,0
0.06358043408295197,0.6168824709298546,1,1,1.059002246986236,15.72578289186512,0
0.8989300022905367,0.6318828646696055,0,1,0.8861058728935685,11.974672236327299,1
0.3329610196059962,-0.6983932082043187,1,1,-0.9013515370420292,1.5261756476353818,0
0.45890868058378553,0.08818826002734911,0,0,-1.9478710152016456,17.649397700810187,0
0.5429584630847327,1.037612576479361,0,1,0.24835159359621578,23.25359656074563,0
-0.5800787130203336,-0.03203183075591981,1,0,0.45737050838559123,17.135160988502363,0
0.011636038035938077,-1.6115927098232659,0,1,1.1122892735592553,5.349057178025465,1
-0.8432720121001416,0.39905917100384924,1,0,-0.8745945650140468,8.839026621927946,0
-0.3491756435139438,-1.3039111296105914,1,1,1.1607656643650701,8.043245990260864,0
0.18535500694906554,-0.30139840546504604,0,1,1.565493531776031,1.0067734877139096,0
-0.03703810351190513,0.3426309206329189,1,1,0.5317166679534016,14.938640320537818,0
0.9534491944194138,1.267108626368863,1,1,-0.1028364705824024,7.218908859114487,0
-0.9626681718974865,-0.35959088606675615,1,1,-1.361342436352173,1.6724469203172718,0
0.6376225417363164,1.9977288173119492,1,0,1.333097288655389,28.682320843924508,1
0.6255016846002668,2.017395923993202,0,0,0.5037820911609641,11.820663041563195,0
-1.1283513841468187,0.4872960155979742,1,0,-0.0764511807236909,5.017530912678239,0
-1.0753985453648063,-2.172091051078951,0,0,-0.7377415466655595,11.419669065208165,0
-1.095856875396459,0.39434029406641335,0,0,-0.19176345614507814,47.882446703743405,0
0.2603792933652605,0.3330899988934297,1,1,0.3555216458301922,10.340877499547947,0
-0.8314346635607494,-1.134922758375841,0,0,-0.9138894703789255,29.921279080842822,0
-1.1091993896536139,-0.8876072415096116,1,1,0.0430350185172769,1.5678236943755142,0
0.33718461810572914,-0.462877404527556,1,1,0.8356540276389518,1.490110196329273,0
0.8837586479248144,0.5219478195746563,1,1,0.5259199801358039,9.88498909653551,0
-1.8056804204635057,-1.3445581518554688,1,1,-0.738764156402109,8.944502050433666,0
-1.3908014812020795,-0.5348146907305099,0,0,0.4069259829968515,15.103589646811336,0
0.4821010391542642,0.6948278094371891,1,0,1.7546541043623582,3.5020079753407987,0
0.4154349244419422,-0.7742059610977247,0,0,-0.17823028634148189,11.932945497643164,0
1.4852799412590916,0.32501004626811913,1,1,-0.09109439457217516,1.0116870677062533,0
1.6133293060572962,1.478241522077737,1,1,-1.5269384962413062,0.7357041011466189,0
-0.2161606474362544,0.14843653009943764,0,0,-0.007400312630316838,10.710402687937677,0
-0.4455882079599973,-0.654109226120391,1,0,0.14920588353070305,12.986416036044806,0
-0.7323542943760062,1.3719188903580783,1,1,0.604232745404059,8.12417289700653,0
-0.5340222626550372,-0.0995650431767244,1,1,1.8284301143256942,3.837761161346987,0
-0.4353534783571632,1.036786114954207,1,1,-1.774405804749866,9.326770444242772,0
1.3256306042461357,0.7861919881002735,0,0,-0.41388533933558713,37.33475126570691,0
0.32352641718658576,1.6033551478586352,1,0,0.8256885624821222,22.154933480191744,0
1.3414659034826544,1.6323835284665003,1,0,0.971058568432706,44.63631731192064,0
-0.4632566131036837,-1.010359304810776,0,0,-0.5489126376054881,18.951063456135998,0
0.060217448265501926,-1.1155047744016857,0,0,-0.46685203737210246,35.77656965625678,0
0.8557969455582423,0.8870546881177084,1,1,1.6270935472726162,5.766109490753433,0
-0.8549465452540023,-1.3459970702070871,1,1,0.1709380453791858,1.466965417645502,0
-0.34514232584492105,-0.9168997557050366,1,0,-0.367664564526752,9.779106842234594,0
-0.7494652763048436,0.9266423144628988,1,0,-1.0794192531259161,65.85305545408808,0
-0.20618015718863064,0.6954720248607629,1,1,-0.11287039694517867,11.430146460605584,0
-1.5533187773158854,-0.8557238589657006,0,0,2.388745898856951,17.08758403663881,0
-1.6132098322038237,-0.700156216136254,1,0,-0.6559563441711409,11.615237179530661,0
-1.3718789313712636,-1.321970919694136,0,0,-2.6320393703324423,5.642773662116121,0
-0.3521142243875249,-1.1703968978132961,0,0,-1.9857636117873891,20.901612377163804,0
-1.222436904858819,-0.6484976699100943,1,1,-0.36055374648836863,13.877192360843496,0
0.12304126745430326,-0.8306285877401018,1,0,0.4956130101944046,0.2574327239032208,0
-0.9910348410058687,-1.140467918262957,0,0,1.0418329154112238,4.026236358258525,0
-0.2188928676094629,0.44917050433605815,0,1,-0.12099732685556568,3.2911320317579755,0
-0.8447186993769717,-2.146986996566037,1,0,0.0377340868401164,2.629567603448407,0
1.2558130612326506,0.48124649895671406,0,0,-0.4400405660782598,10.55950649560276,0
0.4958602771096561,2.2463739846160378,0,1,-0.7712111424940296,4.611784831200308,0
0.05706345732911822,0.4660087716771093,0,0,0.10285472984521084,6.415247349100918,0
-0.10898742666341815,-1.2027516556462114,0,1,0.253791870666448,5.861507711212096,0
-0.76353197087074,-0.8414607325606356,1,1,1.0378731358513404,6.552890509282841,0
0.6116726825012796,-0.005012610127025863,1,0,0.10147090891242874,50.07703161999936,0
-0.7161791663665052,-0.32243577323112843,1,1,-1.2935574160388459,13.80460839219674,0
-1.0342495112911816,-1.4428990588718058,0,0,-0.01172059302892059,9.65139465097096,1
-0.32035419376921165,-0.4168387362688062,1,1,1.0932498330707567,5.8419777125022465,0
-0.4951657161795084,-0.017564626720508153,0,0,-1.534534519312725,54.28829062130697,0
-1.0481518887613737,-2.091410417818199,0,0,0.261953752487828,2.6250659488243855,0
-2.1899055387754123,-0.628217818133615,0,1,1.611561299368675,31.176039938621987,0
-0.41950248696703957,-0.9788710962726281,0,0,1.1122390127653525,33.006563912328524,1
0.23132378292130593,-0.8572681383614583,0,1,-0.8815637898037343,3.185324458707352,0
1.1037712854991297,0.03353279219290328,0,0,-0.8901011177172439,25.222802585892317,0
1.6919970252994223,0.7579954665664057,0,0,-0.6423401718458676,0.06700006391833974,0
0.1025101552889489,-1.131798060898564,1,1,-1.6211301825547693,4.11401038240678,1
1.113663805774854,-0.06915520012725351,1,1,0.9217934662472672,2.180391630973096,0
-0.7035499170039408,0.7968756825992654,0,0,0.31602918419156484,36.6760901979985,0
-0.6163329158117054,-0.5532342084589639,0,0,-0.35585183697201,26.05679494479603,0
-1.188112021164485,-1.0272702214564235,1,1,-0.4942501161347177,7.542568911829201,0
-0.0033754062736545925,0.22798698114930907,1,1,-0.04808345857833229,2.594461335597513,0
0.853547402240556,1.7858909096232587,1,0,0.09275670088851878,0.6142487506331625,0
1.5224156692996627,-1.1787390736307861,1,0,1.1503240821905751,24.71590249969396,1
0.1488372739145548,-0.8120118313790321,0,1,-1.078428666560886,5.282574363949397,0
-1.2402476109942528,-1.0642040319288077,1,1,0.6946423121624974,1.5908959785067172,0
0.31074486830410275,-0.3378766230290864,1,1,-1.5759514286760692,5.556586587713728,0
-2.538272993538489,-0.9854848663376469,1,1,-1.5150683449595959,12.164945589678632,0
-0.9384915034715208,-1.3738241827411553,1,0,1.809424777067213,0.7816733441064488,0
2.1276113999202826,1.1230942296149453,0,0,1.3638745951970241,58.86214548611543,0
-0.011081688927312606,0.2514794111148374,1,1,-1.9974311541216283,1.2343593959445265,0
-0.1795263846962183,-0.1279106350254009,0,1,0.8155504427004133,0.783472046571312,0
0.343529180156814,0.4708542022004938,1,0,0.6498938832304734,3.499887491917335,0
-0.3158944082783748,-0.3136017085998342,0,1,0.49087643225768696,2.119088410266263,0
-0.8725267750457713,-0.15411543005085665,1,1,-0.09177268070809265,6.806186648050257,0
-0.35951518658965936,0.2968148212497872,0,1,-0.7591238565412223,1.0235369881967222,0
-0.4811644470654148,-1.0871219738441844,1,1,0.5804698994834393,4.001159311130921,0
1.1262724374900945,0.3355046149241726,0,0,-0.09043036379308361,9.419642996490342,0
-0.48687687507062904,0.19802083947542326,1,1,1.299704081841463,2.377873330159818,0
0.5445634693794331,1.1555358132248101,0,0,-0.7998805839380678,71.35114744026961,0
0.11860361480845176,0.05111753097671898,1,1,-0.6955009353285968,2.1685898457334187,0
-0.2333261546448635,1.3576028038747043,0,1,2.707965014167105,0.9264357163555056,0
0.6092280791975895,0.7704398506389394,1,1,0.10835218463974879,6.215327647792797,0
2.419596930333367,0.3362580885332469,1,1,0.8345040150380172,0.6035628796515715,0
-0.6853933863560157,-1.0629344480083391,1,1,-0.039528302624108044,10.46902913967522,0
-0.8085164835980609,-1.2114531132873676,1,1,-0.1463978509479156,0.49884117625270125,0
0.1257465610399749,-0.1302094623964647,1,1,0.976668358373601,6.56129476559996,0
1.0075681760200703,1.2464288202541174,1,1,1.1380596252446893,12.734643692511693,0
0.8840819977714112,1.0166269880584595,1,0,-0.2759977593711583,2.786485819571205,0
1.9455213145690082,0.008863050439559816,1,1,0.10699738749671718,0.6699656355488598,0
-1.3713369570102931,-1.260090035677619,1,0,3.155197756962409,17.365187669222475,0
-1.4670984890533378,-2.0681935329957772,0,1,0.14318518014250925,3.937280888038673,0
0.1440160898586119,-0.4742446409721445,0,0,0.6213800609369302,3.8169313505749964,0
-0.40005339182788296,-1.2973851954385163,0,0,-1.0662897735886607,4.157034431083623,0
-0.17208030940546803,-0.11060723490638871,0,0,1.2850139050864173,5.89951382770568,0
1.3039010442962573,0.7998899190871542,1,1,-2.21473118950048,7.071972180450321,0
1.6639539705046813,2.298809491822399,0,0,-1.0156858365044263,1.1162829048472562,0
0.6216412828920279,-0.9237420122644289,1,1,-0.45198688350727867,29.420875685580548,0
-0.4593061887196065,-0.668369639018739,0,1,1.0826423986219107,14.641405257698608,0
0.2978039899898286,0.18404426896336587,1,1,-0.5807836914084032,13.855621134162488,1
0.12506074418416854,0.5758003768948265,0,0,1.2466105694696135,9.867890068454551,0
-1.0893687124223181,-1.7322298788306916,1,1,0.8393154491561471,0.9953172974336629,0
-0.33017855773433014,-0.7287979942973166,0,0,-0.942005038401457,25.78714252444152,0
-0.04314481941733176,-0.9959276767528006,1,1,-1.2900443858449284,8.185885689412885,1
-0.40870868796197846,7.294874762875381e-4,0,1,0.591437383576472,7.081341290738541,0
0.8122152610008574,-0.4828970812023306,1,1,-0.7282110760223762,0.11916030940133276,0
0.6236106975009627,-0.2913221625757704,0,1,-2.0456386782098424,15.405760645677942,0
-0.05475861339429657,-0.6552121461407358,1,1,-1.7877059605622718,3.4484536704487923,0
0.5473189172478223,0.4302849923288383,0,1,0.47824381636381347,8.132793755305464,0
0.6169461985782853,-2.187537198869064,0,0,0.0012663565769811698,18.243312808959327,0
-0.48392369384402556,-0.8324406707477545,1,1,-1.7590414027096393,6.503490857661194,0
-1.943759519820748,-0.723796339140488,0,1,0.5179483317844832,15.462829617634089,0
1.509493284181167,0.38114449682688173,0,1,-0.3434166529739613,17.781254747714698,0
1.0804999089567848,0.38273231134999475,1,0,2.0078509274830227,0.3318627539682646,0
9.205530127287955e-5,0.7955242168114931,0,0,-0.2895309261748348,10.414551550382848,1
0.8897849688938726,0.8936701019213631,1,1,1.112550316341248,13.086460594266352,0
1.0441995003264568,0.7545410887124661,0,1,-2.1614097484437154,0.1909832825669342,0
0.7686002722755941,1.7679680667813904,1,1,-1.2691043498086294,3.933853192774829,0
0.3293113594240691,0.6527324980929525,0,1,0.9112225651843391,7.4216383659865475,0
0.6007655604766688,0.7035171960913829,1,1,1.250732109043001,13.624523643562432,0
-0.25844557027383636,-0.3445733750828005,0,0,-0.04019254076962442,15.244863857968753,0
-1.3605709322960946,-0.5560026466987302,0,1,-0.018994139481443014,7.35278910958194,0
-0.6328000894896677,-0.4022194400090544,0,0,-0.2267409165687225,14.124004000620232,0
-2.266971987999774,-1.2932990050031778,0,1,0.20012175337705435,7.478492715565235,0
-0.5161301595886925,-1.280036095935578,0,0,-0.6964328676314614,49.13976119707863,0
-0.04299943286134967,0.42874656965421687,0,1,0.9472947377271457,2.4551273716539948,0
1.4440793535686198,0.5268988754810646,0,0,-0.9339663638500612,23.79130170602846,0
1.1946518284471492,0.24931003337552776,0,1,1.0041540232880066,1.6127549853507068,0
-0.025062524905353427,1.0587994498493252,0,0,-0.2679123022964846,20.88361456434468,0
0.9813705618322919,-0.10547348152625091,1,0,1.546978624676255,10.673977777514095,0
-1.484071221921667,-0.30127234199014974,1,1,-0.7892744835592141,2.3424882085666368,0
-0.4704543727424869,0.5473757589129136,1,1,-1.030055423604025,32.86272006570812,0
0.4230763239923614,0.8663503290495363,1,1,0.8702097170824197,21.28021217391772,0
-0.5934876957249575,-0.4827877259043619,1,0,-0.3729348064295795,10.642782687622706,0
-0.6356710463591362,0.6624608597286008,0,1,-0.6976136859650728,10.838648218040309,0
0.6181396689248071,-0.44348947732757715,1,1,-1.253479835426488,8.033856852459186,1
-1.091880819448327,-0.4988590064112155,1,0,1.575728108533545,22.123639797949068,0
-0.5025173386161281,-1.2459090289303392,1,0,-1.4232347630136142,3.019183486387318,0
0.06371524230458282,-0.38299179167959463,1,1,1.3591386607424487,5.74839237256991,0
2.6557519912290517,0.16871041774910744,0,1,-2.008409871794611,13.41469584696126,0
-0.009038528558418748,0.2525867986112282,0,1,-0.47295615417250797,2.4705109871354343,0
1.087051966843633,-1.1476272060792738,0,0,0.8804246134572623,0.18184240031104315,0
0.11928631636131867,0.6577712753084219,1,0,-0.3028267111801194,3.5034286033262307,0
1.0306675540454195,0.4826138926176852,0,0,0.8969065116050823,5.020747880911676,0
-0.18162252911703314,-0.4583236700416629,1,1,0.5398706965897614,3.0232194192006325,0
1.7116172951225077,1.655931840911272,0,0,1.546495045888454,13.235103665143653,0
0.26011730885277085,-0.5150171107615195,1,0,-0.4965012595139636,14.059655349719295,0
-0.2225056312326793,0.11345865187378379,0,0,-1.7810135124455726,29.57472858757261,1
1.143955584692389,0.7037412316118903,0,1,-1.7012385862753554,15.058483522987897,0
0.06582674279750635,-0.726102148264929,0,0,-2.0254776101577834,14.791287928085456,0
0.3344662335166544,-0.19185647509167558,0,0,0.35229748188553717,0.9787154328413599,0
0.500720963937869,-1.1555802971981204,0,1,-0.15615929838494594,0.5616781528920621,0
-1.3252975426813995,-0.8438624205195746,1,1,1.2539804829396297,4.218456727859797,0
2.863797521398558,1.4309989348491428,0,1,-0.9830419994565027,4.894395748961847,0
0.9705231797875806,0.36869778023907784,0,0,0.31058274299458694,52.64339322097734,0
1.1831548408404704,1.0267112208293534,0,1,-0.47258909285761713,12.070712304775178,0
-0.4998993562708202,0.27829049939501316,1,1,0.07646588014847373,0.11300350554355768,0
2.387805962074146,1.2304131548556947,1,1,-1.045295284979142,9.233356688923223,1
-0.7399237483616659,-1.6079001066947387,0,1,-0.8739546285168105,9.921498357114215,0
-1.0023974619290876,-0.7599074421019468,0,0,0.6984018426121699,7.5782608552668576,0
-0.991350844385505,-0.4530246378143685,0,1,0.8491850911972271,7.075440850011102,0
-1.9065563600843478,-1.1952371917100297,1,1,2.259678177885557,9.33149538325781,0
0.12272150545282821,0.6085690051640035,0,1,0.8255061261421789,15.482856576348697,0
0.7921938765118138,0.8383833796243063,0,0,-0.8345837991044732,22.666730623993555,0
0.14076056095819395,-0.15057088420641054,0,1,-1.3511033391789726,6.2603708420840745,0
-0.37092365930579163,1.3143503353975667,1,0,-0.27496107947197435,42.091250686246354,0
0.2735136048084532,0.8643999300627139,1,0,-0.9982990740904181,74.6283844319809,0
-1.5618169971051767,0.45737480276094844,1,1,0.4362842725384801,4.407661463989897,0
0.9648695778002454,0.6954740889807614,0,0,-0.7067129050633165,18.027922365790204,0
-1.4083216506814344,-0.903672841653563,1,0,0.035122102573819605,3.419215845683527,0
-1.0049817815169029,-0.5335344484865808,0,1,0.029650177541432194,24.745662549125242,0
-1.3905190090973778,0.40719931612198423,1,0,-0.04943222529353089,3.4863779334935736,0
-1.0019781125870062,-0.27364417025265886,1,1,1.7495158249718032,3.461637613303955,0
-0.7915235902114124,-0.1915430246251046,0,0,-0.6585505850278909,2.7165486483433967,0
0.04174180589140794,-0.43117065636770985,0,0,-0.3418996292320825,4.307967690310397,0
-0.26726124601630125,-0.8619283999113911,0,1,1.094656209826356,1.2777231227121921,0
-1.9725503469958978,-0.8924064049733276,1,0,-0.8482394894308746,22.705425037492112,0
-0.931999025969062,-0.1213028145584385,1,0,-0.1522612207419892,15.299210978213557,0
-0.8073173498966381,1.3666137305882153,0,0,0.3716736370939034,8.93289474007086,0
0.9665281018992118,0.8710799894199307,0,0,-0.7970249967621864,10.385232634365286,0
-0.36942211242568396,-1.4370490966570983,1,0,-0.600475446644407,8.165584737245647,1
-0.8116203906379054,-0.4216917798157528,1,1,-0.7149232860247281,4.69238053063103,0
1.5187698170591732,1.14758102716149,1,1,0.6370183524100501,24.689923659610155,0
-1.4960747478682794,0.4335707290066131,0,0,0.2678252935294344,26.87818841463982,0
0.4985829988234076,0.23570112831035586,1,1,1.442382790882817,24.124776137055093,0
-0.5222103553863829,-0.8674104646511265,1,0,-1.3994125755685034,17.56429838224118,0
-0.27798375626327765,-0.34935767571596554,1,0,-0.8715434860340431,5.317284713295128,0
-0.11673309170959453,-0.23342369589793327,1,1,-2.1294550496120936,7.979340113800834,0
-0.9702248855769992,0.6842472267946189,0,1,0.03188678425116608,7.580886583274802,0
-0.5866768829734332,-0.8997317122346784,1,1,2.175318863818706,5.36906403777924,1
1.2801377904761742,0.6789042472430393,0,0,0.17200111445527586,6.43618548877624,0
0.4679055347388332,-0.1720538333108236,1,1,-2.1620883872538377,11.37969123188952,0
0.6216140505065516,0.6535928434801966,1,0,1.1784188744423187,2.649003181160426,0
-0.48442863181404056,-0.03811873887335307,1,0,0.1344696394857295,54.47066919994323,0
-0.013059768666409347,0.15010390288770994,0,1,-1.790483352570259,2.2988816987294185,0
-0.261041075349173,0.11979502756024418,1,1,0.09619654272832412,24.182705330931416,0
-0.5811501054785291,-0.17934401342882073,0,1,-0.6325886353462085,3.703121943539964,1
0.9635542649683757,1.4764125343562584,0,1,-0.696869109455722,7.564423356826099,0
-1.1567346412389854,-0.19056080708454215,1,1,1.0967725833434572,16.971173515429474,0
1.548164166332143,1.1666410030612155,1,1,-0.6218064807013097,4.357158002352464,1
0.15099316406518565,0.3844440998918628,1,1,-1.17705254663062,0.9248482405658878,0
-0.7172601788188575,-1.5829887000075498,0,0,0.9768989583918773,51.447064158138545,0
0.4912970234600569,1.0538479600608457,1,1,1.1854679808915045,4.460008014169885,0
0.8975778689212104,-0.9179754585257146,1,1,0.20744126644500185,15.332211118845867,0
0.5180767410656154,0.8068978436908085,0,1,-1.3969424186493054,0.6521322023526035,0
-0.7799440178504959,-1.2559160425422795,0,0,-1.5764641965540063,6.664988537091364,0
0.2068891604742808,0.039524620417406495,0,0,-1.2173898094610955,5.870005935223099,0
0.15916692854398556,0.6887741178970752,0,0,1.8748329308603555,29.580900086729976,0
-1.878313971928327,-1.2479916756505676,1,1,0.3832060972606548,13.895602169107338,0
-0.6426896995225627,-0.7286250207216733,1,1,2.284136326604624,4.927296899992692,0
-0.7837083282114535,-0.10207423173761793,0,1,-1.5649675763200197,17.9911099394336,0
-1.5253308023674494,-0.9408074198704686,0,1,-0.5878129889926985,5.691709250227416,0
1.014463037009839,0.47521140029254216,0,1,0.3490988526573488,1.958642956305558,0
-1.8589622637471466,-1.4960253532545895,0,0,0.22953530522253052,47.62031463970568,0
-1.5789355125101756,-0.39625074519827896,0,0,0.7616599897486361,2.179462112822756,0
-0.7757973258792558,-0.4716449556411904,0,1,0.27635063857416337,19.250211448484354,0
0.29864154628683587,0.7179448205451257,0,0,0.17875957857324742,8.131303513842772,0
-0.555001720061197,-0.3691466838785432,1,0,-0.9635936151595722,20.729857581146245,0
0.3572714168867901,-1.5748916626572025,1,1,0.45971620720124756,0.8693255272626306,0
0.7081869376546642,0.6331393460754761,0,0,0.4704981946121955,12.884335786247094,0
-0.5747676537965014,0.3321450934064971,1,0,2.700648785134181,10.891122201353305,0
-0.44205674743721485,0.5684374553697473,1,0,0.7856905483199809,2.836480306935131,0
0.5136557577459567,0.16109467473952277,1,1,1.0259813452494957,1.840352725350818,0
-1.8981744924614377,-1.0066877003038595,0,1,2.5367485746686262,4.74691873607917,0
1.2172955591038674,-0.37043012678730647,1,0,-0.2885164909765462,9.218776880321638,0
-2.2509380022078074,-0.9401720605736774,1,1,-0.5871537027197419,9.675053554645595,0
0.45070878640755435,0.2895622701296949,1,1,0.19017741582753697,11.600253778779807,1
-0.22561675586974939,0.5789572231969875,1,0,-1.2533923643009428,0.9730064924148251,0
0.8633793653954998,1.3404503173060547,0,0,0.4131398419769229,2.972044177468084,0
0.17284727111864998,-0.007688838584456473,1,1,0.9963936234336609,6.351271663186115,0
-0.7218764200652755,0.1172937762537773,1,0,0.35712228203070057,4.272859023341567,0
-0.8829190167793347,0.5996195033922906,1,1,0.6081428902193725,9.311621909560234,0
-0.3431780853681598,-0.5227307934032229,1,1,0.6828997063985075,8.178252128785713,0
-1.5271638462482553,-0.614871017173172,0,0,0.7906724774055169,6.442188668723843,0
-0.5962030754454437,-0.7445972275457784,0,0,-1.8050392414418013,26.83073013596722,0
-0.2543632391240587,0.14075810877023362,0,0,-0.3095742216557489,48.34975471135873,0
-0.09063027091181167,-0.3242881004824855,0,0,-0.6325180284999838,17.564484224277038,0
1.116117670357559,0.3871432533717708,1,1,-0.08054904990380927,1.2780720315905247,0
-1.8659222682134344,-0.24345838952254717,1,1,-0.8160661362679551,4.982613597133786,0
-1.0038659665760403,0.04927337123660136,0,0,0.06878245533607746,5.019961555298919,0
-1.0526139521127802,-1.0838924410516402,0,0,1.3753765758897059,2.0256412616975146,0
0.7118332750491617,0.6992846257273246,0,0,0.21621133827876796,8.60087799478693,0
0.30304156542633925,1.2459474555329122,1,1,-0.6915898190976918,4.748656290315718,0
-0.9502360351008886,-0.34348522698008344,1,1,0.33470114381901805,1.3992800035939426,0
0.6762860896026348,-0.8227568838836068,0,0,-0.34515079257772774,8.886362725731978,0
1.2981565996862532,1.470566455184609,1,1,-1.0036354012861,10.10423651641688,0
-1.1488543716203028,-0.3981167845135287,1,0,1.2649281963744947,1.8897347744520778,0
0.0020134010557788067,0.7262504624375408,1,0,1.795713168844144,17.59955126559267,0
-1.8745177188940987,-1.490851496575329,1,1,-0.23701057403275608,7.622611362691265,0
-0.8906045951952578,0.5341230263301961,1,0,-1.7987205019744568,34.51733399814169,1
-0.7029501970593817,-1.3770315697451854,1,1,1.1231376275113287,6.013307715915921,0
-0.18920956438344805,-0.7986852696965132,0,0,0.7809414425859004,4.313326842777393,0
-0.0020769412587287764,-0.35041295220527485,0,0,-0.30778342310436324,0.15359243185343238,0
-0.07182956076184978,0.8672126819747715,1,0,-1.7026322113057512e-4,19.59425070131964,0
0.6798269302827957,-0.8033555246414993,1,0,0.10157513009472811,3.159785940518322,0
0.8499392984584601,-0.44586992723391966,0,1,0.970715349873217,10.380853391129941,0
-0.6818933429404973,-0.274476323426406,1,1,-1.2469982184376187,2.382538985187311,0
-0.13869828261801959,0.4956411891420419,1,0,0.7833226127613103,9.327275731351293,0
0.5318761549689371,-2.0905289544586463,1,1,-0.7446639007448498,4.606313411151297,0
-1.5164782994105515,-0.5914555895476648,0,0,-1.3302664251914973,4.48385603913686,0
0.7664532030025423,1.0921053239833003,1,0,-1.6530935324623992,3.777046207700594,0
0.5479376273010048,-0.8306325875756247,1,0,0.7337946601825915,0.6354432706903732,0
-0.46021934548037213,0.6475654554497534,0,0,-1.8493868571364915,25.01282311851413,0
0.6369361932738855,0.6682887556780454,0,0,-1.0096554457485198,0.8385753328640719,0
-0.8578118594285374,-0.33476621223269554,0,0,1.6311171245452842,19.01434835102181,0
-1.2088736099329758,0.3531422660593565,1,1,-0.7135381420520508,18.19115895790169,0
0.01620137202581015,0.16608672573789907,1,0,0.22011784508535137,10.280740006040991,0
0.5463408308790891,1.234220786204089,1,1,-0.6165468408208927,4.569289335356715,0
1.3652574684457668,1.1104715031878607,1,0,0.3032911218352583,7.899428064338808,0
0.49278710125314296,1.7041129642305688,1,1,-0.7165048327510571,3.18260327425292,0
-1.4161668787503525,-0.5530647113264653,1,0,0.9634715418187705,1.2643604438497156,0
0.11352464507175124,0.40127587102777673,1,0,1.9178493084690116,38.07310388813761,0
-0.26122528133686496,0.775649602836275,1,1,1.4251170951556986,13.664739467287633,0
-0.5317080338742843,-1.3654082851149452,0,1,0.700175919900347,4.106701880868899,0
-0.9379866253406944,0.2998197370829277,0,0,0.19840041876169462,13.866491053772881,0
1.5687308981062893,1.5356164362318137,0,0,1.262729471644827,14.089500510928259,0
-0.017903392598601884,0.012244141917415971,1,0,1.0035961615572746,42.324140435127646,0
-0.7141047529241074,-0.6112200433597792,0,0,0.5081468468886103,12.194365867551753,0
-0.6970983311600533,-1.1743593697416057,1,1,0.35251115949033746,1.386775996779995,0
0.38342018667001854,-1.3803134758727849,0,1,0.4305146220902799,1.0188209534525816,0
-1.0204389572841577,-0.1565909732450933,1,0,1.1224633822821797,3.9903526370731615,0
0.6445066386893451,0.8706811322174026,1,0,-1.371584649361438,13.44771819820321,0
-0.23481205910276204,0.3034596310616395,0,0,0.6082329720017314,10.345558602075744,1
-0.6312975506582131,-0.6624301856251715,0,1,-1.1155503036239491,0.4009323268110726,0
-0.6216761404613035,-0.3928953033145284,1,1,-1.5741680210280418,28.987346716325135,0
-1.5592960248364853,-1.0820532940448697,0,0,0.3534580101625125,39.2871718019083,0
0.8584831298493645,0.4495811808600443,1,0,-0.17856271169945812,19.915976879605346,0
-0.03304273578551128,-1.057661710499713,1,0,-0.07077224471317295,7.216327432109124,0
0.08096884954696036,0.7747602360412211,1,1,1.047983471497821,3.3861774615463722,0
-1.4102431918660923,-1.1924849934125386,1,1,0.4958966906965609,3.0691402149489737,0
0.928911368528053,2.6791930511368975,1,0,0.029961901956316993,16.124426598652633,0
-0.7073258916848852,-1.2344942575785622,1,0,1.5130658704098623,5.333754311951181,1
-0.7961527953881603,-0.3539274062423059,1,0,-0.7095309231497214,7.344681758428418,0
-1.6076077886300142,-1.5135608232181808,1,1,-0.7759797107210341,1.3120624207476115,0
-0.2667075466067085,1.0752320691892128,1,1,1.1159403658916622,13.486675116317304,0
1.514217497838112,-0.29991829586847785,1,1,1.43013383182076,14.51093653229869,0
1.1771652566693502,0.038433830753356824,1,0,0.233453702445,17.554785007672812,0
1.1634102736072611,0.9111689551217935,0,1,0.2673471815744473,6.255013046283537,0
0.31894621355246044,0.5239316852359261,0,1,-1.2222352925035158,1.8786465909317136,0
0.05586898684263893,0.06079249982500075,0,0,-0.3842087026597367,17.460503002274837,1
0.21267038634998237,0.032155230477603144,1,1,0.10152645815011707,1.800530661821837,0
-0.3436162560125687,-0.5984680194916234,1,1,-1.5016343189937034,15.092201952510228,0
-0.7905132271362268,-0.7091625178850737,0,1,-0.11802457338771553,18.600260640585017,0
-1.020926571824911,0.025878888548465206,0,0,-0.01612146567214351,7.155289281874164,0
1.0473961391285458,0.7638275783491708,0,0,-0.18198453295836506,15.942183600227212,0
0.6437511781644017,1.1089120059643425,1,0,-0.15839081218252504,3.2535721515975164,0
0.4043165134190121,1.3122367094096528,1,1,-0.08614256314099018,10.94577167925799,0
1.1908999087783112,1.6470107856651426,1,1,0.9930179918432936,8.429121122326983,0
-1.1245269663603321,-1.1598562956479403,0,0,0.5991139074621189,4.604642419140631,0
-1.666229306533176,-0.9715437090991162,1,1,0.06310066913690998,1.5679979987994663,0
-0.6793711028965524,-0.5036013805999824,0,0,0.7207421461291574,8.426754570102421,0
-0.12984578489943027,-0.8999799799401542,1,1,-1.5584478900130336,8.956297177339502,0
0.7943351285003936,1.1615376456032507,1,0,-1.4257355411592643,29.6772416546544,0
1.3232439104960951,0.912526059815516,1,0,0.10690458516675705,15.270306688599803,0
0.8611106947919526,2.2724973960718997,1,0,1.6047221950215302,8.782581068831636,0
-1.2635811799733572,-0.8843687120412866,0,0,-1.175116650252405,14.159130059019345,1
0.797139956554859,1.4380453347824436,1,0,1.5563567643958036,7.229613304467531,0
0.936163657904588,2.2961338861098644,1,1,-0.9950009827323084,1.3898572264715947,0
-1.5213329278064427,-0.6210845639960961,1,0,0.7386891885488838,24.802014958707716,0
-0.44548619719709637,-1.237113890883808,1,0,-1.9226906591893942,18.548148717400572,0
-0.4707845127209051,-0.956096778730256,1,1,-0.7783543989590394,4.946325740149708,0
-1.275071896903621,-0.3940098496663653,0,0,-0.008126001235389162,26.23345293412329,0
0.008183822570166354,0.30383351694110766,1,1,-1.31864064846308,0.24032430815854391,0
0.3739553921919767,-0.3341664671684895,1,0,0.9328069010232438,11.536440225672846,0
-0.5064232129765185,-0.29371822871894965,0,0,-0.5666875885876931,12.322441983338708,0
0.9119512408832341,0.6448299916053963,0,0,-0.17940907675543344,51.06267152690747,0
0.8246040036962932,0.1944735383262165,1,0,-0.6139965219066862,10.930667876515926,0
-0.6303714596785416,0.5283450811134138,1,1,-0.4681230959665693,0.4479235843339262,0
-0.8623403711030823,0.6903957513592003,0,0,-1.3084031874408115,69.73400951470515,0
0.28707249746974667,-0.3230248676495281,0,0,1.0343279929604265,32.68779453583591,0
0.4972885249935359,-0.7145949911478657,1,0,-0.5485557903640571,13.550768960102067,0
0.019449937268866468,0.41249657397728584,0,0,-0.1844843732931474,100,0
0.4863459378229206,1.0343230163524235,1,1,-1.2451631574688329,1.531986776639696,0
-0.28548298249036247,-1.1555272392356908,0,1,2.1053361713433056,2.491758219972738,0
-0.609300915782164,-0.5116021842057743,0,1,-0.4318565788411877,3.8700182594953882,0
-1.784447050872545,-1.499398227263744,1,0,1.0740755035814913,80.42016248705383,1
-0.9611292909706882,0.11363900853994408,1,1,1.472039195217097,12.786391159846763,0
0.2821009365535731,0.5853701304234323,0,0,-0.4992078077541865,4.167944181321211,0
-1.3550544720278401,-0.30295933035838224,0,1,0.6013357657991767,13.34493826797682,0
0.8669440741611261,-0.6114965227115782,1,1,0.3359867257934656,12.403263726017506,0
-0.9152945996322758,0.43553504829966844,1,0,0.310945893256932,28.32283863591973,1
0.26440869205753154,-1.133204188392287,0,0,-0.07151731908873366,25.383969607821875,0
1.9096487415285632,0.726085898791825,0,1,-0.28856386752852176,1.0395209168627242,0
-0.6879541125822943,-0.14712993683690206,0,1,1.4530167226157036,15.132059945110191,0
-1.1079913373494696,-0.6364770550893579,0,1,0.8780752022708942,8.433072491809696,0
-0.8533719433308868,-1.229530515975813,1,1,-0.2542784694709455,26.929062883557354,1
-1.9786875788060108,-1.0605420714387337,1,1,-1.6857721668989092,5.089111170313358,0
-0.16091188863929418,0.22007546400975653,0,0,-1.5640976240429363,5.612508688438949,0
-0.5435758203575557,-0.09335502471435864,0,1,0.6808128838927603,6.536750999092907,0
0.09970425232268358,1.0860843185940987,0,0,-0.6418738964239403,1.492756699506578,0
-1.0034232663114862,0.7531299449233041,0,0,-1.5134173671088063,65.11356472711805,1
-2.293862420154477,0.20767665162734494,1,1,-0.39277537985330757,0.7124512966071339,0
0.4573882384188161,0.4495068796197835,1,1,-0.5395281487218255,9.180180182195679,0
0.7592986548660229,1.240102088697403,0,1,0.4227305761310045,5.724980380653994,0
-0.6502224901884858,-0.23187030841551665,1,1,1.4878130941490009,7.881008519380115,1
0.43209453585771923,-0.5092637813077556,1,1,0.8730312202285027,2.8389266405772675,1
-0.6522627045234992,-0.11079440900771947,1,0,-2.0718304511074326,0.621755694256213,0
0.20520784397986272,0.9074952700827826,0,0,-0.3685166066505227,6.686166039640815,0
-0.9495635057487508,-0.7090605930780497,1,1,1.8887809072471013,41.719709681096404,0
-1.6259490367636285,-1.1046371419481587,1,1,-1.0984505666301463,2.1419578480327943,0
-0.7179917154017869,-0.6730674659594058,1,1,0.14712822599330888,11.915897681219656,0
-1.1636307426033208,-0.09599633835338361,1,1,-0.807734354939429,2.582187063768919,0
0.3591704102413761,-0.5429431973895682,1,1,0.15546306506149385,0.21657154162223907,0
0.48305913031323994,0.39873016615981977,1,1,-0.18760975162741592,6.023823267521132,0
-1.0911850302999468,-0.6711113440091646,0,1,-0.056753071178324725,5.047179081875859,0
-1.4262729587422693,-0.6317889677108501,1,0,-0.6394216630921851,33.56282764542822,0
-0.8771734097564972,0.34056146829507106,0,0,-0.8998986311663796,44.14700446933437,0
0.17058123788369212,-0.5496103056604875,0,0,-0.6503203168446944,28.390438093401382,0
2.3361143649751615,3.784403706159073,1,0,-0.3296383118393055,13.087732495258528,0
1.9186077557500816,0.7838944846104792,1,1,1.8243972202938101,5.07449121990267,0
-0.2124494506780946,1.0110756081743284,0,0,1.3371024142925092,8.26710168641903,0
0.5237044228451494,0.11267977746732288,0,0,0.3704362118515445,11.777602992412227,0
-0.18475241909749943,1.5755673454827837,0,1,-0.5607484733404633,0.5819327441540619,0
-1.384259982497428,-0.20957341272028152,0,1,-0.35339389399114557,4.999046848271141,0
0.31047506020284227,0.8901008957191843,0,1,0.12525436027398726,10.962753154959097,0
-1.2559195975486181,-0.7281867273636647,0,1,1.736605106864645,0.8811465999713639,0
0.6567342177550906,0.6113430484629796,0,0,0.9176565284153019,8.7789150881552,0
-1.4342335996836004,0.7622341992299826,1,1,0.9093506938232332,8.288170183714168,0
-0.2135100792281161,-0.36379431327058587,1,0,-0.20685823647402163,5.755032307419641,1
1.46568337786103,-0.04879318885136763,0,0,-0.6112834367977859,10.994353339137803,0
0.16347635849056857,0.29840557365322096,0,1,-0.7017616174314372,5.192518488551005,0
-0.9258140195443456,0.3703759932981834,1,1,-0.864791368425821,5.64080589240364,0
-0.33927277829253055,-0.12070001193023128,0,0,-1.0106560568102587,1.9689555758472506,0
1.0849043885655547,0.4801613096756179,1,0,0.8588252262767276,0.919558860042177,0
-0.27424760911612917,0.21438611102275465,0,0,-0.2696798865389014,28.49432837919287,0
-0.5222298033852487,0.9346534828325499,0,0,-1.5548858613492291,31.64676210383851,0
-0.32294216582108504,0.34170811818404917,1,1,0.19286850266949837,3.954409627789218,0
0.8488350411174902,0.2131120398770201,1,0,0.9097518572503144,20.215543905591574,0
-1.375820174531623,-0.45537988249790534,0,1,1.956906321180379,8.151253198684493,0
-0.20533102186700108,-0.056255880443510264,0,1,-0.6457360481984679,0.901408132887718,0
-0.019237098365673277,0.38633275636869147,1,0,0.6475728148568011,0.008207899842190268,0
-0.14159702790123496,-0.27210001043903803,0,0,0.26761508467655704,1.0614112465047434,0
-0.6202012734873126,0.29206572840698253,0,1,-1.4774715050873288,11.682003892965174,0
-0.5142068552724375,-1.0626455479236994,0,1,-0.21635278903214641,2.9797929350052725,0
-1.6538057872063576,-1.3172568308284884,1,1,0.16175764292175965,6.0049754893373315,0
-0.5042209304560744,-0.716189638886966,1,0,-0.6641505249451228,13.905935313694666,1
0.881431854417132,1.3104113379597884,0,0,-0.7172680613124599,6.2147569128140665,0
-0.20733297079906987,0.5697264435503062,1,1,-2.849066567397721,19.059268903459365,0
-1.9336057822878951,-1.8859833673285187,1,1,0.6898664232938362,4.4739352539122645,0
0.40829504658472165,1.080132513040058,1,0,2.1258089183614306,27.452259229224186,0
-1.1292413348172994,-1.184108666291946,0,0,0.7218194789238787,1.0587608859252446,0
-1.8143706086895373,-1.476170755258197,1,0,-0.953231923223838,11.088946981934455,0
-0.16428904016847018,0.09551998592934033,0,1,0.0974717764093924,4.490124859389519,0
1.591034131649186,0.20485310572859106,1,1,-0.6549070692029183,10.918267484023835,0
5.362152768853304e-4,-0.29702843369075843,1,1,-2.625453589888279,2.807398607648812,0
1.4957186858096536,0.9545657757900924,0,0,-0.6455225345488813,0.9939767957881823,0
0.67348359445172,0.056851720799943495,1,1,-0.7321737356628266,3.4199440377159607,0
0.24916276700256873,-0.5813903733924797,1,0,0.032342202617087736,16.914849004436622,0
0.624606535364802,0.02295099747149182,0,1,1.2325712249660357,2.9883297978236767,0
-0.5843078021884038,-0.465775325860056,1,1,0.1585282778397962,21.860973751357466,0
-1.4033982239667817,-2.2521388357662087,1,1,0.01403840450339377,24.349281224369246,0
-0.5374736928621933,-0.15982337725180096,1,1,0.2202729683785384,4.384737713555146,0
-1.2057445594503662,-1.3259559810023198,0,1,0.4690810687482506,35.46195332432374,1
0.3112512333128919,0.11954616293458534,0,0,-0.045250359343516754,13.18545913075398,1
1.5688092521386476,0.49744344432194204,1,0,-1.9041170270796255,27.939198073864382,0
-1.2054585858360076,-0.647479670099236,1,1,0.05226492407521791,4.378209860274756,0
-0.016958802287554524,-0.44746642845488943,1,0,-0.6031219862585109,6.720000646216062,0
-1.488652975072968,-1.4178040111689556,0,1,0.4726423171732346,1.7765630450361674,0
-0.666568876127822,-0.668061866992522,1,0,0.977583356349202,5.968687567330405,0
1.2867377440470034,1.0280949771806935,0,0,1.2495754505730647,9.745696263790471,0
-1.6414101567725996,-0.6770597285666337,1,1,0.9241186678820863,0.6521353491441529,0
-1.2101015143324623,-1.5021054778182927,1,1,1.6329869779704964,3.3588750461373222,0
-0.5607157984055352,-0.09391879079718188,1,1,-1.436527532001912,13.732012829429884,0
0.8475841464603074,0.2952309626936782,0,1,0.10255197507461893,12.55937766550977,0
-2.816876507712183,-0.27198316553047097,0,0,0.31916887675282424,68.28087523148086,1
-1.2338684046878954,-1.101732115022061,0,0,-0.41003994504018915,1.2380826886134244,0
0.09968195933423701,0.47874355367367827,0,0,0.8902479470019228,6.101137814738039,0
0.4006207516113987,0.48545485931074894,1,1,0.9229566914376757,0.5220803744730388,0
-0.5825195266774349,0.7723573089016784,1,1,-1.2356481752205146,1.6045347725522514,0
1.3305205390076145,0.6693729941373554,0,0,0.2232389300502574,9.826551452860325,0
-2.015819357882686,0.09539810207798616,0,0,-1.7402344166970944,20.906398600969602,0
1.1488821615469567,0.09888703859324877,0,1,-1.20048279152516,16.08740483805584,0
0.017146929430290402,-0.15760664446507291,0,0,-0.9092733704999014,9.821527893347312,1
0.28994488003947533,-1.0040726155829962,1,0,0.11893775229603186,25.238309697283725,0
0.6015844703805886,0.27913820927497096,1,1,-0.4815302803672067,5.379019018352573,0
0.6970641140407796,0.07048273581788128,0,0,-2.245402445621012,9.621529995361188,0
-0.9299005291525128,-1.7783609640508098,0,0,0.32015507624002365,6.378852224523309,0
1.4730635852253935,1.753012196568564,1,1,-0.4538611074831434,8.72069392736418,0
-1.894120987227561,-1.1820084159251216,1,1,-1.1273913442105814,3.339556432912167,0
-1.1669426033970254,-0.040688033250768085,1,0,-0.7317929293282928,72.7691421405484,0
0.9251161103668365,1.7739467314020376,0,0,0.5983065607706018,32.606422945166976,1
1.8668094595017144,1.279313876403882,0,1,-0.0672317568598756,5.086636470532906,0
-1.468259101374588,0.3001201832749878,0,0,0.5218215758035639,0.1652120114506683,0
0.531432236415321,0.6672445172771635,0,0,0.2986861672454796,23.307255594327074,0
0.2953914738540987,0.5061851895009903,0,0,-0.5989546904821792,13.422277898884726,0
-0.3996819042781975,0.862993536092489,0,0,0.00434754988929165,3.1406216135186473,0
0.5737678570571499,1.3198415112035558,1,1,-0.7115257547122973,1.0063767266452381,0
0.3451889607970649,0.03956855858161282,1,1,2.4965703759253186,0.7629901179580859,0
-0.7711915726984442,-0.3972691843551859,1,0,1.8758775878226774,11.958061531737762,1
-2.0741560306553253,-0.13813329103860383,0,0,0.885126124294489,7.859685988743241,0
0.39887271873095126,-0.06503861795874791,0,0,-0.496053652546451,12.552776209144392,0
0.13108624125026716,-0.40909141319012143,1,1,-0.8369630370496707,2.1726360311828046,0
0.1081278057785768,0.8312658021021502,0,0,-0.05935947867813928,20.171539253753775,0
-0.6138309611338058,-0.7947427770129492,0,0,-0.07578739030307223,21.318307055332347,0
-0.1648993862130589,0.6319070301690529,0,1,1.2700249640753511,19.85668320018911,0
-0.004089088843559318,-0.5034259297334945,1,0,0.41141005580353873,4.207856177850749,0
-1.6116325356811227,-1.5466704132410847,0,1,-1.8457912906477074,18.37181774538577,1
1.7149363732152745,1.586575243865194,1,1,-0.4883390382475317,0.8445098933924698,0
1.0613323793998468,0.903257943968394,1,1,0.13095930921298654,12.462921720250778,0
1.5694688207456564,0.3385876516416495,1,1,-0.11613198989764266,2.803690102719739,0
1.6760849587060664,0.3316323362067345,1,0,-0.37516388516718163,2.2177746770321303,0
-0.44509317812234295,-0.030499295982045593,1,0,-0.5335412978556131,9.300287140577398,0
-1.3919891245386218,-0.6856767996826634,1,1,0.39170435335194703,25.59230864699677,0
-1.0903136705554586,-1.2421996424916781,0,0,0.8057411681002401,20.349404242623333,0
2.0529630290491623,2.4400492899971367,0,1,-0.6587534183623855,4.537029736762528,0
-0.0011634969907705118,-0.028772367715687235,0,1,-1.0429310809184105,23.40904540103731,0
-1.0326487707857168,-1.7241740145602993,0,1,0.45579058926583726,10.408311099419013,0
0.6514003409614484,1.1255761956849284,1,0,-1.0349011988942072,0.7940991170884777,0
0.13892340913865156,-1.4872537798242365,1,0,-0.35297955877818415,22.269152796095486,0
0.9769936763310333,0.29131246113240283,1,0,1.0915001577716095,9.187576720209652,0
1.715880459805707,0.40881962895581453,0,1,-0.088878974021521,4.921101584010017,0
0.4289025507008725,-0.3618851027545299,0,0,-0.10132912013637303,7.703633411982289,0
1.0537719887367465,0.6777062235766206,0,0,-0.038664067495637916,8.897290846750709,0
-1.7151339738927929,-0.5180149595120569,0,0,-1.2932177463030798,32.199746453447105,0
0.24923808470746264,0.6286932692065553,1,1,-0.18499333498635967,1.5690114979044603,0
-0.5373668491659107,0.08320794552876998,1,1,-0.9807492767649129,2.0503681732661696,0
-0.5516219525948444,-0.542288578569232,0,0,-1.2895034632123075,2.2329529169859335,0
0.7007658321995636,0.4955295002669723,0,0,-1.2766720136684342,16.19608248566279,0
-0.8437849120290706,-1.2332733664083144,1,1,-1.6575652377584025,5.757380989754839,0
0.8773538641085092,0.40486813352391693,0,0,2.103515301240898,15.566034296305851,1
0.2818648693406767,-0.34355444528416434,1,0,-0.6313829836862754,0.7378461487082687,0
0.3326033396538825,-1.1911075656638772,0,0,-1.7630710710582782,31.56765658671097,1
0.6678659164530114,-1.177216252621399,1,1,-1.645878723938919,18.378829616501534,0
-0.16005503589557735,-0.2711090427373517,0,1,-0.3049770538869856,9.903934867003759,0
0.5381892940850173,0.35207245191455827,1,0,-0.9678587989200111,30.93490683360141,0
-0.003849225271483294,-0.36013890064607634,1,0,0.7497133097701262,21.255505522508216,0
-1.4705883421762227,0.1707722618763834,1,1,1.1249435851603262,7.8090388667272626,0
-0.42571282795352056,-0.7519244531891108,1,0,1.0695340007884813,11.903445429661051,0
-0.14660634025222585,-0.195947624296256,1,1,0.5303940862763726,16.373375612868095,0
-1.8417878627532704,-0.9841216112197568,1,1,0.4129338032727723,4.407878634486853,0
-0.4533740214473051,-1.0922427897775817,0,0,-1.5708258100258454,34.33360476292337,0
0.661498576817264,-0.22169196137571917,1,1,0.19549518662036638,0.6714954565037443,0
0.15242057136001125,0.8920641757788995,1,1,0.2254437742148515,2.276831621405085,0
-0.4528124757300349,-0.44570245188817514,1,0,-0.38400972486363444,21.1625429351773,0
0.8139242104275924,-0.8702386789128325,0,0,0.2549967809573104,5.409827747258997,0
-1.2894967775389137,-1.5054510909177627,0,1,2.4934855860585246,14.953168697417736,0
0.793567981693862,-0.15137012726684923,1,1,0.9392720876082861,1.3751109778417356,0
0.08334903595357086,-0.1614360586209875,0,0,-1.0225718202942065,8.350218634630517,0
1.7548950449025529,0.503371144383902,1,1,1.3700886412863718,7.4667353516811765,0
0.058488711479427885,-0.601189559088664,1,0,0.5149220088217891,23.27802867044123,0
-0.4131448884204535,-1.9097370560356408,1,1,0.4568457005882995,2.03821176246785,0
0.033509504821456315,-0.42719176478885684,0,0,0.371073369704314,5.917327718144126,0
-0.296147013016975,0.24180192408558143,1,1,-1.1916507795129136,6.587221889800074,0
1.4554532041373491,0.14797660825256886,1,0,2.0152790707555197,7.549221522569002,0
-0.23667387703394355,-0.9848723000878113,1,0,-0.5669912488139298,5.413339816069766,0
-0.7643831254352654,-1.2432177320536553,1,0,-0.44998944396973567,27.616792840042876,0
2.418002076724826,0.5873685826898452,1,0,1.6253823100274902,3.6281443450692286,0
1.0044782377070327,1.3553137209561215,0,1,-1.2121836667900951,5.216089480710515,0
0.5543510738743288,-0.20366225891249728,0,0,-1.242523063935561,12.127566666392015,0
0.14849670264028836,1.1860964993885512,0,1,-0.7245180986768627,14.300633157394872,0
0.256517603852456,-0.6210720479337073,1,1,0.7799276140510475,3.544911728698781,0
0.8095325823397511,-0.9596596646752278,1,1,-0.9230917113764461,0.9436266157117682,0
0.424701249471489,-1.0893437535943336,0,1,-0.44673621133676616,29.310738912234925,0
-0.49211975809402186,-1.0918917458614512,0,0,0.8902236051443065,24.473815681802083,0
0.1813937211798026,1.3148307098324612,1,1,-0.8189133575281061,19.535391761213383,1
0.8968008134720757,1.2902020363543545,1,1,0.8604358190543676,0.7303323606129587,0
-1.9887191114169285,-1.40322060240591,1,1,0.9673541831327774,6.796556911598319,0
0.5063721077862696,2.0359272323801174,1,0,-0.08855819527711187,31.34749684104978,0
-0.3676780012789423,-0.20267012619029404,1,0,0.039026974467935745,0.5252046972772161,0
0.16754229912470428,-0.2539524207783529,1,0,1.386327452208764,11.836004173508917,0
-1.1149181871772247,-0.6258308662930032,0,0,0.0031900763012458456,3.6710397923868947,0
-0.11932958289507153,0.1518961815215792,0,1,0.8508994720352906,6.233946867780428,0
-0.6310950732865424,-0.019730491456582733,0,0,-0.22924661833061447,46.360770160106455,0
-0.20994122365166873,0.0282454211503943,0,0,-0.40370071629642534,4.404596003200249,0
-0.6789612805633735,0.9126498321079739,1,1,1.6317455093670103,6.255444290670499,0
1.488733645027964,0.757808290122176,1,0,0.3798243002917789,1.1353777006818024,0
-1.3881833456819903,-1.0658516096942532,0,0,0.20230809680851863,19.930527772308448,0
0.43636877175566247,-0.8140834194156972,1,1,2.0706735423890064,23.42322830519464,0
-1.3502424726381894,-0.21818727711082098,0,0,-1.3965180433195732,34.50677602670396,0
2.3435618475972704,1.4345037179482822,1,0,0.48061021427037803,2.103738860515555,0
0.5467534745869176,0.9083344741864243,0,0,-0.2612449470871431,48.84762377005777,1
0.9843939865181457,0.25504434397467646,0,0,1.3965974192216317,6.837076065360198,0
-0.04386991529425117,0.37446942367734276,0,0,1.0282813226013598,3.6651749286045323,0
-1.1526316639305842,-0.7936993246042956,1,0,0.4456262853086453,2.7522873894876363,0
0.5766474843425068,1.388364689512646,0,0,-0.008833267227695606,15.643667317819443,0
0.8780142149126225,1.1603474992699045,0,1,-1.034371627677989,3.104657043764333,0
-0.8693326166910753,-0.7896925416617568,0,0,-1.504697419743579,21.57217892987209,0
-0.28217515925090564,-1.2604621997463905,1,0,0.3107016315340121,24.384587931157796,0
1.278197329264387,0.1693551717481394,1,1,-0.38209443142941085,4.48894654740588,0
2.026582887624493,0.8805520628420553,0,0,-0.628787862623207,14.182005797412954,0
2.097074251915975,-0.5758579184971258,1,1,-1.9535277801110078,2.9577612839154144,0
-1.7051410944433192,-1.2318018691404378,0,0,-0.7577291300903802,19.13426858070321,0
-0.7227994782829118,-0.11187541409901997,1,0,-0.6191014336564467,85.42586632898514,0
-1.5762591817949194,-2.0856684030440817,0,0,-3.3765217700011103,20.45332846145476,0
0.1480781058363239,-0.1903947153727759,0,0,-0.8056756326607768,0.6852671914920397,0
0.8488829017875148,0.10746434556812479,0,0,0.9638780711680851,9.688417362084248,0
-0.8325193152950772,0.9724787314824919,0,1,0.9777055532859956,11.559054870942052,0
0.8507322283169988,-0.29709707411264147,1,0,-0.18654482747526965,32.088012473447456,0
-0.2709156446883642,-0.6392608225352756,1,0,-0.6535060498144862,28.60947779041072,0
-0.7238874657966341,0.7211996263586253,0,1,1.1151177838207718,8.857689512391847,0
0.39389000905000965,-0.43115929089886373,0,0,-0.5557951182962098,7.546885615667568,0
-0.2829021291433855,-0.5572665259187919,1,1,-0.4727840323999401,8.969332386835225,0
0.5285973826749119,0.43100955656152395,1,1,-0.7951251437679312,3.123547184638035,0
-0.3850588521278668,-0.9914087168651167,0,1,-0.3406172723084072,0.29239158634212226,0
1.9427004687430747,0.5899696538071343,1,1,0.20533401838710177,11.114131535914478,0
0.34045381862531426,-0.014449970203073481,0,0,-0.3832633430218263,2.318727645520836,0
-1.3281074260553385,0.24963521145054968,1,1,0.8558876494168883,11.342017530762718,0
0.5155289339506862,0.5068456845772404,1,1,-1.1244651248530477,13.777590849583218,0
-0.897366744021031,-0.6282798959103147,0,0,-0.021773563878783653,1.5515715907475827,0
-0.9635261595654973,-0.6753637751405688,0,0,1.2689540460277997,45.55515915287226,1
-0.08857157659043015,-0.47281001650628834,1,1,1.5402009821192175,0.6703233803337083,0
-0.9231131057361686,-0.8208078204189116,0,1,0.049854700762818976,18.925944730320815,0
0.7443832000541907,0.7989601354759316,1,1,-0.6614028575593436,0.12215969522419297,0
0.6103719031549947,0.7860082979812437,1,1,0.36604564814349605,12.49801894427869,0
1.4690696864607258,-0.6574941387229087,1,1,-0.6916996626208272,15.809757815585368,0
-1.0001812348440422,0.31418420942969394,1,1,-0.19366232769705732,1.746350744324287,0
-0.4877565687428901,-0.5347102816778744,0,0,0.8214840566192504,28.0375886627904,0
-1.2159670269308513,-0.49798810072485356,1,1,-0.22346628755575465,4.6414835858846395,0
-1.2593905640779925,-1.284217358524879,1,0,-0.3197796713895298,1.0691009609595195,0
-0.004221965711450275,0.1390615567939941,0,0,-1.1143497216619411,0.7384092047306,0
-2.271274548963003,-1.9066856310254972,0,1,1.0712030566318467,21.18525410816586,0
-0.4466952877496453,-0.48870830288639927,1,1,-0.011024355903172165,1.0940200264143547,0
1.977718466632096,1.1293425166556559,0,1,0.9820563208985604,9.892035912110908,0
1.0772194401159572,0.2749121058935298,1,1,-1.6159000481882875,14.506873721037328,0
1.069510627259977,1.2691563472977392,1,1,-0.35440873445226917,4.6901360373308085,0
-0.1407274029468398,-0.5411082957476452,1,1,0.8386760443006275,4.615980060290336,0
-1.1798098722710244,-1.9887633725215645,0,0,-0.332468867782291,34.04383892261628,0
-0.9396168502770738,-0.9006641276664324,0,1,-1.1369789741554523,4.822232484707448,0
-0.12109014536736794,-0.022148915583115,1,0,0.41889434535758857,18.395819239555085,0
0.5325129277530867,0.24537502471491032,0,0,-1.8819912595963681,24.3938777331771,0
0.8964985812002584,0.18158050477897336,0,1,0.3140062372061014,6.724081252649787,0
0.19138904105127255,0.3161556536699192,0,0,-0.14069949489598635,29.51545443250327,0
-0.04053997051835151,0.7173243201371328,1,1,0.11966035595002493,5.284124024873961,0
-1.5406298249367694,-0.20019829464952743,0,0,1.3688440540093647,35.63082172229128,0
0.9054041283301045,0.19778755485790145,1,1,0.26324248913545567,11.902084364056565,0
-0.8710159640454413,0.7062668840412029,1,1,1.341089417572026,20.659363993075427,0
0.42714161708146847,-0.5823266593271723,1,1,0.7431592842908175,0.5351185093913692,0
-0.08873108158735124,0.27588036297116414,1,1,-0.5096975732549085,1.9316098905875814,0
0.2315009223959042,0.5639840253748297,0,1,1.4139425525176015,2.0355186601117996,0
-0.4983173872723011,0.5055077229839011,1,1,-0.8400871897553668,6.401178004255005,0
-0.18826850614289303,-0.11739993825587514,1,1,0.5185324363580474,9.194270260372495,0
0.12930412076454956,0.8686227698449382,0,1,0.17137983096324502,3.683401739886061,0
-1.0710637368963354,-0.32880393422904375,0,0,-0.1841146487696496,5.357867346913564,0
-2.556314028680735,-2.8804026966734773,1,1,1.8685492722082393,0.27394905592647606,0
0.7549598310845247,0.6906772721597139,1,1,1.099068113887781,11.976121546280138,1
1.0353654641395795,0.15428175909291936,1,0,1.6101058365229133,71.8181003413123,0
1.3019112779021924,1.2035410800779824,0,0,0.062273981147582556,16.745570083577245,0
0.758953477763201,0.10627400873855142,1,1,-0.9392250144506586,1.6516271022481421,0
0.0019896180499662025,-0.23442188749280507,0,0,0.21064122100082217,33.9526846823927,0
-1.7877085287542436,-1.0212397608130515,0,1,-1.55142552238886,4.931308819095212,0
0.0701584005281646,-0.3101770571622291,0,0,1.258858208785976,6.088754050783177,0
-0.663810650832127,0.5522715678419114,1,1,-0.9432616374909458,1.4701263498124806,0
-0.31596465614467717,-0.7104962690554246,1,0,-0.26051589362580213,0.229495039491136,0
0.2223171937074922,-0.19301031014453626,0,1,0.8633038884179947,1.9706896404222243,0
-0.6791063330757554,-0.8268065731642582,1,0,0.24510071164863395,29.339664545379634,0
-0.053487390828149295,0.9885306431287354,0,1,1.868466359026949,5.201601075971075,0
0.45144020582515015,-0.4510194522328551,1,1,0.4051222375096068,5.571255900617128,0
1.8986929363771672,-0.45409808441488775,0,1,1.5611366329660308,28.988594571472625,0
-1.2861880452565588,-2.276896590782097,0,0,0.8733887541920871,14.808688947788017,1
-0.9723722903396808,-0.907711940022391,1,1,-1.024924440242061,0.1230678436468862,0
0.748860321371929,0.14697742416651738,0,1,-1.0733137456385418,2.446387633351237,0
1.0360275332355748,0.2830175303826341,1,1,-0.7400728439516057,13.864081686384692,0
-0.6862926436937596,-1.3570613661235402,1,1,-1.6401265337350726,9.631423839267562,0
1.2827885936250882,1.147778085193873,1,1,1.716848750658945,19.29198677722042,0
0.23096015856313853,0.7855270185021169,1,1,1.177041463303382,10.365604234272757,0
-0.6086199656062976,-1.392667541270271,0,1,-0.8951444609040384,4.405465374347157,0
1.4229778169158458,2.0107316774116724,1,1,-0.32950191318521976,9.274777728110141,0
-0.6645669619190454,-0.35969642378269,0,1,-0.6549289563914205,5.046632583858367,0
-0.8202551029475876,-0.2613832339468938,0,1,-0.5980334130064305,2.552054878533925,0
1.2790541387589835,0.14901008426107842,1,0,-0.02078587700814461,20.092033207905235,0
-0.5926570788428291,-0.8953039501358484,0,1,-1.361927508330114,23.0699291753421,0
-0.8864646384491625,-0.6204878899677965,0,0,-1.3893837704297654,70.07125117341117,0
0.021161006827757997,0.4383857277663077,1,1,0.6423513106002092,4.333561117398806,0
0.002308177609574669,-0.09572675596064174,1,1,-1.29252843663863,2.651332471665692,1
-0.12722988056356505,-0.19326001225100212,1,1,-0.7871557316821933,2.034594592006178,0
1.6259806582003373,1.7595685096500866,0,0,0.6801296927774589,27.511566294166638,0
0.6009243110245209,1.83967317038526,1,1,0.39340729301398447,4.348182341095743,0
-0.982606987904895,-0.6504358695455361,0,1,0.6591598813845642,11.040963811368005,0
-0.4882452382076063,0.1627035372068296,1,1,-0.3559955977536574,2.2614076172705087,0
0.20207784980920027,-1.2488478617657996,0,1,0.9229887279174696,0.44178858631392226,0
0.6277180790752982,0.542622050771683,0,0,0.5796079851115558,2.3711263812850207,0
-1.4066223739568962,0.5037115661157734,0,1,-1.2803810446113582,9.773935802066104,0
-1.786901180195132,-0.9053714913911924,0,0,1.4819347647056114,14.897031434663514,0
-0.0928730437278016,0.3505849381840823,0,1,0.22235545291799827,1.9306626583374589,0
-1.2067175486352304,0.3299806825088024,0,0,-1.3529750165340622,1.8568490904351185,0
-1.1665618511894238,-1.5954877699920624,1,0,-0.2614248144171011,2.2789433220161173,0
0.9459022192978558,0.33875600970960595,0,0,0.8587440051773302,24.682062614802692,1
0.424400816038041,-0.15775710192829137,1,0,0.16731421988869524,5.764170683733499,0
0.2594498205883161,-0.18079742076399147,1,1,-0.5394122876488995,11.615727367183396,0
-0.5221763911469919,-0.1642679623977949,1,0,1.0753133958757404,47.37380519891756,0
0.3335809554359807,1.299694383535873,0,1,-1.5966924415803847,7.773205521463704,0
-0.2581362350004709,-0.01840363176461446,1,0,-0.22827633025221805,10.62266069219545,0
-0.11431794258293287,-0.10524783149156806,1,0,1.9034974875435715,7.680779064253815,0
-1.6579318498030915,-1.4591582919981896,1,1,-0.046041979169356616,17.925468698946673,0
-0.15677205777988654,-1.1703125296373298,0,1,-1.2823872043812277,0.4318691877071909,0
-2.890897232460445,-1.9534290554018856,1,1,-0.5186151021526202,0.5888385938600073,0
1.9837289658696402,0.5124015189929357,0,0,0.5204887388537335,6.407691762247733,0
0.2435255360530978,0.48803300103500485,1,0,0.09779321803496034,36.180139357549244,0
1.205945136878963,-0.1018059237811797,0,0,0.048613170144589414,31.325549816383766,0
0.9931585127459102,1.581424795887298,1,0,2.41098188396345,3.243716384311113,0
0.5794344481611439,-1.4485370250453555,0,1,-2.558947185515944,2.368526563658795,0
1.2605880686891724,0.8991624163163403,0,0,-0.6456631953251009,2.366076872127614,0
0.5663890843613748,-0.8135355131093216,0,1,-0.26336200099443174,7.779543731433426,0
-0.8078560612989001,-1.0362612094663914,0,1,0.8417839042803077,21.260889875064482,1
-0.4118270205146695,-0.11372657619544918,0,0,-1.4233294689776035,9.25435555650299,0
-1.058475310466638,-1.5078651393636866,1,0,-0.5197279644327494,3.535557236448554,0
-0.4798549965349323,-0.6500179962117073,1,1,1.1432703415526109,1.7479087539380076,0
-0.6197526850720856,-1.5684413045097347,1,1,0.7283833435965555,17.1122859256234,0
-2.153539943545378,-1.7361155651374016,1,0,-1.957987189316864,11.33772141279699,0
-0.6921903970756491,0.17863672040361356,1,0,0.1398628474290315,4.905385503101868,0
-1.2745845053975275,-1.6932542044021122,0,0,1.0168727995076645,20.049587304107447,0
0.18677136865912392,-0.2724843833472502,1,1,0.4621571107249356,8.033742284267156,0
1.4949950454852219,-0.11029779081178426,0,0,-0.3994983641469351,15.238003890938739,1
0.31802795248447957,-0.3673916509481221,0,1,0.7371164157802701,7.997583075923763,0
0.7217342828189185,-0.3946957703301058,1,0,1.1299281110554638,18.91424123975891,0
-4.270415571465803,-0.3292913696127133,0,0,0.7804324104548233,1.600017482271181,0
0.10434172107605356,-0.35770553705412955,1,1,0.4140218410120057,3.2554566658166655,0
0.3908259207938071,-0.7880263495274039,0,0,0.6855459408562148,14.165456769735178,0
0.22419252201368806,-0.00864702759771735,1,0,-1.7695473391036256,0.021818046019615855,0
-0.14106116114990527,-0.0043141822431474325,0,1,-0.9269274611520762,7.309525550673553,0
-0.0889102688325441,1.0092745546288946,1,1,0.48516585926546163,12.298077741044498,0
2.181778200301786,0.5930282927244944,0,0,-0.32601709485846136,11.824689562554632,0
0.5973461670986321,0.23706479016805465,1,1,-0.04761320622698577,13.963655464748847,0
-0.7317030216664091,-1.5532498851193555,1,0,1.095139567185704,11.606276887439162,0
-0.6129802492994095,-0.7217417706487202,1,0,-1.5434682249545681,1.9245272388535943,0
-0.4754008470742923,0.2187116754318117,0,0,-0.8552929850438212,58.92877390847848,0
0.1929849506398444,0.696024758450334,1,1,0.7057159761924119,10.003818768018599,0
-1.3492760058346123,0.19027107313996527,1,0,0.8607680061842792,5.77240059799097,0
0.6559052383332267,1.1295126166134213,1,0,-1.9311864618648595,4.885477749704064,0
-0.4234912472680696,0.090146669632819,1,0,1.841635579765571,7.052648883933828,0
-1.1660526434519716,-0.12767246134787102,0,0,0.3784632263871658,11.83363132871767,0
0.9417011125712569,1.0547976971265776,0,1,-0.937491551818528,1.4276640790541404,0
-0.2249823641447739,-1.1789073291353276,0,1,-0.6100454220791826,11.707005621933115,0
0.010956742883591138,-0.5512265040175536,0,0,-1.6826550754836416,6.980611864564098,0
-1.1232645798201983,-0.8365789930828694,0,1,0.3820250731138133,1.751199237552099,0
1.8259837335935172,1.4605823834010243,1,1,0.5574415441082957,8.466606968104712,0
2.690362384561266,1.6410336527232077,1,1,-0.5726362777736826,2.3754075237048577,0
-1.576124751488552,-2.1336733173197286,1,0,1.0948219629516054,2.871722348471473,0
-1.5973008641852582,-1.5470516063784951,1,1,0.9689337017480383,5.438667060956553,0
0.48937498662412293,-0.07841765432712305,0,0,1.3216012982623826,16.093377652727884,0
0.4680462890377427,2.0453375176217716,0,0,0.7070068410109659,2.2145749737945812,0
-0.36165558684843024,0.9775891908096943,1,1,1.5030341616626817,1.7180379773455385,0
0.59404731653105,1.7959211668837216,0,0,0.03181868152313033,17.928971093537076,0
0.9786411523138454,0.25458749201400876,1,1,-0.3338683979831558,0.5537708145883365,0
1.168682578456194,2.073940420809272,0,1,-0.27770112002824504,2.8068490746872956,0
-0.6299146591048567,-1.2907210634663049,1,0,-0.7744566178124217,7.6229872291646865,0
2.2297008708387334,1.5445672318766162,1,0,-1.1508596363809287,4.861366615276421,0
-1.517807512047233,-1.2074787609742814,1,0,-1.2550656676016172,94.09777135724323,1
-0.13580978700569102,0.37697677379943223,1,0,0.3856325625089177,4.213786253588237,0
0.02017580521865537,0.8484705567534727,0,1,-1.0513803811757487,0.4967123213528109,0
1.0943695920144305,1.4119863851483285,1,1,0.2158853302942871,3.8617934034414643,0
1.5246725805437746,2.897653810504386,1,1,-0.6191843959015453,11.614778987391263,1
-0.10097713653463297,-0.37648926925099724,0,1,0.5809469899149261,13.084487493897772,0
0.7281475074009507,0.7642905405604917,1,1,-0.0587024760318363,1.9294100337985656,0
-0.3154571804382621,-0.5620203896050571,1,0,0.0725365474097611,11.072716093958885,0
-0.3157233513300324,-0.9117719375534904,1,0,1.0088752375738197,6.857750816614376,0
0.4799579211468968,-1.3743661168354968,0,0,0.1395145010169727,22.996200221753263,0
-0.21709259347914997,-1.4865834901874526,0,0,0.14505069719254643,2.3418492815047314,0
1.304565557436369,2.1725000929179434,0,1,0.31981755190025835,0.5089068928302317,0
-0.24792811177999488,0.1822580700934422,1,1,-1.9245260748247721,1.701457111806569,0
1.7508126230569514,0.15748685377569693,0,0,-2.1156209141915814,15.878514291570104,0
0.9092037006503243,-0.5526162602301941,1,0,-0.0820950527508734,16.92950541750475,0
0.6838413935976286,-0.046862811079821376,1,1,-0.4210048495067281,1.665667446416587,0
-1.5635678291674864,-0.9751628496097439,0,0,-0.5801839872271441,67.01558308711594,0
0.6604487689093493,1.082913919952139,0,1,1.5104226505483864,1.8868045215572637,0
-0.9280251304888545,-0.7020804611484824,0,0,-0.6752870318593912,32.71424980821045,0
-0.5007580153624492,-0.24695692740283465,1,1,1.7981879002319454,1.9117316389311936,0
0.7182478963375069,0.3607005897468838,1,1,-0.17119569097323423,3.35390733433036,0
0.03869975773568748,0.6196211097555546,0,1,0.6536377512782519,5.508247750348053,0
1.3452839748607364,1.7209812319266282,1,0,-0.296323998362315,25.450605591175744,0
0.12678050045665615,-0.6237019052306498,1,0,-1.411458419749232,3.678328597796945,0
-2.4033164471405546,-1.2681471938869708,1,1,-0.23628897391669765,11.83394875402695,0
-0.39967997380334114,0.0740673300517379,0,1,1.6013763290897471,12.722907961888923,0
0.7863834669632516,0.6788312445699904,1,1,-1.2091378453353885,3.762058000952612,0
0.16470490227034196,-0.10244938218993327,1,0,0.4682555126040818,59.50610424535847,0
-0.619288878523387,-1.07211304677196,1,1,-0.1139307771387369,1.9137821170760876,0
-1.2391169667247375,-1.1637766467191275,1,1,0.3374635957604028,8.018938646906856,0
0.5077518430058838,-0.06856063216781094,0,1,0.754268171016826,19.07473831556044,0
-0.3014896143690581,-0.37376093282207595,0,0,-0.2956156103729092,1.122620523593534,0
-0.3315600703125132,-0.48116161811040137,0,0,2.621904363855511,8.176418467144586,0
-0.03947429894290124,0.10914244397284963,1,1,-0.8258073707578913,0.755500236640575,0
-1.1862584031806649,-0.20326280349608572,0,1,2.097600428482155,3.8088619241578887,0
-1.2333687431471523,-1.6447985714659672,1,1,-0.5940070021066909,8.556945704872705,0
0.5364664976842071,-0.04639933889016712,0,0,0.12337502317151625,6.4693030037490695,0
0.1049352225396367,0.3333370073630432,1,1,-0.8911114250713686,5.60591647727561,0
-0.279196655627644,-0.7000597644767681,0,1,1.4229041785186713,17.56744294793817,0
-1.469876529887727,-0.3064912413083664,0,1,0.1374734488700824,13.919497992941777,0
-1.192848854841416,-0.8893053334911445,1,1,-0.16703645133267442,5.527889399932803,0
-0.684932380840593,-0.05703248592104454,1,1,0.2680652381799128,2.2278506459190552,0
-0.42967355099695864,0.4835429825939178,1,0,-1.2817113689984614,3.118195473558829,0
-1.4602833582798358,0.12228074810414047,1,0,0.8795734512633736,20.185667151709936,0
0.2451249829960802,-0.821198400316429,0,0,-0.7927800567089766,2.0402560176005706,0
0.3146417351569152,0.8189345526995593,1,1,-0.9657736972934742,8.653793171212104,1
0.9722094471844178,1.0730854908356018,1,1,0.7525760386739603,1.3068952983873756,0
2.2095804501877243,1.2598957348838262,1,1,0.28872862348634165,4.1470622273920785,0
0.5072354675631542,-0.19608547601502196,0,1,-0.8263881957196543,1.5572579387370502,0
0.9808724364354612,0.7487777773084099,0,0,-1.2902207369806105,0.31338212862172243,0
-0.3823302891391815,-1.0452696894218527,1,0,-0.6542004183209894,6.880562226128302,0
-0.04420239884916341,0.26954460987378986,1,1,-1.519010217544899,2.7545532433383904,0
1.9890351896745968,0.09539542809946466,0,0,-0.6012999817129201,66.54181715481386,1
0.2874280163228725,1.1196317462966552,1,1,-0.16187239160351655,8.296667928392681,0
0.5030329989013679,0.06809379291942555,0,0,0.16704319418140787,2.7184628322073765,0
0.8818950077144555,0.4682821141264722,1,0,1.8386489203182166,10.777376996138504,0
-0.9918504167595388,0.4692063285949266,0,1,0.6128901184609237,12.255877459515585,0
-3.6433465636835,-1.0753973365303362,1,0,-1.4989474885013092,2.290951348198365,0
0.8176564884557695,0.5242547106979764,1,0,-0.11856337235677333,2.856937357684776,0
-0.9034820418053596,-1.1961587848980906,1,1,0.466472448568777,6.468907138271909,0
0.5546580831306082,-0.6504661996285692,0,0,-0.2337005989625665,0.7707408748494027,0
1.4676380132863849,0.8491469513109382,1,0,-0.6833907196463286,37.54635077449804,0
-0.8199759157783733,-0.5318739141551048,0,0,0.6111657125143917,6.7184101978225055,0
-0.15134213301701985,0.44073770125190687,1,1,-0.9315573068020073,39.8727406741048,0
-0.6116352801347574,-1.0085302147175415,1,0,1.2947407267107927,21.488512505640145,0
-3.132266433408253,-0.06376206621995895,1,1,0.7537490209062987,11.937621816779528,0
-1.1432691404645392,-0.5461285085083537,0,0,1.3939019060538087,13.108110570660436,0
1.2707262850395251,0.7605370552649484,1,1,-0.5389184422468084,1.0800648068469931,0
0.34833696885009463,0.3455321295331665,1,0,1.0709831277074338,37.30240882563362,1
-0.2319919999844387,-0.1885857767194803,0,1,-0.8208601862256282,4.564792118600857,0
-1.1760034451426653,-0.020241273662889747,0,0,0.1360802582157535,13.83215591419777,0
0.9580223854173348,-0.013866579252131528,0,1,0.37744711249625296,2.0076267982355716,0
-1.0199976006506497,0.4051842030512489,1,1,0.6364640906736412,1.6964751871499137,0
-0.5021974537500191,-0.15433327536060296,0,0,0.8924677302863664,4.34461535643974,0
0.7163229235682514,0.5017088477984096,1,1,0.5169236396136105,24.928372837697164,0
0.25936066432837596,-0.1655126043037177,1,0,0.8439580581102919,19.938693621596773,1
-0.16801821692353383,-0.19263809237939503,1,1,-1.3022456563747473,0.29022981913625806,0
1.1004371188630255,1.773105290612309,1,0,0.8030327267910896,9.961995239987218,0
0.31697257480855273,0.07007203857292374,1,0,-0.361199937067825,8.16896209086097,0
-0.7541827175521103,-0.5475703430417227,1,1,-0.13211538691492877,7.733291258298783,0
0.3639785559458054,1.049958852363166,1,0,-0.7532191664866036,2.439334000179364,0
-0.07678175132437265,-0.435556807155724,0,1,1.9576923446886572,27.85150050008983,0
-0.7366365410634407,-0.4743547382995633,1,1,-0.6319818901899174,4.349761580704609,0
1.991159270652838,0.22052882396655082,0,0,-1.6104773117110585,10.30641738712631,0
0.7739497080805755,0.05746232175265026,1,0,1.366501752530699,1.3815901016050904,0
-0.5929003959283135,-0.040311255549588976,1,1,-0.897535392846876,18.863892339921005,0
1.422116968617572,1.4227157176585186,0,0,-1.9347945612760986,4.317810362702303,0
0.5898489184248068,-0.8570559800749162,0,1,1.0731803639851243,4.8399872890685085,0
-0.5963542038195875,0.5996148019277071,0,0,-1.157358234425806,19.309889581879943,0
1.141937093026997,0.039112896475371084,1,1,0.43841727211160386,4.923768361568554,0
0.7879206125274311,-0.6221884217953384,0,0,1.9254065633809945,7.246344912975055,0
-0.8001368960546971,-0.329067591886213,1,1,1.5998606736210672,3.389494725315639,0
1.5851220489107314,0.1127073347507549,1,1,1.334599441498357,7.7230051610698585,0
1.8848819037852274,0.8129717644249742,1,1,0.21091190086924866,1.5360214771319902,0
0.3950370397414864,-0.2219347336827317,0,0,-1.5344135284078357,16.15050027689078,0
-1.6408891332997826,-0.7756508879313601,1,1,-0.8693650084375965,3.6394777443257404,1
-0.9015135591690256,-0.20266521963060014,0,1,-1.2126681476290464,9.997916748512822,0
-0.8479214590119942,-0.16075420099524101,1,0,-0.34166506059739715,5.311266481130754,0
0.25160076817943416,0.1329664846262299,0,0,-0.14444205800475618,5.5598282195476925,0
-2.654625741576349,-0.944382634857586,1,0,-0.3311615728589054,41.415573542251664,0
-0.3116355291721352,-0.5775320110932379,0,0,0.14287078651115692,14.883193246309297,0
-0.3111766272443744,-0.6112999271215965,1,1,-0.5215389069813335,1.3208196179668252,0
1.073799062011262,-0.7208724862581539,1,0,1.552489933908386,10.658074262098163,1
0.11420949019905081,0.24821470188817799,1,1,0.9706872403755353,13.937571195814652,0
0.4634482514477538,-0.6887969019381108,0,1,-0.3676919385739537,4.85051853191666,0
-0.7458013616393604,-1.98266875356286,1,1,0.8839144280901314,3.454067983732547,0
-0.5301174485831841,0.4978211508832312,0,0,1.6105453885682215,21.688208697334467,1
1.0229510058335158,1.2050630945589145,1,1,0.5564610453326665,5.209501097069023,0
0.05875096582004949,0.6744882496810412,1,0,-0.00955471757811687,19.956163646309637,1
-0.8656630246613275,-0.3151614772505457,1,0,1.3233802495266331,16.966453144941344,1
-0.1988611284296966,0.698146267699379,0,0,0.26147984437092026,17.461109850412846,0
2.3126491316658426,-0.28024430442871906,0,0,1.7084154929895567,9.265956289670127,1
-1.5975463244087065,-0.6307766260116616,0,1,-0.7743229428211204,8.498638027873508,0
-0.7218344415382582,0.624858239730403,1,1,-0.8325083260631995,1.9657151446113652,0
0.5683673523547024,0.8760536660007265,0,0,0.07010877411914723,3.5837562291841443,0
0.8666533316712285,0.4436817332498558,1,1,0.2413686108655662,26.672329473939673,0
-0.7714058600553969,-0.9032216178447501,1,1,0.11492677951951777,8.558866251460827,0
-0.626435570607345,-0.6521140802752413,1,0,0.6936108279185675,34.0108537470751,0
0.5534703905537555,2.1029734957203314,0,0,-1.225498414563577,7.576099062209678,0
1.0584334374587672,0.7906704925171248,1,0,-2.210000467679324,3.2666904071650693,0
-0.11327087099983164,-0.055063813839174885,1,1,-0.34251975079005015,13.69603950675323,0
0.9627603152453085,0.10469385659439423,0,1,-0.659642808367713,10.072501206548672,0
-0.40687622218574504,0.60321296525615,0,1,0.1148731828538184,0.34888668854199717,0
-0.892703992291997,-0.3444952875026559,1,1,1.0938922281815318,29.815236261159622,0
1.0476585286266529,0.03168617006861518,0,0,2.056746501253578,0.23668025633071615,0
-0.8209935776309543,-2.0021545722217167,0,0,0.2616725157957784,0.020506181925564165,0
0.3841571901330561,6.522472426278847e-4,0,0,-1.583412149865214,28.72166932448843,0
-1.0116796382831772,1.1953263187154635,0,0,0.5866758885905722,6.007759884465185,0
0.584347058566517,-0.6809156341256175,1,1,-0.3300269710059957,7.693081671689698,0
-0.3118569442528129,-0.7501490245202097,0,1,-1.3058076321473109,12.958281742851225,0
-0.8924354675177839,-1.0386649631723681,1,1,-0.7603179118627714,0.43835003673065936,0
1.5969927681648601,0.7175070872214236,1,1,1.0384574550151313,7.881124381623066,0
0.6422782270528119,0.4456772040620008,0,0,0.054146618912951465,1.2320622285161593,0
0.35801266991115865,0.1446716135350868,1,0,1.246618951862136,12.11775351954407,0
0.6120193605353751,-0.2718030346103231,1,1,-0.8822444767325902,5.412048010043372,0
0.034518419309469715,0.38366584582326596,0,0,-0.5165723445491558,17.96406572733001,0
-0.9589060749992064,-1.3168893908218093,1,0,-0.19375832859770373,7.442996650225614,0
-1.7960135527265717,-1.5965301832870646,1,1,-0.08850801229328605,29.002422231443855,0
-0.5238424017109872,-0.04286986889500788,1,0,-0.4058047523518629,2.1883835257011155,0
-0.12346423369773549,0.5983075538034556,0,0,-0.19594293405645027,23.685489664954073,1
-0.7877982184620329,0.10777102137086936,1,0,-0.9717852248871345,4.538002846414151,0
-0.9066470026096405,-1.3454780492212879,1,1,0.27153621876313877,1.1475500590265606,0
0.7606159997014341,-0.07872424112095561,1,1,-0.8992338562433803,0.6092311192067079,0
-1.6480064459560402,-2.5266085944917895,0,0,0.1709048968541154,11.022675645259442,0
-1.8372992461711724,0.35594642839499835,1,1,0.19893053110877557,2.246064367680649,0
-1.133469999399973,-0.4548348958820443,0,1,-0.997479766704152,1.6723894498294156,0
-1.1778096924865271,-0.24512915498343946,0,0,0.8942635929754021,0.28944509532982704,0
-1.5911614625852677,-1.6163676920247587,0,1,1.0007174629083333,1.1924202795079775,0
-1.4147056000034877,-0.9968602886309583,0,0,-0.057014243560434885,15.860839577358204,1
0.6920745474852283,-0.508760156106513,1,1,0.13957626215374563,11.668473335723567,0
-0.5424098542750448,-0.557182451670432,1,0,1.8121775131777758,6.74347782236117,1
-2.1295753890338482,-0.07561277824441726,0,1,-0.48510460074664574,16.960592957911537,0
-1.567295629215436,-0.44738162673758336,0,0,-0.07446672729603111,13.565449340864895,1
-2.225385961215139,-0.3008738630309117,0,1,0.9441811593016507,3.730273953398616,0
-0.4809321482935923,-0.7736353512195839,1,0,-0.27249107816552265,0.9754678433164273,0
-0.8383534895696669,-0.7665499919566252,1,0,-2.109337016407429,6.178151859713685,0
0.6002789140614012,1.1774056164258826,0,1,0.7974610691374755,25.050265094770932,1
-0.5424373392131562,-0.7329618291404922,1,1,-1.252262436976745,27.06653088820189,0
1.6759600391009288,-0.3878903118429401,1,1,-0.42950988532855316,1.3518641653771521,0
0.8943342353622206,0.3760040933544019,0,0,0.6626621211027204,12.320709500828547,0
0.16836387037610318,0.8401387548341631,0,1,0.23153628935562995,24.2562481479171,0
-0.9448579319078769,-0.455886445961703,1,1,-1.440988692654088,2.577130150900615,0
1.4344457698948272,0.10323177601922628,0,1,0.34281951566864277,3.9518433330199816,0
0.025287852556997302,1.2111829372859433,0,0,0.39619682396269507,13.30610190106035,0
0.5738163092465207,0.9967643628399729,1,1,-1.5264965074374368,3.1520495766875425,0
-0.12271187851485878,-0.5147752377845569,0,0,1.2514944030597532,1.0817696275022304,0
0.9796170981501784,1.395767210222027,1,0,0.005045738799775119,3.273202137763488,0
-1.684676855202493,0.5315166758317392,0,0,1.8473761774012691,20.939423954005196,0
-0.08733621848516032,-0.31182937211389294,1,0,0.6262471166492595,3.794817494835774,0
-1.2606332903285558,0.20237001126265297,0,0,-0.6275873604661926,0.9884373795495154,0
0.6542192150128472,0.008146865254181013,1,1,-0.3899622358345826,1.8837387418952671,0
0.2722600680012292,-0.94178534767422994,1,0,0.06993483484613408,8.72223189010143,0
0.44592052737762017,-0.5361965750440464,1,1,0.36075601675834407,29.306606408166193,0
2.0893886090725107,0.94418987709079,1,1,1.92290012081088,12.904996512845367,1
-1.032179120567694,-0.7404562406238746,1,1,0.1898931643909101,1.2613219334289894,0
0.39659047520087704,0.47352531763429306,0,0,0.7418176912861654,16.12578654801727,0
-9.954047935720486e-4,-0.42721115356222106,1,1,1.5605058253526398,3.6729068450836517,0
-0.5078670805833445,0.5505660231871352,0,1,0.6265557155095082,27.591207395436875,0
1.824522519566421,1.162035244392063,1,1,-0.010724331917672608,4.283299516951969,0
0.4378388988952861,0.3602294761564292,0,0,-1.8035290472525936,14.09585077449061,0
-1.7495662499889377,0.5783629430368096,0,0,-0.32467889039980335,28.248685062936115,0
-0.9324715539147128,-0.04469163475295923,0,0,1.667453320637084,19.261524495963126,0
-0.20626822846551798,0.3220113773289668,1,1,-0.14761767528594247,14.274491306570773,0
-0.7390274533904017,-2.013906325629248,0,1,0.19134400263371382,5.525418037880114,0
-0.7549717180269427,-0.08606218784913178,0,0,-0.7104709367003651,1.3720715697204926,0
1.018090870744282,-0.08714398573618531,1,0,0.4332518084040446,2.8812570321942443,0
0.889569473462125,2.635075021990094,1,0,-1.238183224307647,69.31707499966305,1
-1.1129521953103358,-0.8845234651517411,1,0,-0.18470462182789116,5.882297269305232,0
0.08904690556595206,0.20037461922448715,1,1,0.594410660238396,15.516310632233676,0
-2.088617039998758,-0.8643321389396792,0,1,-2.1287024780680133,3.043388982619481,0
0.5583308134284338,-0.3892305103413762,0,1,-0.3684124902087847,4.057412419471918,0
0.19722989882152336,-1.9944922289377078,1,0,1.4314003656075047,4.942480497807437,0
0.5680870982850516,-0.5916941339700963,1,1,0.9523117353146139,6.691203750440978,0
-1.8377188974783492,-0.5341348432938227,1,0,-1.0044601511294897,47.1277725342038,0
0.05606594027378572,0.5777413229739088,0,0,0.5567504879103842,3.264435761582914,0
-1.4927745027038608,-0.20221844945153855,0,1,-0.7778864621446472,9.315130062960783,0
-0.04781562628282946,-0.9446930717149744,0,1,0.2731188095819265,1.8919856581308119,0
1.1842383424701761,0.10541533488540034,1,1,-0.8072871453473753,8.459774521312774,1
0.590817645330649,-0.05554198507282537,1,0,-0.3516861331869565,34.49254265254301,0
-1.0091762868463405,-0.0037546866697437675,0,0,-0.40884799813633094,6.9498813580662695,0
-0.6597059349326018,0.30197820287562127,1,0,0.11552623721863475,34.5258122345495,0
1.0108195422618464,-0.1777131656126476,1,0,0.36106754717478806,49.2543563693301,1
-2.4080910306918324,-2.0342704373412905,0,1,0.007198529220286943,50.06911874480863,0
0.7974455008632721,-0.36687230840514873,0,0,1.5757613961269326,9.845815813706135,0
-0.5421795101781852,0.23204147388839969,1,0,0.7386350025376432,10.711315534190346,0
-1.0224097963040366,0.39943215115671205,0,0,0.10076470400183282,32.3114090845779,1
1.2635480391306388,1.0956334912540404,0,1,1.433092471513207,7.029894852919456,0
-0.010899151251428691,0.25201715392667606,1,0,0.21554989341027336,22.580496151795536,1
-0.8058012405860244,0.6626195748766598,0,0,-1.7106697524318937,31.261428844661634,0
-0.35158261093937193,2.198631113555957,0,1,0.1667412312905477,0.3472361932074472,0
-0.51180081498049,-0.16792660985942023,1,1,1.0102524610117416,8.971401597346539,0
-0.2525198108852534,-0.01618269986425308,0,0,-0.02216659446795539,8.620310108662032,0
-0.6641548188119426,0.1915773650021072,0,0,-0.6083747694681557,35.97776225600107,0
-0.12647932914757487,0.3229610573530755,1,0,0.4808087832248483,35.88580446113253,0
1.0663684948905472,0.7817481942179801,1,0,-0.11035592143360791,14.425127844153204,0
-0.17883735486577657,-0.7238943420979749,0,1,-0.8616510070854947,7.616389073260484,0
0.8557040709983812,0.8243916839494451,1,1,0.9396678816441487,1.9522092320120272,0
0.849270521178029,0.7695319110293679,1,1,0.27438851417044957,1.4245747834840385,0
-0.7626492395114732,-0.23129792793904538,0,1,-0.15326222406764128,9.800747910991966,0
-1.1833180800153604,-1.1017120559100535,0,1,-1.0204950167530713,0.23842726822170485,0
-1.8711445146168009,-2.138158471713916,0,1,0.34093991823649356,5.810082919507698,0
1.4214618174088434,1.633966432167211,0,1,-1.5423710280137164,1.752611423742793,0
0.8367045237171578,0.6125736846255431,0,0,-0.44052509859870737,0.1982328156823367,0
-0.001984943735567332,0.47593472764722894,0,0,-1.01189910776424,2.07283710766559,0
1.7516034916956367,1.7667997987529345,1,0,1.6440544581925993,0.9701607832482461,0
0.12569986446262724,-0.3192373095496632,1,1,-0.6774286716624847,29.132274136980723,0
0.4205281008965162,-0.7496375234978342,1,1,0.8990819576216702,17.072621798856105,0
1.9472584358614122,0.3701601751758735,0,0,0.07235976708659395,3.5814075429086065,0
0.8241668620339679,0.8086948636966115,0,0,-0.13138650367483923,11.463584951935024,0
-0.6609748492244749,-0.7242880823123546,0,0,-1.8887643161914802,2.4932090213598737,0
0.9063267675325812,1.0295479464911708,1,0,0.07386421503483886,11.881232444699975,0
-0.2959156933779499,-0.35042536793441226,0,0,0.46549635857374927,2.2400137586173985,0
-0.4426144237449264,-1.8510641016323162,1,1,1.0181007265081772,2.2062330278741022,0
-0.8622908792486759,-1.7087409572184045,1,0,-1.7129841021587253,14.328222308447918,0
-1.6988945783898406,0.30504080287741253,1,1,-0.0694379920721386,0.2704222560596428,0
0.9765788268495458,0.3101684658140928,1,0,-1.544554313417626,7.014797620246354,0
0.4611549918837855,0.34021598262103514,0,0,-0.561264249196793,7.548293999396176,0
0.14538879452177417,-0.19213293630476816,1,0,0.859806674688544,28.379640689193902,0
-0.9806644825757245,-1.2491550124827788,0,1,0.3585576251478909,28.309177412844914,1
1.2442293695475959,0.7487487613342039,1,0,0.19354242046602657,9.286889412631831,0
-0.2993632953149974,0.977035866433589,0,1,-0.6507859321735023,10.024834456182628,1
-0.40567561571696803,-0.7872154816195913,0,0,-0.9409532599243087,28.008865632439715,0
-0.8210061283513671,-0.27857500197286944,1,0,-1.9801952548943775,35.74119184211713,0
-1.0463720835491692,0.4099890903243345,1,0,0.9948856053158732,16.731805828675682,0
0.1950181964207712,-0.6020775554882407,0,0,-1.1753122941072107,0.7358663170195702,0
-0.38831578925467825,-1.059665973708218,1,0,0.6657848472516326,58.478440852756094,0
0.36170853463137803,-0.767269233207597,1,1,-0.8526087441805327,0.6331310757233082,0
0.7352348710449788,0.32510139694961293,0,0,0.07410177607655918,5.444997785670612,0
-0.9158067480166301,-0.593781912533278,0,0,-1.6916027975787888,0.6915879589512595,0
-1.7370821366108156,-1.0734012486334605,0,1,-0.9481067037913581,10.663981477512776,0
-1.444640974177682,-1.203964921891581,1,1,-0.638079690618926,6.666590440437823,0
-1.2596567038718502,-0.5862921555839905,0,0,0.1627390299485032,26.083733170545493,0
-0.07565042409822491,-0.9287504298490016,0,0,-1.0380627826656925,4.974838413729825,0
0.200803219175264,0.7817966295981796,1,0,0.00985980636666378,11.477014042509742,1
-1.937190726931302,-1.5411846185624263,1,0,0.7738228068679736,4.042738727558736,0
-0.4239150876998662,-0.7629234813070211,1,0,-0.7856222696959632,43.44208561075795,0
1.145518719855126,0.598045708693171,1,1,-0.06180696032185036,16.382134361736256,0
0.15100542869576722,-0.023860177411185207,0,0,-0.7957843536142105,3.4318336283720066,0
0.0965321916160132,-0.21406539974249156,0,0,0.4000337300199168,58.28518627338481,0
0.01635442275147851,-1.5599601864966501,0,0,-0.1760347764526053,31.41546062685471,0
-0.9429379060617941,-0.5882553881942821,1,1,-0.17505460179209975,2.728167976739706,0
-0.7330665826287537,-0.4849164288209889,1,0,-0.6751387829776453,4.35672659315697,0
-0.593051718772583,-0.9586910555605238,0,0,-0.07594862173408297,11.639747471935816,1
-0.2541029080149107,0.02215693124859608,1,0,1.3911393876160958,24.68641466824823,0
0.27300399138433834,0.49810810262649996,1,0,-0.5166093261632396,14.056331507170686,0
-0.41512306253712805,0.4143317599441553,1,1,0.051216846638419265,5.4640353849665875,0
0.22647482690767085,0.633666891433143,0,0,2.193519172471375,12.309272203471474,0
0.9240231875399857,-0.30001446753764244,1,1,-0.9284146509942912,16.280986113495032,0
0.597603369773101,0.12157028657043098,0,0,-0.5433051531745872,27.565816881450708,1
-0.832245485345186,-0.13985015367783932,1,1,-1.135056397486581,2.081851048806298,0
1.5931960185288243,0.9318226917657243,0,1,-0.7817318973589168,23.883384636739915,0
-0.3357964824925286,-0.34713112401971585,1,0,0.20934301884168302,4.469662337050066,0
-0.4287651592785038,0.1271366551172899,1,1,0.13843300527829738,8.910875889389148,0
0.7701898143280861,0.668996059750409,1,1,0.8498996429483799,2.9404953730297394,0
-0.002565408344008693,-1.4674040024680648,1,1,0.4678332234865311,6.324914041832459,0
-1.51191865356177,-1.5276922253609357,0,0,-0.7981043996795674,22.126167493564225,0
1.2286016242639723,1.2556184164173,1,0,0.02393575928850446,13.500421500054722,0
-0.1975142035310851,-0.42127721896562054,0,1,-1.0272252056352913,12.143224735935954,0
0.053998474175892,-0.6948255318726249,0,0,0.3421292275770926,39.704883224721,0
-0.0782644301464988,0.11097283903698124,1,0,0.7976670631837187,39.70879117631806,0
-1.3185723211456932,-0.7852326341387954,0,0,1.8388216424562562,26.665887011991426,0
1.2376440455986446,-0.29790902975586786,0,0,-0.5492186333236817,1.0230408236414674,0
-1.3127259786805077,-1.0211500756711511,1,1,-0.5222495255146306,20.510625144349675,1
-0.2622645712912575,0.524949024886588,0,0,-0.11041102902139166,34.260600742552434,0
-0.6880636607037088,-0.041670471946473275,0,1,-0.775048570837517,0.17884378639391443,0
0.2582912963782348,-0.40325535986044064,0,0,-0.16058214720536626,20.70865901209595,1
-0.8853735492676773,-1.110485299456149,0,1,0.27424112366400166,7.835776866184149,0
-0.009582378343302346,-1.108331603170036,1,0,-2.6966461696614585,14.562284885258483,0
-2.614516252466809,-2.4263429363173943,1,1,0.814063930465702,6.229191049173142,0
0.11194405922296627,-0.6061311098958837,0,1,0.010971057786820379,17.543310750230866,0
0.6257429873996688,-0.016275883407727954,1,0,0.9377221580805102,18.141515841901644,1
-2.143210713849226,-1.8974632251927082,1,1,-0.53430612398843,39.52380992373391,0
-0.8143600320651887,-0.4815931798075522,1,0,-0.8130162224564895,4.39876374095217,0
-0.15195465738987932,-1.7014199336098998,1,1,0.1287608904791851,8.079703183695816,0
0.14915971755951485,0.13847058291069755,1,0,0.27398866212460254,8.337678684704592,0
0.7308471387946628,0.5924363951659052,1,1,-0.18011254708221747,5.476694171832981,0
-0.6166004929743948,-0.47790203168923007,0,0,0.6152018477245639,3.703774897122328,0
-0.8310453581660131,-0.07836069841679394,0,1,-0.5464735074079197,1.5006629136048313,0
-0.7836177714276875,-1.688797566119026,0,0,-1.8016779722420315,0.8894117097091268,0
0.6664525357530848,-0.30224257357591144,0,1,-1.3172776265217856,0.8066483131280054,0
-0.6292147323772685,-0.039946877707713824,0,1,-0.4767692171136478,1.4784075420044056,0
0.5142099185284802,0.03282328790925154,1,1,1.6522828554803073,3.77476435659431,0
0.35999800888544153,-0.696814340375873,0,1,2.1091287354161583,5.205549862351822,0
0.490827570160777,0.5155707929822593,0,1,-0.5515284769089532,8.737406563880663,0
2.6773245425757013,1.1367953723504058,1,1,-1.6092400288917235,5.068120546888875,1
2.5600966271825927,0.9504207126003633,1,0,2.887524704949905,0.40752449780643957,0
1.1492219865382833,0.16336318797538352,0,0,-0.6778638883975315,7.571811674400429,0
1.417016898901899,-0.7059341639668144,1,1,0.30941551575039883,15.16312713947429,0
-0.5018502771571371,0.5469593264620604,1,0,-0.08107420310696022,9.958792450729952,0
-0.5983099332333152,-1.14878468208599,0,0,-0.44637006366928733,2.6468485640475854,0
-0.8500702301550425,-0.7122771532018033,1,1,0.37627505245204707,8.241385901142614,0
-1.7230768065694808,-0.8262364438832153,1,1,0.16177775606449016,3.1583788228853784,0
-0.42344896022197404,-2.014921958715066,1,0,-0.13819921389565953,9.450485967495815,0
0.7195037333133092,0.5122169075626894,1,1,-0.4104767667218073,1.3242020466445112,0
-0.9505899823591507,0.17362873266839146,0,0,0.08843209874308608,14.000734963855013,0
0.03493246831137876,-1.509792715336858,0,0,0.23374844676563247,10.566861389911347,0
0.2493450261143619,0.1189244343561647,0,0,-1.4861491788958574,37.262010568127344,0
1.965713720783869,0.4469682347295524,0,0,-1.9685895280493506,0.23078569548717692,0
-1.2037919546285119,-1.0528853891957963,0,1,-0.9239592410806874,2.3214065969673165,0
0.2614447588219361,-0.24180702599189402,0,0,1.593866328540402,20.16656201688681,0
-1.8034464262471428,-1.143485860547136,1,1,-1.1947047801047601,2.5813047496913026,0
-1.1753579710062547,-1.1777306685041613,1,1,-0.6739487950999785,0.2978040398777649,0
-0.6151392871172053,-0.5188360429541989,1,0,-0.8936606369482858,4.235008078330799,0
-0.42861402091024314,-0.09785113871179074,0,0,-0.715241630668975,12.68033296008988,0
0.8407137115076041,0.6539361317367736,0,1,-0.3194062606921094,3.7896161646873106,0
0.6930732486379148,-0.2816680744599326,0,0,-0.34120410034266435,12.1212875447452,0
-0.42362765376016714,0.6239278371448609,1,0,-1.8855049460158708,17.089529926510757,1
1.6329609949810269,0.6590348195769686,1,1,0.11330733802156387,2.886897024548237,0
-1.3153679109574308,0.0428716552286188,0,0,0.7796683196704272,15.71635936896395,0
1.103623819676313,1.213423923715283,0,0,0.5195338537461277,34.900808355580146,0
-2.3091276946648533,-0.4713233270054191,1,1,0.24311878112571178,7.385424777415814,1
0.35012986924024714,0.521710021861123,0,1,-0.5436346971891097,25.337406436724194,0
0.23944273837330005,-0.5374025975064186,0,1,-0.5832613227827802,6.713150255019058,0
-0.5609603767139165,-1.3158560648966682,0,1,0.6355715967708896,8.96982393795477,0
-1.1876503333547477,-0.0873655248234082,0,1,-0.15616650708900173,7.035082467890762,0
0.2924414300983563,0.8583861826072332,0,0,-0.5691373146152618,30.009201030607734,1
1.1956705007699948,0.6750177635238495,0,0,-0.06876803109044594,11.087422989437028,0
0.3338449662119191,0.7727600220791825,0,0,0.7491462794315056,13.863269662327044,0
0.2633806257391781,0.038927371023257246,1,1,-0.2866716988167942,11.892725254798462,0
1.4403658438022429,1.107081866013556,1,1,1.6525262064189228,0.39432898839802866,0
0.6719037878985886,0.3312164536760834,0,0,-0.1627505589867062,4.734164427969113,0
0.1447484063126664,-0.7539008259080415,1,1,-1.66523123728971,18.112260141274835,0
0.21489484436843165,-0.2948707336549578,1,1,-1.3544986809345465,0.4510789487357836,0
-1.5240257817447438,-1.147707187525984,0,1,0.7006156677058815,4.646067686331138,0
-0.5707989287325557,-0.6252235114744136,0,0,-0.4374381115308584,24.39568645606294,0
-1.242355548169206,0.30437073735016984,0,0,1.0849178621805369,3.4890006628780954,0
-1.346092267220357,0.25560843358672813,0,1,1.5568580409812214,3.2967334702593187,0
0.3074475140882277,-0.5830038824556942,1,0,1.132238192115297,18.264880558147873,0
0.08629982779903207,0.8655780562185339,1,1,-1.7461812662730247,7.032485505983202,0
0.9411179025646926,0.31552590784615153,1,0,1.2465042545326424,2.920827529462565,0
-0.4144491221189567,-0.7170927816071473,0,1,-1.908753540289117,0.886602764848054,0
0.23720242063526772,2.0293144329272845,0,1,0.539822295478829,10.849811140846072,0
-1.1503067560082465,-0.7429214142665148,0,0,-0.24276229610868702,9.281814153808643,0
-0.3808781714851814,1.330686227711327,1,1,1.1933506479385363,13.876470484129317,0
0.6092691650832082,0.02988682070889831,1,0,-0.8552034489456065,4.830051088503432,0
-0.08675843272552021,-0.16470810481405787,0,0,0.05985000629106854,2.5013967354159665,0
0.2868038967526356,1.4163406946363284,1,1,-0.038429192782695125,10.032570403083687,0
-0.17591449268589085,0.0091026624862139,0,1,0.2579613070158746,20.451321936275164,0
0.6510115105908012,0.7239245084636993,0,0,0.6352808814267533,4.26775006310703,1
0.8885889017632564,0.4408409986445273,1,1,-1.8393751250908168,1.2997749785705328,0
1.0801271124711782,-0.08719763233599187,1,1,-2.4985409330069244,12.856024646439812,0
0.38160138517684494,0.6361085209704752,0,1,-3.0625604987601167,8.57278107608243,0
0.48577738752836513,0.31434626555344736,0,0,0.4680195212554759,6.771698425897383,0
0.41773550870652504,1.5116909594885855,1,1,0.35440494220505764,17.794392172806184,1
-0.36909490335768796,-0.7045155770168653,0,0,0.5200630013658146,17.963411229673216,0
1.4661279373784355,1.2468833320515516,1,1,-0.4868920698048714,7.379771176260052,0
-1.0096605528994043,-0.6384784945265978,0,1,0.12677754761265322,6.9796412955850275,0
-0.10600784468658635,0.14406432832693378,1,0,0.639228344298113,8.329852366914245,1
-0.11530113413448556,-0.2449622263319895,1,0,0.32947140258438135,54.3025170488179,0
-0.175122740814211,-1.0695111884559538,1,1,0.230962560536052,1.4531294817600273,0
-0.07832600395016268,0.4567281017897578,0,0,-0.028416592409496268,2.8611032164002057,0
-0.7315353694845017,-0.39432329135501903,0,0,-0.2389470865518753,8.879943350187068,0
-1.0974035674980305,0.041027567195086156,0,0,-1.222017256867405,0.24807307133624057,0
-0.06967567922987661,-0.11792422799876098,1,0,-0.013887502009978325,13.606406240786002,0
-0.7735016042629579,0.46547862886810387,1,0,-0.06799290903109115,3.9934498013478983,0
-0.6310759912684547,0.4738100815307599,1,0,0.4314354664168768,36.1052045959604,0
-0.764519930107059,-0.21794635652921784,0,1,1.7776049349062837,8.501203236641182,0
1.8415212193102661,2.223485453762554,0,1,0.36818635697463675,22.079005661312962,0
1.7111316499060865,0.21601207796675748,1,1,-1.3508047790423554,13.633830764745348,0
0.023772483312764544,-0.5639127417805996,1,1,0.8129874342624697,5.760473583705962,0
1.1874910997453687,1.5817034349331784,1,1,0.27729521156284626,0.7771242808253629,0
-1.707176080947483,-2.234395067754167,1,1,1.3894978724901053,6.120039827152784,0
-2.2087423362243643,-0.9218594859824716,0,0,0.22690879470376552,0.5261598809200186,0
1.2009034615039107,0.5400368571367278,0,0,0.29918958574527355,31.158646320611563,0
-0.43654725763380675,0.6337127532749172,0,0,1.7223626964863763,23.400821509376325,0
-1.7185745476706031,-0.07556637144710898,1,1,0.41188534465145954,0.30863130274112643,0
-1.4167674832308277,-1.5986654636149065,0,0,-0.964438270029517,30.427379166565878,0
-1.0654169329736431,-0.21761364675540545,0,0,0.6286733666783578,24.84170988808367,0
-0.7151638960333092,1.2687842071068989,1,1,-0.301198711389879,0.1817530763712357,0
-0.1743240163079465,0.7299010379479376,1,0,0.43419331200466177,22.36429622816811,1
1.7330127967944566,0.9757047100028831,1,1,0.5658298023571858,6.091173205939268,0
0.34344907300382876,1.2757479460425771,0,1,1.4483505223418873,7.318395376405031,0
0.6519427538028805,1.1349527515068676,0,1,-0.16595968631657798,22.225447273905,0
0.8822789576223533,0.5831911805506853,1,0,-0.08579165794382691,13.001299149611595,0
0.12091802508055073,-0.4495273658264826,0,1,-1.0907617741604692,8.261050661084916,0
-1.081417812136076,-0.2599467866960023,0,0,1.2672103460427535,3.055259839690728,0
-1.0969999446179344,-0.23687580099031819,0,1,2.048437437868767,37.183238922290116,0
0.06901142069431222,1.4845240050609732,1,1,-0.7723863956207365,14.527605103475699,0
-0.5781508677925669,1.1907740955107857,0,1,-2.0893698391840974,5.713641135866865,0
0.6169693732623717,0.5625214588037137,1,0,-0.9045695539587537,19.802213585485635,0
0.4983066459834318,0.9000899010344569,0,1,-0.9598554962503005,8.81553149780176,0
-1.520334611858087,-0.8902179902832125,1,0,-0.44284165776631124,12.40263104266221,0
-0.8973868478256861,-1.1546958218906196,1,1,0.3000862910084786,12.324410656819424,0
1.8779077159155078,1.4992177256748112,1,0,-0.11408901578638105,14.920123346546275,0
0.6807979226550778,0.6975701922694026,0,0,1.2964718516528821,33.02163543371489,0
0.8238554934599441,0.22963912985807883,1,0,-0.1549863122125972,62.13746832026157,0
0.9145629434204873,0.22855441584248237,1,0,-1.8456755083877099,19.302769804751215,1
1.1432421487366713,0.3214787315625814,1,1,0.19482053012931286,8.172874855159458,0
-0.6951018109861704,-0.3029138125210642,0,1,-0.8248740333630493,1.322949348679321,0
-1.5165091674057585,-1.003906071294679,0,1,-0.5535711423490213,0.10285269395536913,0
0.5122295632697597,1.6038879393402103,0,0,-0.39567009988504104,2.48534636736071,0
0.2677274981606098,-0.47416659580689197,1,0,0.5855755900643717,24.16834054145565,0
-0.9213633453428676,-0.5389031940719049,1,0,-0.3980703107484257,24.228608718477837,0
-0.12645016245255533,-0.03959853370455681,1,0,-1.2992695594133452,23.224062697093196,1
-1.0136265915497462,1.169162426229288,0,0,-1.2152809581545103,61.09656246543291,0
0.3992696311016176,0.7717984676905139,0,0,0.1429148616952189,4.061825366618524,1
-0.3841277235706003,-0.8139042987111103,1,1,-0.3360113515713813,2.9102713894412804,0
0.8762719879851073,0.5174418831983734,1,0,1.208488588205924,13.63964105844117,0
1.4533114813115457,1.2180102263001755,1,0,0.7684020444607461,7.900337146207527,0
-1.4910173677938154,-1.0184019822614965,1,1,-1.9695802849288508,4.5979940405254665,0
0.7627553490784674,0.22701107667152667,1,0,-0.9374986811061347,4.362001533640684,0
0.9939845673640224,-0.6253879106758956,0,1,-1.2422007783783193,0.34417244262779734,0
1.312759289420981,2.0419432132856525,1,1,0.9447857868669447,4.156111030664572,0
-0.09325213335746056,-0.038239499467690896,0,1,0.6377063527951543,15.203371526272772,0
3.023068955316573,0.5774658119675223,1,1,-1.190446005776051,14.407385669069578,0
-0.591713798215154,-0.4826387538818127,1,1,0.15323081067832617,11.05120488163659,0
-0.5365478823888586,-0.8523827153812238,0,0,-2.2600340030170036,10.212068575877915,0
0.5343883632809883,-0.5061746072565609,1,1,-0.009411562028075362,10.802150057088584,0
0.038088285521765596,0.03423185550948814,0,1,-1.2298454150625053,7.707460635286566,0
-0.7766408633884743,-0.882429410206934,1,1,-1.5436433513623922,1.426172619010641,0
0.4872451833798156,0.19852930952377226,1,0,1.123641054760424,37.8528480893925,0
0.7752001404430491,-0.021016117079181773,0,0,-1.1728403508381322,11.422414811297818,0
-1.6405036153024517,-0.3079573772495551,1,0,3.401739379350999,15.351784793648594,0
-2.026913806855257,-0.9408859229206751,1,1,-0.07616886126379467,2.0234998923053054,0
1.4078507973167254,2.3113076044222196,1,1,0.022668546744359207,1.1571589637057096,0
-2.1145135369251333,-2.193388764269415,1,0,0.11487666670496752,14.629009049244205,1
0.045996732757254716,-1.5351098012104374,0,0,-1.0562347989243233,10.98582805168017,0
-1.4792767976642704,-1.3524987135614914,0,1,-0.5715439565786842,2.2394028987555066,0
-0.2716167910826951,0.45408679346709785,1,1,1.2330685234514918,35.97064587821588,0
-1.7966144932680752,0.07023518341003099,0,0,0.6698668974811514,16.00941755461852,0
-2.162160360740707,-1.9511631975379047,0,0,2.3154958443678395,27.4629019545235,0
-1.263170126094622,-0.08376876845951531,0,0,-1.0398933125410075,18.334214454434996,0
-0.6477119666871465,-1.1469593889833092,0,0,-1.9894827546294496,8.089515861853124,0
0.04676030620816203,-0.20508878804382066,1,0,-0.2206895326551772,13.284666989271326,0
-0.4553671793444092,0.8356402457061806,1,0,-1.028180137044997,16.595163318861275,0
-1.7467763522651376,-0.8688683329760447,1,0,-0.6425490500233081,41.9709840267025,1
1.7269414171846482,-0.8574870968776955,1,0,0.6722788337470484,30.62584573225902,0
-0.6958415665061022,0.07231960104891527,1,0,0.14405058942381227,14.77042029993083,0
-1.0102461444399053,-1.556801145599776,1,1,0.09264474806681723,3.214650377512636,0
0.3409904682272066,-1.3592977339775862,1,1,-0.007193399261944098,4.514518120844864,1
-1.40752984036548,-1.325725086676457,1,0,-0.7236448975724571,21.198716456421597,0
-1.6800633459592484,-1.4901975052647594,0,1,-0.9929891369923852,7.9244277501057105,0
0.6573850690724317,0.5597141089036665,1,1,0.16093701426891996,1.3509370547150863,0
-0.8007098164480025,-0.09030066406499654,1,1,-0.7810447804932421,0.108719795822944,0
-0.3782365420622121,0.337716645115555,1,1,1.4070005656899507,2.227286023626533,0
-1.865144313526364,0.1393680037676952,0,0,2.288561342245902,26.92994648603226,0
2.2782027503457836,1.2662353371261441,0,1,-0.8050484239203641,14.10015650976837,0
-0.5269143551798682,-0.9121442420677841,0,0,1.5225206549406787,7.108639769412532,0
-0.9540079676163502,0.25216660158305115,0,0,-1.2793315171928565,11.626932873969473,0
-1.068797721450646,-1.4546446806934223,0,0,-1.5390611684892224,4.779715503830723,0
0.6151357080593277,1.1890008314188287,0,0,-0.16079493134550044,1.8284688720329012,0
0.09305679016727311,-0.13716773065115462,1,0,0.6571634606841701,20.446697202019553,0
0.12853753948544325,-0.2238050072920023,1,0,-1.5205277721964772,10.88911288741724,0
0.05454824216606027,0.6449545554230731,0,0,0.7213012160166559,18.20200823007393,0
-0.13102661343375538,1.1584792112982147,1,1,-0.41178665782947527,2.2576260755139588,0
-0.08035711710616417,-0.1314801234448017,0,1,1.1675810368625492,33.800451692527815,0
-0.6854724721050677,-1.2391953080662805,0,0,-0.30510097747985443,6.673454712449999,0
1.1785400147018248,1.087980688121811,0,1,0.4599075008327696,9.94318616569354,0
1.3129719914628617,1.8980260215215983,1,0,1.543407891941618,8.839123259871812,0
1.9906374392055282,0.0022730489298969925,1,1,-0.8209905207337972,2.357822229816532,0
0.9306906446277091,0.3068455454636992,1,0,-1.8767809813223661,27.35977627830019,0
-0.8086299968051082,0.24933410048493915,0,0,-0.04180007498887155,12.937438358022602,0
-0.08726252184506607,0.3673874414335752,1,0,-0.9500298414972742,39.662549188287684,0
-2.56139855106713,-1.60058906550585,1,1,1.1754674629824329,4.5168109728490355,0
0.11166890284580509,0.0039468172272921695,1,1,2.4650580679092813,16.026536294751253,0
-0.8870593597947727,-0.08546423050499796,1,1,-1.4158653028878254,3.130027936856516,0
0.062088410379673366,0.394019107413443,1,0,-0.14673450044978517,1.1302930935542632,0
-0.8081539481677995,-0.35211071889708573,1,1,1.6446043239028192,6.105289561318714,0
-0.22894510587454894,-0.35056594057623464,0,0,-0.4202928503779818,10.828930519900533,0
-0.014920247399415274,1.0904137192589878,0,0,-0.4536736981562053,10.652855599592934,0
-0.5036972507058448,-0.9838056417015294,1,1,-0.43638791378444075,13.996097989082001,0
0.7732847835539253,0.30717859904204375,1,0,0.11331945959615718,34.47335972401767,0
0.7646531431639362,0.7947018233707598,0,0,-0.9743352845883326,1.5081350147273027,0
-0.6371010177581677,-0.9340639201864995,1,1,-0.1710161658189192,5.019252054197436,0
1.0848770102969503,0.9323224967937995,0,0,0.6734234306436372,8.459955689650489,0
-1.610267835247088,-1.283639368112911,0,1,2.3906648931684233,7.831043352342091,0
-0.8216297765244951,-1.2026510178758958,1,1,-1.5837620770540648,1.2851423041255103,0
-0.8544946051678298,-1.1563974297757162,1,1,0.5538919610415176,62.86476521258548,0
0.06746926035584919,0.5353687760811735,0,0,0.04591884905790743,2.465077861474964,0
1.1030253236842509,0.6647621489053865,0,0,1.1358108898092805,14.641895137725923,0
-0.02170657177531981,0.31929823380279837,1,1,0.4219452079642326,7.584331036875131,0
3.174186745118579,2.132754552573722,1,1,1.0990524453360226,4.866327303454502,0
0.6186718997800182,-0.7284986011033184,0,0,1.3599243665463583,3.9010893148503305,0
1.0066134829509057,0.06217876007246326,0,0,-0.411590201389302,9.096534798336268,0
2.780050060047315,1.7456068993854175,1,1,0.008176845553694839,0.15323197592007934,0
1.6879986298364076,1.5765664593427338,1,0,1.6517289335029661,12.337061387657169,0
0.5535196724155735,0.41382814205723706,0,0,-2.058204645373756,0.6593194281405024,0
-0.5054227945645976,-0.726760594812855,1,1,-0.7295561328397099,4.691249797974461,0
-1.2534711674351615,-2.434092271161038,0,0,0.9965654826349547,30.854549247066217,0
1.5156867836475574,0.27812490883847946,0,0,1.5570751220154333,0.4680721404095287,0
-0.04446771310760422,0.18449392271185597,0,0,-0.8577303786798331,2.1819085122039414,0
0.9537729453977741,-0.9478628108991112,1,0,-0.19882593947739138,4.8738855600184525,0
0.28161183401081125,-0.9077571041195194,0,0,-0.07262774888500192,39.70899057663541,0
-0.42863973942963624,-0.21545189232453538,0,0,-0.09082985732251277,27.366015395033443,0
-0.39199422604370693,-0.37992179907647927,0,1,-0.16867185936624593,1.4979492963971366,0
0.7185710038363058,0.6367962998489382,1,0,0.032429579333453085,0.09176278035951868,0
-1.0214667528276828,-0.6254943975106614,1,0,-1.3497095771635672,16.447239648273516,0
-2.068469782667919,-1.6431815313590636,0,1,0.34011701829319607,3.3263062336486877,0
-0.17424080321823263,0.04143582441939657,0,0,1.8983644712729935,4.371351875187461,0
0.6940264954055674,1.1792068811817955,0,0,1.1693147507820567,0.15467839757641502,1
0.32915739402536964,-0.2771417861815665,1,0,-0.333174972487847,8.579065282958396,1
-0.44636749599871234,0.08258648211441436,1,1,-0.6286588052855255,2.6507981354954655,0
-1.7498337745235617,-1.134838265205814,1,1,1.7559701695574723,0.9163243817905423,0
0.8704050245618868,1.2065994861103353,0,1,-1.1263475941907823,11.381693337122412,0
-0.12909581081725252,-0.40568872076691914,1,0,1.1608911758765819,18.63776934089187,0
-0.4328827987252418,0.3312276251761563,1,0,-0.543415047165812,6.695735258180464,0
0.5973617071554538,-0.40271515323729956,0,1,1.3712727006765852,0.3481568917684758,0
-0.07622214812186841,-0.29322875891751715,0,1,0.47597171322957965,12.143993453739974,0
0.32035621777116036,-0.6295227580147195,1,1,0.08942313965446086,13.399346118068074,0
0.16350786992027785,0.5497538131394079,0,0,-0.9072140025959118,5.570853210500375,0
1.0656754803965638,0.12385440166375661,0,0,0.7933465982797527,14.285424387255688,1
0.9181566877459318,-0.14247278950152514,1,1,-1.627100799967672,4.308707602928736,0
0.6797520593682892,1.118992588744406,0,0,0.25909915799440014,8.473400947295001,0
-1.1426487942749473,-1.6623956044000656,0,0,-1.3470826655967492,20.931259664204827,0
1.1379347980797638,1.5856574391488079,1,1,-0.17323261490349562,1.7696475432930543,0
0.8536741074836065,1.0696769722671053,1,0,-1.9309787696722767,20.256102892666274,0
-0.5981446336733709,-1.033088660828195,1,1,-0.5099766122366182,7.447258069441734,0
0.6766467398201703,-0.6542775180225591,1,1,-0.1356477143839724,9.550631461208242,0
-1.4739564335659083,-0.24025918206038965,0,1,0.9964761535577317,13.550473173611218,0
0.8163558071957228,0.0956433763907863,1,1,-0.042782139422379864,0.36775928748379527,0
-0.6232442089294968,0.947895471373897,1,1,-1.1747278203571772,1.2786515942473786,0
1.8990154450873473,0.7496725996636598,0,0,-0.5793839680603524,28.826456648288083,0
3.2441526292703102,1.6044902726934438,0,0,-0.8230336434850274,3.0430354972336686,0
-0.43967184813772087,0.9073336904258892,1,1,-0.7762879388883747,1.2843649803455675,0
-2.2624790202617517,-0.6826822198126592,0,1,0.9942106386172483,2.6394821632954186,0
1.2717802004027938,1.6289246947490121,1,0,-0.36594184632589133,11.198327880001585,0
0.7654194449376102,0.2475890359078835,1,1,1.1502922280514862,6.324004445052994,0
0.3244892056001246,-0.6553815086666981,0,0,-1.2277629988985277,6.403540042968309,0
0.43541563347313006,-0.2966121760625825,0,0,-0.13984333727737153,0.28476064635727344,0
0.5256162844946968,1.6659562883332963,1,0,-0.7698595336455797,7.891764423577832,0
1.8385818663522422,0.6884414667843716,1,0,0.5099940667644292,0.06138871739274667,0
0.7929940545994615,-0.9537941759630877,0,0,0.7849474610530355,34.80338417475974,1
-0.19505574542023527,0.4660594354544958,1,1,1.5401634881751098,9.301265552655131,0
1.8681501601488688,0.6090994961735647,1,0,-0.42671844625874344,32.3253795619984,0
0.6961907259532728,0.48807675125009664,0,0,0.3244727951338007,3.053024061994025,0
0.2791450102070495,-1.3366953677523867,0,0,-1.4518913032773046,8.27373898248199,0
-1.632215538243291,-0.7511677838630472,1,0,-1.9419782051699181,12.474287792821421,1
0.5266402241279169,0.9505901966029192,0,0,0.7384131769516843,9.57774490410817,0
1.6157752276441595,-1.1267464249058583,1,1,0.1054527622317866,1.7364659896502634,0
-0.9023432964261275,-1.7341980428518968,1,1,0.13027774701369352,3.196841069593956,0
-0.9312662478695926,-0.6400401834015617,0,0,-0.8084893963903772,20.913226868997018,1
-0.7371561911808737,-0.46341057777783745,1,0,-0.3381379499066771,17.57336957199334,0
0.5959805771874743,-1.0628759945480597,1,1,-1.2176679915944426,2.8198947036158586,0
0.06204437875737555,-0.4509932136977822,0,1,-1.1824490979113482,2.454631225839027,0
-0.5288898417954713,0.2862423723350622,0,0,-0.4215807673600405,15.136616367451808,0
0.8178169791668639,0.2668440613052462,1,0,-0.05756924971206858,14.934130145551904,0
0.38174823761801097,-0.41921614709158195,0,1,-0.6015290456985192,16.399117786681593,0
-0.6483736754758422,-1.3423599554555634,0,0,0.3975621805851646,16.160936482106898,1
0.25184046567705776,-1.0540199787549078,0,1,1.2175957723659983,32.22018808139658,0
-0.7361167879505967,-1.1554742465295111,1,1,-1.1421796077814546,1.3806214642715837,0
-0.873101024224585,-0.5602675041079179,0,0,-0.4528682173955744,2.0309471878537706,0
0.017320337362424384,0.7877242262460746,1,1,0.6433546981110863,13.603814100580752,0
-0.5584749610638183,-0.47464059851482776,1,1,-0.9024819924842618,2.3054190817141746,0
-0.6027446757484822,0.9239484264016214,0,0,2.5203924920151297,0.20547025471035069,0
0.024439526007083698,-0.34942984596023113,0,0,-0.4299424512054319,4.020779277887294,0
0.10078591418152949,-0.9099644380893698,0,0,-1.2850845005037015,7.921991915087665,0
-0.07753038580731618,0.4189813753927709,0,0,-1.9948069016146517,22.156213252206822,0
0.159082422945998,0.6246245309889247,0,1,0.9474606636593563,11.870781070844055,0
0.7955847246571056,1.1340055373955529,1,1,-2.9931971152789294,2.1384516885826956,0
-1.324994118959121,-1.1194737664299774,1,1,0.3788190401201545,17.475269433148867,0
-1.6708590427147616,0.7773931564635566,0,0,-0.17960330502523233,10.854510420546475,0
0.12545432222437256,0.2990671824038428,0,0,-0.7527103306425706,21.61735207995234,0
-0.957630706279662,-1.0292253724056035,1,0,0.27916358731930463,53.612359344904846,0
0.9782476482216494,0.04380581802332534,1,1,1.5652807812887295,20.6309425521263,0
0.14714449475040328,0.526151425874352,1,1,1.3066265842291684,9.024437080655636,0
-0.059745787493636855,0.17579601034225661,1,0,2.213215338371873,11.169316825825826,1
0.24709537694567188,-0.4356571989335364,1,1,-1.3101539798063442,1.6933565820263348,0
-0.27636567778656407,0.4628416905808596,1,0,0.18984590427447878,13.366597022148472,0
-2.4760416363138678,-1.2531223199056754,0,1,0.963719506583495,0.9628642817440055,0
0.5872553246504125,0.6270144539076296,1,1,2.5221190828259683,0.3416806716748617,0
-0.7788450409248382,0.5646241333893738,0,0,-0.7859072722914858,3.0804842373581214,0
-0.33730081766561554,0.4582888546999606,0,0,1.2014850363424254,18.316240021803264,0
-0.7164111763747616,-0.9732027697938374,0,1,-0.8809079668948641,1.12087831753635,0
-0.39612348641399003,-0.19998181066342463,0,0,-0.5114117021625061,67.30518245835455,0
-1.0935719474245855,0.03186850918210482,0,0,-0.03205454016342556,11.784428248131308,0
-0.48004123345004956,-0.3791082481595579,0,1,1.0978554903368478,0.17624735177298786,0
-0.5966209436022559,0.8439032460910767,1,0,-0.6295114128273908,11.702274281649736,0
0.7152248604290835,0.768629849460049,0,0,1.2873599967061418,35.15936077045252,1
-0.5500128028233786,-1.1047307210155735,0,0,-0.5408843879051546,15.128862049090493,0
0.6096383174490648,0.6694617539757748,1,1,-1.0102868746533094,23.870890724880457,0
-1.8090270691942936,-0.6151012485729707,0,0,-1.1475318711416354,14.891530383282316,0
-0.18458818202818714,0.7246740741869214,1,1,-0.2622705358352468,12.314232829093532,1
-0.7069713680158562,0.8333079470622624,0,0,-0.6564689540755316,6.421470375586165,0
-0.6908382141189247,-0.2558262395809922,1,1,0.8239544943043594,2.860123008662939,0
-1.9845233234191755,-0.7757760953574064,1,1,1.4089582044348292,20.895301317568997,0
-0.866144024144855,-0.1097287869524824,1,1,0.352276088543207,4.449133628615334,0
-0.28112652826160284,0.11751147643262985,0,1,-0.4364183994930645,29.548894117242877,0
0.8922975017793054,-1.1558504532937515,1,1,-0.8163480435294165,5.196401421942012,0
0.6666703447280631,0.9432972224738211,1,0,-0.23718876430538127,0.48646537843805465,0
-1.3180511813671707,-0.42655808616924173,0,1,1.8255016852859174,5.13264299911188,0
-0.6857341358581052,-0.6055681704201159,0,0,-1.7851880037173653,6.242932823929668,0
0.12805286677645117,1.7479485943940996,1,1,-1.6491032858128227,2.5039086830114043,0
-0.5517281527906034,-1.2417766173681422,1,1,1.7418580115289524,9.064200941388108,0
-0.9560816585875852,0.06726281379610638,0,1,-1.0572033781349317,12.486742323237394,0
1.7193873737083298,0.755521677043105,1,1,1.078754270366706,5.732634561193283,0
-1.075045756988194,-2.6087874254468133,0,1,-1.2651002200338957,14.237648702671473,0
-1.7937918478068875,-1.9113476757035226,0,1,0.007599014901375424,2.6648473459958764,0
0.7127170059853594,1.263850440002669,1,1,-0.6390509095325262,1.7112519774043313,0
-1.4353313943722625,-1.229441928248561,1,1,1.3630012669404563,0.6187678355187848,0
0.03528894697134503,-0.11566069442966069,0,0,-0.9149040852467981,6.286352579478261,0
-0.20305507793001093,-1.6183088020081873,1,0,0.21966182058569278,2.276948165119508,0
-0.5737484302949631,0.29725855798546597,0,0,0.8096198928974871,2.028934126573567,0
0.9460814410426833,1.403744367418464,1,1,-0.029922436165624018,19.436206160693548,0
-1.117114525283507,-1.6442207276357954,1,0,-1.2166995195873231,16.49188740977864,0
0.2065880407179606,0.13267814296826955,1,1,-0.8853550851561917,1.6625722460438261,0
0.07498428796249358,0.18914418894431684,1,0,-1.4277190013344276,33.572515274700805,0
-0.8813875823160681,-0.1474652166390114,0,1,0.3767594313457871,7.794627119661353,0
0.99400119777209,0.887401108388847,1,1,1.7109399519836284,11.433481542608153,0
0.5454628678696478,-0.2332530417194919,0,1,0.2843643978005466,4.221817013337019,0
-0.779679550044114,-0.6337704492102875,0,1,-1.0251986596555576,3.1276549831859413,0
-1.3655790059152253,-1.1085862940281443,1,1,-0.982133066976001,1.3578284947467507,0
-1.6782396385827247,-0.5239460286236377,1,1,-1.1083067435852976,2.6339601602355716,0
-0.9774213842653565,-0.23613671399936703,0,0,0.9693906377993434,5.289090782215697,0
-0.3881783852534905,-1.1760650889335065,0,0,0.8668161807389435,1.3264032575917537,0
1.0797431879160244,1.0066949276451247,0,1,-0.7303027186744419,4.605083674916826,0
-1.1201600429805472,-1.5773260829806373,0,0,-0.11831969887844597,18.208846145094938,0
-0.05276888997087439,-0.68965769111723,0,0,-0.5370038843506393,9.4014768639923,1
-0.9677829125508002,-1.348642787435646,1,1,-0.520472542560436,15.13507074365115,0
0.5498669698508699,-0.24264245805782497,1,0,-1.0320194714569648,81.96563890123244,0
-1.0187444520790763,-1.165264542860633,0,1,-0.2437113296997251,7.759059669479884,0
0.1688174162970144,0.8584744758447572,0,1,1.1418173309080586,3.8786952916554562,0
0.44876022560484247,1.290854166309683,0,1,1.017225631940076,5.543062445029928,0
-0.112971091885008,0.48445606350352266,1,1,-0.9820615254576462,0.7570142084540489,0
-0.13323561218624216,-0.22526216073519545,0,0,0.1778379360002542,41.5600239412411,0
1.3083494402690292,0.358530546923158,1,1,1.330730723896684,17.30181143665479,0
1.1832769861520556,0.5208284123220265,1,1,0.21749335645595813,17.395358347148797,0
-1.4465533485749624,-0.6267068062338053,0,0,-0.5985162429089897,23.52418926405703,0
1.2567342960244048,0.8680211993936402,1,0,1.8507970688357243,17.18698033078548,1
1.003494699100876,1.2954684654089657,0,1,1.0323652056549157,2.4668246541474055,0
0.8593504906004856,-0.3113894344788569,1,1,0.4213742910492211,8.994635804166847,0
-0.6623790391247267,-0.5285612580563622,0,0,-0.3061278426911407,5.06666180962997,0
-0.6982366916584416,0.2204347602221008,1,0,1.5346345763623417,25.225128827157114,0
0.33567054896139853,0.8569456939169946,0,1,-0.4630344679493805,20.145585183640215,0
-1.1897109215961128,-1.1062479260087899,1,1,1.1228748040838028,10.540175395416432,0
-0.6970893155009206,-0.956715509811839,1,1,0.04412670701002058,2.5573238440338972,0
1.988664193049686,1.9852989462625845,1,0,0.5378022160342275,20.62596157957191,0
-0.6259308371851978,-0.5713281904628176,1,1,1.031572545576161,25.81988741380758,0
0.9143030079232496,-0.34892971477497087,1,0,-1.0778800579089933,20.72483268265746,0
0.4441810486710817,-1.0266516968325072,1,1,1.2231273226431998,5.592611212445064,0
-1.8255029049933083,-1.5720802325464933,0,0,0.7437745585598441,74.02566539276508,0
-0.8216913524075096,-0.44911980160361237,1,1,0.15489088440325682,1.1074031587730202,0
-0.08221977171483885,0.19835851043457334,1,0,-0.3960362428511079,50.668574801657954,0
1.600497720997344,1.2320279281074222,1,1,-1.5211770626958823,6.101872973721478,0
-0.7755273887553694,0.7518583785448385,0,1,-0.06139371032839746,4.164437266355205,0
0.10399500667393968,0.9987878953571657,0,0,0.1958984921550948,40.92992546862222,1
-0.9875472734985339,-0.2560643021741091,1,0,-0.5737410597146716,11.532762619413214,0
-0.7739969662278883,0.2412936051511435,1,0,0.7531445399024698,31.560095881064598,0
0.35093612219683384,0.5060533552799357,1,1,2.2825642201288714,24.226646122425603,0
0.26487207969083965,0.13637234020250272,1,0,0.06787203720466997,5.890663319094358,1
0.5407402142207355,1.1766913473893503,0,0,0.17948838361636885,31.885430312679013,0
-0.40140332871448836,-0.28636799145708697,1,0,-1.3912443795523985,6.138305585606336,0
-0.5971431528728124,0.19152116172596056,0,0,1.66353301439239,28.664469766856588,0
-0.8429328547459193,-0.7301463239642987,1,0,-0.9234235188086257,7.025198021424191,0
0.2624687043017054,-0.3939716982155125,0,1,-0.8630133012946003,7.722942426105121,0
0.4114324229209593,-1.184557632641399,0,0,1.528376285444746,23.564512739186053,0
-0.44065612612417193,-1.5784196039239755,1,1,-0.2707047798184982,4.042316713517673,1
0.9145048924406463,1.1196034844090912,1,0,1.2235808816629337,3.40490046775622,0
0.3116308325342238,0.06883572937052763,1,0,0.013590138918464712,5.209714650892148,0
-1.3308470952984204,-1.210200197477064,1,1,-0.891040270291256,1.3183462104217274,0
-1.5479998121520282,-0.9574488312209123,0,0,-0.14254577599820956,54.226841723974154,0
0.009633917025616804,-0.1170184887924139,1,0,-0.6180399927497833,4.222664998220598,0
-0.926043679715761,-0.3092012457382848,0,0,-1.2298338401334352,47.51102475721605,0
0.25016969193491684,-1.2447852412277411,0,0,-1.8136971758965603,8.91660315085534,0
-0.38480177206858207,-0.7522937397645706,0,1,0.09345097825342634,8.02647630940991,0
0.8455886934842967,0.2964366942456823,1,0,-1.0134564147774192,4.252583077002382,0
-1.6964204909517477,-1.1838993203076007,1,1,-0.5064145860351057,3.434433952051023,0
-0.4129599502659288,-1.010713958577531,1,0,0.26398958785324833,16.18830897813576,0
-0.6748360316257827,-0.7313745075171415,0,1,1.507875874951556,1.613843418486182,0
-1.4533441668584621,-0.4627514970453621,1,1,-0.8118036507690588,9.56299691252778,0
-0.3754385523988641,-0.08970174845028914,1,0,-0.44028228415225074,2.0702703618015437,0
2.3036543542931205,0.5786124019045779,0,1,1.1655981468730716,1.9812561579443733,0
0.1602029793639559,0.5198998259382109,1,0,0.9733860329569689,22.806313452493253,0
0.25003950674151315,-0.42035246647392766,1,1,0.2578718500145608,25.99843145184914,0
1.5747871856896456,0.25999644051335646,0,1,-1.3771128019184231,3.5029423261513606,0
-1.0508301437050331,-1.1355918409773964,1,0,-0.9404711698270649,13.436133627804562,0
-1.7036744846139156,-0.1828055015726383,0,0,-0.574456186146768,1.298534694008193,0
-1.3127217645374816,-1.4076451551279694,0,0,1.2788857609925401,19.84358993740166,0
-0.2898320796543009,-0.005722303102507154,1,0,0.6130963940354562,0.5261270597073812,0
0.3484395950254068,0.19025415916162847,1,1,0.3371883708234888,1.5320876909393348,0
0.9069553968558454,0.34048277999116566,0,1,1.6232078260973253,3.9364823949868075,0
0.7160270313580843,0.2888410176147612,1,1,-1.51899278255915,3.8917823451465132,0
0.232906816882645,-0.017260669079856863,1,0,1.4814917102578549,12.230716014259741,0
-1.4893803491346438,-0.5914301646527318,0,1,-0.4058420278306083,12.294268004354823,0
-0.4526507884290451,0.7255389292410678,1,0,-0.3882587945809955,2.7519898031832257,0
-0.7814752617360171,-0.6194255411527525,1,0,2.6587954627935684,32.42693941180532,0
-0.37951127986683164,-0.18975366092122925,1,1,-0.11481894735200479,10.367617535585348,0
-1.0242472607757032,-0.05908651490150607,1,0,0.16856868353953286,0.6820345481663391,0
-1.554347550145321,-1.4715563223268116,1,1,-0.24359941800260998,1.2569358666951684,0
-1.1919295638846568,-0.622200183043839,1,1,0.8828337512472028,1.1380854913186114,0
0.47461176221760104,-1.220375538210152,1,1,-1.489719348848561,2.953178816172159,0
-0.10253708976516432,-1.737144524632776,1,1,-0.6529376267305826,11.096154090453892,0
2.121617572065395,0.2977170432911037,0,1,-0.679097341075678,0.4894226086305317,0
0.18477196981748897,-0.9206121141806514,1,1,0.5126949064360127,5.523617736870149,0
0.5712802160013187,-0.2624685929000437,1,0,-1.2776430781717825,1.048179562350817,0
-1.1254664736669384,-0.24796833368834748,1,1,-0.27098561001229415,2.411479017389215,0
0.21161723661104315,0.21791944365558846,0,0,2.9044000777286634,0.16588969069741472,0
-0.44552797127001925,-0.4057127771667173,0,1,0.989551516564676,13.449448968805125,0
0.430374307494138,-0.8419781811440997,1,1,0.03423427340555879,24.80713308943506,0
-1.1600154497879902,-1.1420113435363892,0,1,-0.5173804022924948,6.820697039052902,0
-0.1499636474362489,-0.4579646617491191,0,0,-0.8784292064182103,18.185692478289848,0
-2.529340472066829,-1.004838132047539,1,0,-0.27682593391777066,14.113715595478391,0
1.7508734260148904,0.20045577377668677,1,1,-0.007470965186451881,30.254380158473868,0
1.1408648404884199,1.1946137651278552,0,1,1.8020480800873415,2.9171044722485893,0
0.320790695343869,-1.4679729879146717,0,0,-0.27644763695639446,7.493784345543678,0
0.9905434031594197,-0.051392907699406465,0,0,-1.5897470743754767,0.5574527450364974,0
0.15745881047537927,-0.3740703183863094,1,1,1.1518732774800984,2.7058469308577195,0
0.701547801177828,1.3479979563038338,1,1,0.813483132653838,0.7532966614675508,0
-0.03646830165555266,0.04193561508615052,0,1,-0.9548974026058143,3.861909325647331,0
-0.6068509897236813,0.01202977386737003,1,0,0.9610385527606615,1.2103178616367007,0
0.9129207506373554,-0.4445970079047828,1,0,-2.2032008770262386,3.6068146927434075,0
-0.05133190754728035,0.5050499624662043,0,0,0.12677879490976204,8.679382281166724,0
0.832128484758228,-0.7807869248715119,1,1,0.04177321483260151,12.556229208388755,0
1.227569133317768,0.18640598521263096,0,1,-2.0397322004299263,5.761765487594522,0
-0.9047291513070408,-0.18415492583678822,0,0,0.1791244065971724,1.5810260626848682,0
-0.23811212301852105,-0.8538097748822558,1,1,-0.5624405154696199,9.103233587407786,0
1.1125058864016277,0.38461493071821395,0,0,0.6879403796542956,34.824934444487646,0
0.9709146313728003,1.487494306442101,1,1,0.5281103039719179,8.019348073084991,0
0.6700447689165271,-0.4313004654495432,1,1,-1.818816154724581,3.3269879014532555,0
-0.9397240273598186,-0.11149887340723674,1,0,-0.19302842038236664,20.847754063402533,1
-0.01315789548902975,0.28987590009550906,1,1,-1.5737052886198297,11.044979371227155,0
0.7479459855279226,0.010274139772253887,1,1,-1.1030327802193527,0.3988844165120023,0
0.2967716522954354,0.35579775992136475,1,0,2.091715545833705,12.53174079027146,0
-0.3905604085737678,-1.3903680392814286,1,0,1.5429015870161837,15.800627194391472,0
0.395108961017568,0.1104078980870301,1,1,-0.2667933019810571,1.4045329323762576,0
-0.4974458469308967,-0.44408648817375584,0,1,-0.7201003276422897,0.23919292191066396,0
0.03349123838679484,-0.4158355280140748,0,0,0.8692552784042529,8.37989298320728,0
-1.0517717515509364,-0.7748960902109188,0,1,0.9776807516465074,0.6159628133610447,0
1.7428025258837538,1.1900840282578264,1,0,0.1540889456281518,18.76890713645013,1
1.7664799065397736,0.8376586923747081,0,1,0.010490827406650676,2.818992736669616,0
0.626487042381982,-0.16452020531881723,0,0,-0.04849796050965211,5.560206084939698,0
0.0315012342062582,-0.6815533090387824,0,0,-1.5614522315875314,30.045919921928434,0
1.4677035094652795,0.6390943213231015,0,0,-0.6117182830512076,13.029734654039913,0
-0.44628217020349015,-0.6912924945789156,1,0,1.1836234829014873,5.877803232083805,0
0.009113015704332029,-0.7053640178232969,0,1,1.4012823204514506,6.163961075873084,0
-0.9653289761351213,0.21563910342674647,1,1,-0.7560266325859542,2.9162286465690275,0
-1.121851073617807,-0.5900185670835013,0,0,-0.611622729417887,10.467279712189022,0
-0.9699814631203828,0.7723595818053042,0,1,-0.7942527142219397,6.743345892213036,0
-0.21810177190813199,-0.5468007526067672,0,0,-0.13239417188570618,9.44245317426959,0
-1.2381571106228921,-0.8762067974088381,0,1,-1.763530484468262,11.848375955662576,0
-1.0473635973866382,-0.3172873752733125,1,0,1.003879014886421,73.14326010742968,1
0.5005324126700975,0.1791555636604181,0,1,0.8716713407244147,10.509299168607088,0
-1.6800968784071468,-0.3977900600142612,1,1,-0.975102302686877,22.601397555689626,1
-0.19876568915107334,-0.46430024265792436,0,0,-0.45451780582733264,9.024569014314126,0
0.15996697382965047,0.2240434415164105,1,1,0.73755835762599,10.421351802156831,0
1.3293745795178908,-0.3420089640223337,0,1,-0.027087862505018677,0.2423033246364132,0
0.4246721729630308,-0.6319669137258654,1,1,1.14318695646406,23.716737542956366,0
1.1593536575204193,1.2046145136211872,1,1,-0.3890851645133023,23.152585642505642,0
0.3266390354764326,0.27988195198072086,0,0,-1.2902306846748428,7.495839117619857,0
0.8736277364951696,1.107593354633854,0,0,1.4175955036257213,3.1381217537378285,0
-2.5174241736751344,-1.6385592695541495,1,1,0.36766810416856577,2.504967436441656,0
-1.9163516159466398,-0.5494300477705691,0,0,-2.797980626368713,32.936567484868604,1
1.2268122516804216,1.0024679773805971,0,1,-0.29644312711410786,13.141569723663247,0
-2.541686906213165,-1.0719533895849525,0,0,0.6578795110129397,11.709618869629539,0
-1.0413008858518684,0.3865411663288578,1,0,-1.0301757341713924,20.96018144276641,0
-0.08668916104018094,0.12260530495043509,1,1,2.047155254660376,10.95870263633034,0
-0.4380815047678743,-1.212025817141548,1,0,0.607703712374894,20.511770170256977,0
0.36759561397247714,0.8105762940535719,1,0,1.0655557343257251,49.939739371917,1
-0.5647206924775411,-0.6911399236879715,1,0,2.117048244590894,25.820958417048057,0
-0.6103449599144107,-0.6942097144613655,1,0,-0.9193472187090296,33.7128317165328,0
-1.1319941105298115,-0.43572755118118367,1,1,0.6772211728279234,6.73906970066267,0
-1.1032142641899862,0.24068359239531256,0,0,-0.010920791779516485,9.150118034355037,0
-0.26931393051596847,-0.370238933704307,0,0,-0.8958032098996437,16.765808445200758,1
-0.057468610067326197,0.4620744683485914,1,1,0.6433326159481016,23.90139183029755,0
0.6425209290968331,-0.3160966646422653,0,0,-0.49681615092923015,8.868639456847495,1
0.7810326138116074,1.3530837799313493,1,0,-0.5383256638939082,1.4913573204532546,0
-0.07795538869059201,0.37616225359599303,1,0,-0.02147375349592455,0.2712296815524831,0
-1.572968449639143,-0.3607736361663977,1,1,-1.3749704892338719,9.283339463170918,0
1.2531125837233639,1.0715290422058052,1,1,1.127041755727466,5.8364124717934756,0
-0.8536240790393718,1.5461910538756893,1,0,-1.8705568889920574,5.673629017106593,0
0.35130789437690757,-0.13196920179481264,0,0,0.45532385554673677,17.00430678901022,0
0.19728981914622568,-1.2566589799607555,0,1,-2.055278408472027,4.869279486200322,0
-0.37472610138551665,-0.5957047250823504,1,0,0.6274058600060636,4.232923780491874,0
1.2590368185132759,0.37416965212957426,1,0,0.04608195570016793,52.84606976655853,1
0.6643768854877924,-0.6901005714374733,1,1,-0.3942083471121842,3.150514425643803,0
-0.555731662378889,-0.18518643741884527,1,1,-0.9483355509270944,15.163478118718867,0
-1.81766522204807,-1.1254865397550486,1,1,1.4684364849872154,10.000188793212883,0
-2.3014885872339756,-0.5310845519391301,0,0,0.15676161262255384,29.454643383655945,1
-1.23074808461397,-0.44524010944586245,0,1,0.6135030972793597,10.838429618379093,0
0.30217162021551114,-0.33702625725209534,0,0,1.5874101588316734,7.9344495261956425,0
-0.07963243183816175,-0.7028253933619045,1,0,-1.1248445714124213,3.266449662649883,0
-0.6124901915485256,-0.789262610130057,0,0,-0.4523412070069128,0.3357253742587191,0
-0.07000905839137266,-0.7589127777240997,1,1,-1.1208525441366732,1.1458778147965183,0
-2.071036737960701,-2.339634571179939,0,0,-1.5649066771237177,8.374587999867517,0
0.6068184118350868,0.6325265425931144,0,1,-1.351072885342895,5.658595739068261,0
0.8524965416812513,0.06358648574492276,1,1,0.11528527732202927,12.466152287796394,0
-0.4260291148606522,-0.44231229293387575,1,0,0.5168881399441353,20.03882078210204,0
-0.22266107124951298,0.4497617199590762,0,0,-0.7586617086376622,9.415002250129485,0
-0.5448071850767531,-0.2703383986389022,0,1,-0.5615463730335903,3.5208117179099463,0
-0.11592797823736979,-0.9961658736220049,0,0,-0.660806577774208,83.80128154196142,1
-0.0233201666242587,-0.13581424211628051,1,1,0.7876174443887538,1.3108188135962295,0
1.8593735801838127,0.010286759233074427,0,1,-0.23326183500747427,12.870907094181565,0
-0.08751945819261181,-0.7139395772246189,1,1,0.30698329993270634,0.4732681994804293,0
-0.7887724104164267,0.8721730380326039,1,1,0.5779691626455365,1.9244720339024752,0
1.3983263995757165,0.859920956925321,1,1,-0.8530732300157309,3.7672516158757,0
-2.0314994644150013,0.07258083548435734,1,1,-0.3262011335479269,11.672018741672598,0
-0.893814972506001,-1.2466045768935106,1,1,1.0819952797219714,2.020307549385894,0
0.24412339707317016,-0.08174657592415294,1,1,1.204837281317125,30.536412380126805,0
0.26669057785343453,-0.5482790687996223,1,1,0.060770290281939206,18.021535353281617,0
-0.5570709142854287,-1.6488421651715346,1,0,0.3780580260134446,100,0
-0.5126250237020273,0.5269896669072982,1,1,-1.855140688028294,7.182173534146832,0
0.8331674931923575,-0.6242007430957883,0,1,-0.4513507661148131,8.180145404180378,0
0.07048151384081033,-0.2995941947698742,0,0,-0.3746525459303145,8.289391048676316,0
0.9356598215961154,0.44749380019138196,0,1,0.4891665942456313,2.1481430278094704,0
-0.009636588504695495,-0.8526306936147647,0,1,-0.25394244068065575,12.697658582918697,0
-0.8286485380134898,-1.2559791557695186,0,0,0.1739748278337426,7.485772325743918,0
-0.1452912525011548,1.1294287352179784,1,0,-0.19750162813680033,1.9494135372228272,0
-0.20297368229282337,-0.15080566556578848,1,1,-0.8640014473048762,3.0720461381921327,0
-1.0501833460482977,-0.43705201468561783,1,1,-1.726992879253301,8.51339361372132,0
1.0018525744689402,-0.25281015461471934,0,0,2.2570602999361395,35.095237681074394,0
0.2626375028174305,-1.0179158945827533,1,1,-0.31477492556809816,5.491038811286395,0
1.589519898467737,0.546376869946275,0,0,-1.5744493411507887,17.24226596566134,1
0.8691507799307693,-0.9911160526560381,0,0,-1.330626838391752,36.1920647821981,0
-1.5571982062051555,-0.1517876677600728,0,0,0.21330363275493797,14.7401320283304,0
-1.458262429851515,-1.920927012217092,0,1,1.3110646663783085,0.1699295012255725,0
-1.0643734870343886,-1.0765587053248402,0,1,1.0583527019031587,10.269291390205625,1
0.2880548239172469,0.5194225835427215,1,1,0.48643963023831266,2.381191233572987,0
-0.949598568003766,-0.16169899532560866,1,0,0.24080034284319027,26.804680234852306,0
-0.0076828031869062,-0.6400387094942036,0,1,0.053294406325363086,3.4810042602249762,0
-0.20659329396405984,-0.17518784218608535,0,0,0.9483155206546201,12.530723879829566,0
1.3069014436050403,0.9700962361588573,1,1,0.12335328691763123,21.931833531054355,0
0.6142159092047603,0.04815251497100409,1,0,-0.4501200252298155,34.942895710822796,0
1.3524267772609004,1.4902909191437306,1,0,0.7222880965768889,9.217877414700054,0
2.6847966057683554,2.2374952075325973,0,1,-1.4784015130584722,11.810971797718588,0
0.34803628827702204,-0.2372381738252458,1,1,-1.7534200522477292,7.044684828346792,0
