x1,x2,x3,x4,x5,y,event
-0.8408554807862987,-1.2288609421827195,1,1,-0.1211700865255256,35.45538574937817,1
1.3843593434785841,0.7214349583222441,1,1,-1.0613288649925923,12.344501445924855,1
-1.2554918626276665,-1.504059771798239,1,1,-1.2304915990935252,11.783907038905278,0
0.07014276642732681,-0.6294970023518618,0,0,0.21672600287012747,40.56512312391061,1
1.7114408727023733,0.020829965981476906,1,1,-1.5168991812021912,3.2966415482250166,1
-0.602907981454667,0.2921431061981583,0,1,2.16916458205097,25.283512405985373,1
-0.47216638516694515,0.03473159641128118,0,1,0.5236052408146427,24.180519859194657,0
-0.6353713125242826,-0.18766518185275197,0,0,-1.5968624227833927,53.31659647952593,0
-0.28577363486615365,0.7590676408865036,1,1,1.1230030613249917,18.187917921635215,1
0.13810822480392254,-0.20028699412594544,0,0,0.41743172213492424,41.262109604749696,1
1.2276303438534606,-0.275001860912615,0,0,1.386543408187756,8.807757122496634,1
-0.801779454652824,-0.73043878999079,0,0,1.5593160051089952,7.525636706447708,1
-1.08039260002739,0.11839243803044841,1,1,1.3859976302368346,0.0078035935696896324,1
-0.15753435610688232,0.4576311378487278,0,1,-0.3696733736652316,3.7748518223370793,0
-1.0717600398779163,-0.06527305019443269,1,0,0.341787899360575,11.447930138974048,0
-0.1389861405498456,0.4915424861268498,1,0,0.581427019526946,56.23453969965504,0
-0.5973130947129254,-0.7965750066465136,1,1,0.8425830669034342,1.5325073506230407,1
-2.1839667600915846,-1.1121527535880822,0,0,-0.02538172840186494,3.2169429508847585,0
0.24081725593669498,-0.7944157458701065,1,1,-0.6384864937464831,6.066423272559117,0
-0.2593554067342505,1.2010695066539003,0,1,-0.6758544579336112,34.548374462666615,1
0.9005119453332515,2.172314214385826,0,1,-0.8988703104158208,4.767622684617877,1
0.9418693938677438,-0.0565638379096054,1,1,0.8396977779108623,3.650190939185495,0
1.4679619034197025,0.7029044157206542,1,0,-1.7554700910870966,10.955463405881742,1
0.7067610895579122,-0.10589058911178095,1,1,-0.10715058683063045,32.15592525489833,0
0.8190089302621519,0.21723097512042489,1,1,1.026850597664515,0.3985278260192062,1
-0.29348184870245164,-0.6500957101607949,1,1,0.540995073039589,2.296192408534688,1
1.4185890724859476,0.4392476103674917,1,1,0.06038296675825974,16.526463200113735,1
1.4987738274064861,1.2994563789214588,1,1,1.5961623676844163,31.13376220037988,1
-0.6570820944856638,-1.1477882763664051,1,0,-0.07657916731432256,45.22038036140095,1
-0.8527954400020004,-0.6761432674756533,1,0,-0.2556214966228812,23.95321306778894,1
0.31591503836146706,-1.4372873907762975,0,0,-0.3034093531145564,23.277208927591662,1
1.1096941676588554,1.1272199986001625,1,1,1.786261442874439,5.773190077676827,1
2.2154605716780496,1.0601512672554796,1,0,-0.5230858039127106,5.848076976852609,0
1.2171036389573404,0.8098311549780461,0,0,-0.23612178907352696,5.035053338323093,1
1.4792217866382742,0.465928812474793,0,0,1.4289744241106295,0.6580830284239259,0
0.9515738324178583,-0.11232300090442121,1,0,0.9099174005017292,48.291219890272195,1
-1.0095326459625653,-0.7335300123040763,0,0,2.1648563830901675,28.090873620961403,1
-2.0004727386379537,0.08783349746365832,0,1,1.2316524569542775,4.703697976254001,1
-1.7621858724520585,-0.7196973553255899,0,1,0.16644035720064762,35.677316141668875,1
-0.14260812595506014,0.4639708733354007,1,1,-0.1315877091204653,1.9669960958472508,0
1.5500603694831296,1.54921596164711,0,1,0.41185767887667263,13.852230349025477,1
-0.8024231817147719,-0.9055160178779185,0,0,0.7485867150935825,37.799645294771096,1
-0.0745789198826713,1.1064379581185366,0,0,-0.7637648973773351,22.107123000562606,1
1.895667954722463,-0.05489085974771346,1,1,-0.7531509279005374,12.650413937445846,1
-0.4565689409204312,0.23743614570153515,0,1,-0.4772001653852913,9.801498257979382,1
0.5622233626430194,0.19393326105698788,1,1,0.7579928202928962,13.844733061308235,1
-0.8870085115114273,0.0032613325215437583,0,1,-1.0177656126515084,8.769712071804246,0
-0.4602445761951785,-1.3510951874133792,0,0,0.43137836909396404,0.7256263947730681,1
-0.7243284860674709,-1.40940607617626,1,1,-1.452249226862326,15.217568386913449,1
-0.06921115583411094,0.6451278821520499,1,0,2.834018760713368,11.396172295286355,0
1.463248562948678,0.5467638062686466,0,0,1.933328024413625,7.785522431899034,1
0.18772609743313556,0.8208383683838727,0,0,-2.348711521292122,32.783221012560546,1
1.0220228613308389,0.8294610613010844,0,1,0.838479687111268,0.9881837024492105,1
-0.5918348329510383,0.2541597472600332,1,1,-1.5466714729240478,0.5209221853417916,1
-0.11220065503613669,0.4974104252400944,0,0,-0.8041641202622829,14.728326713872589,1
-0.9249530858656838,-0.3353606484978144,1,1,-1.4216357144007459,1.8324146512357948,1
0.7533047982955167,-1.162510781423122,0,0,-0.7345213590551334,6.170255637706461,1
-0.11260907020304896,-1.6236628577555863,1,0,-0.8877705791298428,43.242615952709116,1
-0.06409092821979634,2.2117477117547053,1,0,0.17566011296121026,5.802426015994297,0
0.23327529354576232,0.5616204022211431,0,0,-0.5962433786261293,30.571453288731785,1
-1.1365828031484921,0.22144962362209208,0,0,-0.018092358472074393,53.84258067333418,1
0.8548304231284563,-0.16306511204573193,0,0,2.9667620997729984,3.250607037334136,1
-0.5783704189618545,0.9450597696577403,0,0,2.0553432486522762,33.82092396146601,0
0.49636153903015234,0.09569508166297422,0,0,0.7013382234558639,40.17005437201824,1
-0.7600579306117881,-1.5338585797782462,0,0,1.1003873648846456,14.809405051997569,1
-0.34138627039942937,-0.15539435113565034,0,0,-0.4784138015251611,44.818209694016865,0
-2.1023291204778007,-1.2276365830575182,0,0,0.1456361088155459,58.76698790683025,1
-0.3017022813688955,-0.03937974831554025,1,0,0.9337012243693873,14.366333657723567,1
-1.2723834421812041,-0.7810014600700615,1,0,-0.1028759840858301,5.262846693464344,1
-0.27966610980922907,-0.7274409486950811,0,0,-0.8236373236763144,30.973783263401508,0
-0.20409732081957596,-0.6257014760451475,0,0,1.400815709281901,55.626834366790405,0
-0.22561418551735526,0.33293220968081966,1,0,-1.3100766224408136,14.604247539411125,0
0.34702845202209903,0.39946662865097693,0,0,-0.6111142636307164,8.046958483669501,0
0.032367842597923274,1.273719918433808,1,0,0.40838369778178046,27.11742168673317,1
0.4135312896717983,-0.42913879398961036,1,0,-1.6728121987149331,8.120991514167837,0
-0.15534847662537868,-0.8896691563534276,1,1,1.5161001598388837,0.22134760643977555,1
0.9734853924830476,0.38427680828291844,0,1,-2.687824450723003,19.753176889452085,0
0.12109014277347832,0.333307437109427,1,1,-0.37118425853864834,2.3398901088008235,1
0.1891736914774551,-1.0016546091385823,1,0,-0.461033510298105,33.1149831824203,0
-0.5628850698259593,-0.8303801072203251,1,1,-0.6749834622449642,30.397943628264212,1
0.4984161650013312,-0.5029522237654853,0,1,-0.7871376608405096,0.058048176220254925,0
-1.7423024933630922,-0.20699526027079918,0,1,-0.6808465978863258,5.9350099512799455,1
0.9755290972036871,-0.28329439805553475,1,1,0.36910687787046903,4.615092145978137,1
-0.024082872736437076,0.9155206792046678,1,1,1.4981415426605773,1.9954174043988242,0
0.6756844753140837,-0.4168309378184463,1,1,1.3262193428017894,5.6781378237001485,1
-0.7103096050533905,-0.07482039052161521,1,0,-1.0146489585361345,20.356443358493184,0
2.3872326463773925,1.097258195454077,0,0,-0.3901584682040987,19.035460527667432,1
-0.4734320121964633,-0.1591307739099761,0,1,-1.8641771802600346,20.348860457432654,1
-0.07577255666677035,-0.6443259879386702,0,1,0.023580364041799078,8.691923683962825,1
-0.5218400564782831,-1.075086669213152,1,1,1.5558749676664574,18.060562364202358,0
0.9260471345623508,-0.03699543060517124,1,1,-0.5148880295667745,1.7418474445445875,1
-1.0624111716142142,1.1172595662556937,1,1,0.10860811001073822,6.626091875725946,1
0.5570338662979594,0.0893147859082411,0,0,0.35434826439560313,13.02348847011771,0
0.9007305849121713,-0.07065160561963918,1,0,-1.8422324061487678,0.8333861037599452,1
0.9899456836881828,0.581565160510288,1,1,0.5544285115647901,16.83788907197979,1
0.38360808757967807,-0.5742153508183118,0,0,-0.22178523206869655,6.879751248748438,1
-0.34658381369871816,0.21713512262561102,0,0,0.7969590357996235,35.279150475076314,1
-0.5401892500044193,0.5822645688093784,1,0,0.9000281193262074,12.460239446963213,1
-0.1825555932667527,0.7726976619120071,0,0,0.4895223549977039,24.88137279828211,0
-0.05929964999375659,0.9075384319003642,1,0,-1.0545470570045692,12.875842185156968,1
-1.995386967823838,-1.2632558765654114,0,0,-0.19163902737963945,25.259012459741918,0
1.1353112811709796,0.3357920434844849,1,1,1.2429982676820437,2.537710525069359,1
0.6757945657538261,1.8480097656705128,1,1,-1.540406262546652,17.770196221435214,1
0.20848326310727328,-0.5611473820800652,1,1,0.7854721721090906,11.441465398862878,1
-0.05784564208505434,0.772431209726581,1,1,1.1608610789243696,5.557026611066391,1
0.8938114141025937,-0.13382864932515548,1,1,1.8748206950111037,14.869593487779333,1
-0.22886538077557095,-0.6253771265179894,1,1,-0.43597278959072644,10.456592388181031,1
-1.9656526496405424,-0.011510880209741114,1,1,-0.2403786972734402,21.272414915385934,0
-0.7535104458235683,-0.2614823994935983,0,0,1.7696531623950127,7.293911480042535,1
1.280151624440127,-0.7372133780805133,1,1,0.7471509652942318,43.85013592510222,1
-0.9529049597421625,0.41129202720999386,0,0,0.18724582389856023,17.78603982069055,1
1.622379393009377,1.0208272590933765,0,1,-0.522963285949066,3.3373933419984283,1
2.600142020122438,0.5999656729577301,0,0,-0.7015438516860685,1.8700804720973359,0
0.13964850512195484,-0.12051892993927014,1,0,1.0714723989579567,6.791386734219993,0
-1.3507196731274842,-2.8168868892348478,1,1,-0.6087145229225586,6.2656363518176805,0
0.7989310179479042,0.596098228556758,1,0,0.32163701614823154,2.8920116524623034,1
-1.554995840445265,-1.730968198749077,0,0,-0.16456617409897917,20.349706978564182,0
0.4637200567939945,-0.9837707001409742,1,1,0.1226726138779863,0.6658908922176228,1
0.05242956457319264,0.15329036949061503,1,1,-0.2661803677665126,19.25618086254892,1
-0.20203180072054866,0.47723346417697876,1,1,-1.162924608138191,23.791867925975723,1
1.1708564220070037,1.1048547211950202,0,1,-0.6354020386011567,6.619001066349322,1
0.8848448555720362,0.662883648838346,1,1,1.5411500080324707,0.6073317558158584,1
-1.3178886038771724,0.5927882487178139,0,0,-1.801592927442908,3.187456630725397,1
-1.6432509356050722,-1.0696558805492435,1,1,0.8277581888800618,12.327419247916593,1
1.0592503872461998,-0.2389898349818259,1,1,-1.798188272571047,1.9210095211296803,1
0.29008358138874385,1.0338962752179248,1,1,-0.4421368059993032,9.107523054951464,1
-0.40003349889393613,0.5043134992422662,1,0,-0.47488059646025077,3.632102684011598,1
1.2430957780646819,-0.24963544873561827,1,1,1.2064241622901553,18.507095598560902,0
-1.3664105180053774,-0.9309638654359822,0,0,0.42958285554745584,10.891114170145443,0
-1.4414133018132393,-1.3719720147904573,0,0,-0.38178749820071195,28.50072063305242,0
1.3485490550277817,0.07604454296836338,1,1,-0.8237805668611174,3.191601722475566,1
-1.9785283396939293,-1.9271121925078472,1,1,0.5383949861367382,2.0402282089731423,1
-1.240950584047055,-0.16454765127118565,1,1,-0.7905240746718077,5.1158990190804685,1
-0.10403912781006823,-0.6778626421509831,1,0,1.2108188352423683,21.336214113136663,1
0.7329729586434406,0.4538814025665796,1,1,-0.9449064107575228,13.050625801886596,1
0.45567962325983064,0.7966491911714542,1,1,-1.2246564478426125,8.450652612684788,1
0.2880795475429534,0.9019481566869865,1,0,-1.4780839371214067,7.6588014425807796,1
-1.0736909106762709,-0.1849059699128956,1,0,-0.0058067003512715385,8.418642624856524,1
0.6487425394637043,-0.5180207342275054,0,1,0.8218416226461276,5.178659007960328,0
0.29916227855054073,-0.24774235157006827,1,1,-1.3410516589597552,12.687189447591031,1
-0.7959949930363266,-0.12895872511854728,1,1,0.3957396894041828,24.282560172200213,0
-0.029353397159933924,0.10045742557655517,0,0,-2.3657239580692497,0.5787055940060473,0
2.180235701198325,0.7918295735942107,1,0,-0.6333618371630856,13.357308302125634,0
0.9574184686343601,0.8858461682867819,0,0,-1.2093160390761926,16.005634812730673,1
-0.30504863488493705,1.0778705893088794,1,1,-0.9344172300922465,4.681484032156498,0
-0.4184033388888723,0.3198629029659975,1,0,0.3024756239043196,50.38583595283427,1
0.09995404900364403,1.0172819166457379,0,1,1.794501637839795,5.514968944163072,1
-0.2298096181617762,-1.101082925263288,1,1,-0.03006401635623265,0.3187071988329779,1
-1.4152148761828038,-0.3327204203420853,0,1,0.15151430529906804,12.483674559160413,1
-0.39259886230943886,-0.4616183375892899,1,0,-1.5330445502025671,2.617550741845915,0
0.9460885499495951,-0.3167434947939563,1,1,0.14399054396553945,39.14736156942093,0
0.751770872113376,0.664920710594102,0,0,-0.5714301768514286,9.253490130598808,1
-0.5173768484890594,-0.15760989734369746,1,0,-1.0054647284089042,1.465921699074329,1
0.8083359783945524,0.8285419578641602,0,0,-0.11203138604383689,5.848528799704662,1
-0.6145352233323539,-0.49591286660601525,0,0,-0.8179545555869449,13.352752697114267,0
1.2382589282695822,0.6381047409527106,0,0,0.1370121365343982,48.58917952386007,1
-0.3380951424705243,-0.9044323578948432,0,0,-0.6185651657218552,36.6795111358559,1
1.1963663630901928,0.9445537891967917,1,1,1.7643296775871478,5.2038899036404045,1
-0.4433183786245223,-0.07924904392708648,1,1,-0.6520401714245859,46.28262694708392,1
0.18611489725029506,0.7850102251599894,1,0,0.8219743793013558,12.31300021995454,1
-2.621344812652587,-2.0471106489661883,0,0,-1.0641771868211864,11.38056947936992,0
2.2462546198522046,1.4672903897580802,1,0,0.9498887211249021,1.925568715622629,0
0.09343168107581164,-0.8629133068686792,1,1,-1.1911922366564782,14.099928527135761,0
1.627280093365949,-0.9015680970511297,0,1,0.8313805647733752,2.2472339263361945,1
-0.5109175491651134,-1.182077300018933,0,0,0.4893462174922112,27.112229600293098,1
-0.6593808376623986,-0.5196378815439469,1,0,0.4441633544322739,8.875137991168744,1
-0.040190160237947616,-0.6261472916735246,1,1,0.2725806879263253,0.05293101110268391,1
-0.11869400176937722,0.5134927808564909,1,1,-1.0453569781427796,43.817640967867575,1
-0.019656864537149113,0.9000091651743964,0,1,-0.5804594325149244,58.470451229007814,1
-0.48567848557913196,-0.6245952790096079,0,1,0.34521179741044883,8.116767617610856,1
-1.4401475242738035,-1.7690138656747776,0,1,-0.658316040754754,25.14512881479517,1
0.14376887773925984,-0.23523551382658026,1,1,-1.2278981114920977,43.767579864230314,1
-1.234586654266969,-0.19396162903861913,0,0,0.18139836516977711,100,0
-1.7525012099284227,-0.27313253852615604,1,1,1.32471717826569,14.381339529398536,1
-0.035496287050705365,-1.9925885665709158,0,1,0.5296829798482523,48.1569063480459,0
0.33203490860184354,1.0305369377964624,0,0,-0.7641261111812973,91.4630226346652,0
1.5722882563282323,0.43106436793408215,1,1,2.2312129879793527,9.967405396985306,1
-1.0694705723933253,-1.5209393620494271,1,1,-1.3257937747701396,2.778423325380215,1
0.9162865236147203,0.9528451635118065,0,1,0.7393030557010928,11.897905181914338,1
-0.5949928962834595,-1.1952734599792405,1,1,-0.1331071525331777,3.001762296809144,1
2.1816466752786114,1.0440148173501909,1,1,0.021009362353628817,4.016308983381785,1
-0.6837732862979621,0.36450833383752773,0,0,-0.474653750554559,7.251269199363646,0
0.7500592138014704,0.9350972210184882,1,1,0.16745707737948579,27.33513258150592,0
0.9743826338551065,0.9885629604697398,1,0,-1.065709547363158,4.204298633759472,1
-1.2644734756612843,-0.4812594608787039,1,1,0.14759755618582446,7.3415708952304435,0
-0.27742142358456756,-0.4937656952752604,0,1,-0.48473320637332956,2.7706863869651897,1
-0.18939869476407123,-0.45665448425451116,1,1,0.9971311412745243,5.8717881955668165,0
-0.38402494606450327,0.03090446751819148,0,0,-0.934607393165918,26.758584525080078,0
0.74058802317655,0.8357169635205157,1,0,-1.3271067326591977,1.3314858047583187,1
-1.1683383911211824,-0.7809866168835822,0,0,0.8450304537652896,6.815115987661794,0
0.6675386981349344,-0.9193418496005012,0,0,-0.10162882281501431,17.048103340715475,0
0.36623694964900294,0.6626497564354478,0,0,-0.44689299713648173,2.6287220911466,1
-0.514942993890628,-0.48612366435444054,0,1,0.3278011093599933,41.87270326711951,1
0.45056823993695083,0.6514924457350141,1,1,1.0860779734622201,19.151059261069907,1
-0.1877203797864058,-0.01708290182359236,1,1,0.17909012814391254,14.709737206931214,1
1.3390693748472016,0.6459666386267756,0,1,-0.1410639549125789,19.12779233714905,1
0.8162191842779407,0.25297538922074436,0,0,-0.6943890401984542,48.8389341431404,1
0.08220176414744436,-0.7327643209096422,1,0,0.817142084353909,6.420567346923653,1
-0.6508627214280995,-0.6484774243357984,0,0,1.9536879123589828,2.6903245305113237,1
0.7264090176412253,0.7788676027206596,1,1,0.8440496843876505,11.158869759877089,1
-0.11367817725555389,-0.8725326380735898,1,1,-0.04678787384625025,6.422851525741128,0
-0.29510082654058917,-0.25524497052913253,0,0,1.2847483982882486,32.97618000846828,1
0.9891684691358011,-1.8957258517099396e-4,1,0,-1.4852664565867606,19.353174989609087,1
-0.7751318058914848,-0.6795132466181628,0,0,-1.690235582792734,22.837210492230327,0
0.27589826661685746,-0.2232429903451178,1,1,0.9320052912765391,6.380090978958551,0
0.41078164783681165,1.231021014587415,0,0,-0.8142099255593062,0.971551959766412,1
0.6111831638785155,0.10643559143766015,1,1,-0.3418883876854763,34.0636526302758,0
0.9365707198914464,-0.44339639936925634,1,0,0.0390792527780888,14.7053786689536,0
-0.36754170339884906,-0.8444335255205209,1,1,0.27556463537503595,0.7252925765116315,0
0.7403767585974609,0.6560401468128142,0,0,-0.9612868840871311,23.16068263283183,1
1.2185330550574933,0.5808502507875051,0,0,0.6188679355556599,35.891271253489606,1
0.6291344341345254,-0.08371320387886122,0,0,-1.0816921423758483,2.1386215561972315,1
0.5277463129828859,2.0379835897431304,0,0,0.07293277433659236,22.788341932782778,1
-0.47225530453829434,0.7427063444576223,0,1,-0.9380960626572281,2.658380460894004,1
0.823715156168399,0.7547966377668185,0,1,-0.10365674188780123,13.273785625838624,0
-0.427788245368348,-0.4070804168134001,1,0,0.9430197871880617,12.710148316593893,0
-0.142643927350054,-0.2269832644676616,1,0,1.4587979094213517,16.73332544809693,1
1.418783049097531,1.8464132914525289,0,1,-0.5731671007498964,33.74969677750766,1
0.48713390128860157,0.6468660811192963,0,1,1.0898997436825149,7.985102294734492,0
0.6034414510745264,0.41988449643174547,1,1,-0.2377590559020031,23.664263764652528,1
0.21083287883711413,0.2939084197593614,1,1,-0.3101285514374322,1.2941447872548393,1
-0.03329920584264197,-0.562526255387166,1,1,-1.4476382277183306,12.753122558055752,1
2.0251969893050554,0.9642885458937003,1,1,-0.9790669814250901,34.89712399389772,0
-0.3707867497044254,0.33187577818674013,1,1,-0.5112908642144273,9.61062934178645,1
-1.5782344495676204,-1.4791296658750728,1,0,0.8237830266965481,10.086621316230243,0
-0.12157195240321797,0.26128136946929803,0,0,-0.7142754250807146,45.30856556435552,1
-1.7966768164354114,-1.8927620925615751,0,1,-1.0842940382874633,4.194375542492131,0
-0.4755915430807164,0.35841699847784275,0,0,0.9618512162336896,6.439293734597635,1
-0.8841023211789955,-1.386661439997257,0,1,0.13352902207219441,27.37665251815626,0
-3.498058983901199,-1.222025569677038,1,0,-1.0098153584629221,38.70300775199504,1
-0.3819833688977208,-0.8302756569816501,0,1,-1.1681872594676679,40.12458329853183,1
0.9776881250064047,0.46868296397422027,1,1,-0.7744183877589874,7.974878867513374,1
-0.5580409458196902,0.23228112592772598,1,1,1.030136555862429,1.2992798770327576,0
-0.6264551466054366,0.7500875629185813,0,0,-0.5739009170952563,25.255770776291556,1
-0.5304512253743182,0.18543011374368018,1,0,-0.9380658585109579,5.695906808990006,1
1.8976215868764712,0.7963923883062464,1,0,-1.677210765187533,3.145512467548839,0
1.395540677619316,-1.5084704774509827,0,0,1.2428600194054962,5.266306003444535,0
-0.746025873547522,-0.2588653186242874,1,1,2.5666407218831124,0.6846061005681318,1
-0.3055730759423466,0.09513104700660258,0,0,-0.9263372698456048,44.49074426412831,0
1.1696781686166662,0.9480126074606826,1,1,1.3898282439643448,16.415010631362595,0
0.30438717747442906,-0.09941781680053027,1,1,-0.6196681165914641,9.608625979175327,1
-0.11749825009213474,0.7379053127307352,0,1,1.7725093745054001,77.81379689143094,1
-0.06008553119226284,-0.09492253660472802,1,1,2.4438633029021912,22.55559304943046,0
1.4709389470407315,-0.581959882598045,0,1,-0.8166185232328379,6.368507428791701,0
-1.4781476069656725,-1.6227000003255285,1,1,-1.0984025031269466,35.84336209660996,1
-0.6836129460137077,-0.3429476535174049,0,0,0.9618768910985777,100,0
0.4605405991291257,-0.41116586657870086,1,0,-1.3298390024228168,4.772175384736036,0
-0.18150192513270128,0.7310673470685324,1,1,-0.2982074778710446,2.0896561337227144,1
-1.1588163079869007,-0.12055972228039447,0,0,-0.7373629810486325,19.456664317176404,1
0.40901891758799164,-0.5500310942637497,1,1,-0.3369951558870608,4.492724956236862,0
-0.2582070558953314,0.6818666245710341,1,0,-0.891121289697469,5.498740145083349,1
-0.266899439245335,-1.249561358065634,1,1,0.8332190588068686,5.196081513423857,1
0.16415595637767694,0.0076587679757809946,0,0,-0.4377872103414193,19.696520981109686,1
-0.3934589473703926,-0.4934095473079545,0,0,1.5296325283956587,8.821387120388522,1
-1.8437372461670558,-1.5552283823980102,0,0,-0.5667175983238515,70.7020182006013,1
-1.5422882667314264,-0.8662592484654331,1,0,0.41222769123281966,5.331188223908135,1
-0.5862403595312503,-0.531544609198747,1,0,1.2733525082514194,3.99202331175561,1
-0.8521389093398627,-0.49549324753055696,1,1,-1.3996153009317707,6.817740675775882,1
0.7783245552920961,0.42640343488442195,0,1,-0.6095133599366611,14.967011807099325,1
-0.030317074381415066,-0.41820907534244683,1,0,0.8766883639512809,14.472120366496643,1
-1.4556575819273612,-1.1705979369426829,0,0,-0.5248431472427453,16.14637067525615,1
0.09378492306421567,-0.576003861381577,1,1,1.2785182887188322,1.1097017694959581,1
0.9823492222571012,-0.011600627830480714,1,0,0.08004796856569829,2.0003527173357365,0
-0.5967101618036086,-0.1815186689508309,0,0,0.544245907703748,39.329684578482244,1
0.07480485064853201,2.302282358923049,0,1,0.5185270393201317,12.380176083608456,0
2.1974294308225555,1.6525380885246683,1,1,-0.4394088941942587,1.9466800678519518,0
0.7950232122038184,1.0977504893961072,1,0,0.7389036870671664,9.918592926519496,1
-0.5389422121212404,-0.8615742838137895,1,1,-0.3558578503080066,11.475133190608666,1
-1.6012831782189292,-2.5892581407723063,0,0,-0.6013683195896095,40.78336820613156,0
-0.7313735661772873,1.0615525262976664,0,1,1.814122152756203,41.7682251734233,0
-0.35574079094617733,-0.6247770884118617,0,0,0.9709814487359494,5.737280045116808,0
-0.98541431815805125,-0.5409343749718035,0,0,0.11863873298344049,16.570030260007396,1
-0.731170643370716,-1.3133587382233862,1,1,0.3375996721842188,15.607072791780764,1
1.4653240833851469,2.0039258723775775,1,0,0.0757699161866914,25.600378395491642,1
1.8586153177075568,0.8374267777885174,1,0,0.38115302414016344,7.303583130765468,1
0.003497027379861484,0.4719331358894466,1,1,0.7711787493042516,0.7541602053809625,0
-1.343775244897013,-0.4663841416433585,0,0,1.325590237955903,52.12751086627338,1
0.15129403342727385,-0.18830374152540574,0,0,0.1482638851231117,44.612891304646006,1
0.2900091251244071,-1.4552626198134662,1,1,-0.25454165635269804,23.691438767540347,1
-0.12247832766325314,-0.04880625991526049,0,0,-1.2452497827504054,6.480518368801286,0
0.12515438813148774,0.11815009235954423,0,1,0.1662124215265745,1.6043761790659798,1
-0.7724341139641631,-2.5569114214699917,1,0,-0.3614411775234043,0.011939597252410493,1
-1.012966122717546,0.5269471793815659,1,0,0.5309747598629375,3.2439682979840616,0
0.9669196008759354,1.2865634839083702,1,1,-0.525275217957808,2.942749202097512,1
-0.42332730031002724,0.05617611819628979,1,1,-1.3160073130677432,5.811113876493297,1
-0.8315994547728984,-0.3883014422611033,1,1,0.23357370472946218,34.29258018216766,1
1.3999572669763976,1.7786090544942474,0,0,2.4080793077789573,15.811007835558705,0
0.017013959487364127,0.5385038560859315,1,0,-0.3170200408294285,17.680315435710103,1
1.8474969533897554,1.7533406282426145,0,0,0.03378112799583495,83.0229456554716,1
-0.6863393849524053,0.7621153062961072,1,1,0.20114816048071532,1.8942967562990694,1
-0.21872403437698687,0.5807676517017397,1,1,0.9486570013706603,22.423032109874892,0
0.6825929062691498,0.15635571056497993,1,0,-0.26032148953251444,2.2163497013645577,0
0.524130024539433,-0.14406358066358754,1,0,-2.070101644863649,10.70501479901299,1
0.08054997844932167,-0.41278994144338294,1,1,0.6096235619912987,6.773314760067815,1
0.053785542401866955,0.7090804658213965,1,0,-1.3841628022801509,25.3033536451753,1
-0.7372589881191558,0.13832410177950594,0,0,0.9775219002681373,0.42987854577790807,1
0.9664380613765303,1.4059488853408593,0,0,-0.2894289152173246,1.1755107362273804,0
0.9843068513274609,1.8937598068825854,1,0,0.2267961295055386,8.666877544849063,1
0.18729094086854076,-0.4365503939654545,0,1,-0.478509256992293,1.90349353390214,1
0.2729857533247175,-0.6408341659424772,0,0,0.8320875384728625,7.396052660971074,0
1.2101460938081487,0.7003626177168092,0,0,-0.20162315716324175,33.56206556436398,0
0.18865716350023218,0.7885886485468233,1,1,0.611724142977498,23.902902496869984,1
1.96249867171125,0.004033567863927723,0,1,0.8480256442916101,2.042865742927982,1
0.13871193922853223,0.705449451739801,1,1,0.5771843944454115,5.94658622341709,1
-1.5786273543721918,-1.3304310616912618,0,1,0.3721431259354631,3.122271964806139,1
-0.797021271160569,-2.031605205677835,0,0,1.1648318699170872,100,0
1.2243538823335032,2.651026289843843,1,1,0.42965947705271196,8.858624909167743,1
-0.36533356000315004,0.33613565962791403,1,1,-0.29186279108569735,8.211428625644137,1
-0.16259028025384697,0.23236376748622248,0,0,1.8091454882832847,62.939832267571035,0
0.5604791793777462,-1.3533976965070393,0,0,-0.01830459196717107,0.9227576074618887,0
-0.8607256292097115,-0.16847787063473918,0,1,1.1577167652515101,29.49958608580347,1
1.238634491819294,0.9716620471267681,0,0,-0.5694179600271018,2.6755998264903638,0
0.7674357491588103,-0.3429019178499973,0,1,1.765238379565525,6.973215128766681,1
-1.0874091058541488,0.09763731973207113,1,1,-0.04984649028243683,6.125531076349517,1
0.0675037726727784,0.9647369323975084,1,1,-0.9907408059020371,12.719412196587598,1
1.6051405650204347,1.6084839703325524,1,0,0.7990812127240597,75.22495063172495,0
1.2322294300138978,0.41908432770312826,0,0,-0.45157107717725276,25.061740187810678,1
-0.3791137947111194,-0.3156255032534386,1,0,-1.8853180598125858,6.152643524157478,0
-1.3498665837393835,-0.26326187652334254,1,0,-1.1473739462722312,5.854448107717126,1
0.3649180996374405,1.1638234854532676,0,0,0.55771131911147,10.6067033809708,0
-0.36359492459983295,-0.344840300916631,0,0,-0.755546476582086,0.35608359597761613,1
1.3746533246060306,0.12178445356884726,0,0,-1.3491865301441393,5.631640275666773,0
0.2918957372627116,1.3427823710911762,0,0,0.9617676662521027,9.346543688364102,1
0.7105917102721878,-0.45032380940519706,0,1,0.8634688968768556,21.251034476287042,1
-0.9377609195421741,-0.7056746405213933,1,0,-0.4579922541714932,1.3563510876875315,0
-1.1140631274281565,-0.6130903070339869,0,1,-0.17603137997179927,13.108316618851408,1
0.6343719552019332,1.2617010869434513,1,1,0.31111126671657857,27.714067160452036,0
-0.23119290207069793,0.5527665557421965,0,1,0.8431799376406199,17.750069873650776,1
-1.3681942035458536,-0.408717796133159,1,1,1.56285909445083,20.09620844867907,1
-0.7549074462006897,0.44193904993679967,1,0,-0.10907195050094727,3.797781446159563,1
-1.1255966485424258,-0.6831490843369757,1,1,-1.6163385830257702,8.30388773303908,0
-0.2193592472707463,-0.5775825566834272,1,0,1.1584463298956846,11.515155048283688,1
-0.1343079516957629,0.20997151793724295,1,1,0.48069666503072245,0.3043512198606453,1
-0.8180206110391889,0.7764953801061554,1,0,-1.6639021439232753,2.550275706157096,0
0.47233415666735823,-0.10181398270561903,0,1,-2.201005454854632,8.682848016591242,1
-0.8692561299721022,-0.8637842596772773,1,1,-0.058371967877459206,1.5757980117761234,0
-1.332288341469386,-0.692866536730133,0,0,1.0178068109367815,16.548119520284832,0
0.0705628697044908,0.21770057577318624,0,0,1.6766227139629526,16.35966353951991,0
0.46409318636156677,0.9861739391628455,0,0,1.180105503603662,54.0583793023528,1
0.28915849923548875,0.09575730127807655,1,1,-0.1762200073533347,8.170939309882888,0
-2.884941082909437,-0.23637973568241621,1,1,0.7809756315520676,9.983052103108601,1
-2.334691775238759,-0.6591309483467789,0,0,-1.6523763902960718,22.33692550250827,0
-1.7308910466767837,-0.8032854886649734,0,1,1.127548553923878,25.964039169320856,1
0.8250095863818747,-0.0930940091804695,1,1,0.09428565624161943,0.7691276504168841,1
-1.04503955111711,-1.289613455198971,0,1,0.046015509873596545,20.572249428078656,0
-0.8771933739182971,0.07385866544596376,0,1,0.13716861612730627,14.15097185032171,0
-0.40038984215159845,0.18036180858887002,0,0,-0.3456546245942642,3.058011381426534,0
-1.268188972229523,-1.7882721246025073,1,1,0.5982614191769732,24.14316269873855,1
0.13858639059961592,0.5689058697858111,1,1,-2.0291099555544974,1.889051761445928,1
1.1835716043281874,-0.4034827625019558,1,0,0.8346418465029476,17.086485222892794,0
-2.1105550729874643,-0.2615748682021486,1,1,0.34967571481870185,17.58924062608048,1
0.2606761095368602,-0.7905523434210238,1,0,0.6594442883610437,17.199703711915596,1
0.94556682569367,-0.13559595103161737,1,0,-1.2122603693863279,4.009640777376983,1
-0.6199606197857438,1.3410055697039727,0,0,-0.49963284759801224,9.491687310319112,0
-0.009100739490368987,-0.9252959435005135,0,0,0.12400255020753224,21.248704344008942,0
0.5202254227495503,1.8032882264158188,0,0,0.40926181704667736,0.910284561652458,0
1.8062587078907837,1.1711244449259284,1,1,1.443327586799222,19.505780455768306,1
-1.9125198979201465,-1.726495618706112,1,1,-0.21355508574648538,6.001306129953668,1
0.19928207507225099,-0.07121491135512167,1,1,-1.3681929885524586,14.355632132232158,0
0.2764849530382439,0.5741921293883245,1,0,-0.819245709378819,4.786336164227354,1
-0.8362764273583271,-1.6135576218230394,1,1,0.8828302691841259,25.966749740627407,0
2.029597414884532,1.0059559594059284,1,0,0.8725724784565669,0.1252684600738094,1
0.4291059865612161,0.1570980132253923,1,1,-2.271194556593446,1.6181478247562766,1
1.063947866065978,0.3789173082142391,1,0,0.16996141192467482,17.621375456131958,1
-0.6058230530870985,0.2713946874680836,0,1,0.8329285702679426,4.263327486242044,0
1.0743730457830656,-0.6076055097170739,1,0,1.1439503864164946,12.729270536184561,1
-0.7123476398958499,-0.7214990353089932,0,0,-0.3820925018489819,10.326345552175379,0
-0.17886013290048922,-1.3389587768925892,0,1,0.05678634220032421,9.401682515942849,0
0.4997600390335277,0.47622348690540045,0,0,-0.274120592979815,5.377053343534191,0
-0.19957114057466716,-0.10653561054001204,1,1,0.42840900544578114,38.648519983862876,1
0.08989480452792589,0.23347301862894254,1,1,0.4096845068374876,36.70325196574301,0
1.004910058295766,0.4743614742569174,0,1,-0.7432070514723408,16.17844080829789,0
-1.872941672591939,-0.8858128117087098,0,0,-0.428850606996512,42.24296304775503,1
0.524784536401754,1.2022164614775346,0,0,-0.6284632383565611,10.334171683134462,1
-0.5146273370968827,-0.06734405644664015,0,1,1.0456336815218612,6.759813003618194,1
1.2109325695922226,1.14859682234899,0,0,0.3831287600472558,13.035773933708459,1
-0.5127953770998406,-0.927796112218811,1,1,0.12403786898611809,9.18045463957674,1
1.0906256520852908,-0.7076048812989735,0,0,1.7963697844573707,22.722014548104,1
0.49184489573683127,0.5754312715753734,0,1,1.3232469725902865,11.129925774426203,0
-0.24262897168730824,-0.9831909814324351,0,0,1.8550589151890573,49.47467616313231,0
2.1160472476042322,1.6696528959464478,1,0,1.0812282797003094,3.0121428315258028,1
1.1886395727892842,0.30998866046537665,0,1,-0.05541381741044765,0.14736995319406568,1
0.8952611906891443,0.3472790055739392,1,1,2.0877545972029488,36.29865073988127,1
0.8685406370691725,0.016451380274740135,1,1,1.178330700722052,13.914584976832751,1
1.6561779651732695,1.4322746160708506,0,0,-0.060357493346950876,6.9191587614335655,0
1.445635992253715,0.056741670240509134,0,1,0.029051483726553667,6.512683498353161,1
0.744600427107758,0.9104247822588711,1,0,0.1500090861627628,5.3973469117087856,0
-0.6901902180112959,-1.188286505997247,1,0,1.4533407477630302,0.8371182139187799,1
-0.7914117612370603,0.03721001090403869,1,1,0.3436532416926322,31.89979634616876,1
-0.26208119064773694,-0.209172137865546,1,0,-1.8987739787199827,27.15186521965386,1
-0.40791710781396956,-6.65443362609125e-4,0,1,-0.32976330389010833,28.68253014303325,1
0.20131105563936397,-1.5914743348810039,0,1,0.6648315431598507,4.608447329615074,1
-0.7319474829678609,-1.4236562978167955,0,1,-0.6278283174561462,11.048182249536447,1
0.7291357168522049,2.4818372920781817e-4,0,0,-0.4058971110290252,17.620735291397132,1
0.32664860443373733,0.30047290101266044,1,1,0.7262691955161507,6.127925696648258,1
-2.7078778874531295,-1.0722389211143926,0,0,-0.4247721549041098,53.41778770380599,1
-0.5921389104290757,0.4470837626600884,1,1,-0.3895189581931306,5.924629148222618,1
0.5045436971572493,-0.18300118962610729,1,0,0.1276829102451232,31.807494717616034,1
-1.522697081137446,-1.2962454462779873,1,1,-0.12129850503914291,4.812306691461289,0
-0.3588751976188797,-0.4100184344624529,1,1,-1.331658064372983,83.71186914060699,1
-0.47012644693961947,0.8332059723676202,0,0,-0.7321213297503327,31.567336925448657,1
0.4693223886106309,0.2185666623395548,1,0,0.12873883182617776,14.449853803794747,1
-1.4753401294402764,-0.13118944647426556,0,0,0.9235940697544449,13.103261826098386,1
-0.9159547143037774,0.31447935901703916,0,0,-0.7973031601935257,22.630420616426395,1
0.4579750572816504,-0.1684158664588629,0,1,-0.7187478613508942,11.992836789421814,1
-0.7125024603127511,-0.652517420872723,1,1,-1.0088051100910476,1.6980931700722413,1
-0.37843832856810233,-1.2647107513457585,1,1,-0.5533021997637214,20.27530180153682,0
2.0068609330800995,0.6722117922050777,0,0,0.20564213033380574,47.43582381812907,1
-0.5501683536524544,-0.7316228314199031,0,0,-0.7390355214675666,11.9835250416823,0
-1.9807861661627177,-1.767675579171541,0,1,0.1039644208161464,5.789663897967423,1
1.034598130715498,1.2117921348149157,0,1,-0.07921627510273657,0.26762697478032,1
-0.8448397163079231,-0.11723036736831077,1,1,-0.2927052009815897,1.8575209672415567,1
-1.016949116975024,-0.7649574956611002,1,1,-0.6102806942963771,10.08117438941376,0
0.6747558288956933,2.023640250882804,0,0,-1.5732828862086277,1.3679595999026153,1
-0.033226776009712404,0.29265231537158204,0,0,-0.6335664570058713,16.560513874702938,1
2.245491408159266,1.4809521562144448,0,0,0.08514550569013804,12.8686914892379,0
-0.45414694249690246,-0.5890479257495853,1,1,-1.349851330343404,11.459798411269135,1
0.1948745834769399,0.4044003571848507,1,1,-0.6505450768582993,22.33626794259424,1
0.03149807307911735,1.12948909335222,1,1,-0.19664883437372985,2.5457416701039173,0
-1.789330989181035,-0.731623443702319,1,0,0.8690073662836229,4.558950594042428,1
-0.0704909153342678,0.33189770638540406,1,1,-0.4748045192393146,3.2052889787743855,1
1.8041417550316319,0.3235720972231171,1,0,-1.0544881976378562,3.2042688190041355,0
0.4446371247289371,-0.21867594300374216,0,1,-0.49523998676218256,7.9874695131173805,0
-1.190940100081807,-1.4455279341397302,1,1,-1.5647359798162654,4.256753537069431,1
0.2482291028023217,1.057438996495717,1,0,0.9681212447311044,14.875989112297527,1
-0.11897816018932963,-0.8530850688366889,0,1,-0.21447617376534805,100,0
0.686988980175581,-0.05477020535014582,0,0,-1.109553554650518,20.029173481561397,0
-1.407777791777979,-1.3902152526665428,0,0,1.085315634917318,38.76013977675425,0
0.5753220407842192,-0.06286311633516617,0,1,-0.4914848192275531,8.075105982234733,1
0.6377015303598335,-0.18874857836442138,0,0,-0.14118838995221655,5.460054809853534,1
-0.9481236861264773,-1.2990687258045126,0,0,-0.4159126016813122,38.33924774560086,0
-1.5155319715981048,-0.010137310437826064,1,1,0.030803684084519153,4.204262453677798,1
0.2665381884958334,-0.6313353758178673,1,0,0.3713395054451343,44.09867265937726,0
0.2915322603874479,0.7831768316286651,1,1,0.2410632183913966,0.9481562470652954,0
1.7089224384453365,-0.2961943122964422,0,1,0.6667671238661733,2.2042610119396677,1
0.47670184760962947,1.4142868566412374,0,0,0.3182229420645721,76.60258999617916,1
1.3075518037926643,-0.05118091380774048,0,1,-0.3968190151514974,6.139246373794774,0
1.8060126857839855,0.4434148777574723,0,1,-0.439356333513706,24.486945906387287,0
1.0353859900621378,1.2409755018930222,1,1,-1.7921124891579576,4.078323330974291,1
0.5165182971914519,0.7361023679250719,0,0,0.6940187774155251,6.45880401349513,1
-0.39410352093349743,-0.3107930428759851,1,1,-0.5202729956410908,57.07266231039589,1
-1.5102402298110846,-1.1231757903036526,1,0,0.06761308562746841,17.457267622684732,1
0.005989836510007498,-0.9275537325560395,1,1,0.3177411668128729,8.723024015878755,0
0.8550069912061168,0.7628966830613215,1,0,-1.0407737856786106,5.000676795400947,0
0.7298514525550115,1.3833055245026045,0,0,-0.7535202490802234,8.97596706804597,1
0.3487588726981714,-1.507327763626395,1,1,1.43038789370929,9.06796059867702,0
1.3613674698710252,-1.0870816373293106,0,0,0.47933506787960534,4.780878297590924,0
-0.2886621289486922,-1.1310946552165062,0,0,-0.6013256758417113,13.524984027102109,0
1.8884036638165307,1.7867311381361366,1,1,-1.1657544729480604,1.4704772773627917,1
-0.0173757697067307,-1.4587924289912382,0,0,-0.10831439383736403,89.50739162804796,0
0.5410829123244176,1.1491782032932105,0,0,-0.8787019209820461,1.1620962380587525,1
-0.5400411124466118,0.09056762615834224,0,0,0.30200744603322044,64.27248362812391,1
-0.08084939636168656,-0.5533815887052574,1,1,0.2477928287496581,6.15385513012338,0
-0.029633957831969232,0.2974351234412916,0,1,-0.13230027196099714,11.430383262122945,1
-0.1452504839541318,-1.8089096024881908,1,1,1.0747046016194146,5.212192001531332,0
-0.0108625955320833,-0.4275471904000491,0,0,0.8326744150279771,7.802195277569982,1
-1.3787187646137125,0.172998502980108,1,1,1.4867100566903024,13.105204615122233,1
0.671535676582607,1.9134980018151668,1,0,-1.0897661137462993,4.04264098362375,1
-1.1542054532105543,0.8720712346663327,0,1,-0.06718623076707282,8.99151020711613,1
0.42259778602438813,0.8067219311628798,0,0,-0.7777233811928354,12.117003614696056,0
-0.38698972614694077,-0.07780626403875474,1,1,0.9635048197821539,19.430886888543203,1
-1.2405259848862396,-0.10664282909880896,1,0,1.5422363035016848,25.15722988220132,1
0.4569621450083371,-0.2843698334854748,1,0,0.3614882955434178,35.73765273803149,0
-1.4107933534976953,-1.018946555415166,1,0,-1.0277480943294448,32.395407554873714,1
1.9339075276118893,1.6426257004692888,1,1,-0.4200807046546753,3.9239911232052203,0
0.5695606534059549,0.2419372795015649,1,1,0.2479747884104659,0.18535180059426393,1
0.932779751815376,-0.19878373878071087,1,1,1.5770376735152718,14.046200921359768,1
-1.545347336942358,-1.1964035529390076,0,1,0.8877112494121087,14.439715418617723,0
0.6016183863472729,0.9707540339031349,0,1,0.906416759811286,6.314084894419491,0
-0.9507661557501907,-1.1791192000484234,1,1,1.4314060920272866,4.028456531807446,0
1.3603659375568067,-0.25186998105806024,1,1,-1.234339343882332,6.927033819793095,1
-0.2665235899917802,-1.2267314726024572,1,1,-1.3302980929590558,16.655062665501386,1
-3.0349457705200513,-0.7861682021752356,0,0,2.4187172005371247,12.641310228878641,1
-0.23881991425966462,0.5385185084147686,1,1,-0.048088171963283514,19.288530149323268,1
-0.272186718564228,-0.3122113493795712,0,1,-0.8354113534855319,12.092234884993603,1
1.1903968032761796,0.4826172086892685,0,1,1.0200485843124298,6.707085280074073,0
0.05119609260362824,-0.10285104377136561,1,0,-0.1670259932433127,27.331515068810518,0
0.3310480339503426,-0.19428759165520085,1,1,0.9572513251876207,3.324017606518939,1
0.5316190973535182,-1.0951708536981277,1,0,1.5656285175715816,0.12316515752184969,1
0.6140314687953328,0.4758222437100991,0,0,-0.47304969883126036,17.481428651223204,1
0.07671588955812761,-1.3578401320778448,1,1,-1.8568783652208223,0.6838576456943977,1
-0.2608792564282194,0.16861539751839305,0,1,-0.49094654238821533,23.88426371834947,1
-0.9218704062694144,-1.1753971366335112,1,1,-1.1633697818898057,5.276794731398325,1
0.11760615941984054,0.4294283668656298,1,0,-0.692496249587077,3.5177810770473186,1
-2.13841021865662,0.2448412830077562,1,0,-1.8914960727446883,7.2305309812828575,1
-0.3194195953843639,1.0400778600817615,0,1,-0.33522339176455973,34.758459160006666,1
-0.7406944129704313,0.809620461701523,0,0,-0.20648399495767736,3.0388870102530876,1
-0.9257914272400322,-1.2244917598769234,1,0,-2.8553501286535914,49.047696556780366,1
0.7579337888991081,0.9270417089536629,0,0,0.11258425053891269,13.924839300692732,0
0.3595602634624176,1.207474909920325,0,0,-0.6784126830476644,18.00255723945514,1
-0.8292356751148715,-0.3802754157553399,0,0,-0.04007950269485009,68.61424440530035,1
-0.4457521220096055,-0.12135426520910736,0,0,1.7655170427954758,70.9913348269215,0
-0.6709120468453934,-0.7896946662506157,1,1,0.9798567912591013,22.28634085584089,1
-0.8009169023363634,0.6249621798811413,0,0,0.05235733719437685,33.625113151139296,1
1.6109466994027923,1.0957103408973814,1,0,0.2871254708959312,6.745476273159665,1
0.01851833423051171,-0.19374039711369861,0,0,0.1819828297385881,31.074088202772277,1
-1.0833993411096625,-0.26704094193032624,0,1,-1.588626330428886,5.784460319652225,1
1.2894497568155436,2.21895578900576,1,1,-0.23840827865679468,4.146676962141978,1
-0.14391273567603508,-0.7021145485056284,1,0,-0.41463794803271364,62.00032884402215,1
-2.2880088377612355,-1.5565468822384234,0,0,0.7138117380028581,2.1632900791838705,1
-0.08471681846418423,-0.4477029017469807,0,1,-1.1214486715711576,3.5440808739691674,0
0.1990598265367329,-0.9134199330501016,1,1,1.6135439585840172,15.045347349330447,0
1.2298258303962497,-0.03860585842092046,0,1,-0.24343196482086488,23.934215853723778,1
0.004552530570769768,-1.0466332375460987,1,1,-1.559467581751802,20.887761193883158,0
-1.2946076367868573,-0.7787454392373347,0,0,-1.7277636543183184,31.88956320194091,1
-0.3971613797065716,0.2957231473724755,1,1,-0.11336725503927018,15.065312629448275,0
1.739481988070541,1.100830655999618,0,0,0.017118345777875188,13.24521745533972,1
1.0230209548892386,0.30563199494140086,0,1,-0.10968266965564097,2.8280667188529818,1
-0.5275672523016249,-0.3830922324076707,1,0,-2.4716485062107525,0.23394551486772974,1
0.8459961794513555,0.08061370061237466,1,1,1.1851910136072288,1.9120378627266446,1
0.8215493976311681,0.23514123188641,1,1,0.136607049567707,15.293169298673734,1
-1.3357693867781462,-0.3786343298252787,1,1,-0.6553252889171862,14.806523935498381,0
1.0431180440568786,1.3496587141079428,1,1,-0.24253304113167398,3.6870837689378746,1
-1.1229909196730419,-0.4716695015238568,0,1,-1.0774030202437375,18.494158895060014,1
0.6909232930668404,0.7116618029125377,0,0,0.08890378176872808,12.911071309949822,1
0.3686055719045353,-0.2588941605461652,1,0,0.6012812961112862,35.457259432478004,1
0.6485133616679015,0.24440103267497593,0,0,-2.0735518639586354,20.0617018870842,1
-0.43983031439933595,0.7672302398441091,1,1,1.4331474808731166,17.441958409964446,0
-0.8664208547756809,-1.0183571485077487,1,1,1.1472968159961598,10.794112586988696,1
0.8653006026364536,0.06795467974876779,0,0,0.5136228080887663,8.025874095224104,1
-0.5098152029423679,1.0435271854502333,0,1,0.04341448510312982,2.6341348572335073,0
-0.7587763236290699,-1.048849523458738,0,0,-0.5633036718715303,35.91803958509612,1
3.4018720316696798,2.79284194709299,1,0,-0.6256844346557733,8.063583448366565,1
-0.4504159899518692,-0.2430599403085635,1,0,0.1847663048190756,8.641068397832674,1
1.7291981467503186,1.0335248260639986,1,0,-0.5224155541813369,6.835768726156366,1
-0.7184882908888388,-0.29628137854761855,1,1,0.03963399598821065,18.88272776327801,0
0.5336195959162758,-0.04976997464146998,1,1,1.4171703928362034,18.245591133903705,1
-0.07018693171073512,1.4802031975133783,1,1,1.5009486458470223,10.736943495113563,1
-1.550563511852147,-0.5635295338156524,0,0,0.5248353158799056,37.64394591179607,1
0.2734275234401731,1.2331052809457013,0,0,0.2156522491499664,4.598421579674816,0
1.885234977465313,-0.12358873718586916,1,1,-0.6482813165889957,2.2860742121769246,0
0.843198996680149,0.17637469386785354,0,1,-0.9865282412151801,11.413950528619022,1
0.3345339198344196,-0.40524659169821814,1,1,-0.6269382825779769,11.502961203356962,0
0.020385466215247408,1.3002639083937082,1,0,-0.9190346042469595,25.656105975398578,1
-1.0072915382415666,0.50970105933701,0,0,0.44737845469735243,3.2576671561626642,1
0.4126939570816044,-0.4604459969411262,0,1,-0.5309176231540397,0.35379388715152404,0
-0.7670323387486344,-0.5825397508766181,0,0,0.4008101592925551,31.265441528350063,1
0.924991877966737,-0.6199003826416472,0,1,2.4048372054726332,25.979507278712212,0
0.3091494475046255,-0.5435933814000632,1,1,0.48368268303212947,43.44943931397289,0
1.9668453631161935,0.9516284416920335,0,1,0.5856961572004485,2.0819207470895114,0
-0.9375378001779945,-0.6435360688797056,0,0,0.19517986348473876,17.41443778373797,0
0.42047397594085995,1.4380730809545905,1,0,-0.09527784790835961,7.01112237520621,1
-0.5392022371085264,-0.4862463977215719,1,0,0.31858380108503936,4.360447698339613,0
0.8685938784756578,2.3523756736298123,0,0,0.1294049405078138,13.79747805767057,0
1.1501575193628535,1.034787351879118,1,0,0.9128837905816678,14.496050946281857,1
0.017695999951933904,-0.07628390567135493,1,1,1.4990457507680615,4.8803456864032855,1
-0.927844334899094,-0.9141271425216778,1,0,0.345474683737837,6.558184532897467,0
-0.5057319445379316,-1.2338230716888954,0,0,-0.4952117830613755,65.05808257296285,1
1.22573317899648,2.0118703456667655,1,0,0.8382528368767569,19.11235101223371,0
1.2103777290378581,1.4002042478612478,1,1,-0.6746612426150596,13.831010072152472,1
-1.698273700795406,-0.8122516470161302,0,1,-1.1384048829931956,22.222370682682797,1
0.0946963701940617,0.24305487376466398,0,1,-0.40433627312678866,15.06832824076948,0
0.7621393400224133,1.9414547323282527,1,1,-0.7412149202676082,6.451062997313725,1
2.367203588561376,2.547782948387533,0,1,0.5318600538108815,5.882790623671472,1
-0.04370281970288028,0.44411394439087754,0,1,0.9877840034075891,11.403505794622657,1
0.06709804498003215,-1.5789767301240636,0,0,-1.5067750307342034,11.36754503099573,0
0.15529692071402457,-0.2625685351886471,0,1,-1.4922370974953878,15.334870891194752,1
-0.5328728859535129,-0.5897487968861475,0,1,-0.5247670193891444,27.21114316207559,1
-1.8289735439668653,-1.4993173692999655,1,1,1.434065229189441,26.216558342893972,1
0.6005546264798153,0.5385741337073324,1,1,1.521605028183956,1.0854302355442667,1
0.08534008333419575,-0.02152257679675091,1,1,1.559272312496015,19.3875895521965,0
-0.3965735613055087,-0.2439922351356707,1,1,-1.6896065253521801,34.63213048504983,1
-1.6174143136254848,-0.8980066319430463,1,0,0.08702498021933475,4.25410010451513,1
-0.02290525359023374,0.6335076916750946,0,0,-2.141289813344807,9.618008727560163,1
0.40628102460785065,-1.2253939948501742,0,0,-1.7873541326217843,50.95458724917143,0
0.5090458697423182,0.5297098290737334,1,1,-0.14124715657590547,9.092589689758794,1
1.5866710769106105,2.3743815341517123,1,0,0.28916908064931374,44.82458064529143,1
1.0463117755235118,-0.5822184634027818,1,0,0.7037182997978028,10.9109584273286,1
-1.0479383075758435,-1.2358416305074074,1,0,0.4570494572934651,13.687397760056939,1
-0.7906005273273521,-0.3958465054618564,1,0,0.5106454387506367,100,0
0.4672981912867955,0.6906659310295231,0,1,0.8073271115487392,14.959243194948819,1
0.5538268612302735,0.8946205515063671,0,0,-0.24012694063368745,34.728598688309255,1
-0.6809784054659411,-0.3407818022959764,1,1,-0.3690035120443899,17.57623939663101,1
-2.794959602978828,-1.4608840352691856,0,1,1.3143677442144777,16.049833639280507,1
-1.084586125934463,0.9080223294466546,0,0,1.427829509913143,6.217701108723213,0
-0.6570977988621775,1.0614004219705533,1,0,0.12759728253267333,6.342984757856863,0
-0.9692907479341835,-0.42728426517588697,0,0,0.07950869622436472,16.96812126544685,0
0.41276320197254773,-0.5000000059801477,1,1,-0.6683346386586768,21.628239768315616,0
-0.9154102857534465,-1.314299331441938,1,0,-0.9965195780299829,20.744919587808894,1
-0.4483159992095314,-0.7701336751597351,1,0,-0.9425543217062832,27.633397491171557,0
-0.7985020115553588,-0.10757140009165406,1,1,-0.09082605436699669,7.632248503848397,1
-1.017287856058954,-0.4686419960010866,1,1,0.16572785106787014,11.910023201616648,0
1.0149889224187452,1.0072575174720768,0,0,0.5711679800664271,29.295222266449063,1
-0.6515076853809219,0.7317009373940428,1,1,0.8271067048948301,6.731672451970279,1
0.038215849495749625,0.45790317747021,1,1,0.06517394854002463,2.897146617975364,1
0.18407866685822846,0.13445900076052078,0,1,1.188951629435953,11.520019354718583,0
0.4517225863441828,-0.6910810306832283,1,0,-0.32407476754789116,27.54855676657115,1
0.3078800647701844,0.09219815178996128,0,0,-1.7228721446029465,3.037405756495061,0
0.2848582330238243,-1.0511013384050791,0,1,1.4960140608834358,5.2359801195053475,1
0.6645510394520815,0.589651807785182,0,1,0.5979164990584982,2.2293117732541674,1
-0.33097478809795206,-0.8386316753453298,0,0,-0.233947191176452,3.106558620986248,0
1.4915981333649615,1.2307290343692812,0,1,-1.1886328815858975,9.317432295783332,1
0.17209020985931445,-0.05009428213056183,1,0,-1.5161696946199499,7.81555011943609,1
0.1911602828090103,-0.2537215851791968,0,1,-0.6227160232386791,0.6222152643363028,0
-0.2796150080915132,-0.2488742271556602,1,1,-0.09884324150386611,8.132848606487967,1
0.7750195620346453,-0.8127645001758819,1,0,-1.189917900690401,26.258109485869753,1
-0.33584529069880964,-0.6198596240627242,1,1,1.2221294308429755,6.452415860174767,1
-0.010529493462250931,-0.9164572511182396,1,1,0.06145715379558813,4.080807930064206,0
-0.13913500298478876,-1.8731299741807628,1,0,-1.4991718498521476,12.381180585158852,0
-0.05346594734030814,0.03931418369879606,0,0,1.5493724121365142,10.934175431178906,0
1.3294961651692379,1.2878181047651989,0,0,0.639428140734842,9.022833093862447,1
0.9897693795760264,0.2761214550991495,1,1,0.6841530675217705,33.30762088220671,1
1.6645657872146202,-0.32346971933989455,0,1,-0.3732370627360533,10.741274066475766,0
-2.1198836484931323,-1.0017986990271321,1,1,0.6284369819278679,16.216329417856606,1
0.14148081692839334,-0.2969409664997481,1,1,-0.5737494912938731,0.22774566322143555,0
-0.17780620272287426,0.22739777202801376,1,0,0.158613810807264,1.322859538170494,1
0.29788392983044804,-0.27441081698166037,1,1,-0.08129281213289416,3.1175835676800165,1
1.1394333480514325,-0.23222433457382463,1,1,0.8071662961177094,24.40290797402041,1
0.12673753252273665,0.5603569573178919,1,1,-0.8691253434231855,3.197923436328587,1
-0.48595025704357403,-0.09261377220485181,1,0,0.6748759126806014,5.07989153184631,0
-1.003831690864938,0.7415338109956708,0,1,-0.36297496773273197,4.275356715046926,1
1.78420319846274,1.4763412030639143,1,1,0.9656815077567498,19.65071182829348,0
-0.8671445586095585,-0.8691559238404599,1,1,-1.9898124197409466,85.79511460385632,0
-0.9705747848629506,-0.6120077981166148,1,1,0.43468091768725386,46.55312000510539,1
-1.2028747828403878,-1.779661961950901,0,1,0.0731967516687854,8.785875824100787,1
-0.36731349648171974,-1.3953073456808132,1,1,1.8491741287911236,7.845527720641888,1
0.01377361484154251,0.2951824508841141,1,1,-0.05120325294756216,1.6827109105571065,1
1.3200887098622016,0.4628039495190498,1,1,-0.9207049869407293,8.997779952865718,0
0.48927367397148686,-0.01777667755878501,1,1,-0.15740721832966295,15.740648517590008,1
-1.2023802675739894,1.4546523224317225,0,0,-0.8783379611475381,7.958506762341759,1
-0.8735571674673723,-0.04141665553077312,1,1,0.3704706540769744,47.969835441261274,1
0.11195403542157045,-0.9086430788687334,0,0,0.8584020445457498,40.77120557122799,1
1.5142313799774456,0.09208649461086937,1,1,0.39831137823533375,42.87510970866439,0
0.37655983745264465,-0.2479429822028395,0,0,-0.4319917161764353,3.4526931822216205,1
1.2972814416907656,0.5632729747468657,1,0,0.20595446932845868,51.46584586384578,1
2.56235656186114,1.7212409980037862,0,1,-0.6020870323668563,32.25771225873277,1
-1.0020246553487067,-1.389294352585885,1,1,-0.726610454866202,29.773212452294835,0
0.8006673282514569,-0.5876469512364528,1,1,0.13785792788523002,1.4289167937318725,1
-1.0359881686345627,-0.5944254524100634,1,1,-0.04016060169522401,14.843264953708005,1
1.3658774887000464,0.8653149048248541,0,0,1.1098769437197478,2.9388827961072828,1
-0.22922105428366019,-0.19700159511370086,1,1,0.6184453687243314,20.25700287544899,1
-0.2678130939206054,0.09069061001719544,1,1,0.2543130413644676,71.97285417913787,1
0.37369103681541727,0.733490741668904,0,0,-1.7661692311571753,9.159867135342822,1
0.9805355531748369,-0.17206867525780872,0,0,-2.34391400556666,13.556644495174107,1
2.2812914197663163,1.025016369333059,1,0,1.1534704278393861,4.044346658758759,0
0.5323249661952227,0.8238835337650753,1,1,-0.656737788505051,9.50240067748931,1
0.49883078885605314,0.3636741667235511,1,1,0.7214445033151712,15.758031163278474,0
0.1541005003338661,0.9158443256998396,0,0,0.5061642179162417,51.24166004862799,0
0.08277325209086449,0.36864897626190574,0,1,1.9809261874599224,1.3583474348585867,0
-1.5859772889978205,-1.5574516157345921,1,1,-0.48072424060869046,0.8155789278848441,1
-1.5295554252721741,-0.8716673402685166,0,0,0.014047508700160256,3.1282390458549596,0
1.7241555082111821,0.784118756065621,1,0,0.04751840069168028,13.014884446065706,1
0.20456930164275694,0.2687362554499574,1,1,0.555302478552168,7.945516151483901,0
1.2378090102766441,1.1729886798236233,1,1,0.34705528818125553,18.75988402684568,1
0.24296373216892583,0.20573811399812703,0,0,1.0394299735645829,6.061573258684035,1
1.0135436534163629,-0.7908646793107353,1,0,0.06196497530302335,1.5240386484463775,1
1.2824896504923022,0.47825686556652214,1,1,-0.8680789759054215,4.106215915375269,0
0.2892091626283083,0.13908043562213887,1,1,0.2584307500583318,16.031806281025002,1
-2.4036859548939757,-2.1136182428891575,1,0,0.033273539997643306,36.37745731006813,0
2.2685936883251703,0.719636232237535,1,1,-0.25503354244922993,41.05204666405765,1
-0.6110400290050406,-1.3115903629055177,1,1,-1.698477333471792,15.027865193536753,0
-0.4634798238199956,-0.9757020536113193,0,0,1.4777210221131796,100,0
-1.481711446957385,-1.3772842768410947,0,1,0.9287011436061834,11.86306328103753,1
-0.304140954866246,0.8239484470099877,0,0,1.2838836515951475,1.7591034386752051,0
0.31326518200486214,0.33974334952601937,1,1,-0.5910224508628577,1.0823985634978037,0
-0.2650185419953971,0.31553693810710187,1,1,-0.12150186903965995,9.825811580877858,0
-1.3603384688514062,-0.8657469924685053,1,0,-1.9630634652109604,15.979319950861937,1
0.3944051506311034,0.22631160304836356,0,0,1.7815584100253563,7.323688392749815,1
0.5387157662704909,0.374959693983708,0,1,0.7343223016146253,3.5260574702076384,1
2.137291965285295,1.843612159881745,1,1,-0.5639199232259114,1.6557078606984872,1
0.20729821973490323,1.9465033027478225,0,0,-0.1224481768395893,55.759513594507396,1
-1.2766392792351595,-1.2465373214863789,1,0,-1.2463118450423787,11.816153870509837,1
-0.515669447389577,0.4541764817865043,1,1,-0.08511084550734462,36.56349339994181,1
-0.07889564389357828,0.70933316548379,1,1,-0.16766673332836168,3.0649977769345758,1
0.6383484739634907,-0.3845060602985005,0,1,-1.0368422862495512,24.101101219642757,1
0.8129250280722533,1.0531432630053532,0,0,1.1044579236524292,1.3733396480923274,1
-0.8931847810246393,0.5909291909074261,1,0,0.476071433422244,16.73697869281975,1
-0.40159557605465396,0.12853084904963205,0,0,-0.49254324791545534,14.962892984196058,1
0.8241279498503361,-0.2524744447322124,1,1,0.38800055308506753,0.5640213098514433,1
-1.304010707441978,-1.6722280140258534,0,0,-0.12852011150123688,42.90827112558512,1
0.8732661457043595,0.3108360450496801,1,1,0.11175706262036687,6.633578889644989,1
0.6897052679996375,0.5056634684930164,1,0,1.322599933369091,2.223809447267464,0
-0.8533944947608424,0.06440925653909108,1,0,0.6010965651775289,40.939848334701125,1
0.6541664690125042,0.10471717710006284,1,1,0.4229295195559831,2.1125449197483195,0
1.4000088064126086,0.5934380130282225,0,0,1.4890065955875507,30.31426748975189,0
1.0024322885671404,0.35762458161038635,1,1,-1.7980962237818665,6.9707882089878845,1
-3.0421103237137093,-0.7065445771171299,0,0,-0.8694555700802248,24.517954900255276,1
-0.2422741267158236,0.13779750940166707,1,1,-0.23916690053493023,36.48686174314993,0
1.8518098938743124,-0.28068904203756395,0,0,-1.3953311185072415,0.09513013734477073,1
-1.676781597331069,-0.6037066797904611,0,1,1.4071737369009838,30.830433461572927,1
-0.6280176392911644,-0.05951963111368058,1,1,0.644305672073678,11.515374691342837,1
0.25333362124563796,0.38003095018777583,0,1,-1.5879581603697799,18.456848304603003,1
-0.025188785808205157,-0.5054803031943987,0,0,-1.7594003818632584,33.545175672275164,1
-0.1866206920128025,0.9821638583180821,1,1,-0.6928121531071875,0.6491384170948243,1
-0.23337973352399605,0.10130517509153816,0,0,-0.07858723319395133,19.31579734632135,0
2.724207048287925,0.922456395289872,1,1,1.130856859046834,13.5669477115198,1
-2.7925930102361836,-2.2103207997530423,1,0,-0.2822913692820183,56.90924739856348,0
1.6514171340087742,0.9448209993120208,1,0,-0.5798504851845869,23.068329334007707,1
2.6095467149863087,1.9021970435071498,0,0,0.6591932178609125,2.899225496150332,1
-0.6032468797239532,-1.021484341186269,0,1,-2.0792401224605084,3.267096417381144,1
0.41043120329422006,0.05066178205516489,0,0,-0.9265584505853036,40.31344182562987,1
0.5518675925403995,0.7110634163460378,0,0,1.0550219704315005,52.642823947179416,0
-2.1221467182943052,-0.35338396706399,0,0,-0.43857445734289435,2.3264945711166156,1
-0.11389939737857496,-0.8559509684740709,0,0,-1.0602360710603127,23.20669189708169,1
-0.2736714669704588,0.02120114492015493,0,0,0.16631981829809336,1.8621082679894894,1
0.20837705369724085,0.6975363241324034,0,1,0.0031724082420299593,19.972551981071117,1
2.364867966387172,2.813352655653846,0,1,0.06673670263866732,38.75910452084663,1
1.6055654175158762,-0.2167693160105305,1,1,1.025172304639407,14.584805568457725,1
1.6538888415793167,1.3868377050859384,1,1,0.027055222823427892,12.374560533874172,0
2.2142716243912015,0.24238803100935413,0,0,-0.5300196958874934,5.574284475342053,1
-0.4411199113908093,-1.2765869382982125,0,1,0.8113431697645241,15.670274562627219,1
0.5633411734992111,0.10189397807719502,0,0,-0.05442077115338972,20.696103062693368,0
1.180089436902666,-0.4406642558936843,1,1,-0.6758418569152237,22.613152648762757,1
-0.9337733255349896,-0.9549844982239973,1,1,-1.0449301682981507,15.476192727760857,1
-0.022007094002777203,-0.3328083584728946,1,1,0.6506021736233252,2.315610763630577,1
-0.23324656237315883,-0.5043379366913453,0,1,-0.6151883039666042,7.1339123213131455,1
-1.2241461178005353,-0.4382181481267414,1,0,0.45326572225209905,59.89587927322305,1
0.5643141433932678,-0.7703734926921704,0,0,-0.55550965643041,12.183165918132968,0
0.7181216191185957,0.554402912200918,0,1,-0.4125504384324481,19.758961475615582,1
-0.7719933377235828,-0.4235599023924185,1,1,-1.1107706167518017,5.340764779081479,1
0.4342333325097707,-0.03317094776915691,1,1,-0.3322687089439904,27.696915147116574,1
0.2961612340249161,0.27070293013888924,0,1,0.29207796401361275,2.0505684443681225,1
-0.9716477060758061,-1.5218803907679552,1,1,0.18270374628105163,21.541438101434935,1
-0.640902191893378,0.5396197056428547,1,1,0.7338560081905089,13.692740446096623,1
0.9229220980206433,2.4403326255041655,1,0,-0.8908540316348352,2.142606183337841,1
-1.0862925740726772,0.224786674822667,0,0,0.5597931667592464,5.779987997285135,1
0.46009064558864526,1.2310900497721766,1,1,-0.43849946848057963,17.97908256456643,1
-0.21814795802693696,-0.23740578214184405,1,0,0.1214655846531355,15.065458504580855,0
1.3230110657514054,0.2175656998865948,0,0,0.03924685019877146,2.96422912483779,1
0.28530276394132154,0.9535586889419461,1,1,0.4912855678909013,0.90601608051165,1
-0.8944713662264345,-1.5784211755352504,1,0,-0.40413567356537244,65.70061811886157,1
-0.017760113182724534,-0.10490662137586736,0,1,0.215913525146442,11.243402790299706,1
0.4223029721910889,-0.35570165407136967,1,1,-0.5112187776983211,10.241305505272727,0
0.1233707113248118,-0.16215430332330646,1,1,0.370337502616669,14.22938318164246,0
-1.6584772297735362,-0.43823860773161716,1,1,0.03869828393861067,18.37454656244733,1
-0.12786524625684267,1.039703727623242,0,1,-1.3304035490583406,14.29833408295296,0
-0.8905803071973564,-0.1269531884875349,0,0,-2.050892283133726,100,0
0.8969854201698785,-0.012278540084955547,0,1,-0.35474494747852803,5.788359079890238,1
1.3509293665720914,1.0164506498167605,0,0,0.037236059826638045,2.821716661267621,0
-1.0320529450626357,-0.9175408495891091,0,0,0.8348760192023885,9.835765110427149,1
0.5136546643725511,0.7983910095383093,0,0,0.33528510964385877,22.204635620498337,1
0.33970943477586013,-0.20965692494907956,0,0,0.4817962317650846,8.792532650387562,1
-0.26410786387676927,-1.5906829399445352,1,1,-0.6957705873343848,51.09743366863856,1
0.4451025154805247,-0.04814689295792757,1,1,1.557792255412298,52.17187517563842,1
1.3680193322703538,-0.2868371674169399,1,0,-1.915171557682223,11.21961344911335,0
-0.8215119775135101,-0.3630164722532702,1,1,-1.0943014868390983,28.185723152703453,1
0.191318638488201,-0.40982702890556927,0,1,2.081459547905008,7.366766397782461,1
1.4468181155409467,0.5947117315400952,0,0,-1.453429839125546,2.222426495797571,1
-1.0034287706974827,-1.2136212043066514,1,1,0.8115617445956093,40.8430930957252,0
0.6153732168022384,0.5916298620270142,0,0,0.8969288559941511,3.253937384691379,1
0.24458566199139584,-0.8951693676649106,0,1,-2.2650431293110347,35.186040528519825,1
-0.7053527344415714,-2.286085089542906,1,1,-1.226876106793233,2.320692366131518,0
-1.5612190303245552,-0.6423446785642728,1,1,0.19666609200874616,45.117749884025066,1
-0.7577140980838598,-0.5475604811435778,0,1,-0.09168280197079151,27.193410067881914,1
1.5420985101659224,0.5467955210458386,1,1,1.815442852204404,9.78478345548809,0
-0.06466989904148113,0.2940046867770708,1,0,2.114139710870333,27.551992744523204,1
-0.9665788418222354,-0.3120585851451795,0,1,1.4855946490505483,6.4380557371408615,0
0.3758670149679875,-1.1334608833547786,0,1,-0.2698628683716911,17.041780692506485,0
-2.020810170432418,-2.949472686662429,1,0,0.5059701423766505,14.662611967329768,1
0.2447925961141639,0.09675527671730907,1,1,-0.42060163868925415,17.552781022358015,1
0.024357434618823857,0.8745954240663764,0,1,-0.3649894086271264,20.21419485569705,1
-0.9374108395414654,-1.096674656739771,1,1,-0.34158940900252854,2.2680885861010234,1
0.009875066550223648,-1.736804606047733,0,1,-0.6749330789643259,11.41676605066256,0
-1.2189417559531286,-2.0196665362812096,0,0,0.8018301873811055,40.49015909830683,0
0.6906271105581133,-0.8871486888552051,1,1,-1.7503034591132909,54.37924050355038,0
0.4610080720685633,0.6857232693876629,0,1,0.28770785439945706,18.034195996593233,1
0.5658644909705941,1.4955991564354858,1,1,1.2843844731808747,0.43140259682687665,1
-0.04236388121166381,0.8835710992270338,0,0,-0.8677117311526888,1.560429897767039,0
0.4944921158227034,-0.3050133973628658,0,1,2.217411003438882,17.10873932881247,0
-0.7731818920097298,0.7863299691631644,1,1,-0.8078839444288897,32.11635470588921,1
1.5808632570370973,1.4457187662088762,0,1,-0.9313484501203398,22.61468906457697,1
-1.8251635806615274,-1.9583524191588157,0,1,-1.139772425000136,9.056084096185964,0
0.3268751914389288,-0.5838205083080222,0,0,-2.0037854190199513,0.35551709720224994,0
-0.280689345655051,0.5191664341246376,1,0,1.1776958254067933,21.5148992848319,1
0.8980971737900174,1.9748981076434673,0,0,-1.5364728418107965,38.60829728322722,1
-0.6415268103201505,0.3933788707547427,0,1,2.1453771419100858,35.23927551298786,1
0.14120076538572784,0.8961993456286673,1,0,-0.01030027257876858,13.082586235809687,1
-1.6545119305700862,0.09994644959782018,0,1,0.5303569448839461,8.406130761549033,0
-1.984728499552613,-0.5612737758218984,1,0,1.072389536387124,8.274988872797886,0
-0.5143258630465108,0.35192543219530414,0,1,0.6400348704034864,8.010773657322364,1
-1.963281412070868,-1.2243485914237662,1,0,-0.280142117444723,11.628989801021518,1
0.3031690815234989,-0.14840663879465868,1,1,0.05556747874467727,2.438472633261293,0
0.6137637239715854,0.02750334119063913,0,1,-1.9761685173058254,11.71737194287627,1
0.7486775577683101,-0.10461413727497965,1,0,-0.2242635058517764,12.172112941630802,0
-0.025737486511012337,-0.057120195047917446,0,0,-1.4858015445892034,25.61829381190454,1
0.7169482647190645,0.7479822090540806,0,1,0.0037473472931033145,10.902469663618403,0
1.0791183585726098,0.3908356882349634,1,1,-1.2998839638557318,1.0317463551144128,0
-0.1236028205474973,-0.2931763213731475,1,0,-0.00448316382080784,16.389415075957505,1
0.7296384227742437,1.0581035005956672,1,1,-0.014832762799549514,9.028347110413495,0
0.209945563629176,1.1492338329173173,1,0,-1.4400423371938407,13.727949863076928,0
0.9873134028284556,1.575616342418801,0,1,2.3692520774972423,6.451144053515566,1
-1.516439193206959,-2.976216209121621,0,0,-0.6473614918893258,58.329305748617735,0
-0.01835978476964636,-0.5326533154217113,1,1,0.8776976189220022,1.6862284693249405,1
-0.5893782774950274,-2.2235487056742036,0,1,0.09168596123897738,31.578624981519727,1
0.20625589131345448,0.4597920589446885,0,0,-2.1336656457112193,2.7231662882172287,1
0.45214256390383656,-0.08706236353069885,0,1,-1.953224623305662,18.319833830829175,1
0.6660526223452661,-0.14470341163353329,0,0,-1.7698046703813577,36.76335163775425,1
-0.5269770880586918,-0.07086507386327229,1,1,0.04592652169861221,9.256853235033098,0
0.02512841026688651,-0.20142562642586662,1,0,-1.0574343798254093,1.447203080557538,1
0.5519954663334067,0.30649753132542357,0,0,0.5285516313364184,11.860381121795298,1
0.41500484059334475,0.8339030224453752,1,1,2.0763538682106666,13.201021506171672,1
0.35402664174151516,1.1626536289652754,0,0,0.2776091776463491,42.480927853783804,1
-0.7645999604513174,0.18163350581341087,0,1,-2.175840547290609,15.451602156578417,1
-0.5090991700472325,-0.11254537205228582,1,1,0.33918997414596924,28.585663802547334,1
-1.7974375427724132,-1.522160515649066,0,0,-0.5909401982295496,79.04017745535425,0
-0.2999655915266661,0.2595907836496921,1,1,-1.7856710971787206,0.2602358470076753,0
-0.45022004485025247,0.6138831920816649,0,1,-1.4001741103473757,14.621036198105259,1
0.92635562212536,0.3741275472004883,1,0,0.9226441838410403,2.037356157332107,1
-1.4013414444283958,0.07551568795313846,0,0,-0.11863245531332015,1.8689641096660012,1
1.2660777704727058,0.9053326607859835,1,1,0.2546824970470011,29.768690854846948,0
-0.23756597293308615,0.6872853114265813,1,0,-1.0779240734483237,14.495594682195309,1
-0.9143035944636762,-1.4195850069025506,0,1,0.027250589060160393,2.6294340236446256,1
1.4433643263401554,0.7481525906271376,1,1,-1.0455562910457172,7.7265825938392005,0
-0.013701582830725471,-0.06375086134227394,1,1,0.7424388318302253,1.1992917990106835,1
-0.5303973497967431,-0.9114654261948679,0,1,0.8178421176135854,6.643260337650297,1
0.809799746877535,0.03504975537955063,0,0,0.18756930125246593,20.456340492653947,1
-0.3352266694508929,0.9516064210753832,1,0,-0.05518017668223557,7.50476633849264,1
-1.4391453516803134,-0.9795276330030472,0,1,1.282933388317403,4.258639123214275,1
1.8612932681250325,2.2306648859038214,0,0,-2.9111985471209416,12.130309627391114,1
0.05318576097265684,-0.08740850124787332,1,1,-1.309483454208075,17.513585060973742,0
0.04836371894484823,-0.04985040820202974,1,0,0.37076556128453547,21.960031047331515,1
-1.296305892323391,-2.158498293760859,0,0,-1.4916512866609595,19.231076171275447,0
-1.0720001137308222,-1.6524278291748526,0,1,0.8065997555868313,5.713005001748906,1
-0.020532250431767093,0.06114612612364109,0,0,0.22536643519398394,11.87726938255091,1
-0.7084907882769157,0.6672560555192242,0,1,-1.3316070391368717,7.785606480032744,1
1.0239477921103528,1.9933408740294989,0,1,0.07735943627782077,5.17106737651904,0
1.0823540795377244,-0.852225568017426,1,1,-0.0854220585185497,28.3612202861251,0
0.5547681256816454,1.0364202944510825,0,0,-0.15073986969023687,0.45043243984666087,0
1.5867799611693507,1.426889825703995,1,1,-0.07647298829937786,13.257791181358526,1
0.2588609456479399,0.11761362077753297,1,1,-1.3130923479439705,26.74711508131105,1
1.2651924760247357,0.8864919557913488,1,1,0.6998525686983812,8.683465274287345,1
1.1552432200890854,0.6774969619791579,1,1,-0.06727332681308827,0.6732205473711285,1
1.6734298576685538,0.6064476628434456,1,1,0.2797960812154276,0.4251269791720185,0
0.6296572084347041,-0.25919477144415404,1,1,-0.08631826214849816,14.25147937566571,1
-1.174445079690533,-0.568999904936259,1,1,0.8888210530556203,2.3960739228343746,1
0.7989219753172994,-0.5344141918606213,1,1,-0.034863486265704506,28.793626719893854,0
1.2099617836449237,-0.06100780493196756,0,0,-0.8312400051263807,46.37381537675264,0
-0.5448536988466909,0.12943455899573592,1,0,-1.7679519209001726,36.30907588223753,1
1.1828370377875748,0.8703063695418872,0,0,-1.578371380984736,2.66733690111593,0
-0.5561691196066252,-1.0809063685763447,1,0,-0.5452515668864241,49.56297648126882,0
0.7100424741888239,0.2760253879924361,1,1,-0.8182299893963682,6.1573658499426625,1
2.074379205155297,2.250305494412138,1,1,0.4582678674991055,20.09630872717375,0
-0.08267673685965662,0.1055010301857162,1,0,0.5769945777642773,22.74901802071495,1
-1.1914410199601952,-0.9894453520320473,0,0,1.0660584433506302,17.364275294963694,1
-2.6047961091742504,-2.0788218966454193,1,0,-1.4135114399199369,89.69683817945067,1
0.4178912188521683,1.731611785971458,0,1,-0.1702429905360668,20.012287315074605,1
0.1319692795681619,-0.454269483494131,0,1,1.2641835918234097,16.240072930693586,1
0.4980074963663642,0.7032049104876685,0,0,-1.183274602399905,34.34109522813974,0
0.2170523605489811,-0.6158390786716906,1,1,-1.058294585136264,1.975284022753321,1
0.05370813863421499,0.4273000191388687,1,0,0.10514544347541187,40.767357905572645,0
-0.06357811083749125,2.2971974287577107e-4,1,1,1.2262659257988233,0.8650415571629416,1
-0.7322682002782994,0.12181873034336388,0,0,0.3428582521329655,27.446225500049586,1
1.5000586002350107,-0.16700557082452994,1,1,-3.147363172401177,3.5636944928174596,0
-0.30283085935708476,-0.8926485259937991,0,1,-0.7557316925025985,19.362516787600786,1
0.8536252048732896,-0.5203669629203671,1,0,-0.2151828760410069,51.97040894524077,1
-0.40174875650798236,-1.1212933713420883,0,1,1.1956801351466382,52.7907596391388,0
-0.7135859132681851,-0.052608496319074216,1,1,-0.5371820083722258,4.235626971583902,0
-2.1314101565976054,-0.07330555414853879,1,1,-0.0557539060520304,3.4480108152982947,1
0.5452946250069856,0.17553044197622442,0,0,0.6396022566160612,15.37443107243073,0
0.21744146163364594,0.3456718675451587,0,0,-0.17784721444931406,10.430183560642474,1
0.15519409375317653,-0.05999987176787426,0,1,0.9908518151409985,20.895371936338556,1
1.2495368049536195,0.978490617102125,1,1,-0.060541157952765524,6.682326919023973,0
0.49688561829858807,0.3763259320975624,1,1,0.9618714936382756,26.23984747289968,1
-0.3090767527393364,0.44957308317529976,1,0,0.35406349279429344,3.904512043777883,0
-0.5492283577196824,0.5936258255704266,0,0,-2.807234421783576,55.85135702696342,1
0.35755185423081726,0.3256030205395636,1,1,-0.9459538350700323,1.342297312402518,1
1.0833901863065936,-0.18516098405062242,1,1,-0.5377738245889908,1.4331192660769876,1
0.8411404748976256,1.0014049768359525,1,1,1.74290127606585,6.2400994783267025,1
-0.2644799240712509,-0.44877735787133144,1,1,-0.30777226898870536,12.211677658174453,1
-0.844749344638228,-0.694199413424406,0,0,0.8683038792531952,55.38580174273156,0
-0.42371373000211937,0.8867644185125676,1,0,-0.26348161746442494,22.741442214867302,1
0.26759643398750027,0.6965965534663403,0,0,-0.36894734191556255,19.079655968488858,1
0.313787614799058,-0.851603093279163,1,0,-0.11521220678476612,1.9002885395041105,1
0.9684232229169415,1.871742408798278,0,1,0.05074686358126798,7.711033235892265,0
-0.5208417915127571,-0.4650962386904324,1,1,0.6120334571941669,23.506303012089827,0
-0.00574429687870971,0.39999720712785375,0,0,1.350321003968745,1.2753630348333964,1
0.9528907489545257,0.07187613301628892,1,0,2.4162672923215065,22.201367058620054,0
0.7157880024732035,1.5414924984562721,0,0,-0.5928411991784318,50.11763921450477,1
-0.5214794118811859,-0.1869592139697014,1,1,0.12694924246785894,6.619606711596386,0
-0.34725293871241225,-0.8239757456257009,1,0,0.2634009960332776,42.792021688141105,0
-1.1936159279325365,-0.3142982193649424,1,1,0.5465273548306077,63.47162995552745,0
0.5129658668230761,0.30951203678440736,0,0,-0.3172885245059078,2.026449487358657,1
0.04013687786229006,-0.4421937405962854,0,0,-0.63856391841353,80.57874400654215,1
0.6947342548106348,0.22078518478402515,0,0,-0.6453280702390274,11.433819655151323,1
0.8402517033675253,-0.36307979260721895,1,1,0.41115971869539397,39.98172386789076,0
-0.6550403661602783,-0.748968619091068,1,0,1.3296791824762895,87.49141263779093,1
0.7627256346001554,1.4895771869569043,0,0,-0.4544338735146475,70.41219606547382,0
1.1974678740014373,1.2231593500033104,0,0,-0.4242847037916154,16.27029291042454,1
-2.178007432662295,-0.4459929587265229,1,0,-0.9135744898484514,39.86971787397306,1
-0.14910973944215752,-1.0376021717154058,0,1,-0.021807609458385238,37.393035710757104,0
0.24503564067930572,-0.3753151841879373,1,0,0.920842515985941,52.95763645717328,1
-0.2109977115440275,1.2880437241509937,0,1,-2.1936419574873667,15.868430639771933,0
0.3065781901515703,-1.0323089551823856,1,1,-1.6606512089995336,40.681710043331385,1
0.21676952788838263,0.04762139243600093,1,0,2.2370918486337,16.631156802329915,0
-0.6667213928941466,-0.540512723822199,1,1,0.34909662492040644,5.023229743031371,0
-0.9637463942728615,-0.8663901192212978,0,0,-0.3356853676030979,51.31029855833831,0
-1.2925099460087093,-1.7252751604950376,0,0,0.5714591390298681,14.606349173171784,0
0.6900559432264297,0.37682309546720727,1,1,0.9652330155043557,11.559319327537654,0
2.19731521772798,0.7013124747194165,0,0,-1.5927683273697135,17.479587513227376,1
-0.09926509935739564,-0.8742055206976729,0,0,0.060685289171707756,17.93451902944782,1
-0.5730250621237585,-1.8447244122348645,0,0,-0.39844005317090264,28.372011386555435,1
-0.8768324080493518,-0.9510269385066981,0,0,-0.8563685918500319,50.83273922986246,1
1.107525961229865,1.2068783987282858,1,1,1.3660991623403527,43.29191995841401,1
-0.91339412017563,-1.2157793715730272,1,1,-0.19396639338254662,0.04698882404009819,1
1.2256126445517173,1.6738717597261221,0,0,-0.39136312060995615,22.02262498830644,1
-1.1532241350858559,-2.410720743860629,0,0,-1.026633999576314,4.697178659381415,0
-0.8020892644438086,-0.6685309542683939,0,1,-0.3317908795469181,14.341528350541836,1
-1.3012467276107016,-0.5253664419522094,0,0,-0.042183742220737154,69.8987798497954,1
-0.5441864938798118,-0.6947403539683978,0,0,-0.7732585504715025,26.898026237928306,1
0.8624956879049875,-0.24584254144644863,0,0,1.856858320559602,28.463679910310184,0
0.7722528311504406,0.5508682759481968,1,1,0.0580176035592892,2.0864971652163895,1
-0.9945219160077938,0.4704627628280248,1,1,-0.8303440799284129,15.992465104215425,1
0.3403371261804632,-0.06354049243441984,0,1,-0.8543614137372828,2.566852286150897,1
-0.4366415068312279,-0.237962491050785,1,0,-0.057347266733973175,19.366354891546376,0
0.1950523461265907,0.8069160638300337,0,1,-0.5269523498006228,10.890001120248591,1
-0.08121795598964518,0.5477451304074585,0,0,0.9626110262570852,31.423937234545633,1
1.404255044510238,1.7262571340410444,0,1,0.21765135119811438,1.597857889026069,0
0.6614181759920871,1.1766161296564146,1,1,-2.0336768823381766,7.0020045355822065,1
0.5299033485738156,0.19586701730860892,1,1,0.08929396859641307,0.616835425650342,0
1.6619893276998887,0.1466208926889564,0,0,-0.9706647568355586,24.005757865227054,1
-0.36251812438396797,-0.13050072510877603,1,1,-0.10030733961259507,18.238233721562754,0
-1.4411371708217238,1.2523846887006882,1,1,0.7210181918262778,13.53426704324656,0
1.6385781997360793,0.41077879137591095,0,0,2.388035979168062,29.01756308500039,1
-1.9233654056437057,0.8169554708309679,0,0,1.1220085266382598,18.802535930507624,1
0.30975232182883744,-1.164457929887545,0,1,0.44578765971584494,30.333927894159782,0
0.8287951387327467,0.9150517256100921,1,1,0.04674189008706598,9.515519865851557,0
-1.4619868114573014,-0.5637689394654724,0,1,1.4498703357821336,2.485749683606202,1
-0.10345852413240535,-0.029243720625689206,0,0,-0.3988061342765128,13.783162792753082,1
1.131949229032606,0.9464407527067485,1,1,-1.1657022004776847,7.150054470465527,0
-0.605596671918997,-0.5315873351992078,0,0,0.8251562403501462,74.58105887618855,1
-0.45398427572976946,-2.12944262384777,1,1,-0.4874346892552412,5.290015060308148,1
-0.09761202255010998,0.16032967297003622,0,1,1.6103802361648722,22.00951926036275,0
-0.3370737212744208,-0.8652337374321334,0,0,1.0847125357956695,1.4635614901580378,1
0.25019407082390865,-0.6415322972431317,0,0,0.07058830103466207,21.474831456592966,0
0.7250965002431866,0.47959853103943934,1,1,-0.2877104776056075,2.91216469619796,1
-1.6839391924638407,-0.5127453433715202,1,1,-0.9166371430746303,4.075074194922369,0
-0.7573406981580144,-0.363845829867281,0,0,-0.9724670233278635,15.696043747063493,0
0.024224151816414675,0.8116298983516158,0,0,-0.9179696398521052,70.83938371175317,1
-1.9311259936487843,-2.505133735127047,0,0,-0.6720487781309569,19.989234446571228,1
0.33146234083114356,0.685105789289508,1,0,-1.1701576043503976,7.2872252506271815,0
-0.37604470980137983,-0.2952846821948966,0,0,0.878859902581121,52.99053857787481,0
0.7359222504976488,0.6439857308006319,0,0,-0.6283931514481159,42.00290050049063,1
-0.8332662690701291,0.9560803893697974,1,1,-0.7462651431000547,3.7863860279063335,1
-0.48012463947997264,0.08360784217731687,1,1,1.2438243455940492,3.0894427860898306,0
-2.406617995333659,-0.7221536851337711,0,0,0.06951194314274951,15.017353890399493,0
0.4128930789185787,0.3889332472806707,1,1,0.7143431548964171,6.732035509872554,1
-1.1743993170410412,-0.4331478682920282,1,1,0.04500474122592937,10.513640570718252,1
0.14073276275172858,1.712585074742877,0,1,-1.82397140077535,7.941447921433117,0
-0.9623332012699062,0.8949776958068874,0,0,-0.5712768638488901,14.175879362481545,0
-0.5041854334386725,-0.4167694030069227,0,0,-0.6053064246380518,5.947094889613607,1
0.5012772677378489,-0.4904022197615064,0,0,-0.767896537422227,18.272544271921813,1
1.0300179946045982,0.6389429691301612,0,0,0.2739479923304436,3.422714643224756,1
-0.7782200085522883,0.9766817269202617,1,1,0.6796202482851175,4.167463767311288,0
0.6054016029768395,-0.10259889490410729,0,0,-0.9898307746605056,8.215885197449595,1
-1.199201069546085,-0.44182789361124825,1,0,-0.685671356691062,42.56893309252931,1
-1.5587553720289224,-0.5470631481510065,0,0,0.4444379248481375,43.85569878730239,1
0.32534523553761635,-0.5177236292757956,1,1,0.15953006635904848,9.877469967403632,1
0.5428515690508631,0.2872222127087069,0,0,-0.5333267557013857,19.791840940309083,1
0.30442399096778744,-0.36106157957156426,1,1,-0.9352436987136439,1.962214821980142,1
-0.6837510735254148,-0.38226388450037796,0,1,0.8865047818663463,2.8055276992854514,1
0.10070077231178337,1.7094658026209812,0,1,-0.9517407559868798,5.422652602202237,1
0.8542860544368446,-0.8062543154074502,0,1,1.304096245375977,3.2611589236631477,1
-0.3813669822218628,0.13739567894816762,0,0,-0.33325020602910954,5.090438011602046,1
-0.5751944010332656,0.39779696117722513,0,0,-1.0194430059455548,6.753050629391747,1
-0.9159624772939521,-1.3853281868197902,0,1,-1.1631613077635599,4.981118860828159,1
-0.7027351387256886,0.842895764091646,1,1,-1.1272239107748787,28.565587880915484,1
0.3312871929386256,-0.846250315327739,0,0,-1.563789811347886,78.86951724077294,0
1.5253743754699354,0.45332779848120863,0,0,-0.3572024950014482,26.85463929251871,1
-0.7291469450896931,0.35285937859975586,1,1,1.5188769619758504,5.027678415184209,1
2.2357632396401232,0.8539357344140113,1,1,0.09733173857596025,4.314758739997347,0
0.47386275851247633,-0.03282474965977991,1,1,-0.36550404579808643,3.872140202426585,1
1.6140322759885428,0.24923754844537604,1,1,-1.6766254791725406,14.267213264371138,1
0.22515140090695307,-0.1736502144547694,1,1,0.4927856743619643,0.8119379652261242,0
-0.7722730105545226,-0.12030676408706303,1,0,0.5580242160150641,2.623067550435522,0
0.20379016205892028,0.6486396018171966,0,1,-1.4391639043587305,10.808556973453896,1
1.0974219721904763,0.6462577143565311,1,1,-0.8527812886443963,0.8970751655009045,0
-0.2683949861151231,-0.15993466914028204,0,0,0.5002305599573926,7.010625466862245,0
-1.4533882678572836,-1.4085018321524276,1,0,-1.6068441627831918,17.53725253729991,1
0.23807958456047754,0.07184087864699686,1,0,-0.13169657667257947,28.327568672313053,1
0.643059707628815,-0.35232705891364885,0,0,-0.8222269861158343,1.003687471003846,0
-0.7084300581898794,-0.22130438196561758,0,0,1.467278275232172,52.425061895533915,0
-0.6130426794881901,-0.9876935407602707,0,0,1.1234856821077905,10.45383913347556,1
0.13832954526832017,-0.6118821176392212,0,0,-1.1902880615824856,41.29513339826039,0
0.6712751748000472,0.5056610332724669,1,0,0.46103393427605105,4.858885642640556,1
0.5604902905688183,0.5292647042168808,0,1,-0.6538729309591853,29.411672008847205,1
1.300914344760912,0.9338042037176334,1,1,0.563360275446222,16.369632132550397,1
-1.9295576059373836,-0.6591511160052221,0,1,-0.8863355754053494,1.413544101229256,0
-2.280682874608632,-0.2517715023019651,1,0,0.8021087906704635,20.484725416458453,0
-1.2366465165705733,-0.45185245019924075,1,1,0.19366846116727018,8.48006400513114,0
0.2044157252610255,1.1985993078331176,1,1,0.6714856027057698,3.593149729272189,0
0.8921312279032214,0.7634648984502734,1,1,-1.2414835097391008,3.371745202346115,0
0.5466458753188634,-0.4760704580914257,1,1,-1.1919258028322948,15.259310101772835,1
-2.1254993790640526,-2.0240273006846046,1,0,1.3187236079670357,9.459073176973265,0
0.26625224074079545,1.485547803885224,0,0,-0.36852992042688376,4.1667816668520725,1
-0.11653439635404718,0.12057405918042607,1,1,0.7463896150742039,13.45254745759583,0
-0.5442772126945526,1.6967287110408482,1,0,-0.8897926870632488,5.142024250388869,1
-0.3017272689547616,-0.05603976177581485,1,0,-0.6002541243793983,0.6850931710184094,1
-0.042183728153636774,-0.15702488693934769,1,1,0.3101069822634099,0.09455045241403834,1
0.6859703106045499,-0.9547055239948408,0,1,0.7997966802289059,9.126296990125264,0
-1.1069152693407542,0.36325994067625256,0,1,2.0941010344757047,3.109462350531281,0
2.174463736712109,1.170685357975386,1,0,-0.5068985297463258,21.197949815180312,1
-0.31227722520721374,0.0028697213046645076,1,1,-0.22390727801602228,15.876320497451033,1
0.39335264343757037,0.9980370537156167,1,0,0.14102330795862997,100,0
-0.3943691879243326,-0.6334835252643523,1,1,-1.3865393111022188,2.8550825572857432,0
1.8395464570108548,-0.01396911004266177,0,0,-0.6082043891124517,42.59669772988777,0
-2.0294484206948726,-2.4810651589449346,0,0,-1.4030395556170008,22.665058727687722,1
-1.557903193924843,-0.6413347876095206,0,1,1.0292797173141564,49.787718190714344,1
1.5155938158397408,0.9242306268963844,1,1,2.2148624962488155,0.20494868840413505,0
-1.0100748519179925,-0.7214640752630684,1,0,2.0364198687753037,6.938316016876961,1
1.0897216039148843,-0.8579361444492539,1,1,-0.7154375339778557,5.366492374957742,1
-1.4550545804460453,-1.3878220203993454,1,0,-0.8600368757281998,2.0063178982366536,0
1.2445628948999183,1.2059991645076995,0,0,1.0679415941820314,31.75691131568767,0
-0.43194706613793993,0.360482948719424,1,0,0.4546078086688624,16.659271387320235,1
0.006869276009751853,-0.8621760051729381,1,1,-0.03416297766200596,24.572294413016838,1
0.12455104876840078,-1.0226884282492728,0,0,0.7216014952129449,21.56468248367666,1
-0.40962862998908744,-1.126717281818618,1,0,-1.2165652379741716,8.100264157510532,0
0.5634136429152037,1.8904050734515603,1,1,0.8347348859027847,20.9262752493001,1
1.606958114726172,0.5618670020379876,1,0,-0.9717203741168494,42.97363712130592,1
-1.0019516732176186,-1.6314233604266026,1,1,0.21308063821001938,9.090087426156963,0
0.5093258975433728,-0.07171961006775829,1,1,0.7844553674051428,1.4967829823511352,1
0.35371673473948545,-0.7315169208236062,1,0,0.7528020159846517,5.257135264634106,1
0.1968612254839971,-0.01261956040916859,0,0,-1.085986709939099,19.65152075293898,1
1.024085291210917,0.9712991309450795,1,1,-0.2696918359648163,5.053899949695387,1
-0.9539753468158736,0.02545606363177133,0,1,0.3447745073164915,15.934917096976099,0
0.46929952399445823,0.652978156940299,1,1,-0.021366021226484032,21.030194236389143,0
-0.08415999882222179,-1.2174423395837197,1,0,0.7263417949033826,13.05240524696646,1
-1.1304368612425926,-0.7982579329183063,0,0,9.436913589382622e-4,39.14576427112625,1
-0.23048748922106463,-1.3765806274771513,1,1,0.3262341704775669,3.606188129359387,1
-0.03326208823643525,1.634879578927894,0,0,0.18743470522408015,1.2857659060276743,0
-1.0030353476014136,-1.1699458398077247,0,0,1.0131358848866816,25.85676341058872,1
0.0715423627104256,-0.06678377384538521,0,1,0.28571473028711897,44.04702571123739,1
1.5874211912777199,1.5028083491335238,0,0,-1.5356107533381034,4.357950644775509,1
0.4277519302937478,-0.5186080277540452,1,1,-0.3974258145006589,3.2461298220930552,1
0.3082485940719137,1.117816901666195,1,1,-0.778603550698339,9.384700550523718,1
0.12165626226972233,0.2208290266167857,0,1,0.32955855300788484,1.0684514707657136,1
-1.3170240384973677,-0.9078359546203334,1,1,0.5087868360971227,23.4805691594564,1
-0.9096480546691262,0.44696926373302587,0,0,0.42393798964479723,14.692567925079732,1
-0.5478509285085055,-0.210514921552999,0,1,-0.17878042996315893,0.6569804574205027,1
-0.7861648753944943,-0.6998834045680948,0,0,-0.709799448346046,13.65745173741748,0
0.3618598079156507,0.37032799875363864,1,1,0.861117633371385,5.752028259708516,0
-0.31937090309854843,0.3978562694639634,0,0,-1.204241337769106,4.256280752420691,1
0.4533302512615665,-0.16292432077292543,0,1,0.43470316149860905,2.975514936804176,0
0.18737344247151852,0.7922994223866953,1,1,-2.1406373563227423,3.673662330498353,1
0.8134706371843639,0.3060342335212286,0,1,1.9459629290052274,1.15573962124905,1
-1.1491982911845273,0.8772473164319148,0,1,0.30922108625610334,44.51132139174224,1
-1.0023346350136253,-0.7543265901781908,1,0,0.22304991804581145,42.42040481297882,0
1.2703415364200592,1.3166074010809163,0,0,0.8091693122133556,8.480568483998312,1
0.22526627833245091,-1.0871801154215845,1,1,-0.36332485547598725,21.663892686469687,0
-1.4288808108717377,-1.461243824596416,0,1,-0.4553264190501044,13.45702501266139,1
-0.636583088057782,0.13942170778656365,0,1,-2.421551457471544,5.667298238887753,1
0.024270472033237532,1.6488949002643738,1,1,0.7446950482490122,12.387985996088624,0
1.639986707741769,0.7972268460895985,1,1,0.5431021218164765,0.11859120479555972,1
2.5371150598206818,2.1953479228087516,1,0,1.1335402154555454,0.14645095006414946,1
0.030887258617730694,0.12067536542107181,1,1,0.7774927700775068,2.4184095369040635,1
0.16289617992392855,-0.4816597587950868,1,0,-1.7317167996963079,14.40809936126571,1
-0.6968074459117426,0.3453315668575222,0,0,0.6557702279712229,39.938593859859594,0
1.862484866761828,1.15091893819615,0,0,-0.2275139581687357,8.945880640166447,0
0.39478395068661165,-0.21190602480251297,1,1,0.2098425376992737,35.75413538484326,1
-0.8312396371831594,-0.4537170557923307,1,0,-1.5300489177589178,7.300905407189927,1
-1.5767178250462754,-0.07933331182285108,1,1,2.8319119879492716,25.401342923860902,0
0.510324080345008,0.10954743410279927,1,0,0.35346697331685417,6.074849499124966,1
-1.4463721641021188,-0.7626524176663939,1,1,-1.2530323029037589,14.172009752234676,1
-1.1493737394228691,-0.8960270563281562,1,1,0.6131175905417859,9.30006204484787,0
-1.452195854404415,-1.3043014161500723,1,0,1.2946882701915787,31.01356007494543,1
-0.41649890786428145,-0.3784923839100928,1,1,0.9286362935923028,6.378970594192859,0
1.7292613352948876,0.7755552788636642,0,1,-0.05655889226855447,11.759974432512971,0
-0.5368686672643601,-0.9994455213447427,0,0,0.7376419667731149,2.2036884496531672,1
1.0725307362950178,-1.1033459541704715,1,0,-0.21071979381522662,28.524901332847104,0
-0.428423859779426,-1.9475424268815047,1,1,1.7291307930284172,1.3788332398716427,0
1.0081221243564136,0.5837630766187369,0,0,-0.4292379758156603,11.96787993667136,1
-1.0514052622166283,-0.10204420404167813,1,1,0.022501471780713895,4.617830639196767,0
0.41647233329831423,0.3209981754551885,1,0,1.0685314811465445,41.555478991988494,1
0.7954465893081409,1.1515139974552957,1,0,-0.19733427602452455,14.099644677060462,1
1.4683495168676908,0.47425301533959335,1,1,0.09936256482647057,29.577550358744112,1
0.15662095913755641,-0.11571964987411978,1,1,1.5996045736057107,9.23378802217103,1
-0.0060587870735184235,-0.31111217096522736,0,0,-0.05359002364147115,8.925220711264169,1
0.5178980643941071,-0.5659453806637922,1,1,-0.6104219575088858,2.244709392717705,1
-0.8120612604481187,-0.3587757300933501,1,1,-0.43401240261034296,7.95577066523733,1
0.5181378187053736,0.2530658033842239,1,1,-0.3961506984430388,7.151483107432537,1
-0.5376547861863922,-0.8368672814837059,1,1,-1.4002795043757337,0.14992520451712396,1
0.7098586340737456,0.34073483290393497,1,1,0.5781708472852088,10.28508513707255,1
2.139179003355009,0.3033659190257565,1,1,-0.6917959191626825,5.25782010655743,1
0.7059825233291727,0.5415776720620136,1,1,0.24961344677428132,7.478326149974917,1
2.4028356214526467,0.9576598475655709,0,0,1.6538886307508318,4.032078378032316,1
-0.45917186229812856,0.8031279579257891,0,1,-0.06479350545921045,0.7936627220920925,0
-0.2766064083551459,0.0989084430021267,1,1,0.3246747639036412,23.373644059875506,0
-0.9119570395009927,0.20435424778234906,1,1,-1.3317784783843776,14.35567290673665,1
-0.2531640987602538,-0.3375503012584743,1,1,-0.12905433785171638,6.093298881334275,1
-1.3449506835115554,0.0836219706136404,1,1,-1.0993686557945561,3.994962988992738,1
-0.757648365711532,-1.5379532827814963,1,1,-0.43369476904834386,16.62419142402712,0
-0.05959747022785193,-0.745894575750229,0,1,0.35436363435352597,1.367015892275591,0
0.09257405559474208,0.008682925799599187,0,0,-1.1765346385345181,2.5588960313511135,0
-0.4094010838378203,0.2902312673860271,1,0,-1.4169425424425566,10.226399536193465,1
0.06400143996639329,-1.7230726417733708,1,1,-0.5141513484934033,0.9408266100330348,1
-0.8103627021425004,-0.2779758684673601,1,1,-0.8866810203247694,1.256623429603593,0
-0.08615953808705921,-0.8055169266248299,1,1,1.352091632623866,6.771656285930449,1
0.26396332700199426,-0.19781017063694853,1,0,0.9201670443096271,8.538930954061849,0
-1.307831848462064,-0.30816840010343716,0,1,-0.9590206778675444,5.083035728228307,1
1.0861860952455844,0.6268231460320327,0,1,-0.25927105730661393,15.7304105203768,1
1.0251684471335352,-0.2531789176848548,1,0,0.9542326616548495,27.78223015826339,1
-0.6081795737689043,1.630370215063872,0,1,-1.5021296159980124,4.88253574305053,1
0.08729447512453031,-0.7487024448978585,1,1,-2.802315302637202,26.521716189998966,0
1.4758289827301723,0.7110424939777784,0,0,0.5064318829520353,34.163051878035645,0
2.3413366507703013,1.521625105333711,1,1,1.7633237417595264,54.18924375352972,0
-2.0080202211370968,-0.9545609905937642,0,1,-0.697252404409211,23.7230078650808,0
-0.6232115499104566,-1.3296271931562573,0,0,-0.9945100038790996,5.303079424358702,0
0.4549405208307174,0.17101756786594935,1,1,0.27659814520455595,18.142069119310584,1
-0.3917929343844224,-0.9925074914764187,1,0,-1.5531522140545926,13.607360762724738,0
0.011643538337940188,-0.5452034346369699,0,0,1.1925422548323046,21.24683238158404,1
-0.2232392304539171,1.2776288160847795,1,0,-0.3394783028669161,45.71643430199042,1
-1.1881977115776925,0.39584405972637016,1,0,0.3986418853701633,3.70744481075656,1
-0.11298232582460321,1.1321345077412133,0,0,-1.3519592377360101,3.6122542764670045,1
-0.5682076543254588,-1.5652830865633423,0,0,1.6334083926075285,8.952991607853516,0
-2.6758842734990274,-2.2696371145841323,1,0,0.8284970487055505,73.20397860377406,1
-0.1931323779504722,-0.39430153634422566,0,1,-1.080889851537015,21.644823808575325,1
0.687832008870636,0.8817708773658619,0,0,0.109063750262261,17.423294886749346,0
1.6041009725521946,1.795251561509238,1,1,-0.5962020937638465,26.007511096656152,1
1.2065154120855985,-0.5174407087955892,0,0,0.3331413242262525,3.185922623076452,1
0.7408384645123398,1.0506503622662826,1,1,0.9067398106351353,17.886602946101874,1
0.24123127017765567,1.3313710154713754,0,0,0.8566741554740409,5.904885128180168,1
1.0527728532726135,0.1721700162804941,1,0,-0.3845211078251493,4.6686725128373014,1
1.792342749652957,0.44483046376594115,1,0,-1.6320893802789154,6.790709925928946,0
1.3812496898170141,1.3123827328370286,0,1,-0.10592435129161264,11.451113585652992,1
0.6547845726116912,1.6648079634337998,0,1,-0.24970723693514188,16.61560125269762,0
1.8957389878740436,1.6718103418997134,0,0,2.616207385600537,4.70719171366627,1
0.2604488598577175,0.136660950740003,1,0,0.07960944346326763,25.217415263944627,1
-1.1271386496664777,-0.5034730999096908,1,1,0.21445992603991004,8.704525623533096,0
-1.1053939703874698,-0.8824577618186459,1,0,0.28621195742853744,54.321915965581745,1
-0.6207682823988341,1.4216313936513827,0,0,0.1772398349753999,76.087975357619,0
-1.529789145110194,-1.374193981813371,1,1,2.0117965002159544,15.775159185513433,1
1.088979377025272,0.6869355979777402,0,0,-0.4941037232025145,4.751844934208076,1
-0.1529199691587693,-0.16636449731149813,1,0,1.578034387085766,13.322873274322571,0
0.26186346156017,-0.39085906389930536,1,1,1.1028519562954158,5.95112272890813,1
0.8161795050811236,1.02694785366183,1,1,-0.7547046423582264,3.906487153084445,1
-2.2658789631100937,-2.9007175469081323,1,0,-1.5043290157094873,51.37055147054796,0
-1.0405127062448212,-1.3556552040998309,0,0,2.196801073391027,59.09062658369799,1
-0.9421652797053514,-0.4974394437254178,1,1,-0.29764032825151115,1.4646879338575511,1
1.1129343599202868,1.0284783900110246,1,1,0.04790144834056651,28.52732610343888,1
0.6230656514442189,-0.33531948468719125,0,0,-1.9651090698368536,12.80895023540307,0
2.0115363158229216,-0.7306627964481491,1,0,-0.12748093183594444,23.800601274659854,0
-1.8522545273666617,0.5531713476355589,0,1,0.09994724793774447,13.447743573995627,1
0.17886938750587686,0.9429600539982301,0,1,0.564937223076804,43.34264709024412,1
-0.3353494497346938,-0.08958152572534314,0,1,0.07083242919895094,100,0
0.17493318209531958,0.6645969262489022,0,1,-0.9300805537945936,20.700691918894446,1
-0.30195750942359983,-1.0227561096419102,0,1,-0.8479294477029297,4.25690919678879,1
0.40090147900553996,-1.2862642566128104,1,1,-1.296731217925458,37.95509494164247,1
-0.20154013699785195,-0.06692192757275911,1,0,-1.1372898753910992,48.15579599420777,0
-0.65037434610981,-0.327004067324602,1,0,0.29537447736118166,18.136470699273428,0
-0.03151801581389753,-1.2573159479450753,1,0,0.09009000610886965,40.80236684070757,1
1.2533884685068766,1.0545485837253503,1,1,0.079539648189,6.248230504683094,0
0.9035049083826664,0.7779524963397647,1,1,8.09877030982387e-4,9.028232691115486,0
-0.6828178027344483,-0.4526162546370974,0,0,0.7475899564910514,5.652514633367624,1
-1.5420893986149706,-1.649163147878567,1,0,0.31490117779554266,9.17768218547686,0
0.5704715562370662,-0.26789073778040323,0,0,0.010805174531196832,17.154128657250737,1
-1.1879210112234877,-0.6479445462363774,1,0,-0.945023808641506,13.636564541643194,1
-0.38560986594590707,0.3912925929686859,1,0,0.30805053170116714,2.649562974886868,0
-1.3251097706055608,-0.6711318792850798,0,0,1.0680174518794538,6.865490657693305,0
-0.30070823605844094,-0.8365579802680472,0,0,-0.15168017404386364,100,0
-0.2564990731457086,-0.2293813395330651,0,1,0.5112774204155908,21.386122351257644,0
-0.9327199678005518,-0.6442988377009111,1,1,-1.281287958997291,10.84030199433273,0
1.1101211388259626,-0.6936393344596532,1,1,-1.874498539684851,11.814313334390121,0
-0.7688948420939962,-0.8391199181600517,0,0,-1.557034518975168,73.27683205740148,1
0.5108297456589547,-0.12364957314821384,1,1,-2.0943151123071915,18.083931885205097,1
2.015061050937179,0.310229934324158,1,1,1.0616252273873945,24.262181985676424,0
2.0376844925727546,0.35178597778372966,0,0,-0.2775113522524389,4.506057545680024,1
1.0367747467093553,1.2366305830063902,1,1,-0.9231548320095797,8.132394823230447,1
0.11319750879538427,-0.4620297152383117,1,0,-0.23993505837714657,11.314893500476439,1
0.3980341947890915,1.1009699872783727,1,1,0.5002332226067285,20.386901984255505,1
0.04374651542064192,0.05180117476654769,1,0,0.15706691255498642,35.108483187000736,0
-0.7921663724721679,0.05152488736820682,1,1,-0.5979904957383746,33.603590414713445,1
-0.5306151150097989,0.13738328265041627,1,1,-1.796262753072326,6.671846121621346,1
1.5013915516514489,1.5038175510671419,1,1,0.5492078888336368,21.01751527037382,1
0.5265423050025937,-1.2793192457996776,0,0,-0.1505213717929471,1.5690385102369035,0
0.26494812315406135,-2.274525514672387,1,0,-0.14418560424613058,0.7864810074198718,1
1.9072937757530246,0.6395446874527244,0,0,1.047404221430728,3.5468480791187473,1
0.6965592221986243,-0.8849063553171136,0,1,-1.731183501272733,23.473812764649903,0
-0.30799231557345474,1.1428650328203984,0,1,-1.1018277016754556,4.800700133054995,0
-0.4679755626840866,-0.23746616004743343,1,1,-0.42905126989689024,2.0559799414459143,0
0.18876395108198227,-0.616590203348571,0,0,-1.3382565952145589,24.399983566421827,0
0.633411648808452,0.11464254215812075,1,1,2.4227913156033924,10.706931431820065,1
-0.9794437708979687,-1.3422214176415947,1,1,0.809615161273695,0.5975195324181405,0
-2.4493934232954624,-1.2189568217956788,1,1,-0.5596483280273682,80.49347454529583,1
0.08224265533917063,-0.6615310529785299,1,1,-1.260747820888271,3.045244159706008,1
1.0445552532084947,1.0981349896761876,0,0,0.11118793564836443,4.735355982169595,1
-0.02051408056460901,-0.1684910541549104,0,0,0.25161139667059695,12.32844991056383,0
-0.04664942035339682,-0.7922936608818465,0,0,0.2914124975908274,54.51879194109516,0
-0.2355661056587555,-0.6451186934388191,1,0,-1.0916872064121608,47.54853077667471,1
1.051434437870703,-0.7038578497211229,0,0,0.8503825685984616,39.116701951731045,1
-0.028177875030048056,-0.6308743020047448,1,1,-0.3538603353634168,17.08985569083878,1
0.6524169504843769,0.39351183430444236,1,1,1.225734667783681,17.547001333385317,1
1.246870920714754,0.42711522185167483,0,1,-1.6487176165451738,4.18006089115755,1
0.9464353289338954,0.5816091406468648,1,1,-0.43182102944599493,13.349523132211429,1
0.03250498934889912,-1.351135824491836,0,0,-1.7679464147857242,10.955135208774754,0
0.777086528850521,-0.23777756128145672,1,1,-1.8481420521816572,1.6383218539197086,0
0.6196472181655817,0.8314343652556653,1,0,-0.3729210321085854,43.30941535330091,1
-0.4225331820700278,0.35372584718227285,0,0,-0.8888049122282332,5.384301006454641,1
0.45962000984346324,0.8235432704431258,0,0,0.406259426494736,13.337717646862103,1
0.04175006550549523,-0.9818908400832655,1,0,-0.43929615689992396,79.61717499282138,0
0.3945371374326693,0.7231966690773999,1,0,0.17668256704315605,10.815512870247026,1
0.18921904085652008,-0.954893442468679,1,1,0.0850308420495633,1.3840050597236164,1
0.5027390921758238,0.23526677418926722,1,0,-0.04188018753636504,9.1393383077861845,1
-0.15489421977713808,-0.1426725704707756,0,0,1.4480908215622221,35.462656697386116,1
0.06409767445020027,-1.3062451299205535,1,1,-0.9957285316543789,31.909461014246403,1
-0.382393640939657,0.5725957727826778,1,0,1.8760494593273584,29.088939025645445,0
0.22093071369308537,1.2239285073059034,1,1,0.6102524851496091,11.090368737662464,1
0.6187410701859866,0.7940286671927531,1,1,1.2260563822068495,25.06223669373233,1
-0.1244567781519704,-0.8484044023218026,0,0,0.8914175600906515,3.136802393126701,0
-1.3125670899268918,0.5782848545399342,0,0,0.7455394310706299,50.77990554724353,0
0.5398285350647656,0.1873019549119908,1,0,-0.27421113236135813,0.5974923047674205,1
-0.49662052413648977,0.38623832241342837,1,1,0.7281877344082701,21.415970387622668,1
0.49927059260096063,-0.847292741910698,1,0,0.3538735011075186,0.398655987502846,0
1.5413355330861984,1.8679484265187882,1,1,0.9566051069734957,48.0243359776965,1
0.33322947542879444,0.8469925634919757,1,0,0.5020756837158226,11.759549659117354,1
0.6121035320808579,0.31243056704376665,0,0,0.7742283339215321,8.514778447289869,1
1.4316895004772074,-0.6193602285994891,1,1,-0.23745067765414823,18.908981750525147,1
0.42508084671794555,-0.6931483592617833,1,0,1.009049138139143,20.502955031198876,1
-0.3443958544434221,0.639255914835157,1,0,-0.039817215757807715,15.287471462444461,1
-1.4601539873630829,-2.348429566522299,0,0,-1.2494133259281448,4.76082145423162,1
-0.34902816803691566,1.6839279367056843,0,1,-1.0847552839923937,23.37745669904105,1
0.5599105131956582,-0.33644371647228716,1,1,1.0546166290511219,4.710072422276533,1
1.8105002950772955,1.890410415166882,1,1,-0.06536499208271174,2.8661952709089733,1
0.4431729742306189,1.0127455018394191,1,1,0.43371653085179335,28.55882858990229,0
0.29110189378453577,-0.9304188089549347,1,1,0.05130549573369215,42.78153210502056,0
0.12621172404895295,0.8977208895268363,1,1,0.9895426807312762,5.063500642740253,1
1.3823779102803875,0.3917823827508801,0,1,0.03138111920386477,2.1283146290208093,1
0.8391621741466717,1.55638897945286,0,1,0.6946035004101161,37.115581645337635,1
-0.3164566313305008,-0.6794020281386757,1,0,-0.71816629252428,0.3826830637948884,1
1.4859747366624785,1.7408349064692863,0,1,-0.11912298304402609,12.85040295568188,1
0.20418330733110288,0.45228857228123154,1,0,1.1652866636463448,36.351905295788185,1
-1.5298152690738989,-1.3886776184114096,1,0,0.37843840634352827,27.619589875005655,0
1.7317789779665869,1.2876485409051723,0,0,-2.1955875648359147,19.197067333286498,0
0.9454939932706123,1.3132469592742844,0,0,1.387253749012504,20.732596962890053,1
-1.1046547595615155,-1.015485630693386,0,1,0.5186876479642858,27.571233540548416,1
-0.6744609585657783,-1.643080358890699,1,1,1.580661613537202,17.273621017441094,0
-0.4644514190380165,-0.5424947532149615,0,1,-0.13094040489664244,2.02392081915129,1
-0.4032081927206415,-0.6677582623038943,0,0,2.3426833053643628,5.2971398911830345,1
0.8193320125798974,0.6824553720281124,1,1,0.03490928384643432,15.836566333188427,0
-0.05067270427989326,-0.18128948257707983,1,1,-1.642209994199757,2.7005488420102575,1
0.41798459328302945,-0.08998948982198798,0,0,-0.46116335591773944,58.55361948390375,1
1.2943859822751675,0.12585348300640775,0,0,1.5299509626390912,82.09806890338768,1
-0.7256319116601524,-0.0717978885441597,1,1,0.05462247928322077,3.291655765044482,0
-0.615910885519792,-0.6870386851070904,1,1,0.9671161053892583,14.452815207943678,0
2.16530668848786,0.6967114386013777,1,1,0.6161167404691128,14.719990955780581,1
0.27284699861162137,0.748566312666932,1,0,-1.2660861180881595,10.979584059567976,1
1.1543353446423406,-0.8022779489098071,0,0,-0.8487105945358658,55.91876296967911,1
-0.7304814516176044,0.23370844027320958,1,0,-0.3608942665104667,2.5960524955101927,1
-0.4207352047818055,0.3446664560862264,0,0,0.7017335639454575,42.303459554263476,0
0.6966880395779236,-0.2658196881993954,1,0,-1.05443941327963,11.837042802054228,0
-0.20274480313525933,0.49692627028801567,1,1,1.6133368112941382,9.143800434582573,1
-0.4230288636264767,-0.16202571177174033,1,1,0.9560130640572027,34.438875511177585,1
0.16506089594964543,-0.41641350689380435,1,1,0.7381450620211985,15.949935321196557,1
-0.02200758207100071,0.6925617259068546,0,0,0.781602281953306,30.063130093185258,1
0.15235485705346,0.8478412473192898,1,1,1.2772296882694667,37.5677207873096,1
-0.871148133852408,-0.3799201355950754,1,1,-0.3671820812259222,41.62284528172964,1
-0.7085740141691889,-0.7344142633731918,1,0,-1.7831269533653509,7.824228824663837,0
1.5301837845587487,0.23873758900714637,0,1,0.45096490979193377,2.0210931717477183,1
0.021380276993291425,1.0228058917248843,1,1,1.1238912725186523,1.24797562448671,1
1.536321878616459,2.1557148147803544,0,0,0.4199820801920491,2.0730654555364914,1
1.2820224652001835,1.0483616956300543,1,0,-0.5990852357437455,26.204567995475657,1
-1.4232566494902232,-1.154574086405814,1,1,3.3362800116956666,16.236376536904626,1
0.9631167291120825,-0.5466202297023544,0,0,-1.8641438323837454,9.824149319054856,1
-0.16745444964849607,0.13458420823630363,0,0,-1.6646297404376345,9.18319860322378,1
-0.016288520265826133,-0.39435511655400013,0,0,1.0452315911777186,7.7471874880071345,1
-1.0182569873449347,-1.8256118199701832,1,0,0.023854958670996566,5.826499995036277,0
0.940713417154085,-0.22311179799628167,1,0,-0.6123463384058759,11.539665327055578,1
1.2372387707928456,0.619318990253272,1,0,0.13397518416613907,2.977352081378144,1
2.151646245001653,1.4825583514089116,0,0,-0.5684688854214187,8.256743576389594,0
1.714155124705742,1.6324682439522251,1,1,-1.305773881525176,1.1106961978365337,1
-1.2928465662512987,-0.6786468323975805,0,0,-0.12324842230249919,28.295510549181007,0
-0.010518574081375982,0.4257546518174715,0,0,0.6906006969485191,10.910958512004898,1
-0.5272350289273804,0.2572545489890258,0,0,2.0936360095073483,18.09997661589227,0
0.13720848410917572,-0.2354879169268969,1,0,-1.291632196970344,5.087894924322456,1
0.8287229498866056,0.19585986140894265,1,1,-0.4643947360223025,1.3933415539895524,1
-1.4802021946625417,-0.26398064147469646,0,0,-0.8890801942676432,3.915106462964603,1
0.22470720811045364,0.5201642510269753,0,0,-2.1746972665569024,41.96823300530028,1
2.197572914719312,1.7229852210884453,1,0,-1.8530342818680565,3.7950464169327223,0
-1.3161987449866646,-1.436143111888203,1,1,1.8510426361735512,11.332531116121368,0
0.5473618856795868,-0.6102080130859088,0,0,-1.07581062372835,21.789115424136305,1
0.4968773180641288,1.2460150760928879,0,0,0.12328737034682731,3.2151598542715263,1
-1.0109621472819323,-0.7565978752647603,1,1,1.453743324174785,66.48390179466179,1
0.10614625886674413,1.2547067423516933,1,1,0.16897386908701473,41.84962220869698,1
0.6990026535091101,1.0236613663920822,1,1,-1.5538466409309883,14.884757866420662,1
-0.2957196551440022,0.03031067624526937,0,0,1.4861582889666487,30.102317515916056,1
-0.1779222256885462,-0.24451838696761846,0,0,-0.5662611294146753,3.1481113545567108,0
1.114934110687756,-0.9793847102028502,1,0,-0.9928481256921116,37.286610862038124,0
-0.3977669093148577,-0.6029019991741319,1,1,-0.5482307492910952,1.6971811532116954,1
0.5732075212907155,1.7729125400984733,1,0,0.29372341695016124,19.115490810151826,1
-0.112141269466087,-0.13149801962410917,1,1,-0.8273591792463596,17.110703125138137,0
-0.03357407782091546,0.16944111716289453,0,1,-0.996125727169637,9.460323573386978,0
-0.6495233029827118,0.48870939551354337,0,1,-0.38488607389076357,12.389917892320572,0
0.7169075268877508,0.39855149465465345,1,0,0.9921351772908916,39.78728919423874,0
-1.4748598513039386,-1.2028180137237752,0,1,-0.685306511811437,6.158312166721065,1
1.2261591730790604,1.3053657209889624,1,0,1.0320103326712817,51.72128934413185,1
-0.5312206459927143,-0.4750424007430339,1,1,0.7707770118257641,13.986592346047644,1
-0.4706297734473322,-0.004989687157123751,1,1,1.5703657160004796,35.079259631389455,1
0.029390219792916044,-0.5886619808320417,1,1,0.015341016433028216,0.8364607756885201,1
0.8728068053145562,0.3641003313955747,0,0,0.8794665064377412,14.903840493876142,0
0.17217966615090874,0.950134150376597,0,0,-0.910954597612093,9.805264659457796,1
1.0549990165572791,0.8654695649875433,1,0,-0.007916431593274372,4.5410329104710225,1
0.3922552254667038,0.6433572813503441,1,0,1.456028582749886,24.734857289574546,1
0.02593721666158349,-0.4182400594037965,0,0,1.4153099661832345,64.27549100212167,1
2.1851525282525226,2.7158664121725007,0,0,0.6374737795099689,12.068770131036644,0
0.059551116268457445,0.19986489756400044,0,1,0.2732685854762611,3.828680815858031,0
0.45730238336566925,-0.8115708713996135,0,0,0.10585242218397489,2.085995500064636,0
0.7193710420217183,0.686419213913412,1,1,-0.42657467740311333,8.11816513511239,0
-0.867438812850792,-0.5153431633114524,0,0,-0.03160521918144426,57.87428454469643,0
-1.1766915879137858,0.6910548623879923,0,0,-0.30101033614132056,20.088615658665127,1
-1.5850338628143286,-0.2787453232836935,1,0,-0.4054160600392751,0.6313794133516331,1
-0.6706739896286648,1.051370100859675,1,0,0.5917932038471457,16.65027728807134,0
0.5016348587806562,0.06488896456453094,1,1,-0.6945007649764926,1.3288462172530398,1
1.7569363495541028,2.129440458855425,0,1,1.2615039242719235,21.09614715197445,0
0.3293908674908165,0.9844277834569466,1,0,1.1142292898084551,43.85293870754305,1
-0.2524970286388482,0.4814234265847289,0,0,1.4168708904194844,8.65198232956732,0
-1.9168587261786536,-0.22940646334120418,0,1,0.31376349817053073,25.0121273994259,0
-1.6387344152869165,-1.0610576787802486,0,1,-1.0785210338387394,7.343276525413322,1
2.3518877656163464,1.80094402927462,1,0,1.1473756044060575,9.025766782735973,1
1.0282100237988916,0.45092083481722844,1,0,-0.34675313664177204,34.322357877187436,0
1.0707755458013812,0.23921574458604333,1,0,0.6033723045668837,11.964310080032904,1
0.622174496160577,0.9225120755079439,1,1,-0.17825498710365378,13.380383432784376,1
0.33899469415544187,0.8992038668884109,1,1,0.3691257005213273,2.7019369375906526,1
0.2318157766244743,1.1274597100180177,0,0,1.5027205843933504,4.977555988882557,1
-1.490874283484645,0.07772954168643897,1,1,-0.10064646920512185,2.728057780680894,1
-0.6490390360026963,-0.07971220186376354,1,1,0.20832752771454008,24.648322720182925,0
-1.109819363659352,-0.4549579096670856,1,1,-0.7825797312867174,4.553596356972181,1
0.41460318378335465,-0.04195989472386755,1,1,0.02832003221523794,9.384630681197164,0
0.25431100228361414,-0.22723075768609918,1,0,-0.4094459471918752,0.44103717921866964,0
-0.13607694197892276,-0.3784159122159261,1,0,-0.4744260834254047,8.860411336013938,0
0.09618893765093746,-0.45895119606371304,0,1,1.1502230838517546,7.245987335884449,1
0.6291621718851057,-0.06219366798630943,0,0,-0.1444188129166516,10.417395097133541,1
0.21053933923921014,1.1103067272677747,1,0,0.9995915931816067,4.1200916078586225,1
-1.4203081389268073,-0.04939591802590959,0,0,1.4035217772860697,1.871392897417934,0
0.5973786064685956,0.013322379553119712,1,1,-0.10690209678745144,14.490325133015606,0
-0.8999887101733284,-0.08546061937901644,1,0,0.04710695065056453,31.474495085628025,1
-0.8574271069226327,-0.019845306091371917,1,0,-0.8156638861150256,5.094248663091495,0
0.23871171157085305,0.393170209018081,1,0,1.2378037651868559,20.85642869104834,0
-0.19758228851746487,-0.3497616146467644,1,0,0.48512119137609777,34.721372363648676,1
0.43542966975244424,0.2564109567045699,1,0,-0.523068006786271,1.5904320074286955,1
-0.9167111191611645,-1.6016117480757392,1,1,-0.3700880469953105,5.799641648407277,0
0.2621822455765558,0.0072173935769671155,1,1,-0.3123592047928468,7.900107272775352,1
-0.02587298801314336,0.3255134412861712,0,0,-1.2744036061002801,27.493107373491,1
-1.013178624421521,1.044465183019691,1,0,-0.09628004385190914,34.08709033423965,1
-0.8192974794621114,-1.5061439829425602,0,1,-0.6022222308670435,60.2463284112673,1
-2.2646896901803637,-0.89686110382469,0,1,1.6466772935370517,2.6653763925509906,1
-0.4662584328736962,-1.8709319070519832,0,0,-0.4885076048650785,77.14349646927445,0
0.7867338463982682,1.2367903499371973,1,0,0.03672727434720225,0.7273008326190304,1
-1.2773688984783864,0.07793615009253574,1,1,-0.3377747750030736,8.08120492461494,1
0.3600824006555789,0.3906411721094486,0,1,-0.30312980161018516,29.245303000585025,1
-0.599489389220566,-0.6783011169741298,1,0,0.1484509309763531,21.58992706233664,1
0.9481266698728471,-0.15257408845981152,0,0,1.0838110197436819,10.906244979634419,1
0.2553047506952038,0.5580288319361929,1,1,-0.7986367378227732,3.5975898273964866,1
0.0906913958482965,1.1961626597277666,1,0,-0.8010888946269394,36.34854205857369,0
-1.9461129257774779,-1.003853074647794,1,1,0.1568370457033732,4.451932914213718,1
-1.5039872188518701,-0.5143564636757972,1,1,-0.25274827560122043,14.10069789661797,1
-0.8181894308695166,1.0504817344068296,0,0,-1.1441714154027811,41.39854041524205,1
0.05001087878392331,-0.26140194421509394,0,0,-0.10508619399623198,70.91653831862364,0
1.181985834773231,0.9311198414770934,0,0,-0.19870887880882782,5.774762718083429,1
-0.9437723190152819,-0.5728146092380322,1,0,-0.019191765773973146,3.9600985277299676,1
1.4048916941950553,-0.22120087622019713,1,1,-0.9256230812575161,4.070757872408799,0
0.32294061567004867,-0.5683847035185838,1,1,-0.6217184750925419,0.41696612506054836,1
-1.2808442327976255,-0.747084154829908,1,0,-0.3770888772463061,14.682178616749058,0
1.295279670929089,0.6599864762390802,1,1,1.8529306094020883,4.22742453722011,0
-0.3675500019631548,-0.2652427548791231,0,0,-0.1846154447950656,16.662870783408582,0
0.500951009586227,-0.3227544957353326,0,0,-1.8407779945936824,10.280758324779548,1
0.7685880506304522,1.1731961318693733,0,0,0.5686189962168372,23.655583834432264,0
-0.16063942380747015,0.4276807939028966,1,1,-0.40672592455654927,7.204004828141193,1
1.1021699136523044,0.1702136963725287,0,1,0.39326512757487075,1.3641988634727402,0
1.1855639140043421,0.12669548421689492,1,1,-0.6715114929492415,3.7885793241220522,0
2.710714106362982,2.091510026209808,1,1,-0.9592636319904841,5.063152404653636,1
-0.828944090917747,-1.9660440043430565,0,1,0.3084284541630454,8.826568873322037,0
1.6459818789627594,-0.5790143208919019,1,1,-0.29148058584109676,2.9835598346064907,1
0.1954015490551565,0.7968410957977727,1,0,-1.3943366123230503,1.490079268416708,0
-1.1674221453102125,-0.15714145304489113,0,1,-0.7337891286845142,1.4633715572155426,0
-0.05391972321972089,0.333272787332595,0,1,0.0920372216701219,8.212976410380367,0
0.44526474561025564,-0.14198972502735457,0,0,-0.9833347290262701,7.4906131422199,1
-0.1998121399233078,-0.04754363994594256,1,1,1.2389153149704115,6.035493786937027,1
2.0875022914295056,1.2725843907220546,1,1,-0.521433194516129,19.173326076473273,1
0.5676837334626996,-0.21788481706299923,1,0,-1.680891553091508,3.719010623448917,0
0.9783358720794926,0.8460770818064121,1,0,1.1220808283417556,22.20003112634077,1
1.0695528286533773,0.24635856322290062,1,1,1.378929898262891,20.750054504116104,1
-1.3386475284389951,-1.3464801490788996,1,1,1.76380891499632,18.011110731264637,0
0.928771848668858,0.8000021064255304,0,0,0.1359206591338085,8.101271746988338,1
1.3375706769498572,0.15982069538398214,0,0,1.001416281854992,21.057083926818216,0
1.3683238307429546,0.42643301199990713,0,0,-0.07009795155497031,2.380079919761728,1
0.28560604541255247,-1.1548145653373145,1,0,-1.3433739593881937,39.00029830664199,1
-0.9316735927402631,-1.399351704524552,1,0,0.5571378829641448,32.51735136181161,1
-1.8798860778808677,-1.6932366148371778,0,0,-0.23981036240512932,30.19225478207965,0
-1.1275207888045078,-0.6075553969623748,1,1,0.5495509684942846,0.5697179274297202,1
-0.563505635578128,-0.2710392809369321,1,1,-1.2902167492317402,5.400415488758975,0
1.5372259549457883,0.37515330898173094,1,1,1.1908779252844697,1.8239891735501221,1
2.2657732972011027,0.6037905930057905,0,0,-1.0672452456754018,7.804995485770328,0
-1.2957208942507756,0.1020218338591431,0,0,-1.3770780958052522,16.092754479780393,1
-0.12372184794394914,0.942199668549536,0,1,2.1436895488333914,9.010722555031355,1
-0.3113327691020649,-0.2980275851636528,1,1,-1.1397662385281675,31.787226055854102,0
-0.8876509629315361,-1.7920781398989014,1,1,0.8687864270568982,39.49744529402141,1
0.3636128131830168,0.57492506973216,1,0,-0.6957654555881165,4.010305734197871,0
-0.9980480666664117,0.3256862408944336,1,1,-1.3780446079761186,0.06224608034473164,0
0.19886567670808508,-2.1427534018231373,0,0,1.1984421147208684,20.79075852401506,1
0.7736851276328344,0.16694452850301258,1,1,-0.372741021749851,3.277601438556909,1
-0.9375739520079,-1.8956885794049845,1,1,-0.24004430788259673,0.1941038432986739,1
0.6591651490990112,-0.12690257844109382,0,1,-1.3090752012730125,24.55749968724778,1
-0.12371038770087907,0.6539308510480106,1,1,1.1877935524508043,1.9633721291732813,1
0.9371180457263985,0.240595371718765,1,1,-0.4026312330246959,6.2254045748163405,1
-0.2901869348187494,-0.1708288121104831,1,1,-1.0840848745002394,40.137593791244015,1
-0.3475110925109846,0.5910457131446982,1,1,0.06952560743100103,2.659434312779452,1
-2.0837463183942977,-1.1055649647047354,1,1,-1.7969483072727916,28.324972851227642,0
0.04995877427645643,-0.45157588406388216,0,1,-1.1260190837961754,3.347193570304671,1
1.050933181273687,-0.5261480760961798,1,1,-0.04906399343867315,4.778327817499111,1
-0.5321434587473115,0.3197851399951739,0,1,1.8111145127752872,11.522453509156204,1
0.43439886267319083,0.8962094412427426,1,0,-1.068394015159665,17.75193341638634,0
0.5774263759954072,1.329235905856612,0,0,0.335149393842435,4.475090654035128,0
0.3340846711305323,0.5170938496995918,1,0,-0.4806446360094971,4.14235435324855,0
-1.093748380590364,-0.18872636579586133,1,1,-1.4506085716042296,1.3301869979809795,1
0.5267008232624928,-0.5427166359816321,1,0,-0.957092740105463,11.382969357298201,1
1.4596792625408976,0.2885415794491718,1,0,-1.101483811834351,14.446145625090782,0
-1.5715443743345006,0.06111942800235837,1,1,-0.07336625197710606,8.844504883863626,0
-0.3207743183570162,-0.8372628855341899,0,1,1.829792416080851,34.90880151908482,0
-0.13196093913776485,-1.2924878987267676,0,0,0.26956602106164884,30.1950426411352,0
-1.1674531262547443,0.48162047213115267,1,1,-0.12241095829025682,14.452750740788552,0
0.7071350493241897,0.6631930000297835,0,1,1.0356354053359198,9.070284173217264,1
2.106504410581559,1.7310071232367128,1,0,-1.278814999056765,4.037289167346499,0
-0.47839732611204544,-1.4971585683728736,1,1,0.2968836835059542,19.943405368477794,1
-1.6764287995298128,-1.3548406414819025,0,0,-0.5845020237583348,100,0
-0.7126104570573429,-0.23312330209009904,0,1,0.4888952583644266,23.155349871656707,1
-2.1226489912630435,-1.108062860028234,0,1,-0.9924248047588741,15.117828695309854,0
-0.2846109927969539,1.2031934903068429,1,1,0.3838360078592919,8.954216626677786,1
0.31242187140632366,1.6804248375421302,0,0,-0.5217855146852028,29.61146038220732,1
1.4747614156526094,0.2684267325121168,0,1,2.811202443288006,8.195490041395997,1
-1.7977862527381134,-2.3064477355105297,1,0,-0.809195019025513,26.708142222253183,1
0.045353465286823394,0.17485009322975104,1,1,0.42709776241113223,2.247455378823582,0
-0.09897742509289655,0.3250958951717719,1,1,-0.14427397589744653,21.209220523076155,1
0.062361970320679715,0.48489044061102016,1,0,-0.7656080318694687,2.8904508021649473,1
-1.1873909581637516,-1.3462670491270499,1,0,1.542548795208058,6.387983410513609,1
1.1077378226807515,1.3122747745406937,1,1,-0.20315554955454426,38.78196952634332,1
-0.5916495902091415,1.3024710709332732,1,1,0.8858408302068405,7.398971925190233,1
0.01306986850260422,0.16433252092406522,1,0,0.6967510510538651,9.51640492754975,1
0.0064295376682981225,0.5094237527431226,1,1,0.7296722329177745,7.08017710794682,0
0.49569598684350835,0.8135890556383703,0,0,-2.9586892263040165,32.14247413372904,1
-1.6697917194939806,-1.145924367200541,1,1,-0.736413724179439,4.519275925309675,0
0.31362830107873513,-0.2862881053045673,0,0,-0.8776638781915719,15.631367116967924,0
-1.207543332082276,-0.58168913684397,0,1,-1.0747903253430944,1.2930414023678194,0
-2.7446681064057454,-1.0422448810390645,1,1,0.7653968155828862,2.0074132169546157,1
-0.7568703675617996,0.24196817118675118,0,0,1.7216658653956114,3.6767432393326884,1
2.403081410908326,1.0880005636552377,0,0,0.09363047456186675,24.988105202256765,0
0.20694625892748633,0.2820682204403837,0,0,-0.7790863016912267,1.0827161820073876,0
-0.42803298853826227,-0.6126767580061693,1,1,1.1658633198188475,1.0577207497868033,0
0.2945590958027089,1.2873873233475899,1,1,0.7192020096338836,14.96694839212201,0
-0.362820984123608,0.03332716016542131,0,1,0.03665614249205677,9.513064061723203,0
0.40177482805008596,0.8507335423227537,0,0,-1.3878759511326477,0.02027678310844497,0
-0.6792685921945719,-0.19573048124054876,0,0,-0.39045427159783735,20.31305708034094,1
-0.6634182143914678,-0.01127033263917887,1,0,0.6634799951545519,46.12648229098884,1
0.5259022380655465,-0.6258432205610264,1,0,0.347359570384587,14.040163345898387,1
-1.147759232971903,-0.47988334602301896,1,0,0.83486283914198,1.0602185774688198,0
-0.6195005505157143,0.12247337320971291,0,0,-0.4611324520537463,64.85531864642358,1
0.11634167169283494,-0.5164646287321468,1,0,2.5709809794025067,23.748829066400972,1
-0.10247827792254928,-0.09242177921020434,0,1,-0.43502318002588164,1.8086078182942094,0
-0.05045989239857838,-0.032973667714865755,0,0,0.6746427583198353,21.20543826973748,0
0.8039631206246979,-0.0681354644518421,1,1,-0.7046949684326492,8.7805777124045985,1
-0.20649868818304365,-1.1345447676122977,0,0,-0.6268414344414657,53.80055981068914,0
0.35107070196510237,-1.1628846329552849,1,1,-1.587871672970004,17.433968975458047,0
1.3133905160631008,0.5078928682830844,1,1,0.7045264282031536,12.801622841371348,0
-0.4557483196130159,-0.4536036399669311,1,0,0.5932448643586716,9.921448509309544,1
-0.48284062991740656,0.14870553222186708,0,1,0.39718488331554225,4.216165215011563,1
0.3251260089349355,0.04982539708790476,1,1,-0.9425978409196129,1.5127329655951658,1
-0.41528628073153606,-1.6542275896634444,1,0,-1.5242947280591475,13.005838131327868,1
-2.088269076158963,-1.4617230458025277,1,0,1.22356469783624,33.45229445731422,0
-1.2769975685195993,-0.5579398175898471,0,0,1.6594513821331696,3.5635700515023907,1
0.7050579887866328,1.3367741286124182,0,1,-1.21306593827525,12.050948268500768,0
0.7611633464629469,0.46733617375158376,0,0,-3.0127413112606023,16.393128012049587,1
-0.008795715692927128,-0.25178261950802927,1,0,0.3907375268420013,16.63465544981612,1
0.75195731832893975,0.31549884702507863,1,1,-1.974978736354468,1.0782523285370105,0
0.35761833418133293,1.0430638366206866,1,0,0.4467807772284486,19.11864181229129,1
-0.10072900649337654,0.2295883725968445,1,1,-2.4809573255881934,6.531251625262547,1
-3.1071550800194245,-2.4769417904416007,1,0,-1.2506591244200882,7.440901146522614,0
-0.5911817102812389,-0.5968944315973304,0,1,1.393266949699286,4.305082467350497,1
-0.4727719685391317,-0.45306073056792795,0,0,0.03460014608295404,0.7721305204396856,1
1.5757802200155113,1.3317975584316852,0,0,-1.1664518544709805,20.90555609583252,1
1.0819391637927063,0.09504633748388125,0,0,-0.565274348149039,11.425065543775224,1
-0.5326358869805969,-0.5287489191148229,0,0,0.2951387873500412,1.7404823406749064,1
-0.3495916616151719,0.5088277355109482,1,0,1.353096660011822,5.522302202762981,1
0.7802174375473675,0.5568858328253979,1,1,-0.3074697996133929,4.670904043389538,1
-1.7474200624728466,-0.47563912316057666,1,0,-2.1474448169383393,11.212415301973245,0
-0.6752443772650495,-0.059042911730460335,0,0,0.7807099778720593,1.2847439727383905,0
-0.8821888879434212,0.29795570708016306,0,1,-0.06919351662456762,13.818408951491204,0
0.5482731981340638,0.08658757910778503,1,0,1.5383100491220643,5.115815161220707,1
0.3078158620671618,-0.4300807811219012,0,0,-0.26564023490933825,31.004510128088395,0
0.3440338463261252,-0.3058342799266033,0,0,0.5816577611195407,14.54946756832427,0
-0.2986613560987469,-1.0583148984150743,0,0,2.1015512332897375,41.88448900553603,0
0.11519438515333968,0.43930759619987786,0,0,-1.4925522500080266,15.151542847351173,0
0.8766826345592735,-0.8049893795412967,0,1,1.433440277770538,35.34998624811567,0
-0.6140345082347778,-0.7616416041454185,0,0,-0.3462148617844431,25.60046186601673,1
-0.12901644580478067,-0.5109553382381842,1,0,0.61572140598776115,37.81796486342948,1
0.5754220903908563,-1.1137233087345078,0,0,-1.9163571389516405,19.53350307253878,1
1.444802896890942,-0.06046677778761467,1,1,0.5371125134914985,24.852193159712566,0
-0.7879075237023229,0.7548870465575923,1,1,1.3629650164761133,1.9094292663453472,0
2.3952406482058777,1.1158606131832258,1,1,0.016952880630881587,23.8841397474949,1
0.4627291427438915,0.43377436272916453,1,1,-0.6002904106542114,12.20483746479127,1
-0.5794907669887924,-2.2698621103398335,0,1,-0.17279884688029487,4.503438538858069,1
1.8417568113097311,1.6031767789521307,0,0,2.320305469246367,9.037380040838485,1
0.36475422100084337,-0.8954447159766286,1,1,-0.6795251655318558,5.09233746286093,1
0.7731504961264847,0.5766113769082077,0,1,-0.29259613839780596,14.878302905869294,0
-0.5448814663909293,0.8754961946636304,0,1,-0.556663735405809,16.591849850966163,1
-0.4234068837672036,0.6810506422339246,1,1,-1.3507201070866706,3.175861506079714,1
0.4725367589671275,0.6495802372296932,1,1,0.31282702478043956,28.16601577389076,0
-0.5579543220053521,0.16576013865459327,1,1,0.19035506690121673,30.410530384531377,0
-1.1444477116888683,-0.2777940044809661,1,1,-0.947345056948321,17.783632569000893,1
-1.1226469074103704,-0.3506750724138013,1,0,-0.6265263593408092,15.574563006053351,1
-2.976619053862906,-1.558084778833037,1,1,0.8519681023251898,16.38195110015625,1
0.8252340102391021,1.1352937178724232,0,1,-0.7559158105328755,9.00472615852424,1
-1.2243138476102922,-1.5817829326801385,1,1,-0.30304837600713214,13.301518679038113,0
-0.1597624901786594,0.8732510359622129,0,1,-0.809052754227897,12.910082038990605,1
1.4900896939429795,0.6046342293063037,1,1,2.187310908306136,0.21293477974848396,0
0.1702791095863418,-0.38516223170092656,1,0,-0.2886991505158403,1.4403092155849366,0
2.434169610562618,2.104505678534963,0,1,-1.4704977371498391,5.460982016543675,1
1.5314456353083268,-0.16045508721918111,0,0,0.46000842378714957,13.25727871379416,1
0.9357654771279715,-0.6638112713158116,0,1,-0.7833976984642801,5.537234319408019,1
-0.3183917047282303,-0.3730182539456922,0,1,0.3188009496436469,7.966514527220348,1
0.2238561845496838,0.40671423390790207,0,1,0.5101109939421918,56.78546929824553,0
0.17636530674916648,1.014529510594555,1,1,-1.1028556672789802,14.548415845553263,1
0.25466417962557647,-0.013745310937500366,0,0,1.1580772913098833,4.836949856772368,1
-0.035500150550613827,1.3303796233702199,0,1,0.7814922809606072,5.1441258727370105,0
-0.15053023411071578,-0.726386945399622,1,1,-1.2039023163907958,11.89812350354312,1
-0.03517458869171574,-0.4046458803256888,0,0,0.39162694004196674,3.449430688188589,1
2.242435762542249,1.4605522315889903,0,0,0.9715585519879546,12.755840999285368,1
-0.81226180622099875,-0.28069484365146957,1,0,0.08822595169821054,22.584750375637118,1
0.8391250444505358,1.1920165459337104,1,0,0.4461154259663519,15.943114903315063,1
-0.2810760787927616,-0.13696794109993,0,0,-2.227030550087873,35.640651565446355,1
0.5541085083589657,-0.6834948241098902,0,0,-1.057855727790395,2.7686398540671764,1
-0.993481393353276,-0.2532559085842526,0,1,0.48061090640434717,2.4479382881554845,0
-0.350748118391461,0.09475257496806846,0,0,0.30475667427212,4.01813571832198,0
-1.9276248780797525,-1.517887706394088,1,1,-0.4958808506125062,2.58360426069166,1
-0.2918350081602053,-1.1679657765163323,0,0,0.46620111799654335,0.8014518990479709,0
-1.7830336848546353,-0.6005599515123055,0,0,2.7860465930322365,3.6230086626893696,1
-0.5717317422979564,-0.4960518793798303,1,1,-0.20729203164339957,13.275553870577284,1
0.8943840181521967,0.9330274937147498,0,1,-0.08386787602926297,1.140622369219274,1
1.27234867211913,1.1419488788333525,1,1,2.308926113549546,12.514170001797861,1
-0.15611872489243275,-0.4824775486085512,0,0,1.186017523274286,2.2721764344763926,1
0.012452102279556822,0.17039254787217023,0,1,1.1575233396782965,20.34569668265469,1
1.671718106709195,0.48410277866263396,1,1,-0.9696728966689618,2.0796173640355833,1
1.2718398913833822,0.6317304590296895,1,1,-0.5899655016178721,4.773208400130067,1
1.8169393487112433,0.8480504782741288,1,0,-1.4003299852853222,39.01348450004023,0
0.7731475085988467,0.5429787954411066,0,1,-1.106861775168093,18.08526911258878,1
0.8330487221619765,0.7288340758418443,0,0,0.6657710315855615,16.016443451679837,1
0.28213158280564055,2.3823362056961286,0,0,-0.5259912220769936,10.901640799642232,1
0.6637628074773668,0.07539017129633063,0,0,-0.8829880791754819,15.704356887393761,1
0.5634544903927726,1.2013837520470525,1,0,-0.1948922371368982,4.403573613512724,1
0.04947085372749533,0.24366180584217215,1,1,0.8580721128610947,12.52272723137667,1
0.2641539267891702,-0.057295088490186025,1,0,-0.10448589013688978,21.920518055065266,1
-0.2103687735742742,-0.2954416018249656,0,1,0.667105488605378,5.424355503009447,0
-0.9322552764411187,-1.2802950699729023,1,0,-0.18050319990301258,16.914027817196693,1
0.9617929679019589,0.8897003144432976,1,1,0.6120397111403117,3.5488132362005333,1
-0.7237965029811512,0.15701613146651122,0,0,0.5170903019050705,9.706866454626331,1
-0.17663376910661546,0.8898450527104238,0,0,-0.13993397966951182,24.721407120252625,0
-1.334401083628197,-0.7366463027533164,1,1,0.19776849310968744,5.091167648663821,1
0.7332154503053937,0.22432821356392543,0,0,-2.8105749802074396,13.471512158333402,1
0.11855449913238299,-0.12211247894361252,1,0,-1.5654127341890087,77.73023783532528,0
0.5747443016182211,1.1270697311951687,0,0,0.19617927549853045,9.055515513040422,1
-1.3955379096979859,-0.9430116715177066,1,1,-0.06358164980140298,21.30808156473995,1
0.6452109885705052,0.3439869573482017,1,1,1.2918290273057367,25.77347208740625,1
2.1386482497790813,0.646520564514199,1,1,-1.2517724530204184,0.6757192743920549,1
-0.9561849020601488,-0.3353063020761953,0,0,-0.3234977304629764,5.628047811792608,0
0.8573576713982043,0.558948664777569,0,1,-0.06296642984699435,16.865267446469304,1
2.35852500487372,1.2083906534081603,0,0,0.8283606805164415,4.611460071773044,1
-0.4783181182399315,-0.7532671715869095,1,0,1.600481724677825,10.089113432341437,1
-1.1898078555929348,-0.40452846470421616,0,1,0.17201699470464757,16.94018077602415,1
0.2595748989636971,0.16264482261958557,0,0,0.05595725589347027,5.07149043280839,0
0.24523509719857445,0.20028261298723365,1,1,1.787151028358673,3.8276498222458475,1
1.3316412900504324,0.9384628504754267,0,0,-1.2648472567904836,15.23752212721667,0
-1.3349313906522666,-1.1411851944681823,0,0,-1.5106525645075932,14.190617844302011,1
0.44197195385907156,0.24216149497651662,0,0,-0.2912903361354616,3.1969114886580035,1
0.3372860553463022,1.1824406584281268,1,1,1.156401983361765,10.960690287571405,1
1.298870513370064,0.7226951936994305,0,1,1.5681715733376729,5.551427549261407,0
-0.765619889232539,-0.8595411627654094,0,1,-1.1449944118303044,26.166193269528204,1
0.3542746168494596,0.7996936174911196,1,1,1.9300766525377193,0.17989132809268824,0
-1.1451041080524442,-0.4028595589631257,0,0,-0.827125515128662,50.05335920631714,1
-0.3186348151961533,-0.8967930214026543,1,0,0.04669749480919231,96.20843756742254,1
0.3279774073366523,1.5935498622044995,1,1,1.2675551066514776,15.713704008447788,1
0.07357560719431905,0.5912077741770668,1,1,-1.3682255648562096,11.539698767826495,1
-0.40141701273770286,0.5477276049507697,0,1,1.0434134652642122,30.20811500440154,1
0.3835971209163043,0.1599487064868147,1,1,-0.6477009866682737,22.749352459646193,1
-0.15602224953837754,0.7892641274412923,0,1,0.20308617144091157,3.975774304440342,1
0.14637104257936667,0.33538395157158085,0,1,0.9578994168776074,0.697852259322615,0
-1.2726793898762114,-0.2080333879970097,0,0,-0.6627055056309678,11.097957659313488,1
-1.0071398283446706,-1.575973272062939,1,0,0.045653520556146285,0.3461588525724549,1
-0.2631663894248058,-0.42112903260544476,0,0,0.16642426392063256,21.701788468016847,1
-0.9272148348416211,-0.13251141931826754,1,1,0.0037255779984662614,0.6877300841095532,1
1.2076711926790953,0.9324786362312809,0,0,2.2241629251823194,43.72826706348603,1
-0.36382847317554906,-0.6002868799819217,0,0,-0.6373089529220624,10.151359615102518,1
-0.12531059459624155,1.8430288754061857,1,0,-2.844355618533951,22.15104641832619,1
-1.9178788459049803,-1.2608214665409436,1,1,-0.308164997567519,7.201556133472845,1
1.0468060306400422,-0.07279609463419046,0,1,1.61430524454882,6.51612837993268,0
-1.3484847503202548,-1.0320386943363178,1,1,-0.65085749385921,2.294559135203049,1
-1.2255761475232565,-0.9776527052101589,1,1,-0.9709027590587197,16.770784553583347,0
-0.7089551143622025,0.9750427199499112,1,1,0.8165049312860747,0.8325703483066479,1
-0.3486347697230125,-0.26037482993642586,1,1,-0.04959750128262647,14.677987733669895,0
1.84518489737202,0.7715031180449089,0,0,-0.18244696061490281,66.61781417671831,1
-1.5865584624167055,-1.0822621905138252,0,1,1.5466785477833456,22.87821921050881,0
-0.39167107701268933,-0.21470910436695245,1,1,0.5317795007311712,3.498685758223119,0
-1.716972378276154,-1.1463284507929536,1,1,-0.5520823697710634,11.816642889634013,0
0.989956198939797,1.2679680119362062,0,0,-0.03552055547744989,8.772575081057868,1
-0.0571200589801762,1.4188298534484602,1,1,-0.8579664897804259,73.97407367282614,1
-1.1857642257799623,-0.4478430502823149,1,1,-0.03043567336694769,49.296488949365106,1
1.8495734009732285,0.6388472230202706,0,0,1.366540787879501,2.7591003828663427,1
1.5350868669489446,-0.03221148163826559,0,1,0.7181127023740828,9.897688919464962,0
0.04627948050307274,-0.6158078938182929,0,0,0.665092065699478,0.7067207724668557,1
2.0950629857558294,-0.738208442741799,1,1,-0.0039591940595483455,8.496949861539372,0
-0.10803715561254572,0.5582871144198276,0,0,-1.7061911971368806,5.815532567137548,1
-1.7665551859509836,-1.6980825640290251,1,1,0.5790789671409383,0.8633654712849606,0
1.038872398552838,0.7338714622095887,1,1,2.202077703886023,25.30537793082672,1
0.41868034047168434,1.4216460138092657,1,1,0.231373115006888,0.9583739081991701,1
-1.053397073870032,-0.585062227913663,0,0,0.9350448872137201,22.709578649546806,0
-0.8071757172121131,-0.8259515568517366,1,1,-0.3721828622794213,58.32070287297232,0
2.0589374712874076,2.5929923679831854,0,1,0.09951047943693432,10.922647614780992,1
1.1692212709699474,1.9550989457995254,1,1,0.6017532293176243,11.322141895163941,1
-0.9296342411759513,-1.4571415707904283,0,1,0.8320503470908532,75.81548334822642,0
-0.06352343149456939,0.4680771864579425,1,1,1.1604045309812645,10.397776515677599,0
1.4882655287951585,0.6068329634698507,1,1,0.5710183177945847,13.536427650784814,1
-0.970410223918489,-1.6202949821831554,0,0,-0.2752037894317238,100,0
-1.8702003668220062,-1.182434997129088,1,0,-1.7545297630639574,27.046949291088524,1
0.13938171116564285,-0.21158097774939208,1,1,0.2597213909262854,8.017505378609085,1
-0.5977749465692989,-0.5830942193234587,1,1,-0.5225493167344073,3.12635333496275,0
-0.9559509367632333,-0.7574570643926328,1,0,0.20629876030882147,12.014125964069283,1
-1.366546261288368,0.021645862470469734,0,0,-0.9290281325268829,23.445393954672088,1
-1.700201994025327,0.19643173532154223,1,0,0.7372073195390043,12.091072674672276,0
-0.7180964776991982,0.33203266095857414,0,1,0.038983004024722705,2.0610702072947245,1
1.4851848540919819,1.017526173753734,1,0,0.7897055890997536,4.430783359518785,1
0.864015196002984,0.05072177027487473,1,1,-0.3050784825972349,0.030185687441801685,1
0.9133272108619173,0.2959880121516596,1,1,-1.839402322172858,0.19190616418337372,1
-0.3045678548840379,-0.7526334084068176,1,0,2.2952967291710955,0.8752810693340978,1
0.2194828744556856,-0.1520009507262423,0,0,-0.8135302177587391,38.69376577582488,0
0.9592475325928853,0.23964515909090334,0,0,-0.6588660689241996,20.32640054823806,0
-0.1339388846018843,0.3620485520351962,0,0,-0.7268651710819282,68.71145193890686,1
-0.2892071861519023,-0.016971915343411997,1,0,0.20748317840084082,62.311567501861255,1
-0.5272672399617272,-0.24635418679272328,0,0,-0.16350942155964715,16.678434965065883,0
0.9741718305629418,0.9812887162145665,1,0,-0.5770814370162503,27.99245138463425,0
0.9269038534500198,0.6228238263470828,1,1,0.08525864605531362,1.144660005322995,1
-0.11908030952886157,-0.5565382419924563,1,1,-1.72684639319763,17.100786514393207,1
-0.38614582545890896,0.5410376736870426,1,1,-0.3591246637164267,0.45701948221050864,0
0.2945031081257821,-0.16392601273862942,1,1,-1.6846036524890577,6.535514589198092,1
-1.1087276341930137,-0.7702009808059662,1,1,0.20760057455036007,0.5214977274218489,0
-0.7196336477889071,-0.6206570847055403,1,0,1.115300850470915,44.91791698623782,1
-0.07250339932105537,-0.13234367982639625,1,1,-0.5301473659959592,21.639653055991516,1
0.04965520815016765,0.34119717724740023,0,0,-2.3371175926715453,49.1063764577065,0
-0.7735472578534849,0.5037415327957093,1,0,0.5634035843001136,5.913743634796902,0
0.5970753156303253,0.17336271144192228,0,0,-1.1900214206220798,0.08341639018490637,0
0.1125378798619197,0.13370453692164694,0,1,0.4914769576720524,4.557131860625331,1
2.297051519119185,1.526496056991473,0,0,0.10886688172903787,3.3300181417982953,1
1.3148050082458391,-1.1983641853001825,0,0,1.2892685339089793,16.703808785724284,0
-0.3264833023159753,-0.0671254680798593,1,0,0.7686186197826995,32.34554395927415,1
-0.31362920118454,-0.6945143936627273,1,1,1.1083732514572457,5.58940228721131,0
0.6415163920756465,-0.5641854359129117,0,0,-0.7619695826485438,52.79505182908117,0
-0.7684241152684866,0.17798308940998658,0,0,1.9244837532264476,100,0
1.1194176778180474,0.06872349288265883,0,0,-0.2837967912124764,9.356109990602052,1
-0.5449733076550464,-1.5278434853803617,1,0,-0.4848283967601269,9.373437471983397,0
0.3995473768150716,-0.3906611498221833,1,0,0.672941124969639,4.342036187397729,0
1.3212334652621973,2.4388385479395507,1,0,1.204555144700349,55.06916524125569,1
-0.18828094952854063,-0.5513724861943139,0,1,0.3279403643592594,39.650953659508154,1
-0.3356406158322214,-0.2799757261289321,1,1,-0.8041869960489002,38.03963282483444,1
1.431497784066468,2.650632898325236,0,0,6.637166815381789e-4,11.405786806979927,1
-0.6635175482909731,-0.5200765859681713,0,0,1.6175011318570198,47.850646326222076,0
-0.8885758111830436,0.5072643895903433,0,0,-2.4072133135448057,20.759601053922363,1
1.501803643750078,0.19588583085522038,1,0,0.6981904816637466,3.947898668228017,1
0.8968089913152728,0.8365615552971004,1,0,0.33255471039218754,16.69460830031452,1
0.7180694361341453,0.10725857078552625,0,1,-0.6872901186723699,7.078462005446863,0
0.6782395288758001,-0.3145565765812799,1,1,-0.41396477988157515,22.08715705492591,1
-0.049576667890312585,-0.7358692034348188,1,0,-1.6053359035238588,14.49172032869888,1
0.6756455502902327,0.23060036213315566,0,1,1.615081980258351,33.62826968845377,0
0.8372541184699284,-0.07130937099187123,0,0,-1.980993826106158,1.197791899214051,1
-0.7646314508146885,-0.9692670045947773,0,1,-1.2336358359624824,0.9101760419153435,0
0.321087027668889,0.7929864785906646,1,1,0.7419953223331875,12.301553747146219,1
-0.5992747695671242,0.14503239892185488,0,1,1.3426009612709873,17.66469500198148,1
1.7549955804477733,1.509235901448275,1,0,0.4048329939467622,29.041142946021896,1
-0.5938848919931864,-0.6144350607009972,0,0,1.7855846429667364,52.63379774692058,0
0.7694620057113405,0.6127800313923886,1,0,1.3334132774281724,0.5923852461863797,1
0.3002621759826873,0.013004401857732023,1,1,1.6749437161821426,3.153995622597693,1
-1.5562479576968113,-1.4448992483392864,1,1,1.7904268633995961,9.404111800296567,1
-0.3652411893541964,1.5160450793334357,1,1,-0.07003722881792646,8.46174206695074,1
-0.49579509039778336,-1.1219468489594973,1,0,-0.18391060347677352,51.48055219105139,1
-0.33246088919275857,0.02594583660537572,1,1,-0.024806942232254145,49.434437784098726,1
-0.6116663006159725,0.8751062378140224,0,0,1.0779116593089257,25.693970459621386,0
-1.6002242647248088,-1.7719077518243673,0,1,0.11569722509712366,11.21578248831203,0
1.4356027377432923,0.5409905321245769,1,0,-0.7455344735464736,5.536324985550364,0
1.1442672748781395,0.35149520665708545,1,1,0.1384920120019814,16.783280832211187,1
-1.4370255500319773,-0.8067937257451394,1,1,-1.2425805961449583,4.568939986376767,1
-0.6811660744845747,-0.6688533297952587,1,1,0.27770033528057314,49.416759980456085,1
1.815978487003428,1.3046597555904755,1,1,-0.4565721524953584,19.591939915389126,1
-0.6991434735726122,-0.4418557009165566,1,1,0.10617979271527994,5.4390666075217045,1
1.59240350841514,0.6512896041710957,1,0,-0.43857719751747265,10.717747265160918,0
0.5827754699921225,-0.6821535014421298,1,1,-1.2124225838033675,1.2128284851791569,0
-1.1093009158018825,0.611850950278972,1,0,-0.05975592429619642,34.11445119277798,1
-0.18990664627457124,-1.0020701812740287,1,1,1.3222430273599661,17.750235577305457,1
0.6742808721333935,1.035980940625839,1,1,-2.2527849534796616,22.512836695276707,0
0.23704919279910946,0.06770198738211443,1,1,0.046548940219805796,18.558069456923757,1
-0.1944183601776014,-0.5084215132237666,0,1,1.1913054704297688,0.13340356622216729,1
0.4354357183276124,0.9249149264121033,1,1,1.498008684520879,3.2755175600064352,0
0.1262202029837419,0.16852690550296884,1,1,-1.3615315333684834,2.4024311870861355,1
-0.5552299607108059,-1.2863801344394825,0,0,1.2446803163025153,2.6044779717996422,0
-1.1887149341987249,-1.2917172551148357,1,0,-0.14843638279182905,21.413369326442332,0
-0.045864395537399086,-0.29319673139806135,0,1,1.1850814067258895,0.7782379351346902,1
0.09425522929989359,-0.8357119017081973,1,1,0.08256797986262844,17.055172747308408,0
-0.049168393627803876,-1.6831612959779003,0,0,0.5937448367522279,79.37271680539662,0
0.6455699707251168,0.3110519254315219,0,1,0.22745240876375067,0.37052336781851114,1
1.477098554323098,-0.48562281382111694,0,1,0.7778558682272161,11.952272396477618,0
0.6511367133343657,0.8135211881326158,0,1,-0.18918931775704412,2.7610151810319743,1
1.6233671360487534,0.6676175488528635,0,0,-0.851844578861375,22.861351717369697,0
-0.31741373900363873,0.12217054247733847,1,1,-1.1339488966708062,3.3785709156290817,0
-0.08023315729342553,-0.30178383893375016,1,1,-0.43116176286215635,8.62316378055189,1
-0.5752882304058683,-0.25806905573050604,1,0,-0.0446131750036599,67.08759379347737,1
0.7802885177401214,0.6646617672898225,0,0,-0.6005639745988073,2.2755234472368238,1
-0.20937814729601104,-0.31992935872293765,0,0,0.8414411935467452,6.4847033303943675,1
0.12266580522107119,-0.9851539609069777,1,0,2.2191652383069114,1.8986658809212351,1
-1.5146432087102994,-1.2963860010178245,0,0,0.21944646709978802,33.02307667906452,0
0.2581711444294916,-0.5256370398304911,1,1,-0.5747881919314507,38.23535067926407,1
1.465170495430163,1.4086361986372293,0,0,1.2359060717621215,34.947546198705155,1
-0.8230433207841873,-2.541331598056707,0,1,-0.6323008364248042,21.181095477925275,1
0.6009811454773737,0.4533053777745162,0,0,-1.027091601374666,63.09783017027014,1
0.439021886664193,-0.8170291650772641,1,1,0.15720618131867065,13.196490716593757,1
-0.7772843355013243,-0.43917846263321864,0,1,0.5266578979960522,3.8078004165425496,0
0.24168392200160502,0.9278506604250695,1,1,0.674234993657426,34.38298826155745,1
0.7596107444663555,-0.9624351058500067,0,0,2.3706190718314413,12.890596098848116,1
0.2075074447715634,0.46448036262543324,0,1,0.0092964356011453,13.412596732315746,1
-1.3065609400918456,-0.5788198190030798,0,0,-0.21525698335840648,0.5908805346029883,0
0.49909061674971794,0.709109105081571,1,0,0.7429150635198362,5.635871403860478,0
1.3745441867371333,0.41430376617010656,1,0,-0.0905628455627905,12.19490802533697,1
0.14665878089942846,-0.5456971807947657,1,1,1.1953532546595917,25.842915757178563,0
-1.0917786096797668,-0.938202434474837,0,1,2.239159790279902,10.403939112137055,0
0.4273696383793687,1.0864747136047324,0,0,2.2229502831095167,33.57447327868153,1
-0.2795690144623675,0.4844530752097802,0,0,-0.5317220046529502,6.61675429268467,1
1.3556785217420593,0.7453571482630157,1,0,-0.5390493060489049,20.780850622364806,1
1.3100025922074183,1.236512315095354,1,0,0.5373371599916194,9.566743286391606,1
1.9194441467576489,0.482214733411118,0,0,-0.16431686219570368,19.40075839996308,0
-0.804586341953342,-0.09851860218938763,0,0,-0.3272934349242342,21.322182508910604,1
0.3907901257510518,0.6160865754645788,0,0,1.8709599641859285,25.7044911392506,1
1.4953355117903746,-0.10242591897601327,1,0,0.6460631085140127,4.331566800671378,1
-0.2688252894809238,-0.28666821445482626,0,1,-1.6781239821518328,20.259825822153378,0
0.254075942383252,-1.4201801397075904,0,0,0.9156745499531647,9.163689367228343,1
-1.1188412186038126,-0.08243741274811134,0,1,-0.4658036299928786,2.2800523994890356,1
1.562331904676582,0.14297318125426006,1,1,0.12030178785010731,13.684933591290749,1
0.22179970109083538,0.9592709458608872,0,0,0.49248907196180725,35.40885994839935,1
-0.47724197778380734,-0.6158687694016933,1,1,0.006567475936470348,37.07676847014207,0
-0.25281939514905194,-0.7591772386354885,1,1,-0.4252774292791354,11.631372961756407,1
-0.9434038514801499,0.3433335989022168,0,0,0.929413347037076,1.249733893076142,1
0.19378604222549892,-0.6067089506303075,1,1,-1.1443207288246091,22.083726228632205,0
-0.7311602317766638,-0.12388542833116667,1,0,-1.793956290809924,30.945321401377278,0
1.424512668018931,1.224434226805427,1,0,-0.8143764411160737,2.205648551316132,1
0.40793075480620905,0.33325951154777456,1,1,-1.1207634181299566,13.550053723496749,0
-1.0974236858055872,-0.36292128518478706,1,0,-0.23411246899499108,9.2147020515895,1
-1.290152790355214,-0.915029171418754,1,0,-0.03201101157927087,2.641955437570859,0
-0.7785802444615575,0.4801035563343582,1,0,-0.6494165835483677,8.510041085434212,0
1.8771029715908556,0.2559129960510451,1,1,-0.5417428981635685,11.912910109739693,1
-0.4125729422506891,0.2255504984065675,1,1,1.1864908693267133,2.1115221114563383,0
1.3841188216753193,1.1270325586219818,0,0,0.09180863226981038,9.539487269557242,1
-0.11106522988646866,0.5395190596989844,0,1,-0.6619446218459096,9.986398332030303,1
-1.4844215074060843,-2.4387321367092105,0,0,-2.4563722966704833,76.04590298240635,0
0.7691499856674466,0.8419392514582035,1,1,-0.9187559339557044,12.332722853209043,0
-0.37717835536685984,-0.4326569110650904,0,0,0.38510408418337094,60.478402195895086,0
-0.5569089199358699,0.17896412714920423,1,0,-1.4637170611377568,27.535755451757858,0
-0.715389993828612,-0.32214848664169243,0,1,1.4397653885484691,30.2278798810286,1
1.4664234206098543,0.19429774266018895,0,1,0.10875854921284503,1.7302587310301611,1
-1.7189811195163578,-1.3814807836831458,1,0,-2.1544537354976576,14.429076845693112,1
-1.4346978876997594,-1.3295266414930045,1,0,-0.7064271230825148,20.056091841911464,1
1.3797009212772602,0.596133802696992,1,0,0.5884299357144448,14.949597765629782,1
0.4917969608578024,-0.07494607124366062,1,1,0.5254860259749773,5.275402273296079,1
1.353045347560303,1.639946455367912,1,0,0.9865016461396305,1.499102066884374,1
0.7405561514031814,0.3696451638751965,1,1,-0.15221479091701212,7.1350824650066444,1
1.2122431854127895,0.01772711644830871,1,1,0.7535145070302145,1.5337501263759703,1
-2.120284205049852,-0.30428133811088176,1,0,0.41867968603514044,12.675217542586156,1
0.8619905960680078,-0.6149375456450226,1,1,-0.6311234243369577,6.859787816633714,0
-1.3985367219349847,-0.5896744804500341,1,1,-0.018423247555028523,14.887371509916214,1
0.15481097602841054,-0.8023943979523247,0,1,1.9097950410721518,27.259645255807936,1
-0.37596869321224363,0.04821026912278875,0,0,-1.9278389276869432,7.511959194672464,0
0.4498959997310814,-0.395920649188121,1,1,0.6284337215770532,0.23268399656650562,1
2.133996611725325,0.8391336070475881,0,0,1.80566318379427,11.428575255872213,1
-0.37419522522926385,-0.5136758320719168,0,0,-0.34600819377851466,2.6965009921060306,1
-1.1087351633461286,-0.5618689638593738,0,0,0.3326670802229072,20.890934709635097,0
-0.3167730117717244,-0.5834379046722389,0,0,-0.8291887185439556,37.84879863042247,1
-1.824135790377084,-1.6040927943443926,1,1,-0.7177461237960306,7.8042544263023474,0
0.7875943213005844,-0.6240586593239088,1,0,0.9378751297656939,21.49702708811919,1
-0.6177714830847257,-0.7510631725577985,0,1,-0.1450984075829252,7.554635769672016,0
-0.8905109198020127,-0.4360647788679954,0,0,-0.3643354633719588,10.379867072371743,1
-1.7036589739134804,-0.37292165172651226,0,0,0.6206261153513873,34.72175478703133,1
0.19819179690802052,-0.11013105132186851,0,1,-0.3535330906680269,20.30515662371913,0
0.6927152557000636,-0.16941118675382733,1,0,-0.17628456644199758,1.8570544815317709,1
0.5494462793744174,-1.2114713816108837,0,1,-0.10634154432066908,4.045087536819547,0
2.561675598409871,2.139905498432238,1,0,-0.5631654328364709,6.274669327229138,1
1.5237639931702363,1.6237951769464498,0,0,0.6043061613071706,31.632732174490265,1
-1.761000043380687,-0.31993153388662743,1,1,-0.4746669833727631,8.509006327600538,0
1.8054811187053785,1.2432478430541003,1,0,-0.18297415389276728,1.6175663830133284,1
0.3032148247511462,1.2913755563787541,1,1,-0.11309427297718401,9.43832987971833,1
-0.05875313485169266,-0.04731472107535565,0,1,-0.6848230186563942,29.480419244161965,0
-0.13541581810937953,-0.1275897782745454,0,0,-0.3566034981715054,6.983322993993435,0
0.7159927066418437,0.8404932398327594,1,1,-1.368575325647919,8.420331748392883,1
-0.625804288367225,-0.29462446914812057,1,1,0.9580744697485866,12.028924789070702,1
-0.18516043485138978,-1.2132223255584116,0,1,-1.0723723327171777,4.888451590773198,0
0.23493961272730496,0.18546068555453188,1,1,-1.4228781946291869,5.845864374369444,1
-0.401820354085342,0.43218623925469,1,1,-0.5835619134490336,20.79753921410703,1
0.8608704133529396,1.1396369089906344,1,0,0.2842652803136964,0.09564558227228447,1
1.3261242838899623,1.4919806862494074,0,0,0.37486368510209805,9.83619726312361,1
-0.7052880853986608,-0.48569117090922265,1,1,0.4450346986893475,6.200459522841948,0
0.4353781791298921,-0.8165557938194304,1,1,-1.9697643607314634,53.21576107326501,0
-0.129798061633898,-0.16373046800990315,1,1,-0.7979223346121395,18.5629812658361,1
0.05571068264481856,-1.2348124488250583,1,0,0.21278876643845063,36.86344790294742,0
-0.2989408957490374,0.37063606516547276,0,0,0.19986016138505003,0.9319503971478706,1
-0.4714189575002456,-0.017290751551903044,0,1,-0.53869582277123,8.762324553797699,0
0.10177523323256053,-0.15858153661111368,1,1,1.4004519285082944,8.00035798109247,0
0.3054126041783099,0.1470759973905286,0,1,-0.3417741787611663,2.119881743850505,0
-0.32870546520887295,-0.14003913792428793,0,1,-0.5518146945793043,10.259276514310315,0
-0.7490614423931256,-0.8845568102747514,1,1,-0.46051132216619317,4.097921871937688,1
0.484284906152316,-0.15490868246560463,1,1,-0.02441693827860397,12.31802363384614,0
-0.37781247505291676,-1.6614813370194246,1,0,0.6400004451441961,51.86943887406151,1
-0.25170903508011905,0.26840071831241485,0,1,0.905291500066451,4.06382112121838,1
0.5086305383932725,0.922134773410284,1,1,-0.6290488588781372,6.758029200344194,1
0.2609499902980015,0.7248434038999478,0,0,0.6742891243447927,2.0761953005844545,1
1.1026869563634243,0.32521649708905387,0,1,0.4188973026932725,7.76064830836295,1
-0.023540036267589885,-0.36854355249586523,1,1,-0.09511068219352123,16.170313009537796,1
-0.07665418355090463,0.4110439363955878,1,1,-1.5738369545929012,1.2251394527561414,1
0.8099306086313147,0.5894914920638712,1,0,0.8895350305972458,22.023615946982783,1
-1.7139379283400784,0.7278397242615843,1,1,-0.18800806718313587,15.497536315831098,0
1.9750680963681129,0.2776971984475991,1,0,0.834441780274799,2.369316856221733,1
-0.8672229598861617,-5.223558492401525e-4,1,1,0.5929302946981542,17.169894582707688,1
1.4668113256158624,1.4055021699641825,0,1,-0.01680927081944389,2.594771290278593,1
-0.2785600247935982,-0.5365777650709143,1,1,1.466829364218964,37.15087753770726,1
1.8035886498634224,0.654820177635743,1,1,0.279861663558829,4.8477118044046,0
0.2881722297630441,-0.09078751871739438,0,0,1.8817074254885804,19.424812443593954,0
-0.25913169990386054,-0.030472264422770984,0,1,0.911365876780295,11.030347783200511,0
0.41526264912977556,-0.9630465258288066,1,0,0.5952025657132649,1.355474053145417,1
0.27623538164308037,-1.1955623030728812,1,1,-1.0036103372838423,27.2626915556522,1
0.7164279459127941,0.1815065359359979,1,0,-1.9478939878531223,2.8851927056690663,1
-0.3792216617835242,0.36891000654237927,1,1,0.7996067356179942,3.9508479685355264,0
1.1249604973437883,2.232730781260989,0,0,0.3397332732318793,69.72142864574847,1
0.3504750850709213,0.384909647895616,1,1,0.7286170442274991,5.717174643047129,0
0.1853639161303892,-0.9459131647777549,1,0,-1.1648922323422202,23.979670667153577,1
0.6736343434869301,1.3109991636354583,1,0,-0.7629927941884931,16.852950117362678,1
0.7160490399383689,0.6039339607805558,1,0,-0.25549488435992823,5.8275287609072395,1
0.9419738986655076,0.9450898592990702,1,1,-0.16002946329785914,0.4813269618267485,0
-2.14528577358402,-1.1189054492395696,1,1,-0.4256045297251025,27.647416238325707,1
1.3586752490751677,0.7453638014763696,1,0,-0.6430253021414422,7.12327132131779,0
1.9305553892683003,0.28683495360758116,1,0,-1.4785862579932034,0.31036145778700236,1
-2.366205928736655,-0.8277806319302873,1,0,-0.49365619867628174,12.108291723553137,1
-0.5164126954486535,-0.12368332174062441,1,1,0.7527237108122435,20.104759821575147,1
-2.0769420747841383,-1.0713721833478411,1,0,-0.23687803848471442,0.2240710970163846,1
1.0357539280579344,0.37172674456372046,0,1,0.4529170935462989,67.53757142507614,1
-0.5062791331313209,-0.6016526566272056,0,0,0.6402070645596454,6.376661538167247,0
0.12379361835514846,0.7258810872683856,1,0,0.9376314408802815,12.171173194541497,0
-0.7678504474109993,-0.8663379802091644,1,1,-0.9005040190779207,10.110405109376579,0
0.19099922584668164,0.0562409780346048,0,1,0.3095112966240478,8.13812140363022,1
0.28343234994427846,0.4462187336411141,0,0,-1.3156423795407501,0.22182128216468175,0
0.6150964432442866,0.18991034860414366,1,0,-1.219757648836025,0.92164202883191,1
0.009051521146110936,0.357139556820673,1,1,1.8837323654553468,3.387648799360569,0
-1.8658118748567594,-0.2805744678028338,1,0,-0.4007395123542621,6.4866474298176975,1
0.31470887146505594,1.183405409361861,0,1,0.16037970659635664,5.125635834954391,1
-0.2379939711967258,0.7325727665558853,1,0,0.15314226638780312,66.22943547110202,1
-0.9635594749695249,1.3850028044317524,1,1,0.050105278429455044,5.59380353390641,1
0.8521400079994693,0.13569516626876543,1,0,-2.7887530179288365,15.085522501138149,1
-0.6535666157713174,-1.7210558059158712,0,0,0.5759030297922834,41.64339949578744,1
0.4655283202018235,0.5863533877820903,0,1,-2.2113630822572685,0.6674959294902721,1
1.2731510625137612,0.31204319599305186,1,1,0.222346459163749,2.6366702389971466,0
-0.9301205890306847,-0.6027181216054855,1,1,-0.46276986227878497,22.069184501265045,0
1.6323792262724846,1.6524289441408744,1,0,-1.3833199750757046,12.716172422173313,1
0.20897067439627035,1.2653770073359347,0,1,-0.8395112087944764,9.444261576241566,1
-0.6687492255712348,-2.6237367381762233,1,0,0.4322248076016193,37.71026120298942,1
-1.4925920008511102,-0.5724215772994403,0,1,-0.013312660902021295,9.145203403223,1
-1.443982206659621,-1.3549922128004424,1,0,0.09031526546930672,20.381303168063777,1
0.007750605876280015,0.35674526537972506,1,1,-1.0427864136578653,16.762231491487988,1
1.189554013719965,0.22526778261750263,1,1,0.05031047687619074,0.8461858232470221,1
1.5086307147295386,0.43189028057763945,1,1,-1.3181245165857032,1.2973078316558582,1
1.0884471396331705,2.2811759039440043,1,1,-0.032480415767887495,1.049270775538819,1
0.8364771333589175,0.1307354704583854,0,1,2.165104377400365,12.108060875723655,0
-0.6926373706656577,-0.9048097184847685,1,0,-1.7586557289315767,19.164416545003267,1
0.20212102917057434,0.5361128186179053,0,0,0.38209800427599616,2.132204427742247,1
2.3541319899951794,1.503738249665603,0,1,-0.8129618587224864,9.137757751629271,1
-0.11800068511820941,-0.37424403233519843,1,1,0.36272140986706786,8.94393640723353,1
0.17290861560091955,-0.2365666499033387,0,1,0.029951614920810134,7.1929306994878495,1
-0.5814602871213982,-0.3645315037714262,1,0,-0.9299404046945215,11.950078740794437,1
-0.2921734366625746,0.8042712822236705,0,0,-0.11098607818336118,5.469901392034154,1
-0.03135227734363919,-0.41949662456562364,1,0,-0.3903728105357148,24.28718285768367,1
0.1426892422862746,-0.5271766890684697,0,0,-0.1218677566217813,10.669828468791444,1
-1.0665015475466464,-0.8205203494945323,0,0,-1.1750045088128958,64.4667304500581,1
0.1982334942852996,-0.27234171405175917,1,1,-1.7847434171534857,12.65822923058843,1
0.5728257222049492,0.1337574439991467,1,1,0.4575192370199841,9.895104451341949,1
0.41421520197117345,0.8039893517435948,1,0,-0.09697275606695732,10.42873275290278,1
-0.52533397038392,-1.1843475252094353,1,1,-0.3778678688434184,5.619380021439797,1
0.48125309023014673,-0.14846969160381934,0,0,0.7976276613730262,18.932188004693344,0
-3.353001478610469,-1.7113961400617899,1,1,-0.21680359967017457,2.3834201621168876,0
0.7748935965289843,0.46273788870437793,0,0,-0.7299540404643805,8.13346689441036,0
-0.9184699782904189,0.4977769732509416,1,1,-0.040106997217361454,2.971214557673611,1
0.5966215354786845,1.406719681278498,1,0,-0.27261673451192325,25.881357697921352,1
0.6887051438496808,0.9224515161363118,0,0,-0.38791654230901146,4.400648247681109,0
0.13712174652305795,0.05383216806659724,1,1,0.2674363031563732,5.5594741459867585,1
0.9619741538055763,0.013637041799834104,0,1,-0.08375076334495728,10.865656376781267,1
-0.8929751519576803,-0.8011892877529186,1,0,1.1200068727227832,11.323772449780241,1
-1.5412056790506894,-2.5101018273240006,1,1,2.4581339689561306,4.437631351200108,1
0.6062027859523367,0.0630432084538182,0,0,-0.9117910217925295,32.16182020184941,1
2.0309994093061112,-0.3476284281947817,1,1,0.53363058918897,4.771195130933257,0
-1.049324143373615,-0.46264763451770424,0,1,1.2411991825807827,14.329489159913418,0
-0.14052436159014012,-1.285966800032266,1,1,-2.0319765545799493,9.504378110381461,1
-1.161760955361971,-0.3977709132255085,0,0,1.9742548582982689,19.472903017430077,1
-1.0903865114842057,-1.1765922481512778,1,0,1.6028083048385722,4.224375971073037,1
0.9636350083534531,1.1396492880973452,1,1,-0.11596867800633652,3.619039652967466,0
-1.1751660785943676,-1.176043583811034,1,1,-0.0759625205845685,11.136341401678774,1
-2.664690478531379,-0.12992244763464922,0,1,-1.6780312473468637,5.858558020744792,0
0.10561401634360344,0.3901336494430439,0,1,0.332995849875759,32.20539568703973,0
-0.004874413047642867,0.26739167896071564,1,1,1.6807988398844675,28.814601799066068,1
0.5523477126970266,0.6630027217503591,1,0,0.413259488307046,15.548742450186941,0
-0.45424744566915953,0.30624469279064165,1,0,-0.4356367838786996,33.0911945148054,1
-0.2931243512743916,1.1284078396866526,1,1,-1.227503958673648,24.889080416934384,0
1.9525039603131429,1.8770575901197948,0,1,-0.9356159928074745,5.668776325335962,1
-1.2311564985976227,-0.24703832680913795,1,1,-2.8332640544652437,1.1867739859106745,1
-1.4460096443308206,0.157230227151531,0,0,0.32315571938269266,20.884422914127825,0
0.4756579877098351,0.9792039753343637,1,0,0.66804882128649,18.62879226802109,0
0.06201803453496869,0.7447020198342607,1,1,-0.6989861268471782,46.33850343468301,1
1.6492331058522003,0.243880176805631,0,1,1.6384196477637207,39.61801949894778,0
-1.6974782586846642,-0.08485008148832274,1,1,0.3054012523535679,25.531301474440383,0
0.1343649309858867,0.38007031796742796,0,0,1.2145719243667084,24.589852202818317,1
1.6676600426915464,-0.08449441232292143,0,1,-0.07888209408480254,6.84290084688632,1
0.40959375994698183,0.37715598318744004,1,0,-0.7609402073981962,45.499251931888224,1
0.18518175693719072,-0.4726181389032188,1,1,0.5532168600182709,8.264060481493175,1
0.7600720656594739,0.976187533357757,1,1,-1.418814608966847,8.95399095340896,0
0.49865282008195266,0.8850159545036909,0,1,-1.593325109668212,60.135989027142514,1
-0.21936091752263967,-0.9165278823612837,1,1,0.14601324928581433,3.924313758792403,1
1.9148467002000515,1.1246142826064283,1,0,-1.5661046308944242,34.004347906581245,1
-0.23651801965168473,0.7647940936290061,0,1,1.8786937538663915,41.96669189936097,0
0.6607237498747784,-0.7875772987888136,1,0,-0.3191465129645052,2.8982775905629623,1
0.070503275127597,-0.6722788725985062,0,0,0.8596310121783041,59.89749152666791,0
0.7450246420390928,0.5908520680359587,0,0,-1.2636737151610826,5.637656536277952,0
0.2714494984465768,-1.2108514752098323,0,1,0.5910065915738755,2.1480362510518676,1
-0.04194681547251064,1.0127439155506668,1,0,0.06934728167728983,21.150870383913418,1
-0.1315865053492027,0.3618552313138844,0,1,0.1402155314985141,9.011161106359479,1
-0.4570890021264351,0.009970884569121152,1,1,0.7011745180900782,11.915870500838269,1
-0.0485663559733209,-0.5739507480772189,1,1,-3.3205982548300126,0.07875149048318286,1
-0.32421595083980603,0.739515894797945,1,1,0.8303550548709356,1.8157783296696677,1
0.6671929653666024,-0.07251296327628243,1,0,-0.46738928410040864,17.883432514055713,1
-0.1451225195178305,-0.41817398198839434,1,0,-0.5535942192396034,10.74131421894523,0
1.278782701829065,1.9640249972085115,0,0,-2.242834762313971,16.426794244938765,1
0.4143077285675427,-0.8691257668055892,0,0,0.5078279340058106,11.27002879221722,0
2.8731333409755,1.0205895262281073,1,1,-1.0549246846350144,37.73532303334909,0
0.07352492011039957,0.2374838499434845,0,0,1.5068710010232094,22.13407927914804,0
2.0698285029440173,-0.23602873006919278,0,1,-0.8778220848901906,0.8492021720081694,1
0.25381638226678377,0.13999473247298405,1,1,-1.3463162280722265,9.230183252328338,0
-0.8497174586957223,-0.5187484669948114,1,0,-0.12529026187766176,71.00376434875587,0
0.949571972521263,0.9629388901542124,1,1,-1.004611496589558,22.377069547447466,0
1.340665179050416,0.4265366406537494,0,1,-0.34190963824104614,1.9688000250703444,1
-0.5531271063652552,0.05997294812609394,1,1,-0.6361769362290599,3.7296519398573995,0
0.41892348828330456,2.2089137056537704,1,1,1.6939731485679885,6.655037903694788,1
-1.5684985198779124,-0.6430583582870733,0,0,0.5119023898612105,100,0
-0.7574743302460318,-1.4081618330832337,0,0,0.2203841937938032,8.458735224327357,0
-1.0454363494400138,-1.2793413813564525,1,1,0.22380549348311302,10.780981647952373,1
0.17687404849639088,0.08576916914507127,1,0,0.7377599111698917,7.530857917835483,1
-0.09685881348295286,0.2090179154252778,0,0,-0.08246662473736138,16.008262171931186,1
1.3530197520535021,-0.6675226401831892,0,0,0.31209487959250887,16.38982667213801,1
-0.46296993894333904,0.34312305249290276,1,1,-0.0433416582486445,15.412744940864616,1
0.41719660756877414,0.49785618331766,0,0,-1.4043846738133836,16.068622746089794,1
1.3254754911107323,-0.05584186047475492,1,0,0.1775813686836411,4.194613760818741,1
0.9248591338382048,-0.5618694203534186,0,0,0.49131704482791044,2.512085140392796,1
0.35062457300985944,-0.3346578544969505,1,1,-0.37245846755673545,20.615290801815767,1
0.9970169370617462,0.4499253975825571,0,1,-2.234549644981812,6.5456613379350355,1
1.4816432547086775,-0.09601323435237041,1,0,-0.17707231551159844,2.5556691151877966,0
0.03537046189728458,0.9387023943175482,0,1,-0.25096296818634,0.014122617675209708,0
-0.8129826598721012,-0.9574036269293078,1,1,-0.2749406165865736,24.566315660138233,0
0.6193049058273583,0.521582349155276,1,1,1.070395220897799,19.70390801121131,0
-0.2230867334982832,0.7897644873715332,1,1,-1.9291629776726789,28.45440994762189,1
0.8386476039082973,0.5326891039523124,0,1,-1.3020345653806789,2.985563115469725,1
0.6477817750366751,-0.7875277035099659,1,1,-0.1998611760729842,3.4393078245984032,1
-0.11999779910953416,0.007536238443042249,1,0,1.6742710891405956,2.039138203902152,0
-0.23807094904675874,0.2628903131358747,1,0,-0.35905946774699415,22.60903332195559,1
0.7062670909035422,-0.04904354911635378,0,1,0.27408114636368375,10.962762007328559,1
-0.6395195141404597,0.3401262235646819,0,0,-0.4003585514790027,26.272226716172035,0
0.7240046014506719,-0.3807006325407128,1,1,0.19159086205953849,1.6429499627910849,0
0.18973520577074018,-1.3143324182107432,0,0,-0.265421683695612,63.57976392339978,1
-0.6813919234435716,-1.4243500230257344,1,0,-1.4786807573986493,44.2918582332126,0
0.42767854441531594,0.6350555682847282,1,0,0.7660592085805432,10.809775015656243,1
0.14198426359034172,-1.2055073975800745,0,0,-0.9076532445505531,8.954244522799122,1
1.6889495956846863,1.3074531742325686,1,0,-2.1090149670965146,3.03689136380066,1
1.8075311053995893,1.698633740941204,0,0,-1.1084624762066713,1.8223596611627655,0
0.0591828177301042,0.1541245334007264,1,1,-1.370305717108891,7.766998869963749,0
-0.0072337557032479145,-0.5632351807825863,1,1,-0.04777532375899422,13.209189921508617,0
-0.6985545739115318,-1.1497043567866574,1,1,0.20590043271937225,30.3559983889917,1
0.4225682570736732,1.0472311896530675,0,0,-1.612060806903007,20.843091807066163,0
-0.08184056727519874,-0.3308369849312853,0,1,0.3219531819940141,11.905787377877528,1
-0.841075963559088,-0.7562532574313183,0,0,0.3427376047552305,6.082209201222885,0
-1.2505901492660563,-1.3825066397740344,0,1,-0.44295656437598957,12.537457424329787,0
-0.3307137801656477,0.3291124313540669,1,1,-0.5162587587880698,19.84487591668888,0
-2.5646610705954473,-1.9370901945875851,0,0,-0.9192917040048292,2.3112783461253015,0
-1.1414951710954644,-1.4066944293248995,0,0,-1.058968589324808,37.627867000857115,1
-0.46158680074220926,0.7481331028304737,0,0,-0.2212458087886338,12.912740818673859,0
0.4712105381747674,0.04143389353061114,0,0,0.5133159912762129,19.031689985398348,1
1.0504714068043557,0.7022648793487922,1,1,-1.4316091121825416,4.841302287720951,0
0.5568107033675479,0.2551527025660032,1,1,0.17518904221315934,4.8538059221089584,1
-0.2572070975182943,-0.2815105890343655,0,0,0.667092391715485,32.41972250063736,0
-0.06623453219088944,1.1800884065203818,1,0,2.0158614870903855,19.839056765000727,0
1.0074866688462252,2.17801544525335,1,1,-0.33164640333123946,6.415957813252197,1
2.2235333772911368,1.0660271957030896,0,1,0.32618255923052963,9.626288577825564,0
-0.8764821111502055,-0.6185552846988486,1,0,-0.38136777365472574,6.894613577451735,0
-0.6561452606068647,-0.45776598994432827,0,1,-0.6404245874684957,44.242971960641036,0
0.8077126557716126,1.022394166046933,0,1,0.2866501090837377,9.848331711985638,1
0.1500839461197679,0.9814886747680223,1,0,0.18296859899577197,43.12693491054952,1
-0.06853136511580682,-0.2973698794517163,0,0,-1.4192583119650106,1.826882281699067,0
-0.0821665614056499,-0.8395506979279028,1,1,-0.9813608679824467,11.246952909621351,1
0.5811165120390169,-0.2984649107067564,1,1,0.10320651997309203,2.9540841350767697,1
-1.0199876828700016,-0.5820514065031965,1,1,-1.4807544708822542,4.321032049742994,1
0.43135344543906085,-1.2309273788820516,1,1,-0.90991515436588,14.96391204649605,1
0.4348083678197135,-0.5095490897060748,0,0,0.5731756831946381,4.654292114338799,0
-0.11016210623367188,0.5742017427488254,0,0,1.8256013939362692,10.788919702661245,1
0.8702294529748232,-0.02909536311543226,1,1,0.271304523890308,19.640521105533896,1
0.3438122892917252,-0.43009763828963976,1,0,1.1104769999245079,17.92312400523154,1
-0.1411780480071311,1.2031971669478616,1,1,2.4272151908580626,3.032441497908383,1
-0.104213136353481,-1.599490363586797,1,0,0.9480320111300622,55.060825975156774,1
0.9450303391504767,0.7833125243568679,1,1,0.18900953702819978,25.165843111655008,1
-0.09038020254296725,-0.3309450607210599,1,1,-0.20517921079973037,3.9059726025630064,1
0.015595255695762597,0.7345271704113698,1,0,-0.42236807671209997,24.8216378306862,0
-0.20672496823146502,0.1335645403901146,1,1,-0.10187284979964843,3.9378474902674068,1
1.5540221032837318,1.3852053785126262,0,0,0.8238042304363631,6.297136879771495,0
-0.66174197539231,0.41017137938816906,1,1,0.8945494841273784,4.956098217957395,1
0.10409316398724239,0.258656252750021,1,0,-1.4416086655883205,25.027240028816685,0
-0.8564106199911118,-0.05198302642878355,0,0,-2.1548747133409933,39.09862357296215,1
-1.3303153448163194,-1.3503295563359892,0,1,-0.916594638778789,1.3796311948900597,1
-1.5975542806333682,-0.37630203991587985,0,0,-0.29389991283475236,7.639911011894931,0
0.5242151292343126,0.8634161821210182,0,0,0.4830821770646697,3.39862469023012,0
0.8870650301734927,-0.6010456307514533,1,1,-0.330950567758515,14.334471819696105,1
0.7243339596032541,-0.8220977316419676,1,1,1.6412273595687827,6.017082432794431,1
0.15746576871682086,-0.5838184292256,1,1,-0.7494633223223486,3.443141057737798,1
-1.4727790035939246,0.6733010703281458,0,0,1.712712079868592,3.1267201230816335,0
2.279989973892216,0.8315515257015939,0,0,0.5567602773846194,19.04308861306577,1
1.6379163904748477,0.4479156911824972,1,1,-0.023919506665380737,38.77107039476332,0
-0.2756306911014124,-1.0800307621096474,0,0,2.0873676780400423,8.096473766183845,1
-0.9401133255678796,-1.449132230433584,0,1,-0.7109262526716817,73.58112733080173,1
1.029474676539838,0.8393050961343855,1,0,-0.19913018874296382,8.570226415607834,1
0.25703393748367254,-0.974323856229015,0,1,0.4136339304768963,3.9811986197873233,1
0.47201661723991223,0.9784267144161747,0,0,1.6807141110618078,31.76952468514005,1
-0.2911856110992431,-0.8782169434942129,1,0,1.6219548239609707,7.737426013823029,1
0.44161665556120433,-0.3468394569756659,0,0,1.969252561563145,89.4963744255509,0
-0.7760929061372643,0.02317816966825942,1,1,0.2858844791288364,100,0
-1.8869637488545468,-1.1438841074806474,1,0,-2.014413014074541,25.739708645038565,1
-0.7235816923279567,-1.598824878469348,0,1,1.3587144325303298,4.275655416206222,1
-0.38222105987553145,0.05175748126819643,1,0,-2.3010504923148734,16.674223221953838,0
-1.3928732323408883,-0.7423424206123076,1,0,-0.237519822372728,12.427278317318704,0
1.9916075401452205,1.1159234897101293,1,1,-0.48137641204569803,0.3919846279140177,1
0.7398215755943744,-0.037176997375629295,0,0,1.355704418551706,7.413228504521858,1
0.009938562828953137,0.44637011266277576,0,1,0.6896047978542554,39.59744980805999,1
1.9860697808497634,0.7958409526538804,0,0,0.22912561942927825,16.371511734025827,1
0.8599871587148796,0.9028482328135687,0,0,-0.3228599555389798,11.99440675058048,1
0.4555858315053791,0.24158758565150168,1,0,-0.7319609770966133,9.711447609881821,1
0.6471420419065647,2.0385811049335665,1,1,0.05347408599154474,7.20636316169458,1
1.1463578367347849,0.9165632931972765,0,0,0.5422953723729675,0.7141070502677063,1
-1.331540241672536,-1.9757912942632645,0,0,0.8990776131554596,21.560268678754625,1
0.49885414041299003,0.04804328194249802,0,0,2.7760112252745963,10.871319766371139,1
0.08737959615012256,-0.643430797122724,0,1,0.06651333652667236,10.811796958257137,1
-0.3166331190961765,-0.09868018890166659,0,0,0.41775714314309714,10.049012998495991,0
-0.17408441800314448,-0.8291428257744053,0,0,-0.29491829916357687,16.105563965516698,0
-0.36770490184927984,-0.2835430861313221,1,0,-0.8810844240454608,30.966448838596357,1
-0.02963885957637295,1.4601455535880274,1,0,-2.3564582260387605,6.113526342699303,1
-0.40780206551153325,-0.7936015428978503,1,1,0.893774874588719,13.328868110030042,1
0.3486744918944069,1.381372776710594,0,0,0.3564183617830265,43.45910246796248,0
0.17440059536632882,-0.8440275882420297,0,1,1.6666211638585722,4.899482599630395,1
0.043728212272123895,0.43811380379943443,1,1,-0.06371702426152102,18.00808520348159,0
0.26673596052445914,-0.11645192444285885,0,0,-2.39687698902534,22.010577955023823,1
-0.05464068502998205,-0.8176794968302258,1,0,-0.3739920632048952,5.509921422057687,0
-0.9855210723869213,-1.9576328412664343,0,1,1.2184907796753288,4.856506182388062,1
0.14997820406090193,-0.1590491248366962,1,0,-0.20979385509714435,5.797825135983113,1
0.790481311673878,0.52918983115231,1,0,0.10099723350187574,6.116350569577832,1
-0.8109819329387984,-0.4552313789521566,0,0,-1.947845622928241,34.86935775065864,1
-0.2775905496491726,-1.417484683539707,1,1,-1.1317037811308412,2.1032109267653323,1
0.016570946263852367,0.9694561696188873,0,1,0.5646552709986714,19.017176122670463,0
0.5704920611774259,0.442561382215368,1,0,0.88134731569498,9.42221038546288,1
0.03512477766150457,-0.6959241501506721,1,1,-0.7871549339837184,0.6496761594777299,0
-0.1733447636413961,0.3025153807688674,0,0,1.5098684091687047,20.73443114165616,1
1.1996639388161372,-0.7269276724609884,1,0,-1.6363337868165755,16.866331719579495,1
-0.5881891858947637,-0.8220515858841,0,0,0.49864677001891605,19.29538598895971,0
-0.41825983026667124,0.7301038325226004,1,1,0.7849064664424206,6.727054237063527,1
-2.5851125655506477,-2.385724804423785,1,1,0.5010426741778672,19.328668687871208,0
0.9590719144225889,0.4426536803182299,1,1,0.5450663610229131,31.399112842741612,1
-0.24189794859049907,-0.21342463877831286,1,1,0.08058607388001643,9.253687776981025,1
1.4451394985983028,0.29845808035293797,0,1,0.5396741265256069,26.189792872780135,1
2.2758386390830125,1.1079536987571719,1,0,-0.13193904396258058,7.002186197690726,1
1.4458878112116407,0.6118432156768876,0,0,0.2180700067583543,13.534246835686238,0
-1.484872620204618,-1.1838092544915333,1,1,-0.0285241157669433,4.796361700796894,1
1.1567762343910981,1.8319340080175066,1,0,-0.5970340034777102,3.7984471872697214,1
2.7553965620422347,2.1591543810553455,0,1,-1.7159848223343936,0.26516031444635785,1
-0.8972811565941959,-1.701655695369317,0,1,-0.87239441083447955,18.00548106084875,1
1.0324513782960512,0.6434931645584745,0,0,0.5686212799041908,16.001587152728693,1
-0.9853154162045786,-1.1572097665770262,0,0,1.9022108762298477,4.048454724249327,0
-1.2763727245605625,-0.7520795539023696,0,0,1.579023067981476,23.681506498775086,1
-0.82976472396374,0.3316853017684128,1,0,-0.12200464458409899,39.68489847934,1
-2.209462977928511,-1.195182991253404,0,0,1.7338297613453553,43.04009639402333,1
0.9828185394739185,0.7708629584812599,1,1,0.581529909029084,5.312652044905451,0
1.5039283803738097,-0.048502664652720906,0,0,0.43777388432290354,22.39027545299142,1
0.08567539486036399,1.1858785267784242,1,1,0.20853917396773866,12.659727987606379,1
-0.03393159792360549,-0.007668046058621482,0,0,-0.7131954420995058,12.21288682160542,1
-1.8610628957506032,0.09974770665226884,0,0,-0.5861059321030156,1.320034259273554,0
0.3589319349308096,-0.3908868376485215,0,0,0.3208734727639608,16.122132304353453,1
-0.5859921878539259,0.20371289069045134,1,0,0.16996990143788265,25.64448242381825,1
0.018388841173893507,-1.0596773910901496,1,1,-0.26971621362448045,0.14724392474160516,0
-0.513812709790953,-0.34292483856110284,0,0,-0.10416839608370732,20.8919520282724,0
-1.3627984176836447,0.20981193253080788,1,1,-0.06725773617034565,0.7192245333427411,0
-0.16507955431555682,0.04131438763336384,1,1,-0.42412951950006506,6.847804188815264,1
1.287398103479119,1.323111346405614,1,1,0.06017359002284063,5.001594863983154,1
1.0748615478461288,-1.1744008709695923,0,0,0.021727185409730235,8.225048117093811,1
0.1555394003757896,-1.1207790057743583,0,1,-1.003143801942178,5.037179188036308,1
1.0476690811956255,-1.0040359894817716,1,0,-0.574689830844499,1.2858334417052983,0
-0.4070055028902859,-0.741915014980963,1,0,-0.16123673907731245,1.6034456354046018,0
-0.9354373589963627,-1.5285917872178845,1,0,0.5994882273998792,2.4708181325606873,0
-0.06680752762924752,-0.3717481134179864,1,1,0.7070415461160805,1.7207982832167823,1
-0.004349923279072518,-1.1641595209424431,1,1,1.035798316098447,15.83854478896822,1
-0.4277972772721793,-1.2221980090964712,0,0,-0.22272068786164337,2.5900167962687735,1
0.9375859385019288,1.023665141608078,1,1,1.0811679664251674,13.911662076006452,1
-2.0600124954421757,-0.4268094354215317,0,0,-0.5546873850332211,8.423345189836185,1
-0.4230600640794196,0.04130125171339863,1,0,-0.3476092692963569,39.630272755192635,0
-1.2690247338186007,0.32131322805500795,0,0,-0.5590231591368952,4.041833755158378,0
-0.5252697277459293,-0.3826492286100307,1,0,-1.3599927768266002,12.993009886510812,1
1.363412615434577,0.35992580407256447,1,1,0.7836790397706956,11.765580833492704,0
-0.6853947413824479,-0.463511780404248,1,1,-0.6662245988817563,11.932102820817283,0
-0.6842156130599517,0.5898724923295388,0,0,0.8028345123145836,47.60566095052782,0
-0.8576900994289699,-2.25679504046542,0,1,0.56783040212615,6.516955517249492,1
0.5415918391629682,1.0038053746457114,1,0,0.3286507755022767,7.8864937612857755,1
-0.50612649881302,-1.5205828133294959,0,1,-0.16092925597195223,4.624222955778048,0
-1.4535892081064192,-0.38296777229769663,1,0,0.6407102885873419,51.86923684840736,0
1.031680349020813,1.8248861081980436,1,0,-0.799516659392594,13.873648442813996,1
0.7837540606971819,-0.2823328899016339,1,0,-0.995359047523339,59.5012327299418,1
-0.12860636858484245,-0.3939126789424606,1,1,1.0537186613075677,8.089396226015298,1
2.122182601541393,1.6194558659730742,1,1,-0.5888598133738256,1.1581383358000874,1
1.0767402520131146,0.4584409708245447,0,1,-1.2262539924980949,55.85043776914475,1
-0.4173828237877739,1.2846831257714608,1,1,0.11693723110558496,5.0216403227374675,0
3.6035454600542334,-0.1608446385649107,1,1,0.7116658439622633,22.243438424261964,1
1.1732216694641977,1.453518783926175,0,0,0.7152160970421924,4.252388853482604,1
0.05158927009828955,-0.5707819436823232,1,1,0.06874498125633963,3.7308117627558732,0
0.11824758224243491,-0.6091962984111177,1,0,-0.7492336852935486,37.32881308472369,1
0.5328686400199403,-1.606817975675997,1,1,-1.3074856875650613,1.7836386595311542,1
0.24401236210613964,1.0073482447771085,0,1,0.1384503622939076,16.032364239486203,1
-1.1123616687929503,-0.15594856344931207,0,0,-1.6045453158398923,25.29741650429955,1
-0.6886992601613554,0.9722014116568067,0,0,0.13412391695113315,59.109986231171895,0
-0.17361101736821866,-0.3315774168766091,0,0,-1.3544423489359065,45.31926528855967,1
-0.565188379870777,0.5404851267404738,0,0,0.36613475606758245,27.30259766238911,1
0.1618289465639603,-0.2176022620127907,0,1,0.8716801808046286,7.944555464607617,1
2.6798199737312807,0.9768986862910566,0,0,-2.592387239875609,0.8342169447409246,1
0.009708916763550216,-0.18491357893131571,1,1,1.1895889694393382,56.376327597903035,1
0.10939452343747869,-0.09008006463909335,0,0,-0.8779709855427242,9.488675271397977,0
-1.0808026141804254,1.1503158651358645,0,0,-1.0019340693510614,36.781272931454794,0
-0.22129520810013656,-0.878963592301098,1,1,0.6738230076923448,34.082129977801934,1
-1.6748358501788037,-1.2993390823997135,0,0,0.35049459202649597,100,0
0.822133367180192,0.08350649872904614,1,0,1.6999127373046774,16.400425844460933,1
0.22680522374165027,-0.35613604277348676,1,0,-0.9698017463832534,10.452415133723408,1
-2.1642924896995193,0.1288973408339833,0,1,-0.2480640882485062,42.36017391237804,1
-0.5890309323416717,-0.6616642948278603,1,1,1.4840137436814604,5.951549657918463,0
-1.5694370963549031,-1.3671412132018015,0,0,1.8537419332525669,48.85176319873732,1
0.1622051502721969,-0.4423562267452614,1,0,0.23670058155527685,22.043133437001753,1
1.0954587822327786,1.3325910797059173,0,1,-0.9421939583173965,9.956567464326703,1
2.4160920458298345,0.23405695286697825,1,0,-0.08169264612280909,21.116088476875788,1
-2.387473334293715,-1.296385467409442,1,0,0.6172329885364868,22.680100408386032,1
0.48004303148973726,-0.9546823950049066,1,1,0.43419008860760827,28.267218368409534,1
-0.2906339270954691,-2.19903543572334,1,0,1.0277513265233362,5.227670545237741,1
-0.7348184165544654,-1.3472651646038434,0,1,-0.4506073814364511,100,0
-0.7236056845088379,0.010624326817867291,1,1,0.046811436088052175,3.0513615304940194,0
-0.483712504767988,0.004148596149825934,0,0,0.20300566451420698,8.862287284720377,0
0.19749422566530114,0.6015597844644386,0,1,0.6261399493526585,8.590740314640843,1
0.985843770175937,0.35643541210998814,1,1,0.9549711510391803,11.32848122760033,1
0.007469590158744586,-0.4527125302470421,0,0,-0.10936498114160897,13.52571548292108,0
-0.21784627134495888,1.672743100376773,1,1,0.613501810503444,2.7109009997276514,0
-0.9133819620483173,-0.6003194565897401,1,1,-0.13311109016893027,9.309474801045898,1
0.04958182662227756,0.6410486267607959,0,1,0.6246036877192391,18.04775571709108,1
0.08934435667355063,-0.8084307353777477,1,0,0.3219216537512958,8.589300261769822,0
-0.3903789468727564,-0.740884951967689,1,1,0.5650225650030685,0.43537947186006914,1
-0.1407630798612864,0.6125859938663206,0,0,-1.5322040880852037,42.07978327002897,0
0.3924142581051191,-0.8517620821145502,0,1,1.298473581433578,10.676647982117208,1
-0.007980415901896474,0.28491304517864835,0,0,2.151230224966953,4.249623913013811,0
1.7085317073728448,2.070635776130854,1,0,-0.7113502091002534,11.01502272255036,1
-1.21338403396757,-1.7011005161827135,0,0,1.3852562121404965,100,0
0.9857728578084547,1.9817999820211682,1,1,-0.7937463052845936,9.741683249766856,1
0.17161184075493816,0.3658371762940456,0,1,1.2142458858535323,33.3186551953424,0
1.4595856527218025,-0.391593986931253,0,0,-1.018526908337456,27.7983961866725,1
-1.5993210398329019,-1.0012405265184654,0,1,1.4104032297911593,0.5164872726620569,1
0.30792413195044704,-0.49056920436055174,1,1,-0.48029379436662334,6.836058736470666,0
-0.38084107766690295,-0.794002052078016,1,1,0.6257072885444966,1.1482227900704218,1
-1.1343051675878657,-1.4612596971473675,1,0,-0.03356901696705848,6.1242772983857074,0
0.670601381714199,1.3670707981195567,1,1,-0.4862183837885666,3.589103154740796,1
0.06881398144521704,0.3764085918734032,0,1,0.7115642684362743,1.8902328531956054,1
-0.27722822354126947,0.31659689156717497,1,1,0.500207092941874,4.775525658577842,0
1.0839594442787588,0.3505164006930191,0,0,-0.21001043592723231,3.6674590667263804,0
0.39529552037648275,0.6195390639653532,1,1,-1.577155475671438,19.064762217686543,1
0.18425848878097945,-0.9302456134466457,0,0,-0.13846217240517783,87.10123709924635,1
0.6583490409202786,0.6488942499684132,1,0,0.12124983198037412,50.05744622234191,1
-0.009850306170288621,-1.2101323531739157,0,1,1.652386481579911,5.58629543954538,0
0.9681478120906,1.6037584770064561,1,0,-0.11438149512972066,1.1991301247530792,1
0.45557009753218497,0.26543055781624453,0,1,-0.2645761000395803,9.164687924850401,1
-0.1586361725914657,-0.923148044678665,0,0,0.1220055763628954,7.339779469051738,1
1.462806594920662,0.675077192171397,0,0,-0.4925101841711775,15.608923963793545,1
0.6757930502159832,0.25614862095387675,1,1,1.3996668086592057,4.648917284130589,1
0.37395850288056975,-0.14513998323024097,0,1,-0.9146222681696802,2.95461143168236,1
1.1467553545251559,1.2940688264134872,0,0,-1.030756699221704,5.680472482622665,1
-0.8405902321128058,-1.006541063687806,0,1,-0.046573333411922394,7.427972433392185,1
-0.38319569135658627,-1.1876617446754019,1,1,2.0786667877621907,0.9910783540430097,1
-0.5219714070434238,-0.6319383478999934,0,0,0.7917229790605107,2.188815358781055,1
-1.6925718884757173,0.13922992095016673,0,0,-0.839071023873323,35.47861967823752,1
-0.7434821744744583,0.6789878123195208,1,1,-1.028055459859819,31.382923618893482,1
0.912448831390735,1.0896980064366548,0,0,0.2860725658667444,20.639965316112622,1
0.7474814086584708,-0.6648849702908166,1,1,0.5653973796227614,10.265449970162825,0
-0.9421363439088378,-1.2429603656716437,1,0,1.5675198539351145,36.8005148058288,1
-0.4064830701991693,-0.24564883011653174,1,0,1.4403299950644617,34.14439406851875,1
-0.6061264656027703,0.8910990540137194,1,0,-0.5015053519394427,11.794084252055908,1
1.2425536439649327,1.0219068083067784,1,1,0.9847826755908222,19.307326661879188,1
0.5253197110007687,1.713775001936419,0,1,0.8893602641800264,2.273829462712838,0
1.3600552405623219,0.6186246444988206,1,1,-0.933521192841103,4.631723014084007,0
-0.2938031542706675,-1.1319239134367773,0,0,0.21069875162113413,27.189274267454724,1
0.6226377902829275,0.1411201099369077,1,1,-1.2025715664246408,19.19831660914112,1
0.7215524781088279,1.0133377335673013,0,0,-0.8529072380471903,0.8631623445487382,0
-0.6941833791073808,-0.15665652699657115,1,1,-1.0943932614904794,22.03883084629331,1
-0.41637498402747763,-0.5132599343736228,0,1,0.3301397536336833,8.195640902160626,1
0.12253490784587973,0.5159875478343279,0,1,1.4260228058894444,21.26383034524698,1
-1.155978150874288,-0.7872548995122359,1,0,0.23335076772284746,12.178795578719477,1
0.9363906891826347,1.977306388021534,1,0,0.38603832532723814,2.4866386410889416,1
-2.278958233480608,-0.5384295303932339,0,0,-0.82594496161585,52.309322887099185,1
2.2843959525561006,-0.28568504049679655,1,0,0.8835671316075492,21.222711021799544,0
1.0510218469832564,0.9650458435665028,0,0,-1.7030793388306034,65.72766814979879,1
-0.1389197623107713,-0.2407477639200299,1,1,1.0750445811123348,8.765155339698646,0
0.5050092539860566,0.42808695545768727,0,0,0.5183088111217831,6.1355571084131935,1
0.12971806439883563,1.049624958729299,1,1,-0.09624677786625102,27.01358877496334,1
0.8815429623745111,-0.7084375088196513,0,0,0.9155336937499229,50.233974663283,0
-0.905255138801973,-0.17038921691224335,1,0,0.8357387297682732,8.487924799554849,1
-1.8699124056261045,-0.1755015259825834,0,0,1.0008718366034783,36.9018959890792,0
0.789415726684579,0.7789826611786317,0,0,0.287382851181982,7.63506735099238,1
0.6219355681701063,-0.18661383332732268,1,0,0.32875157281495887,12.150809230067392,1
0.6120848096106339,-0.6307111133175869,1,1,-0.007017213371978394,12.027429978297238,0
-0.5594414502286235,0.12574052070227498,0,1,-0.8925276958372186,64.35029588285045,1
1.1321433405247727,1.154762623996465,1,1,-0.364248484649296,4.589990531199521,1
0.6260095341939075,-0.23443054082907916,1,1,0.6978013697963859,5.489337093309161,1
1.2059612828477766,1.4984098682863083,0,0,-0.8673379671983504,5.057826897214469,1
1.18968217336873,1.0646704954000574,0,1,-0.8179700565738668,11.219142305482436,1
1.4889443848974906,1.3647580463348299,1,1,0.7715716938448522,14.872994264520885,1
-0.8757468464647463,-0.8396319475693836,0,1,0.39118846539445906,15.168222386458975,1
0.4886459119685119,0.5336770911340809,1,1,-0.8984617420803146,2.7720091386246777,0
-0.41613080648269357,0.4869794762641887,0,0,-0.9358395569064875,51.16162405735396,0
-0.8655196635364811,0.5284609600479846,0,1,0.4538880462366325,29.32085990456945,0
0.4195494162582714,-0.34114138102228875,1,0,-0.2701000794300844,60.16898232513716,0
0.4156720621455602,-0.9892520145443335,0,0,-0.775635659828249,2.7359689212290035,0
-0.7115317840149686,0.030435026333265114,1,1,0.8676113229634337,6.86830937602283,0
0.7037789311531008,0.24486441189203048,1,1,-1.2555605129782679,39.07502774410295,1
0.10306670576053954,0.039590283564394244,1,1,-0.006120579016115614,29.48581672649577,1
-0.3187832229445826,0.7491496421986529,0,1,0.3368889193804567,15.249194507038418,1
1.9684862376379066,0.8611637216626665,0,1,0.5712044966047252,15.254872737340587,1
0.36670504813475513,0.9741032291551209,0,1,0.4653796489075868,0.2371736133692388,0
-0.9016662251540384,-0.8266831362952356,1,1,-0.4697446752223077,36.884201487154904,0
-1.1389323130424338,-1.2680408602313396,1,1,0.42471346233873597,22.021895766385473,0
-2.693146955813429,-1.4311011569857273,1,1,-1.033436522304972,35.211061668306506,1
1.6324037619083605,0.8122763613283317,1,0,-0.07487708319052727,8.723516963667416,1
-1.2407072465269513,-0.6415582070095972,1,0,-1.7797594997341268,31.62212104541865,1
0.895702537558908,-0.03865292288977584,1,0,0.7407274126669758,9.069283402694966,1
-0.7925173587746138,-0.9347702820133321,0,1,-0.8474455252535983,17.112048132475334,0
-0.5937160342515811,-1.5053251491510768,0,1,-2.1217766017069484,2.6707749714180897,1
-0.42011657298932586,-0.8589803642117425,1,1,-1.583491099559997,10.020378072133107,0
-1.288855570280992,-0.3278291014197423,1,1,-0.24539786772667074,0.16935484037084717,0
-0.3645244214863914,-0.8140423058367734,0,0,0.4729363907949945,18.772060494375108,1
0.879254628469769,1.4816028408955804,0,0,-1.2194928127645632,6.397529902352974,0
1.1780081368846442,0.05964925195401771,0,1,-1.5395095433219004,20.288391857876324,1
2.064641985140111,0.8163416566755997,1,1,-0.32338337914563553,14.891207888279252,1
-0.7987584262940738,0.3939453939096746,0,0,-0.3969386171324535,9.328142668608484,0
-1.021013006260514,-1.1346239513398437,1,1,1.1346030532772535,21.21124515570201,0
-1.5318858438899052,-1.0018048310838221,1,1,0.8995008185013182,7.466479587689586,1
-0.4598604764931454,0.7549066658258811,0,0,0.5667668734281203,1.0126741736307086,1
0.551831631419482,0.18356226288282057,1,1,-0.7872221434812712,29.44847300384968,0
0.6382209906139465,0.5456892047558358,0,1,0.4712850188568133,6.7128197644633225,0
2.1750263607559077,1.4847318199347193,0,0,-0.42879773529108167,7.604223871288774,0
0.3230313918300004,-0.08986538285534706,0,1,-0.10021242191720914,1.7604901491569165,1
0.8589788919920337,0.7253007196145884,0,1,-0.724453267108133,11.41706950763279,0
1.1452560253755415,-1.0239773118689222,0,0,0.9854814584756096,12.24453572817438,1
-0.37235240484927074,-0.07792636203646468,1,0,-0.0159189688659196,39.63966556718451,1
0.3579801591726089,-0.39249068487638017,0,1,1.1991597411837738,24.04762435232625,1
1.69158756324624,0.7528836544507591,1,1,0.5688659372833197,41.54879559298747,0
1.460092548588801,0.7268481155426226,1,1,-0.8179482111249687,20.94632448558435,1
1.541083955499563,0.704228831818129,1,0,0.4377362359029907,14.189780605426924,1
-0.365822424279425,1.02544533152781,0,1,-0.5074387485459981,10.491187404087238,1
0.4885310973337519,0.7821244718870208,1,1,0.11661847835787435,15.858480705649454,1
0.0655232745016883,-0.8092798686050138,1,1,-0.47825264020939817,41.61343809897598,0
1.610498739435685,0.48389405452721035,0,0,0.09321118011199617,40.48121506938338,0
0.27797902294789456,-0.6712603330031082,1,1,-1.1136210527503771,16.10367390835143,1
-0.7155190702915208,-0.3257691663494533,0,0,1.3084711194127283,21.4886119262961,0
-1.0157353550806985,-1.2833284337941677,1,0,-1.6696735739391977,58.52360749282468,1
-0.5806491503064382,-1.3515447365557973,0,0,-0.25255981396748073,9.892123621587148,1
-0.2553763944641966,-2.127901846955584,0,0,1.3037754534517063,12.852480870977969,1
-1.2452556303540276,-0.6775399458214895,0,0,-0.4760500211438584,10.731558692086102,1
-0.21773135596645085,-0.8587238367616756,0,0,1.2377750579513027,34.817704262911626,1
-0.006920911781931839,2.319846765446985,0,0,1.6265795509323902,2.095174235247845,1
0.006000097965921901,0.07385889025287384,0,1,1.8875335646826603,10.561155337683862,1
0.012664980857943528,-0.3755932703408874,1,0,1.1406434206308225,27.576522283956916,1
0.7189818716851237,0.1345734166174841,1,1,-0.27074973374845207,1.3067793181806833,1
1.2785778250833175,0.33072342055122994,1,0,0.938668102352492,19.027744723866363,1
0.05432042478332282,0.9962793770463458,0,0,-1.0369767406063595,4.3315575077870285,0
-0.5811461232251248,0.49711217355132237,0,0,-0.5244951587635636,0.3991291520108806,0
-0.295601520849983,-1.8822704735971574,1,1,0.8218596028966394,0.6805884069376217,1
-0.6006639163876882,0.5164837736420869,1,1,0.5882689147510105,7.181479000007852,0
-1.0053290683075433,1.1030120683506466,1,0,-0.005985236994075578,19.754134299032803,0
0.1981776436313697,-0.9827386571926813,1,1,-0.6200450492975631,4.096069043726957,0
1.3042544589613096,0.848553041685002,0,0,0.5099491312938929,0.7469022756459431,1
2.7940828334065717,1.1904731578126255,0,0,-1.1225790171785275,4.006433647726254,1
1.4369683187139761,0.988558331945489,0,0,0.10490896805840336,0.756727186040644,0
-1.4514909245406449,-1.6613129561739644,1,1,-2.1893291741769585,8.019322483940845,0
-0.011476469750123409,-0.11295393351042408,1,1,1.0892567612910846,5.717009306004559,1
-1.0105658496498346,-1.1789213901630506,1,0,-0.7923622273239616,20.471945997543706,1
0.5062025595045168,1.4422203179952895,1,0,-0.3969962292204745,33.106341384973945,1
-0.9663004781466893,-1.363046890678988,1,1,0.2306275367398314,18.905009670683473,1
-0.00790721261886559,-1.9665823357366783,0,0,-1.5915381382046114,89.5326116989756,0
-1.1004014365279071,-0.9742216866231681,1,1,1.4490568578022287,38.43336446945272,1
0.02124295534640321,-0.8641618062627083,1,0,-0.2801532835288078,40.44281508743203,0
0.9621120835834244,1.3108348320536491,1,1,-2.1240233824930597,0.33163585840561816,0
-0.3020597201894725,0.17139477110024595,1,1,0.2685702697277437,15.819574569673875,1
1.5361228319871618,-0.2140491579643392,1,0,-0.8554742658696919,35.57154523525537,1
-2.005516653967763,-2.2605812294398193,0,1,0.008844623583451226,11.041094824501288,1
0.17305327755263122,1.3300664656652028,1,0,-1.3785730495909752,16.092847840351617,1
-0.9880444294611538,-0.09247039741047597,0,0,-0.16912928926289725,19.862925614335133,1
-0.4986094747380022,1.222526592575359,0,0,-1.453740294803727,15.125930253476165,1
-0.677149306720363,-0.13028881242008777,0,0,-0.07548607521459319,86.26506350805465,0
0.6595532289815901,-0.056675295930358305,1,1,1.031063803850421,20.05887370803225,1
0.7331224256170128,0.8727591679495175,1,1,0.7438361033054277,40.07252401880398,0
1.1414464858588826,-0.11248595904682934,1,1,-0.9549655063639113,1.4997624892606853,1
-2.233582973468938,-1.1053738615316309,1,1,1.4571002019154506,12.545967573806665,1
-0.9772435886873203,-0.25904911977306255,1,1,2.558088873694392,7.0274946793605295,1
0.31166820748932883,0.5177813327675889,1,1,-0.2270998957528338,0.2730873236537771,1
0.7676896071040229,-0.18918290081625,0,1,0.6983912218460013,3.2884148424487822,1
0.5219804345721519,-0.4937166409269099,1,0,1.6575470520028377,6.105826846998206,1
0.542733856078438,-0.21283298514911297,0,0,2.723964274406306,32.333354574215065,1
-0.16127418575374516,-1.7379287853840655,0,0,1.3125600859512445,13.569861645450962,0
0.617064537005305,0.04101388792483751,0,0,-1.131742828012051,7.251748650175602,1
0.2697792313311215,0.41201270414739255,1,1,-0.4377697850529755,21.598538107883613,1
0.6928724559645071,0.37950005630780764,1,1,-0.9591254796710682,2.6192590902246446,1
0.21346971695542058,0.33389410011422954,0,0,-0.9689483763506574,8.197433996829023,1
0.14268275057381763,-0.5146301836588656,1,1,1.0795649900327324,11.21161418379721,1
0.630919662892993,0.06528479417018529,1,0,0.3481112834864909,12.892925136485424,0
-0.27641841093538005,1.942883382341339,0,0,1.1563831745107847,2.575310859985712,1
-0.6325078667526508,-0.4295525915282313,0,1,0.7433119309403946,4.558813193587329,1
-0.39276508433815566,-1.272012000131892,1,1,0.34131197860380014,13.87919153260969,1
0.10391103758995138,0.8592730163745931,1,0,-1.2870542677610826,9.733189182664901,1
1.4503928373158381,-0.03270040851944034,1,0,0.4955121755183529,0.2501904586121586,1
-0.08632099956424201,-0.5077230183159807,0,1,0.09227606246090786,38.499510624252885,0
0.18894432385277043,-0.24333086752816932,0,1,-0.3684287481381403,12.117746412815467,0
1.0014408740233476,2.1458699830125276,1,0,0.3234545220802285,13.8908228589132,1
0.04055330987561495,0.7479688632330067,1,1,-0.07706128471067773,17.88027261841645,0
1.5695301421670074,1.382912906414824,1,1,-0.3922623708488068,15.872540960010742,0
-0.2979819489545486,-0.028658829236218042,0,0,-0.26996921814478614,1.66527167387429,0
0.7108808845879298,1.2428977430784167,0,0,0.7863107971462495,31.032276695920782,0
0.3100697709162063,-0.2296858472954653,1,1,-0.9564285113705466,3.2139388875716253,1
-0.39107158491832666,-0.8488742315214747,1,1,0.13529018198139295,6.637823917194242,1
1.3185374324622616,0.5450624316872226,1,1,0.35410000337172987,6.286440170070166,0
-2.1606090879770252,-0.6222030821281541,0,0,0.13731432758378737,5.101623676896427,1
-0.49688339042058155,-0.29782935898444496,1,1,-0.50441839967685,10.284973731151997,1
0.25391999594586406,0.09288982853284503,1,1,0.30227460937421474,20.199694608290468,1
-0.5723381156033626,-0.3748258719776022,1,1,-0.2430043663377721,15.115055673631579,1
0.56034282682247,0.9621518545743457,0,0,-0.7248910503551091,43.07585445826142,0
0.09600142988200776,1.9864078770948275,1,1,-0.7167237030747565,7.260232237100476,1
0.8913330974344514,-0.999441672118347,0,0,-0.39779529606740904,19.912399497167034,0
1.84458533763367,1.1156286555458914,0,0,-0.015057907172633634,15.736437879990303,1
-0.7076106049350802,-0.2771762688098004,0,0,-2.21813364748233,12.197128137996119,1
0.36361541234371203,0.1831932196833593,1,1,-1.4876705763941456,3.8710813611356696,1
-0.1699737225454949,0.3078735036422945,1,1,-0.5200155123902104,31.976708309283133,0
-0.995072657768864,0.1854160368196638,0,0,0.18866930087647119,49.64676896598439,0
-0.5843693497816862,-0.1335964478906181,0,0,-0.9293787512207785,31.75600676015031,0
2.3910070155803207,-0.4970495854900012,0,1,-0.28174452548661627,1.6633464919437349,1
-2.2307673570253694,-1.1576092241437212,1,0,-0.45703996873224845,51.35013607847204,1
-1.3887037038317218,-2.591226763410893,0,0,1.0449344897750672,3.3252276367266473,1
-0.5956042121013478,1.508660724992829,1,1,1.2985652574957327,29.008349314910088,0
-0.08987561890388927,0.9864920722138708,1,1,-0.9234821621636663,22.35414500904043,0
0.5000019570133599,-0.1943685361258592,1,0,1.679614103633336,25.841224740093867,0
0.026158667087640836,-0.14924720783357548,1,0,-0.09002181867618814,8.328889243595754,0
1.340687259561785,-0.40157413084284466,0,1,1.2881578046779414,11.18369761246022,1
-0.26419929934838254,-1.5959206114990174,1,0,-0.8942098253256155,42.75571161923308,1
-0.8103287996616781,-0.7401358263064761,0,1,0.06176320683944429,30.064328505613467,1
0.7965975078505161,2.1930595206678314,0,1,-0.6377425402165415,20.105227359400534,1
-0.1693874901911049,-0.581496598843221,0,1,1.651811504175854,20.561456718813197,1
0.24732371060644692,0.9979957334182074,1,1,0.0062072229380998375,10.964583940480189,0
-0.757174720420163,-0.6194872819439847,0,0,-0.3325272640857966,10.146645836296946,1
-1.3230216725710593,-0.649568351623467,0,0,0.04654326183512944,100,0
-0.3666210305482982,-0.7648228767906698,0,1,-0.6146603083343198,12.221121273423638,0
-0.2342358783785925,-0.0594866510127186,1,0,-0.3400649125029516,24.239356649308853,0
-0.5617859359531039,0.5412527063776909,0,1,-1.3879166124478335,6.141051317916422,0
0.5506808869913434,0.39607330784502986,0,0,-0.6457132724027265,36.17312915319359,0
-1.4376859203188312,-1.6389743108496715,1,0,0.5713327937311083,7.175500186812813,1
0.37718444698290743,-1.0138837705320178,1,1,0.5893683524641382,55.1886676771482,0
1.2775896947511556,-0.23183396069096784,1,1,1.1141080622909332,26.651218265156665,0
0.13286117690239058,0.06268678884392491,0,1,-0.8971294818336499,3.51739881930725,1
-0.39014370817558647,0.37148961722465434,0,0,-0.17224521608838766,0.5237212862329339,1
-2.233374262433575,-2.462884383768112,1,0,1.4698080493487786,2.3104128627119147,1
0.3751737703232917,0.2238702496579753,1,0,-1.1371192961692416,90.52699383391388,1
0.2153751167086804,-0.8023808049261397,0,1,0.11203057771019145,0.448693094783836,0
-0.6821395197789784,-0.18116105548360686,1,0,-2.9512943398227924,8.47082248282369,1
-0.8017249547932362,-1.6433334302517764,1,1,-0.9154278113132548,4.359720459744058,1
-0.31692802087029215,0.08550505756640633,1,0,0.5866928932279335,15.197695554784232,1
-1.0036722739888826,-1.0830728518839172,1,0,-0.22058931584236602,0.6382315857959487,1
-0.16199134925955191,0.8077923344933273,1,1,-0.9743031346355543,22.04386400341598,1
-1.5787812848617118,-2.1913910623091697,1,1,-1.1879429112068496,8.722508051643873,0
0.6955923088846966,-0.10671347073184817,0,0,0.7420125703867984,7.06380895528578,1
-0.7840833127420478,-0.2232328283197636,1,1,-0.26001263932833774,1.050454379157359,1
-1.0845948019275264,-0.40808973421742245,0,1,-2.2316339589688976,1.3572834511586853,1
-0.13563047242029994,1.2459585999964393,1,1,-0.6629317627552652,4.515101759908432,0
-0.3470554126472231,-0.14124114644263155,1,0,-1.535444285129631,3.023252083052231,1
0.5709611871000208,-0.4434537283089786,1,0,0.3082155902670649,16.74274260929608,0
-0.9444802451851934,-0.965767315982886,1,0,0.9286083529315501,0.7071005648516411,0
1.1420120261213331,0.18012827468716308,1,1,-1.4051198482554863,10.967808004546876,1
-0.6994476946351573,0.004702167852109029,1,1,-0.6006217360617238,8.732818118577628,0
-1.4235246104820531,-0.8944294676673479,1,1,-0.2636011219730463,29.801165463372328,1
1.029427250494929,-0.6680463176264575,0,1,0.787247302869168,15.44437015073128,1
0.3992865693387537,0.5136623535260756,0,1,0.7658751346922124,7.5581110648455025,1
-0.14445989145508636,0.6721386572336655,1,1,0.06930509991711509,17.558883650893936,1
1.4529922376108009,1.7518907678976974,1,0,0.2579824854914885,7.856723953102694,1
1.0820978050211383,1.501670331142825,1,1,0.577172704163795,4.503977526134168,0
-0.4178504069830574,-0.8777670455936177,0,0,-1.1338400434096814,5.219059170769844,0
-0.014523885306350863,0.4736007618563941,1,1,0.9149541813039961,18.349556296487037,1
0.8796711654497992,0.5038460913703706,1,0,-0.51358089264372,30.49671145452978,1
-0.13927206654570987,-0.7526226338120606,1,0,1.5061832953547194,45.09470884682363,1
-0.2538410870467083,0.8787087792863949,1,1,-1.5162702467204565,2.3422902755687547,1
1.975041610601469,0.18098686966679944,0,0,-0.5432884636837169,2.992415228626312,1
1.0033513982416402,0.364122850582708,0,0,0.26058302989074056,4.29469388917049,1
-0.010941204180237734,0.010724402954923775,0,0,-0.2509870344756583,76.92053421424232,0
-0.6303518801085649,-1.4046665434496002,1,0,2.3733333115123836,0.9782902177863657,0
0.8273149225999437,-0.13503051687182266,1,1,2.2154104726542174,1.394022258320309,0
1.7223243942204378,0.7910906360377983,0,0,0.051611210743461554,48.094300911668086,1
-1.644023859436924,-1.6353662440466814,1,1,0.8606839817025446,29.447505788827318,0
-1.079051165496792,-0.8125788882476496,0,1,1.484508242474846,27.205872273947808,0
2.0249011031631032,0.0503267723127786,0,1,0.3574753547730416,5.463334182511156,1
-0.859549130523792,-0.8850712220511359,0,1,1.3433017208765925,1.7862950211909703,1
0.17402771036807754,-0.22274699575385554,0,1,-1.4414795832616796,22.686867914103424,0
-0.3036586699648156,0.4604831291868843,1,1,0.5882967011467374,14.432212901845602,0
0.8950866987201405,0.444061510854113,0,1,-0.3128878998372505,4.974995649200019,1
0.09071687825626794,1.1005431797389675,1,1,0.08819229184246447,9.425855918093921,1
-0.09678397984950773,0.5031707594949557,0,0,2.3357002356515433,2.0496308107384222,1
-2.223350411357627,-0.04778398374405368,0,1,1.7200407361024732,8.684135932701082,1
-0.2911401583894698,0.651750372194106,0,0,-0.9248110982596282,28.784197266940836,0
-1.1900646917010884,0.11886493978938772,1,1,-1.2420139049130048,38.128378963141174,1
0.28651220426011476,1.541920819032676,1,0,0.040461236806749595,6.779130803593057,1
-0.3683061561221247,-1.1978963054718335,1,0,-0.3840185221915879,22.26630425401678,0
0.24958150691490408,0.24289305809648537,1,0,2.460630688208268,1.1896006754073662,1
0.8413242517809104,1.2066513371258625,0,0,-0.4080261534242728,14.62804911199401,1
0.32946337622191785,-1.8690471323700535,1,1,0.10672137477972733,5.189160734533211,1
0.07151869203557452,0.4701263034551565,1,1,0.871935190115523,19.63330714326811,1
-1.561895109867789,-1.1445185617848253,0,0,0.29256784715668077,38.72705631284567,0
-0.004965867542299644,0.3834103457938518,1,1,-0.9871236778860647,18.976914254473204,0
0.5312436937312135,-0.542808362031921,0,0,1.5462142238626124,26.59697289378153,1
-0.9446051206902782,0.0438302137049828,1,0,-0.8819317410781519,9.847146955998072,1
-0.8657580333248751,-0.24625913013475734,0,0,-1.3608153440208146,60.10768083964522,0
0.6698950781555261,1.9032438043338158,1,1,0.2657102189162513,2.3230564306577475,1
-0.2505454578009707,-0.15256371381260717,1,1,-1.1499872511170526,4.806022552552029,1
-0.18598819904410027,0.25903005996045253,0,1,0.4101234995090799,30.43081201626062,0
-2.167683786053096,-1.502647185241384,1,1,0.45832834142053464,16.256195025838263,0
2.895047472129905,1.8729169451511571,1,1,0.893301999282292,8.322800194089082,1
0.7207887721020189,1.418038919687455,1,0,-0.6441589241938098,45.14924258407204,1
-0.39391275522807007,-0.3748111948254481,0,0,0.34505570550787484,38.13045144535496,1
-0.775918919145975,0.44573089248500164,1,1,0.7003128106891735,17.681025309160542,1
0.08320509863710548,0.6169164127324049,0,0,-0.7975951025959965,8.239508251170458,0
0.030774060666490948,0.9928895985345317,0,1,-1.8828658327667391,5.6303150127178165,1
0.8002186156340277,0.011225015766685054,0,0,1.2051274038983861,55.312955000794666,0
-1.9167040685836865,-0.5723374237871612,1,1,-0.5845846333578666,3.350008341641763,1
0.502061263652042,-9.389266206016322e-4,0,0,0.3705914889072942,42.160134400978635,1
1.5958683437208911,1.6203853169655682,1,1,-0.5663370541656677,0.7978111871877632,1
1.435551215035422,0.17849628175401422,0,0,1.6312718245079199,4.233318446939384,0
1.4003010254849206,1.3718205643466674,1,1,0.5453377891523391,14.011673466005098,1
-1.3761256733912235,-0.14826635548902622,0,1,-0.5886685649612057,30.841134970116816,0
-0.38175192631989735,-0.6991202723207589,1,1,0.8139160039598285,5.860129711991118,1
0.45025487924154783,-0.0931137225604996,1,1,0.029524627688866587,16.722874311646915,0
-0.09266569776163362,-0.002569380529511181,1,1,0.3995525576917234,9.53811857546677,0
0.01670327979664269,0.02715351173587812,0,0,-0.38985183581655386,9.032970364011515,1
-2.5568031659815715,-1.9668003105666805,1,1,-0.2973169669562866,5.869328392065121,0
1.4100203103819382,-0.26951276348960196,1,1,-0.12619640440930086,12.119377679506384,1
1.0770459411871711,0.1376255194066871,1,0,-0.8974767338035196,1.8447337659123988,1
0.8813819331891483,1.2376247843422714,0,0,1.0095926858840878,13.940240248378561,1
1.3433489548198265,1.1669062799278633,1,1,0.8888798252655064,2.6440696322749644,1
0.05982091059805285,-0.2640672416461149,1,1,-1.288923446077864,1.4534909239691078,1
0.5116954951899246,0.20678736891156566,1,1,0.28482484454034984,2.645629583403406,1
-0.1675866262861644,2.224553508906691,1,1,0.5657225441709763,20.88675386072093,0
0.7796256079373621,0.18725579092897382,1,1,0.2519680936284501,0.543090526602877,0
-0.7344010001764834,0.003049140014082574,0,1,1.9998287164329553,7.288375003382686,0
0.5870404176244453,-0.006844327439883668,0,1,-1.1487079460773408,12.862421578267114,0
0.5157211019455289,-1.036546224514603,0,1,-0.7662416867525069,3.851577067820569,1
-0.26827277701356517,0.9351017244986193,1,0,0.5922564490894012,53.2285276151193,0
-0.5200928667942419,-1.9603764595045168,1,1,0.9399362581345474,63.176211810733314,1
-0.5671260967012501,-1.477569096561384,1,1,0.11513694747376267,21.768797284456475,1
0.022812234047881148,-1.7691459224386363,1,1,-0.20776408836909896,8.27790946111772,1
0.34218536751635203,0.020888596806009574,1,1,0.8703889476380315,13.833142958707466,0
-0.30070552420439767,1.1203794704505543,0,1,0.4374161189284319,1.0591094283189786,1
0.10005700380254183,0.47359225121257403,0,0,-0.6490116793554124,13.017067969887458,1
-2.161434449075584,-2.4456775614889628,1,1,-0.6544998423614669,24.24728584205303,0
0.750324141294314,0.8101866634583819,1,1,-0.19940438210357728,2.3427591256425675,1
-1.1103164352184878,-1.1657745910743853,1,1,0.5993818827206915,2.8532657745658354,1
0.8397159867586841,0.5083228436829283,0,0,-1.7644784106953693,20.175872274064318,0
-0.5566153153778038,0.37112443408745194,0,1,-1.0865449946713832,11.741223619318928,1
0.0066169806601569835,-0.34599428271095656,1,1,-1.1563596042520763,0.6847728717181061,0
0.9704655218414262,0.4898786701396661,0,0,0.49007607915434664,0.031027242196507696,1
0.9027591347661823,2.0580998433917417,1,0,-0.40153823680148887,8.340566135277703,1
-1.3094516304733512,-0.8781578223001729,0,1,0.7430252051070142,14.922806796188246,1
-1.847728664045916,-0.8653274181569135,1,0,0.6172676147788797,16.440036964244808,0
-0.07820277655125703,1.0712215987963642,1,0,-0.479443235028492,10.178964643369163,1
1.2621396962004048,0.6210392484914019,1,0,-1.297796110954794,24.990120611367075,1
-1.6447984892174,-0.6443361713467703,0,1,0.3605827444851705,3.5697428091161694,0
2.2198776376508484,1.1952782440531458,1,1,2.382598290941239,4.9356370693904275,1
-0.5994025311435893,0.6222056753414983,1,0,1.1098838672953588,13.03960357801221,1
-0.35923445010964067,2.4378800496471413,0,0,-0.9083103395332901,8.507994505343014,0
0.8357103629353559,1.2757919090842285,1,1,-0.2327455115351688,20.483321816710184,1
-0.600643757610189,-1.8412729765819884,1,1,-1.433606124433448,6.565517649464482,0
0.09553600369878887,0.10657092131202604,1,1,0.7113857420739561,2.5896138985675803,1
0.6993321918750143,0.9796657509478097,1,1,-1.0415576204205008,51.203135594750876,1
0.32255862499772775,0.8792064496381128,1,1,-0.5696869629823124,20.992318653164727,1
0.9604257755553651,-0.20551394660162425,0,1,2.4643655192918046,24.091820661675335,1
-0.3716003063327826,0.881885077863459,0,0,-2.3298255037506737,12.826103891789561,1
0.948674375622777,-0.7769158831223648,1,1,0.2689239972450657,15.169746625419075,1
1.3247186934123092,0.8275039572696248,0,1,-0.5624934448750455,2.375930644497176,0
-0.81354021559665,0.20976898750058348,1,1,0.9778948731575273,12.794457820020925,1
-0.08912043578886449,0.08759952740236807,0,0,0.8924303996926276,9.410276669295962,1
-0.3618663728445824,-0.8601376126627331,1,0,1.0448040371060747,17.06624095684156,0
-0.1481530351052399,0.9141314213886094,0,1,0.4024384790929817,15.706736210385412,1
-1.4180366481065205,-0.6471818746293455,1,1,0.44874901563838127,9.020425805674735,0
-1.1138685799997108,-1.612962767711641,0,1,-0.32046279959194396,10.830638935606355,0
-0.6755216252458509,-1.6235419408715945,1,0,-0.6572033660847721,24.16995819006426,0
0.393878562197314,0.29012507545214433,1,0,0.8478999448551365,9.06451406808687,1
-0.5795319206702465,-0.5571531002000734,0,1,-2.5902282274969446,18.560784651750804,1
0.1665989966461673,-0.2310211742712745,1,0,0.16713965970254271,44.832768930943075,0
-0.13580760257930774,-0.27477458295884,1,0,-0.9857376184887344,3.945328029769889,1
-1.3534959156905741,-1.4004687063089802,0,0,0.7128037661568031,4.277186734951041,0
2.0437845369813714,0.6210725967198196,1,1,-0.6811296282707021,9.687205982999673,1
-0.38026828446960237,0.19532058819683984,0,0,0.848844080860765,9.715183684647357,1
0.7251288679694534,0.3353659441831908,1,0,-0.3306640444825311,8.30025918779338,1
1.2929480213397249,-0.4659148682329738,0,1,-1.7392790775752527,15.492825888171017,1
1.3072820177371933,-1.128028704577831,0,0,-0.07056471435587944,28.745578925123986,1
-0.7035667187370647,-1.4678695888915056,0,1,0.47407267070808506,27.765777367502253,1
1.0625785650268589,0.535550548662021,1,0,1.0391527179411324,21.716990749002196,0
1.3286777722341299,1.3541894981268683,0,0,-0.31971517474420835,5.737859456379361,1
-0.9462703024880595,0.05621063507500884,1,0,0.32991544448032917,36.14911713044207,1
2.082297641283237,-0.010958934638818585,1,1,0.038440350546003414,25.951193225888108,0
-0.6577761612935559,-0.4340942350833886,0,0,1.3546796729795076,32.43370650979731,1
0.7723933790860679,0.40708800785068683,0,1,-0.5221901472565557,32.131821469293044,1
-2.116683314002873,0.5387474815012057,0,1,-0.3734304723835503,15.02096949315936,1
-0.5457211070783569,0.17370514416536809,1,1,2.059995823903197,18.48807649587765,0
-0.47224494044597376,0.5794122640690293,0,0,0.24055560885844998,2.3957443010293447,1
-0.3055543077498296,-0.42245835739340176,1,1,-0.7295023600810869,22.97117806963524,1
0.27238153515762903,0.539161025822291,0,0,0.9151125002863151,17.721015382647902,0
-0.4379438354721398,0.20641638907308746,1,1,-0.6991292536492435,14.580608506456283,1
0.7133834060843155,-0.8849316327200392,0,1,-0.3846453967663618,5.400017045235539,0
-0.43983293515625604,-0.25282774671624375,0,1,-0.057103153030009596,0.690101931518943,1
1.4909617712744885,0.9188863651466714,1,0,0.3521803837326578,1.4737267755262715,1
-0.4774611749556405,0.8045435719195675,1,0,-0.6525577719879533,8.745679055370669,1
0.6487563986664245,-0.06228704608616392,0,0,0.414965745322596,28.44670386646833,1
-1.921977827813812,-1.3134637278492884,0,1,-0.4560386718141119,11.340427096718209,1
0.8260296510866195,-0.23006947813407524,1,0,-0.02867760060311735,6.700454767802737,1
0.24267607126494953,0.622447956487804,1,1,1.599563063885807,4.8698480670640985,1
0.701404486101259,-0.33208545675236717,0,0,1.4351459698760358,6.042001242530719,0
0.887870619161698,0.41003594309999547,0,0,0.07235250345511055,9.863486540052284,1
-0.08968965680099916,-0.9567825527658746,1,1,-0.2845781281439918,6.24751284374052,1
-0.10726874515518059,0.06737997007098423,0,0,-0.7881667904063234,74.52634309987192,0
0.8373515182577299,0.008419805210178433,1,0,1.0926726851950699,5.536352934586979,1
0.4763039344796388,0.3316190278963864,0,0,-0.9301082564901784,16.21440213261044,1
1.4271320477710097,0.4452938222919143,1,0,0.6095745632251538,4.546011550497131,1
-1.6314964779916907,-1.4161226117762231,0,1,0.17383690189710838,28.77115661904259,1
0.789646236676797,0.7777340247707181,1,0,0.2552085753733017,7.422682504445589,1
-1.4519080438952074,-1.0200718481805031,0,1,0.9984235044770494,5.176256865505702,1
-0.5020225814971032,0.40204193034675967,0,1,-0.4008030727517013,4.028390407855523,1
0.7429439923787055,0.4806152537167957,1,1,0.43949668051496643,5.969129865093799,0
-0.7557205006352635,0.6662390765459982,0,0,0.3241590046105183,16.32491137559892,1
1.5318329284132595,0.7192864051993985,0,1,0.44385749823358334,12.835358168318258,0
0.3496347723379641,0.8068037493323553,0,1,0.9832813389162661,25.960880150724954,0
-0.7833063239722394,0.9157659103112747,1,1,-0.5062629089527084,7.473255174786968,0
-1.3558863531222585,-0.577023815518609,0,0,-0.02284524081649597,50.46620434824684,0
1.2558913980516542,1.0147489641343075,0,0,-0.13364620789049794,19.39787465985187,1
-0.15265795690648648,0.7688175952925789,1,0,-0.9519037363089797,4.757418364368211,1
-0.0037887166537569467,-0.8654411043427446,1,0,0.09770202989082052,68.34981050585506,0
-1.0413030616089012,-0.387399516784216,1,1,1.0957370445159103,6.184349254813944,1
-0.7953211008454171,-0.4396746202944386,1,1,-1.0945460289342144,1.4615482110006215,1
0.09687746682631662,0.9156208568513612,1,0,0.558117353215087,30.728299813228446,0
-0.22036362278763066,0.4586561955496792,1,0,-0.9550431197580789,60.7045509753973,1
-0.05841886592216712,-0.15931874754201822,1,1,-0.12035006842853896,12.948075690817252,1
0.47768793332558657,0.6221435175352914,1,1,-1.137125164284198,16.67894648677709,1
-0.7908675601677129,0.3094327872415107,1,0,1.2326447244731118,18.806739681778314,0
0.8135569242436914,0.6772334883464686,1,0,-1.3889936757567274,10.035814677612255,1
-1.3935038380860212,-0.13076173620773457,1,1,0.9027810389141872,19.495537186587345,1
1.2982481017691718,-0.9195489594938442,1,1,0.14262396264166677,20.969332556567174,1
-1.008093554432314,-2.994455227504273,1,0,0.5749269256540774,16.103627552380814,1
-0.11140148524917984,-0.20992180499668,0,0,-0.05251636936177662,4.187857765883128,0
-1.087993084474411,-1.5495665765397615,0,0,1.5503878918213339,100,0
1.3475463229134481,0.6811052404546638,0,0,-0.7938649856945078,0.919852218677717,1
-0.8488623669861004,-0.3126540474123358,1,0,1.6867026621648329,47.79725882442087,1
-0.7197976711836003,-0.41928858066924146,1,1,-1.559383310952886,22.782292180093304,0
0.5389650061148211,0.9221110257792311,1,1,-1.1697315260936145,7.272265113993652,1
-1.4677942825161496,-0.24002014881895106,1,1,-0.7633833835431441,23.784675066612134,0
1.9808900274033099,-0.09447595684752419,1,1,-0.6355793403728142,13.377643166412343,1
-1.679535794620528,-2.5314369361354983,0,0,-0.3132258534686184,18.23765877490351,0
1.8604402394265993,0.8870489385343661,1,1,-0.7028665414572414,4.485702234383852,1
0.08251565597669931,-0.7098158187395146,0,0,1.1281424392627177,3.401274752144642,1
-1.6282009172120842,-0.5861163550406194,1,1,-1.2844596297933961,5.565972414774246,0
0.31118822127420787,0.2288555036472155,0,0,1.3927551076682976,31.900948942572285,1
-0.7031440856565817,1.3167941815260469,0,0,0.4514695893765686,11.627814522018987,0
-0.9511315259550955,-1.4895928884535974,0,1,0.05439784324585781,15.7029773821022,0
-0.34527913494905754,-0.8578506775017667,1,0,-0.16091502154836143,2.6784659499504775,1
0.7285143560599061,0.31303665142806586,1,1,1.3627915525321632,6.6403195025645365,1
-1.1593536389907504,0.20424003903716748,1,1,-0.03812106415358368,36.901279735978825,0
0.22653049269169293,0.2244460689226465,0,0,-1.137134314364522,30.32142645003078,1
0.5631494818927961,-0.0855173586472101,1,1,1.0209048225422213,36.83146506935746,0
-0.7289020351893212,0.2525436867560774,1,1,0.9357287379034884,2.0727471926112826,1
-0.9537101537929552,-0.838653829285946,0,1,-0.49490585555368016,4.649521259950908,1
-0.41579874837107245,-1.2792460601586892,0,1,1.8132820701711954,38.067888346697174,1
0.8007346710683244,0.6631210392946425,1,0,0.14348553245100626,27.525181802658267,0
-0.2905259631591379,-1.3641132576377877,1,0,0.08383018452447764,35.31175692596752,1
0.7539269656882546,-0.014770684376048449,0,0,0.7515863627721323,0.6026548963406981,0
2.1518109011081656,0.31796740937295453,0,1,0.27776345801300395,5.2466443386951775,1
0.5253320092869909,-0.1980496019615804,0,0,-1.7690579551482541,19.311160300772965,1
-0.41888702264572975,-1.2659977722100626,1,1,2.0238051873713006,18.899997059397815,0
0.5271560826839963,0.05249456246862927,0,0,-1.117229908003708,11.989750419898796,1
1.2216765870167974,1.4347728499555512,1,1,0.11940223386674188,8.20960474096517,1
0.3754831389882026,-0.7384017069909807,1,1,0.16068752426411131,5.747427237611749,1
-1.2961556450226899,-1.8119931453994949,1,1,-0.5381252085652387,1.9086064637738658,0
-0.6288764640962898,-0.7221481658591236,0,1,-0.32624048285179397,2.071001607691903,0
-0.46429781426743083,0.21209643828157984,0,1,-2.354090040051915,0.7703478247098979,0
-1.2462586765428385,-0.5685454527444861,1,0,0.2674559063745323,12.450535417652262,0
-0.6021334265321462,0.571011342646043,1,1,0.28021338866074585,31.188012799025817,1
-0.39717991720470924,1.0698815738842988,1,0,1.1776998457857153,24.625540112798426,1
0.33509195104871214,-0.5512688405679886,1,0,-0.7677683236765795,6.136631641660039,1
0.4378605052244227,-1.1417606787134653,0,0,0.42385744044909923,18.360332092076224,1
0.3774211908082215,-0.47653998438176726,0,0,-0.07425396595790842,14.75309490703479,1
0.3103104530150554,-1.546896130274696,0,0,2.2266343261561485,14.8478886683887,0
0.16146368041001813,-0.3086105457555712,1,1,0.11591305435157225,7.9721355466691,1
0.5339573126805633,-1.0984009397336472,1,1,-0.5976132493544992,22.554542633120626,1
-0.6143300149118751,0.010416581952993942,1,0,-0.48630609928485324,31.228443494974176,1
-0.7173834180083736,-1.0729247841551344,1,1,0.466724513991474,4.217843644194983,1
-0.8337088014390611,-0.11836297271047841,0,0,-0.44048668142248293,6.670009357849765,1
-1.5043670538868101,0.4933303851047993,1,1,1.7058800875024296,14.457192484337078,1
0.011763208995166329,0.4660172254940484,0,0,1.8882967442372083,13.441143610850018,1
1.1153630843456381,0.6147798144312756,1,1,-1.9508250444804403,40.626577028535195,1
-0.17515507707716185,-0.43692449332847777,1,0,0.33581866880432565,2.5221955654970074,1
-0.43112689419746497,0.7910556646948856,1,1,0.48688000384175223,0.728295422779575,0
0.5387727673033125,0.7275021302629572,0,0,-0.35498904191624087,29.506561891249124,1
-0.6073239748436015,-1.2837623390323876,0,1,1.4733541544208995,19.83884841648422,0
0.010255330886542834,1.3681782186832263,1,1,-1.0495151194308976,2.5342414255224974,1
0.5462244453089098,0.9922068496595345,0,0,-0.6857535959854268,0.9154631113473637,1
-0.4956046726319075,-0.6769499593896096,0,1,1.4723816822656608,25.31369342912556,1
0.7596490860033084,-0.3932829434077377,1,1,0.17927350868103142,19.671149221309193,1
-0.03730002975761588,0.46983616273746026,0,0,0.3452533819394315,5.198246406534256,0
-1.5311372614638583,0.5844872807134229,1,0,-1.3188695533867325,19.81754290511884,1
1.5464834625551318,-0.3118212610324542,1,0,-0.6407687137487986,29.958930957824837,1
-1.0256756654661758,-0.4059027415037325,0,0,-0.4549143947139203,47.027281829012736,0
-1.9606010909158367,-0.47988641144510147,1,0,0.1302619463803722,37.924431014536566,1
1.6805921775132144,1.7948411078023967,0,1,0.7885573737662477,2.147578509622214,1
0.2922122862397002,-1.5112405598843865,0,0,-0.9099212056243327,95.39799031124193,0
-0.7960668034892505,-0.5016636160173272,0,1,-2.1884555502652026,25.574140150036285,1
0.41443956165017837,-0.2470238443802325,0,0,1.0465269634914176,34.426943522628065,0
0.5424153973619938,0.060697113485678744,1,0,-0.9962716757656781,10.413392008406806,1
1.805691603473384,0.08957492163528924,1,1,-1.2094488781229928,11.747835740478731,0
-0.5333048998683416,-0.2638321326710134,1,1,-1.4893755481235544,6.866209895851134,1
1.658638710928939,0.37243384352948616,0,0,0.7991255415298624,2.830949701048217,1
0.49930178105013134,1.3385030501817343,1,1,0.32441196904914343,1.0944781268709107,1
1.09332223456864,2.489911048398577,1,0,1.5459004977460205,15.899134907314423,1
2.2034191814239517,0.8424993737224293,1,1,0.22063216508331,9.828646993180604,1
0.622686595601965,0.0727344071081556,1,0,0.6247118784836793,23.747998338015417,1
-0.035226497157047704,1.6971921758686945,1,1,1.192600095884489,14.040957592782835,0
1.2721485888684547,0.30579748797304307,0,1,-0.06461497185929276,54.577207703242735,0
-1.5556972593740317,0.08482066288609214,1,1,-0.9613226887169387,10.136292967842031,0
0.32067243868591666,-0.4996542291003971,0,0,-0.8831172789970395,2.8583059222272125,0
0.3203144933430386,0.16643651489827965,1,1,1.9422890676394724,4.7953670678048175,1
0.8506634082809738,0.29800169096071755,0,1,0.2115350425859991,18.156263300009687,1
-1.3230096356975223,-0.5969575418089696,0,0,-0.6377031616750815,9.67004578126917,1
-0.43992351292254206,-0.5804860494122952,0,0,0.6640546609361975,4.211244513246261,0
-1.1294622346368803,-1.372208845852026,1,1,-1.646566268635047,9.102406913866242,0
0.23677392268830566,-1.0554100540325364,1,1,0.819125325608366,13.890839598880461,0
-0.7125821785112918,0.3988644622757884,1,0,0.6785266090751046,7.973236237098264,1
0.587746382294226,1.6619316090933525,1,1,0.8050128328576391,28.818511787586978,1
0.6768646830554018,0.2973683293719878,1,0,0.2792895149873436,8.181310939273587,1
0.846674993789305,0.7886489504706471,0,1,1.8381163745256925,10.269491770379757,0
1.222108496215661,0.3457726332606496,0,0,0.8198387634727926,11.979794010936466,1
-0.053853648774690274,0.8818405336628653,0,0,0.5936395640608457,15.914616464868155,1
1.4960513291079076,0.5471756533467568,1,1,0.49308386240235696,30.499293980385232,1
0.4924051638128292,2.075970346198814,1,1,-0.3275651419936397,0.475516178749007,1
-0.7789523553899528,-0.04418123104190286,1,1,-0.3424947695323872,3.7823931802243576,1
-0.008639898583702456,0.08939208802005304,1,1,-1.4650019688631362,2.3920945136602976,0
0.023112453339744717,-0.08777662969687831,0,0,-0.4241895915086458,40.02273958073463,0
-0.06180910625935533,-0.45029729148019404,0,0,-1.1896432171855054,22.269475502966785,1
-1.1435756694684491,0.7738249386005062,0,1,-0.9334240769343902,19.91715963249135,1
-0.5957956922586118,-0.09852867744650609,0,0,-1.6045528589026834,17.197884841640224,0
1.2351075843578916,0.44959090819061576,0,0,-0.08252801805317236,12.67905352549078,1
0.3791595778695377,-0.1330483674779579,1,1,-0.7709384579210132,1.2809590335687995,1
-0.2267255395426296,0.6070053722490989,1,0,-0.45487763438557366,9.021898287061806,1
1.0603784736078543,0.11618015596660203,1,1,0.6085489637780508,6.245883697302369,1
-0.10953501835930889,0.30803504789111213,0,1,1.523424518817925,5.288484363083506,1
-0.9550398659748041,-0.4050495949409736,1,1,-1.2389248676083358,4.1169698554466185,0
1.418234443156436,2.1058677872446925,1,0,0.12679523098110332,11.217441830563706,1
0.16743313361388892,0.14240250340202648,1,1,0.44981605664850477,12.08582977532601,1
-1.0454435451195523,0.25969038927733856,0,0,-0.6388747519416224,33.294377698760535,1
-0.24179835399134794,-1.4182570930633436,0,1,1.5497731506307035,29.82603959012577,0
-0.19281279975000845,-0.02833425794321462,0,0,0.6110999478213633,13.097086398129635,1
1.9377481090981135,1.1763634822837217,0,0,0.2973742182640792,4.501960813110516,0
0.37437782293015853,0.0740493111559549,0,1,-1.4858087366470545,18.66287981083573,0
0.7591084990145504,0.9087748077504851,1,1,1.2072000088453132,38.422283982570406,1
-1.014518834911085,-0.6701684376666455,1,0,-0.16065492894738045,31.035780570539345,0
0.337114011161668,0.05620655786400723,0,1,-0.7333491123007665,7.859889888104726,0
-0.7709955094410429,-0.8097145969951445,1,1,0.15941749315848375,38.95679173337879,1
0.6125898703769669,0.1895006093901637,0,0,-1.2233063838574656,23.86793918653757,0
-0.20183633363341902,0.2259575991456667,0,1,0.6488065809575576,0.1617902393286154,0
-3.2100214159493103,-1.1934936612735263,1,0,0.01847951004231901,14.13603621729975,1
1.9106986555892898,1.0815961858840835,1,1,-1.8388170880310093,4.234916994107727,1
0.3489735913334739,-0.6480220005403156,1,1,0.08529910487877403,7.535017342037851,0
-0.6637672360311838,0.21251193868150403,0,0,-0.7828053803593871,12.37134767540729,1
-0.9880804053099471,-0.30391876248303,1,1,0.1086215775315289,7.114372106186288,1
-1.0452291726379686,-1.4464320079151523,0,1,-1.2404478151332672,52.59912786350548,1
0.3570589956084236,-0.6933159405082604,1,1,-0.8316030003221887,3.0567279421839797,0
-1.9452069209984555,-0.3157460957499991,1,1,2.77018928248293,24.661354985116457,1
-0.7033147005954979,0.2094281543403284,0,0,1.9420376662065637,20.008032636274994,0
-0.40343049993062147,0.7550528089222119,1,1,1.1933280080330029,23.379728825094432,0
-0.6936610426812174,-0.5606534604444704,1,1,-0.4447741741372853,36.49381213864706,0
-0.10687495055055153,1.4555985973268086,0,0,0.3787514336512677,2.236531270792435,1
-1.4780286480128981,0.6091653128998926,1,0,-1.4473022866034362,1.6006176216731418,0
-0.04683997992340897,-1.157124930629745,0,0,0.9831939461511228,13.665666791302597,1
-1.3116995493834496,-1.8226859093162648,1,1,-1.2494179207489546,24.229507213789642,0
-2.3729301288591915,-0.884498367758396,0,1,1.892390254718677,54.031796302997435,0
1.3862121068733808,0.8611572559922016,0,1,-1.0296574664035374,2.4497638967821587,0
-0.4624571302411499,0.7193901852014044,1,0,0.6118487437111386,28.87756077398067,1
1.0636905364118892,1.5005235532984758,1,0,-0.3755091266241432,4.559741452417259,0
-0.6707797588777826,-1.3506589224563905,0,0,0.03347456765791617,63.91764749287723,1
-0.5199528651400773,-0.38395585469204435,1,0,0.231462086011244,13.741028490953319,1
0.35993419927984893,0.1527842200843057,1,1,-0.5392928368471409,4.244065595183169,0
0.9220689875693721,0.40402736445663334,1,1,0.0015512399173861,11.377431328208718,1
-0.5531198020029567,1.517569779501783,1,0,1.108627718983848,5.273265097573322,1
1.1050146447123912,1.093664353142627,1,1,0.39420674461274213,15.85708565120839,1
-1.779543039808766,-0.30235486440140447,1,1,-0.028565448603264213,5.134397538489958,1
-3.6439020533027615,-1.381383356922059,0,1,1.1412908654724208,5.182202677499934,0
-1.0603235780447238,-0.017680565924819036,1,1,0.00925517523839972,35.77214749836894,0
0.12129074511618869,0.6852080310733986,1,0,1.437181969076216,9.217715492913097,1
-1.3233558803164847,-1.145778353591175,1,1,1.3670012920749233,3.57385591683227,0
-0.6411751686854864,0.004969732381670644,1,1,0.27676210047120414,2.3018917078145584,1
-0.5993929512448578,-0.5017361112190345,1,0,0.6693836834348309,11.036132769483503,1
-1.3297039635240613,-1.2200781052300527,0,0,0.32959422695401136,11.599341552527578,1
2.1538074063409804,0.8396043452372306,0,1,-1.303875986818449,2.049021148676715,1
0.3155673528602256,-1.4508465890305022,0,1,-0.5373144709842669,8.886989680241152,1
-0.20857113480295814,-0.5799661404476758,1,1,-1.4089958838198668,36.15791836357612,1
0.098086616027807,-1.2076811513942887,0,1,-1.5235865446088992,18.51756912728808,0
1.7412513220686738,1.3729184106939951,1,1,-1.0862523500558252,3.637869074211935,1
-1.3595325162080472,-1.4490610519495624,1,1,1.252731517180636,5.175917488390084,1
0.6579732581177873,0.49205631763388574,0,1,-1.428704195890998,10.934859721072744,1
0.2906798525049096,-0.4120342561637081,0,0,-0.27293938654574196,7.152567750884437,0
0.606560947178105,-0.39262720656902517,1,1,-0.15971754627320134,19.489900723970784,1
0.820018526001697,-0.08927927156191501,0,0,-0.022613133193403422,46.29821120378597,1
0.7923911868476035,0.19010325507289577,1,1,-0.45214191520904323,0.34162332875502643,1
-0.8117933141734452,-1.1306430145479802,1,0,0.6434637138200245,23.668694286968506,1
0.8596954374279491,0.8263089050421087,0,0,0.5323280901601306,26.241646704887,1
-0.549487544539585,0.8906140739826369,0,1,-0.6255903477158261,21.37985508328828,1
-0.5549910938472837,-0.3965897096653723,1,0,-1.0221562717050172,7.0817186382445945,1
0.12096141933452684,0.5287839314999613,1,1,-0.1569303523826594,0.3555194245513935,0
-0.2985774506828178,-0.1134504967338443,0,1,-0.2916246292603679,27.681660020205925,1
-0.31033471383962313,-0.09090097702353903,1,1,0.6822599744215808,6.031291000410439,1
1.6666250401693137,1.294274566192832,0,1,0.41921377935129034,1.8827026473568034,0
0.5824466521745061,-0.5169085960138329,0,1,-0.9792027680194311,12.446808122196625,1
-0.6224355220508094,-0.5744351898129747,0,1,0.031766134729017854,17.817162120266367,1
-0.34018069202462187,-0.6988266953592577,1,1,-0.14726494389342754,11.264070141037719,1
-1.2551173264129183,-0.6744856438274227,0,1,-0.3917390631546582,1.8019391449960802,1
-2.603414394181304,-1.9192974246001897,0,0,1.035146824067805,97.52118173398047,1
1.4419410300456095,-0.09945292198138378,0,1,-0.4510439845085017,0.39458473821315426,0
0.323079354389266,-0.32078411893543024,0,0,-0.7018900586228396,20.813142580939736,1
-0.6755017009435198,0.342998702882255,1,1,-0.7082855538161552,7.025222786148229,1
0.38098025494206794,0.18507186916900017,1,1,0.20303306148203543,9.958602959166797,0
-0.7173116948611865,-0.590686338053745,0,1,-0.8923637149782528,9.561995456998002,0
-0.5033002749618747,-0.8813885608562124,0,0,0.8997651366647929,59.2542103612125,1
0.43845745085089793,-0.6977295493986388,0,0,1.4371591176405598,14.825006695233057,1
1.4088514603442752,0.2686554960555156,1,0,0.18113506802244897,58.861221141232285,1
2.7373268534823203,1.7001907493784345,0,0,0.6652572202277707,2.212709732631978,1
1.6900530097896747,0.6966737336566129,0,0,2.1277013330693944,17.330027169330812,1
-0.7568096549738572,0.5224585391809223,1,1,-1.7830274979131984,12.970263858816844,1
-1.4695098673189602,0.3475422537803521,1,0,-0.08520496930068204,17.77635307320265,0
1.2088601492005924,-0.45644018815190823,0,1,-2.0248300379947075,32.00510296694321,0
-0.8415337155371717,-1.4804351006820777,1,1,-0.29294111815789425,9.278179866026601,1
-1.4818983766725828,-0.399103576431053,1,0,0.3957085570861175,6.171586805415502,1
1.0984793929768153,0.740739762420247,1,0,1.4070893793260015,0.7884398831903885,1
1.4887552219008506,1.735964507965436,0,0,-0.36479534978267486,10.515173711851482,0
-0.19549869267451686,0.25216677868423876,0,1,-0.23863006539085632,0.31741996878885004,0
-1.3222955022272784,-0.9994041881198081,0,1,2.4598872612351044,2.3310975003461922,0
-0.942765861273491,-0.026800169822264852,1,0,1.6636460577354935,65.69552671792913,1
-0.9442395627885417,-1.2063575199975554,0,1,0.9299529583052529,0.5563794364393382,0
0.32937296582071734,-0.3617352153311316,1,0,-1.1924237466740626,0.33940316661818637,1
-0.3774881300587592,-0.8216705022819998,1,1,0.17821286747607865,19.076859657139323,1
-0.2577431313266536,-0.5739241274656903,0,0,-1.2670725426088998,28.46242769186275,1
-0.308416813748403,0.21554887698496483,1,1,-0.6106121370666123,2.2933267643503434,1
0.6178003772114056,-0.5016125215493683,1,0,-0.5674707217755368,36.62810578855433,1
0.13864523511535715,-0.918295603117369,1,1,0.13779971633556318,19.11262119668871,0
1.4788423761784293,-0.8820013434964354,1,0,-0.4808633628351433,13.700192510253688,1
-0.6346997877596818,-0.7737456607851463,0,0,-1.6724323846893145,10.469607191643272,0
1.600288763419634,0.0687647303629555,1,1,0.98139088634137694,20.633670133118162,0
-0.5202520581632282,-0.597402012939521,0,0,0.43260229102365055,1.5638560327919193,1
-1.058638135709494,0.2746722039652778,1,0,2.594200392838074,6.090633021503784,1
-0.7902732161403426,-0.4908443146942566,0,0,-0.8906722224368046,8.327578837260287,1
-0.5086113158663234,-0.5207455390210617,1,1,-0.6092522689197055,16.453704556931804,0
-1.9984588366825673,-1.572320526770671,0,1,0.5595286394027177,6.898109409475677,1
-1.7504554253448756,-0.25092238328594774,1,1,-0.5250329304226377,3.844971118935088,1
-1.0138010284824668,-0.22971253381180345,0,1,-2.3865579097279555,2.087908944291914,1
0.7876299936601704,1.271115989362413,1,1,3.5240688536806406,9.01914356501579,1
0.8516257122013918,1.1915358891408685,1,0,1.9978482894314131,0.8121450024920889,0
-0.5233126389147401,-0.31301219299171423,1,1,0.1373078714184906,1.3411746829805777,1
0.955604795667685,-0.4337640121404275,1,1,0.12885041057908128,19.924205370883975,0
0.5963767333753436,-0.05186799579145951,0,0,1.4410483257632265,7.773099033714461,1
-0.0711346795926682,-0.5013599934249822,0,0,1.274649737511455,14.151693157376664,1
-0.45951325540972093,0.8367552323767812,0,0,1.9378081469198087,45.7319084461678,1
1.3052818634049388,0.9004707292503926,1,0,3.0109523067130586,11.143299504385638,1
0.9365110686550442,-0.5962930359791516,1,1,0.8129768006390723,1.7033368881687878,1
-0.6953306259308005,-0.5466154539884256,0,0,0.11495981610353173,7.733667396570392,1
-0.8607019538590917,-1.5399241391239618,1,1,1.3951316221848935,14.878436402717158,1
1.770863176100554,1.6744679879936146,1,1,0.15302443777576313,1.4659464882590898,1
-0.9111414561845145,-1.363326050418643,0,0,-0.15832901622891268,41.66494188146724,0
0.2595262826059582,0.9597622181963037,1,0,0.8144819928550973,26.10098820297838,0
-0.47519005705968276,0.457692210528835,0,1,0.37414447659896144,44.27933275944282,1
-0.6458431235063009,0.3444595187256798,0,0,-0.6731091064310994,5.779010237643325,1
-0.8775833787002985,-0.6831836607844646,0,1,-0.9112969618112934,35.55871114240705,1
-0.6324090787120199,-0.5863768250447956,1,1,0.6241351259765808,6.436739117842609,1
0.515174038518531,-0.44439732420033795,0,0,0.6385697112883756,8.507387503018867,0
-0.7629587077193534,0.5208640924312337,1,1,-0.5522970380649476,41.70326114466729,1
0.40178501323934035,-0.10869948303569898,1,0,1.8709834426359182,1.314395782812418,1
-0.601859262091205,1.0953798388222085,0,0,-0.3761438986456161,96.2938254188031,0
-0.060491753772772355,0.6752354174391604,0,0,2.3516837488616362,4.669927302853103,1
-1.5965127161279402,0.17607275100014363,1,1,-0.6547884922040669,14.023454919425903,1
1.0302716614156857,0.14723581666315655,1,0,-0.679072538750688,11.06347375585553,1
0.6666119741063371,0.5412085059443246,1,0,0.6124514277676573,52.16075762494559,0
0.5289176901834722,1.7689269951466589,0,1,-0.42065380539613806,28.964883021926838,1
-1.9225162775843796,-0.21169402064874898,1,1,0.6953472522924514,10.534772513632623,1
0.1945970999320305,0.9105463367811664,1,0,0.7287937064569477,17.308452028941755,1
-1.062005179424477,-0.6758393188115182,1,0,-1.120317048857533,13.13302821453758,1
0.19599292691345185,0.1510401531194098,1,0,-1.209634219196098,73.32576464854816,1
-0.2879346811352379,-0.05828548810346884,0,0,1.1908403160706822,4.936221132243242,1
0.04521730157443883,-0.47282419755782,0,0,0.6245520006884194,0.9994318477708993,0
-0.44273585029104284,0.04073873468637548,0,0,1.6676006041467304,4.618953041337352,1
-2.9687134399874147,-1.5903027242985588,0,1,0.4720894952576284,25.78653762696788,0
-0.6149247142568603,-1.2415520449201338,0,1,-0.6747586053259443,32.241313915481236,1
-0.40283654275958675,-1.6603990237815742,1,1,0.49125378428138883,9.546592723455113,0
-1.2934938439449792,-0.14674505708206065,1,1,-0.22999834405828415,5.701059949371828,1
1.648720627226647,0.30271829745666334,1,0,0.36625902697804225,12.505844088584423,1
-0.3953831041774254,-0.41085680026033594,1,1,-0.6059731743367889,8.0769291257101,1
-0.4564586529051489,0.19090206454273304,1,0,1.1908727888583162,42.52044829896176,1
0.14034018793439162,1.2022835091749895,1,0,0.6134706796661133,1.5561497705768041,0
-0.23899648638809162,0.41495011835312867,1,1,-0.6353622867773178,8.102460068156152,1
1.3595431822533308,1.5167650918268474,0,0,1.5592382364808712,6.993986648378437,1
0.9454652838861194,-0.6548156600397752,0,0,1.7067215884975984,55.07689180148798,1
-0.3008968563777539,-1.128591886015728,0,0,-1.7283935547581255,5.89439479764612,1
-0.8690965787149417,-1.6971821222986292,0,0,-0.20341895695740425,7.6384658458454755,1
1.7287169254674963,1.2052305176050768,1,1,3.4798962622561698,1.1382514960003218,0
0.8476041734824097,0.5739808558814885,0,0,0.7220617031922157,12.87606766801599,1
-0.9713715586174253,0.4738180934908583,1,1,-0.5252072480819397,0.9263920633348453,1
-0.1839079186595988,0.7080363286509858,0,0,2.269645044502543,3.734627507792686,1
-0.2622472510656075,0.45949764008960414,1,1,-0.858698158220756,13.554499187850482,1
0.9239007831117698,-0.44336393883663283,1,1,0.10991967490951828,12.388338239162954,0
0.9440289781664807,0.4109473131804867,1,1,0.5673744143233449,0.9131496775566614,0
-0.20183379907198815,-0.03783072059111052,0,0,0.40682841865846026,6.0858391614133716,1
0.3022776813408286,0.2831249812738777,1,1,0.904269914831258,19.689308352453665,0
-0.6419942246203832,-0.5520110892874555,0,0,-2.082441806800437,43.477095062995645,1
-0.46913304290928387,-1.0872551280650853,0,0,0.1858449582942889,19.724685801307732,0
1.234834822871484,-0.060424638367564176,1,1,0.723575133681621,12.0789362427876,1
1.1693011365579145,0.8178225795687047,1,0,-0.45335732519616917,10.445889931785596,1
-0.2401126264641291,0.493339668732126,0,0,0.05557015829976016,27.072455254342827,1
0.5880845422986352,0.27295187113117825,1,0,-0.8750858002619287,20.526671689384713,1
0.722960238589055,-0.5945089338444625,0,1,0.3644510130574229,23.548320959601643,1
0.19664890549127767,-0.526136273117453,1,0,-0.31124944720175113,39.596419467783086,1
-1.4914329705248899,0.10801339772474106,1,0,1.7636719911754108,27.28034838846404,0
-1.38645855447088,-0.5984884109100062,0,0,0.8701149293017114,12.557858934390083,1
1.5156109191551168,0.3327007839027888,0,0,0.3088742084424559,6.9782206217616,1
0.10889073384894199,0.8340434462648414,0,0,-0.8677510879034664,0.7383301465964622,1
0.5152485031050867,-0.36636308143266233,1,1,-1.4950923834379612,32.87296471752231,1
0.8620437542629232,-0.23711086425059674,1,0,0.6184096945709737,13.39469440532162,1
2.4424111666245274,1.3807600209132525,1,1,-0.8086574672007163,19.296631956007005,1
0.9027381670750215,-0.23800085244546515,1,0,2.2095532738278574,1.8613074493833353,0
0.41670949962493153,0.6522513922773181,1,1,-0.8405753846837307,10.219912240105264,1
-0.5062328964962927,-1.5769403336085064,1,0,-1.6972396285548697,0.5160951697419855,1
-0.6184681705860939,-0.7000215083418826,1,1,1.3505909185487814,22.909715655907377,0
0.062058673419511,-0.5309242738738615,1,1,-0.4854823974492074,1.0584272900018366,1
-2.956211536436104,-2.131069015368344,0,1,2.344128080194606,75.95606738214035,0
-1.130464373066653,-1.992952805564803,1,0,1.691509611675336,40.5068849880339,1
1.645071431143101,0.8634884641279748,0,1,0.09297366236062658,1.3816149104229771,1
-0.45806277335323925,-0.6198176443618786,0,1,0.885857530079281,28.204270564470807,0
0.5343450150839345,-0.8708768433263516,0,0,-0.9930458599580404,2.525223432355714,0
1.3353523122624227,0.2708892693335261,0,1,-0.5223738656646897,6.929161420104414,1
0.9957133795903818,-0.12619123586231246,0,1,-0.5503503782314405,5.22101914797666,1
0.42572739239673546,1.0088127246500256,1,1,-0.250107483337034,8.837406320582943,1
-0.41515508792416117,-1.2794819045985115,0,0,0.8893480975960053,28.357372014269046,1
-1.7085193264296183,0.0032033635166435204,1,1,0.7911847583913859,27.850601118627928,1
-0.486239700410332,-0.4998434642540889,0,1,0.9647092168300581,9.68324388509072,0
-1.023452944407662,-0.8075451043796458,0,0,0.6260377697146352,9.883981444470907,1
1.156173720241549,0.8657690379754921,1,0,-1.1437376152319694,17.667771451129603,0
-0.9681899022535964,-0.5417576103809807,1,1,1.031583414706824,12.2072567477223,0
1.096291829476433,1.1048135177425258,0,1,1.0585250687196754,29.628748975051348,1
-0.48506440343384816,-0.8027694789873185,0,1,-2.0607922268074628,2.9368535148200374,1
-2.0809646862588647,-1.3024677490255783,0,1,-0.47153943248374913,37.44947760314304,1
0.11226477453033498,0.7540059331081939,1,0,-0.4490893050303662,12.948299234462896,0
-0.4279839723498304,0.36480652922845935,1,0,0.29387436440487935,8.247457407145319,1
0.9910765090079121,0.029625261501002198,1,0,0.23541883719454101,3.7832332143532277,1
0.7936929096325067,0.07362781772960225,0,0,1.9346182527198208,5.292171533164478,1
-0.36627360292749933,-1.1059714794271986,1,1,-0.0813588174901673,1.440039730843502,1
-0.8676123191634362,-2.3814192514962014,1,0,0.8368565661266568,16.070800277330747,0
0.08886193787013541,-0.48649812427415173,0,0,-1.000262134484785,26.44524331639319,0
-0.28151837169863875,-0.9585159848365801,0,0,-0.8897234632685784,44.65323410619181,1
1.2686822941593683,0.531042073128007,1,1,0.13417909444829218,17.899765777154528,1
0.7173325390065747,0.8164010384964742,1,0,-1.910963353514057,30.198155533327437,1
-2.0005443970583463,-0.32034094203887753,0,0,-1.1187575551017885,31.64446709389834,1
0.2865944381700551,0.8803796208939957,1,0,0.3550727732889889,20.317039554324204,0
-1.9067817087883192,-1.806381853187776,1,0,-0.40286187967477066,79.70279089582104,0
-0.5480556521435901,-1.4210931434022833,0,0,-0.1668057062704385,64.43274043512642,1
-1.8766487287362388,0.03201731074089442,0,1,1.103087593142309,5.46588466714673,1
-1.1982539823652467,-2.349181806788319,1,1,1.2949748545047866,10.28936122575243,0
0.6083991075589039,1.7193837240115435,0,0,-0.7190362155909603,9.64678918913876,1
-1.2113109359435317,-0.7164644423774993,1,1,-0.7036592017833673,10.069252589701675,0
-0.021649431529826266,-0.0034570996118437726,0,1,-0.50963480730531,16.25537344070311,1
0.8244097764927506,0.5219865088229271,0,0,-0.9877221126216655,39.887730175012976,1
1.1448275178322949,0.34131782613596623,1,1,-0.2014944614533863,4.016335372014771,1
0.23244247543692345,-0.2551324451708466,1,0,1.2301228081275315,3.8120554266113107,0
1.2980948014934588,1.6066123116727797,1,0,0.12143054602724812,29.5125912869056,1
1.1556861226063957,-0.14191154017498475,0,1,0.8067579258448992,16.934070999623646,1
-1.7276701323919066,-0.3493878938620051,1,0,-1.3586881631093939,4.974267815682254,0
0.4581241268801448,-0.4795110755425469,0,0,-0.6560140771403924,2.714750653024543,0
1.686315857116275,1.5985607957068915,1,1,0.4448591590061018,10.674181538216867,0
1.6385525373981369,1.4047808792088756,1,1,1.7391165063372847,8.933610166334725,0
-0.2564918857700431,-0.6975796736001969,0,1,0.4545481429590425,0.9195317346416925,1
1.833676550810024,1.252877695592031,1,0,-0.7920672614886445,12.135960904505776,1
-0.5407816295042701,0.5276224244336105,0,1,-0.5773883986585232,2.755170649737632,1
0.7194347874963609,0.5103985316272377,1,1,2.680498727232417,3.193168609949447,1
0.8408251072764937,-0.0238034391953571,1,1,-0.13888216702269784,14.86022193309786,1
0.8377288198185004,-0.377999274841484,1,1,0.8386728460355812,0.06627156293781436,1
-1.1432155481008535,0.03437565337507287,0,1,1.0465382573984496,34.7218481329237,0
-1.413925859781224,0.04362423185920328,0,0,0.9344069069317378,8.429459855780959,0
-0.46750855237269867,0.9881606947725785,1,1,-0.6515708507056774,3.6211981562787314,1
0.5043438715689964,-0.5587374027000431,0,1,-1.735949356918024,21.62076884765931,1
-1.3321883719138194,-0.9176951102273773,0,0,0.3203745089418539,54.22554268647073,1
0.5551473579822389,-0.5034389457903095,0,0,0.0306565515834018,26.03087303941961,1
-1.4973638998206094,-1.6138263088588274,0,1,-2.5526137214483593,7.431207574129346,0
-1.3961236621793274,0.3036777344715279,1,1,1.4519580708044704,3.289808665266928,0
-1.35035661555922,-0.21938399758700122,0,0,-2.0944849055775054,4.209981411497577,1
-0.23322223410917994,-1.166553552920602,0,0,-1.027664986463044,20.398518563794752,0
-2.130174962072957,-1.0833355578123365,0,0,0.4049980398982952,72.2448633622453,0
-0.06234039293887015,-1.0458801254437236,0,1,0.9055054885123046,46.47010121698329,1
0.6602563256706792,0.18010507084603042,0,1,2.0839846385595275,1.6403085885408606,1
-1.017190059912308,-1.331584469197057,1,0,-0.2905422159970648,25.219019269999098,1
-1.3263692442949957,-0.2623766725054812,0,1,0.37398252311171754,16.055005412107338,0
-1.5182421178603445,-1.743598298384389,1,1,1.3076922969457165,17.149436182038443,0
-0.7031574666241552,-0.3846818544220966,0,0,0.35423973574491746,37.27465275297454,1
0.8652011526289171,-0.3501640589393455,1,1,-0.3789228902384536,9.684434794456697,0
-0.31880926202487564,1.8640888531057396,1,1,0.2855105309894505,5.356808597041038,1
-1.6208950214620248,-2.0232267679420017,1,1,0.4214030379976715,21.16586784005637,0
-0.06922691123555647,-1.3668671443374512,0,0,0.9926589123916147,5.6200762049925,1
-1.8642980553011466,-0.9080514678569556,1,0,0.01389452194091121,1.0008674530071973,0
-0.23307886890297183,0.18675033417797343,0,0,0.7961745833231044,16.208283777633337,0
0.44293448082904335,-0.828856002684609,0,1,0.9861510109920946,13.723771974800005,0
-0.8534989271120202,-1.0786405534783359,0,0,0.08021016747043294,37.03945647881275,1
0.014003745881469073,0.9146558752379043,0,1,0.5031872634756454,1.6072138312619064,1
0.3052254798503156,-0.7955102027262111,1,0,-1.2892057337576968,17.12963504419701,1
0.5358304265375251,-0.6898389373684325,1,0,-1.1598589115857705,9.738258435401468,1
1.168192941680461,0.31372527475008505,1,1,2.6797777496922675,11.437107514530437,1
1.8094953650296501,0.43479292960060834,0,1,0.008378467394692913,24.10059387240919,1
1.2644107765635932,0.4200118001367774,1,1,0.5302530323779181,45.90759620523804,1
1.1043802919332597,0.8029451452380543,1,1,-1.7490649760237187,0.7976953390063092,1
1.1739466258890414,1.3020407922750281,0,0,-1.1529667683568172,34.13808972191016,1
1.2301444318389587,0.030903748235270978,1,0,0.36328487828990347,6.244969428830654,0
0.8100950226338125,0.2106330496901538,1,1,0.26163081187672504,31.80463829968617,0
0.44323996668456705,0.46121795897796203,1,1,-0.8957993261651056,3.1306211218396465,0
-0.5147914111553145,0.1206323851497425,1,0,1.9520141967411777,0.939159915635976,0
-0.7973645834911295,-1.830460916136849,1,0,0.5427094048254789,10.91493094137847,0
1.2075909896461592,1.2253741920154497,1,0,-0.07950321929540807,1.5153474189244887,1
0.46142763134697184,1.5833559392469483,1,1,-1.937249420121791,18.07076728552258,1
-0.7115837337287912,-1.3274871065364138,0,0,-1.1901685350203042,71.49583030398121,1
-1.7938276957601942,-1.2164570811113482,0,0,0.25158109963611386,5.0952108066379465,0
-0.20833322771665108,0.8649193832268331,1,1,1.2959481981248426,0.21052315918592018,0
2.1396662531541066,0.43172034534106396,1,0,0.4611298443117118,7.567399135166005,1
-0.43867451522357553,-0.6330111833963431,1,1,-1.70783301596911,4.236318838774471,1
-0.09188545028535038,-0.12662100978357702,1,1,-1.431954266861418,2.2611808140430933,1
-1.6094832785531377,-1.1896111967413616,0,0,2.8913024510968546,2.280254587121108,1
2.4861320432550262,1.2859335804229433,1,0,-0.31546373898643904,17.909474961338965,1
-1.0902433283339947,-0.09402605652244012,0,1,-0.2500169682606474,8.616561098927754,0
-0.3650240784139495,0.8137200795107011,1,1,-0.07878906453830718,2.046069227976065,0
-0.44451375789498254,-1.0996407981648795,1,1,-0.6366342704744726,24.26659483406622,1
0.8986419376275501,0.12395850872499797,1,0,1.2991768645093802,14.515107499560276,1
0.6409282954554089,1.0654321422672586,0,1,-1.0848696981387609,9.150710364484985,1
-1.2029137176122593,-0.3643284673874392,1,1,1.1995850774026882,3.7590333839752916,0
2.1820320539374287,1.1237667692883775,1,1,0.03860889186203681,10.760518826585228,0
-0.8017126784731895,0.356265093406632,0,0,-1.2517413121481038,16.439512927148446,1
-1.1966920282087936,0.026117766511082996,1,1,-0.007434956176101417,13.452280831229677,0
-0.7890442658820574,-1.0003023360019445,0,0,-0.5266286997707786,13.301631517171726,0
-0.23543623814438444,1.1313330897672378,0,1,-0.16648583170785433,6.014293507050953,0
-1.041161188938612,-0.44680104751185445,1,0,0.4272363309016996,20.967772360458188,0
-0.08988628801894784,0.21098831357871595,1,1,2.925161401732034,6.075347935192155,1
1.3247289074972004,0.5444696124276167,1,0,0.5409193799789261,10.197526808633624,1
-0.5385180823298601,-0.806846479194266,1,0,0.2699523552001627,15.972200274954892,1
0.9608595293357283,0.5706563467045038,1,1,-0.2638660056189592,4.5732806727566,0
-0.26676978412670954,-0.03550428400920046,1,1,1.4956836188366935,1.2524961585657084,0
-0.42831105369817274,0.2783981383626477,0,0,-0.7593199722759888,5.586309698807537,1
1.1511318800177628,-0.3139988171597238,0,0,-0.19303323069256484,9.889899519468107,1
0.3984103864209611,1.5093524180204936,1,1,1.8371298693220701,25.365619292237486,1
0.5299089432898116,0.07151240714038479,1,1,-0.23637729825791873,1.1247752165989793,1
-1.5267840328996392,-0.33265002209988137,1,1,1.1773890110784906,12.015214410203383,1
1.6312723222202359,1.0365574174546146,1,0,0.4422962138415853,10.621521134126015,0
2.049079290871113,0.1663668048802196,1,1,-1.2236315184141602,14.587163226752633,0
-0.028155520560603647,-0.19116132407617156,0,0,-0.23066938084513505,46.34930074607719,0
-0.4201328590660311,-2.20820982575524,0,1,2.2963480656094997,0.26468747367601325,1
1.0284157667326965,0.9956412367198025,0,0,-0.35871465864638574,19.149193845673782,0
-0.3243369072619823,0.19205765006660513,0,1,0.278485773528018,16.47152195464059,1
0.30545652454457317,0.1740785009550534,0,0,-0.1756435866614986,36.36229627112114,1
-0.386387423601296,-0.1636078420635784,0,1,0.5639853726706404,5.669652070672828,1
0.5702385722041732,0.7701750708761015,1,1,1.9930238187830358,2.2711498389929603,1
0.41233641940251914,-0.6798903028787955,0,0,-0.4351844866096237,4.256753739774335,1
-0.28411656154642895,-0.4188460952684699,0,0,1.5656806121148776,27.151595268179197,1
1.096960220008652,-0.5356172492888269,0,1,2.090207368626552,6.488145062469118,1
-1.5650088774903999,-1.365022521354211,0,0,-1.1882960263070084,100,0
-0.38365202969971945,-1.186156176173939,1,1,-0.77193198007627,4.870408625783891,0
-2.3431010056281947,-1.243525600021721,1,1,-0.8235868791039117,3.989830176324114,1
0.325090010708302,-0.6243456510732592,1,1,-1.7158645336117493,0.2805671001825277,1
-0.7492246248040225,-0.43598450034472186,1,1,1.8079304869793187,6.598751263681516,0
-2.024385369307264,-0.9660277574096348,1,0,-1.9810671448352464,5.558797956770324,1
0.3594207948559035,-0.1344005709950234,0,0,-1.7303200234473204,17.070987625127568,0
-0.31763028607195587,-0.17323440816087904,0,0,-0.40361059440531605,29.998474837791754,1
0.7021707600146418,0.525158383926624,0,0,1.0444582807314153,2.413405842634277,0
-0.7956439489581328,-2.169499280049273,0,0,-0.46003814375654556,2.6842731009341785,0
1.2561529277731187,1.7740831996000646,0,1,0.5382278762929332,18.968441143250935,1
1.521280357634595,1.5129263638569492,0,1,1.0433185619243999,31.80632627112702,1
-2.8385850146284732,-0.99685469554537,0,1,-1.2507569134581702,29.221173454116613,0
-2.19195161638525,-0.18888022410845506,1,1,0.02439427501645629,8.94545056430948,1
0.3699713140110122,0.5724914395875973,1,1,-1.954056449286,3.9918257785995452,1
-0.5267797098933104,-1.0693361301186337,0,0,-1.316742601228617,100,0
-0.5356662118018571,-0.7811518334021729,0,1,-2.097018408173368,4.7492151993979,1
0.15016532616570888,-0.02831758563166223,0,1,-0.14758531419896956,16.646695453117488,1
0.2276959176651017,0.47394534389410575,0,1,-0.10731541247115339,2.39498137180119,1
0.3653215674813085,0.1744414222112522,0,0,-1.6036043745243695,11.520197853639154,0
1.6615393252426938,0.8200950521367297,0,0,0.9048031014931298,0.7224819796013446,1
0.474347101514185,-0.43928334248692774,0,1,-0.26472650427112104,3.723528790050494,1
0.40167959734655045,0.42774331371154967,0,1,-0.5083910588953509,10.007107949405832,1
-0.8148507250509172,0.1629108776520405,1,0,-0.9235737682320967,20.86278553370055,1
-0.5137523663901731,-0.6270758232436568,0,0,-0.6683567043555615,4.854265118807264,0
-0.13824461908022828,-1.0408912494114804,1,1,-0.5796658885699932,9.003835060108909,0
1.1694694718205307,1.1150569819641118,1,1,-0.34458193310224566,4.382140273821994,0
0.8787602344465704,0.7808580654546712,1,1,0.6937090805834015,5.379564689212569,1
1.9462296361315783,0.8237463461418116,1,0,-0.12355321156311237,9.971801268536925,1
-0.3586833287102098,0.5220015027402971,1,0,-0.6048151386180531,1.2160223624790187,0
-0.15804390038555338,-0.23403625608011946,1,0,-0.6172839339530094,32.832607770781024,1
-0.14521845532155425,-0.48727408391821314,1,0,-0.6288268991928293,20.13303902112225,0
0.2208865775882634,0.6904538518840154,1,1,0.1757409326200663,15.183712780857215,0
0.824213999184489,0.2654104270941422,1,0,-0.2980541575278389,74.32244861736801,1
-0.05292567627031973,-0.6414288932089086,0,1,-0.7921906094442923,18.39741016176992,0
-2.1019547221760875,-1.5389753232862207,1,1,0.47472142210739904,6.460295076054391,0
-0.9317849665276967,-0.9987609667015925,0,1,-0.9256610731047985,11.970835165005631,1
-0.10399180063188991,-0.8049815366161255,1,0,0.5744607124041345,5.121441901498458,1
0.5451389133702162,0.8273805283485867,1,0,0.02569304467782297,7.176809157717509,1
-2.341284667772101,-1.7083535906047964,1,0,-0.4663001449274759,35.08072078126987,1
-0.13319321847075113,-0.31743271671183315,1,1,-1.7033908214208697,42.10109455396456,0
2.641730555057452,0.8856038011691485,0,1,-1.5174184636020616,9.626426438930638,0
-1.672371586759642,-1.0930415002058476,0,1,-0.43284552574158613,32.3998129585423,0
1.6432200866647724,0.8153215315082836,1,1,-0.5078734067009009,14.324283547667502,1
1.150335077723952,1.0053992294394147,0,0,-0.03594162492837858,12.977236456656348,0
-0.995529353419592,-0.4444755870235911,0,0,-0.01478316266824263,11.190772259371599,0
0.8724458566003541,0.7176392875612747,0,0,-0.7028537264679329,4.6079466708515255,0
0.0708969837570588,-0.5111028399846274,1,1,0.7071516584053601,57.63221773375787,0
-0.3757790615542908,-0.4831853483177958,1,0,0.7381577884570065,34.32038098020527,0
-1.1047461786166968,-0.42075172614245515,1,0,-0.019412880311434167,64.90407882788645,0
-0.6365015430733081,-0.4238446925431494,0,0,0.0758687810063155,2.472308839877592,1
0.48111544040637927,0.7257397346111343,0,0,-0.8184809833686205,22.864935681128863,0
-0.5548524023786441,-0.37280698220455494,0,0,1.6425955602021851,19.228027918704704,1
-0.017141580878700113,0.7113349960815197,1,1,-1.0420013098786722,32.35465997630155,1
-0.5643122712256016,-0.521612081825178,1,1,0.7668954931789692,1.9403944933786814,0
1.0313495124437566,1.182775885921851,1,1,1.4391268571416271,0.27975860681588954,0
-0.30283743989933654,0.6505066666888829,0,0,-1.4054059793615137,21.813946453131766,1
2.2690385972408103,0.6775681050845375,1,1,-0.4183933038898538,6.964904081879728,0
0.11589118186072148,1.7589667953336412,1,1,-0.3545262547857777,1.3334017587547955,1
-0.4389146140723728,-1.153854479113325,1,1,1.8515707131641186,1.2588364898852262,0
-0.32370750919312447,0.030118854350484392,1,1,-0.12768931906624753,11.420535501703455,1
-1.0801400421971492,1.2286010416663475,1,1,0.8215085946415636,33.95204847151587,1
-0.8647511117284805,-1.8965560876743939,1,1,1.952283010254193,5.107326378338427,1
0.6412913960778056,-0.317308832792709,1,1,1.8876864169512098,13.695387396488263,1
-0.5106092413281175,-0.6675352700839605,1,1,0.6203742064663303,1.9346279586113126,1
0.6733960862078116,-1.0439080451769909,1,0,0.9397642323984713,14.076212974599425,1
-0.49522153094760274,-0.31515056741518654,1,1,-0.17664410572398737,1.4611550619432827,1
-0.01593458412580786,-0.4876168406846212,1,1,-0.6601293332079331,4.045329270258089,1
-1.579217267943268,-2.102909017579019,0,1,-0.2675990954690175,2.2476637207379566,1
-0.9051335200753508,-1.2324843605939941,1,1,1.155495019597125,19.001311229662537,1
-1.6630661644610705,0.21032463818463965,1,1,0.9937340127247787,18.239967085455728,1
0.9621748862776799,1.7604573182935814,1,1,-0.823053126305267,14.393703697352821,1
-0.008956932814247694,-0.7375018890544159,0,0,0.5359062084905591,76.82589376961236,1
-0.011856495339347956,0.45853862409482266,1,1,-0.5916546225877052,4.7026809897363195,1
-0.43930520199265904,-1.4750262525867992,0,0,1.0149782727101615,13.233935434968444,0
0.5020372948955276,0.688643750646629,1,0,1.0051029533722493,0.06027994501497075,1
0.6552999718857676,0.5912950886403388,1,1,1.247898336193664,41.108321368227806,0
-0.7269638146455023,-1.5413737699756815,1,0,-1.3181033452710555,62.096356343312216,0
0.20289830770183084,-0.572482894116815,1,0,1.3756091377461523,2.8825326605644195,1
-1.7603468457238889,-1.0880711437464332,1,0,0.5747608151561339,59.869124961725745,1
1.6560218283896742,2.1040457250128504,1,0,-0.15818144507665163,31.631266717245158,1
-0.669697409352575,0.44777405849235924,0,1,-0.4038069601764393,9.080725294088985,1
-1.6410617862001071,-1.036454668470929,1,1,1.8848174879833393,35.288032661421006,1
0.9279802040532441,-0.6711536574974418,1,1,-0.39645653628991945,7.224806383181298,1
-1.0823033550965284,-0.19046654351495063,0,0,0.6172615445324545,5.864566597668833,1
0.4870236916464013,-0.8602796664997379,0,1,-2.0668411393626833,18.07758025377091,1
-0.04161501516747963,-3.1328982276940005,0,1,-0.9650551700532685,21.53201166843908,1
0.12021274612229546,0.4570225470137067,0,0,0.7592484901388812,2.568338564952986,0
0.5938890376418272,1.0198090536970874,0,0,0.0621301047515182,32.114675841762796,0
0.6073253718084337,0.3335780169681957,1,1,-0.8096302195915457,7.35615917805463,1
0.030503080185389737,-0.7478988108390996,0,0,0.07589417504979043,0.22218470915562966,1
0.761514940300334,0.3851901861569456,0,0,0.6489454910830285,15.049567814664444,0
-0.7423129210184528,-0.6535325274398933,1,1,-0.10885094955758347,17.29970207536934,1
0.21100888967791961,-0.1219147907043815,0,0,-0.008993916743239388,34.347310367066605,0
-0.9099942811101972,-1.8424634065696819,1,0,0.9178278114341077,8.306528854026702,0
0.3543642436962324,0.47587022404885826,1,1,-1.3654467003760555,13.102784866190202,1
0.2903654354159372,0.5637119107670254,0,0,-1.8600481126439194,1.436632642308912,1
-0.11266018828182417,1.4285572147353238,1,1,-0.9719459823270034,5.143849160188563,0
1.040137467517203,1.8452298108367082,1,1,-0.1369322929913739,5.623263836932539,0
0.8328688323946893,0.9669039137341945,1,0,-1.2235629344716499,7.657173031544945,1
0.295218079407239,0.16692501022894368,1,1,1.7743603403126702,2.362834880852515,1
1.0710729802853913,0.8016692933914331,1,1,-1.0579042013070894,7.635317677775969,1
-1.8734869843168211,-0.30562821143956254,1,1,-0.6636338726001997,50.8280374480276,1
-1.5599679939990476,-0.1451388586382839,1,1,0.9862969271442198,2.7121915816304014,0
-0.4201300197222695,-1.3961117043493205,0,0,-0.8552913655540314,11.841689712092194,0
1.0209326668867182,0.6786501021195265,0,1,0.33690189579159496,1.3692444415060159,0
0.4660666663339058,-0.8302004051317176,0,1,0.5737371269846112,1.060119735030229,0
0.9006789182186286,1.0109636262226447,1,1,0.8645422275986594,2.982691577080468,1
-2.6011601979897128,-1.8416580219791217,1,1,0.5277556074050648,7.765860805413134,1
0.19305737616317217,0.8607534000032642,0,0,0.7984586854184197,7.73659142059846,1
1.19587678498981,0.36305862383032605,0,0,-0.5028410154149762,1.4816724287006164,0
-2.8096284540919845,-0.21383927679350512,1,1,-1.0042087196451936,10.592943821322198,0
0.07073197844056624,-0.833384375097642,1,1,-0.6341621015541016,33.413222701023386,0
-0.62780619106671,0.6575370253728163,1,1,1.5909958743305215,24.21987765505576,1
0.7143734197056096,0.09352627479253489,0,1,0.0056522064738274425,10.349228166574436,1
-1.211080697759244,-2.0255137145862863,1,0,0.15001621512649513,18.62006917649973,0
-0.09448721477262895,0.45813240452805426,1,1,0.9545659450935898,27.891018004000916,1
-0.5168115857230785,-0.5574389464099463,1,1,-1.3166212254391418,0.11405072421237808,0
-0.9728029736783141,-1.7496012822291749,1,0,0.9901385705850563,6.933862930850713,0
-0.19345223292377667,-0.6156772300465997,0,1,-0.6354045180695691,6.960210115652478,1
0.9396309877168808,0.12473304233857113,1,1,-0.694331735986823,19.191787479918396,1
0.7262053589773163,-0.9201702478605643,1,1,3.033273890189689e-4,11.955878339183764,0
-0.012660803587463567,0.5964501383932179,1,0,-1.142209141084046,10.192365043758587,1
0.8626503320056288,-0.3963546183579069,0,1,0.33968667634762506,64.58283463055248,1
0.9438709728415114,0.7602145564296835,1,0,0.6153636206325179,12.917956136300408,1
1.6075548974289966,1.4641279338473305,1,0,-0.5739227647954241,12.143629926076853,1
1.0693517473556486,-1.6158846666036086,0,0,-1.549154369777898,33.7063277720402,1
0.3819930130797234,0.7318340768321324,0,0,0.7720133802236194,19.720959021114354,0
-0.2531775771178163,-0.2713114431578366,1,1,1.2669360399327025,2.025720984716964,1
0.14028925808050835,0.20758876247937458,1,1,1.1817084684191617,9.358085068522632,0
-0.9989117665261104,1.3837451205384346,0,1,1.0718526117819964,3.764143942716605,1
-0.6630792531825656,-1.1134934460886035,0,1,0.30491591604977397,23.479387413200957,1
0.1218597101837193,-0.6561544618740011,1,1,1.4447862795044124,1.4354826184152492,0
-0.8202891811008147,0.03028207082133466,0,1,0.8815759802767349,17.796507350568067,0
-0.18300157550079058,0.3794070147511029,1,1,3.407169269782894,36.15751913172974,1
-1.012509178564454,-0.020408795190003104,1,1,1.0927548655730142,4.187585617710164,1
-1.10641068777817,-1.4419383434067194,1,0,-0.44393477354131045,24.92392944392271,1
-1.1131925955604611,-1.4961082789193532,0,1,-1.5241991791138525,11.802441108750779,0
-1.5698401788364122,-1.500946719572739,0,0,-1.3067426734017256,68.31629853143421,1
0.5534421149582416,0.9945902956938556,0,0,0.6573911401478695,1.0431780184235389,1
-0.15199562170386616,-0.13167018602817243,1,1,-0.005754102291665907,5.287663691993395,1
0.3184511675203761,0.015656567570924484,1,1,1.0674374977684002,0.16159327532085774,0
-0.12781288336919694,-0.8188661775962531,1,0,-0.8694084643330456,34.29920887443229,1
-1.6605859346459126,-1.4422875481236987,1,1,-1.3556488926747838,2.5660923518533956,1
-2.4233807150516755,-1.042185334820539,1,1,0.01505288156887186,5.435237576917383,1
-0.47102321473783887,-2.0459823328075397,1,1,-0.26432554133871977,5.849725137572342,1
0.9057110020634241,0.08223949383863549,1,1,1.1416972405309893,3.226542926564804,1
-0.7523597827792321,-1.3514392821183012,0,1,-0.505608080695729,7.153186736684352,1
-0.4212515201125522,0.5456054933269384,0,0,-1.038552822293293,22.00095151743351,1
0.551711436129823,0.6419885366010976,0,1,-0.09319848838307855,13.848112082810484,1
-0.18426656151944373,-0.14624090645344004,0,0,2.09717115493912,83.41565263039578,0
-0.6939324309689908,0.43155196351602304,1,0,-0.4213899390436347,21.756354141677146,1
1.5589055157904994,1.4152564933200318,0,0,-0.10762942038343587,4.046336097820588,1
-0.09324621755916127,-0.49721555723853367,1,0,0.006915144319698525,3.2853867345523273,1
1.5334108234405692,0.7123787154968384,1,1,-0.19124875421603493,2.620312417673012,0
0.9308730654778195,0.4749612312768307,1,0,-0.3134656529000183,43.2809763213281,1
0.6534699639345807,1.0989394248110287,1,1,0.5564116461702063,4.977594534909357,0
-0.9589515671454939,-1.4864237793439525,1,1,0.5099270232842545,2.514147281659977,0
1.0770628988654085,-0.06670008185058607,0,0,0.5931590802510377,15.600206102877054,0
-0.3013485717893264,0.20774631937444626,0,1,1.318315941369154,7.172060130279887,0
0.546032200345771,-0.9637744049437331,0,0,-2.8326099666113556,14.785756534565953,1
-0.32295375064869125,0.4323826589605746,1,0,-0.3787249854848585,43.29340286896954,1
1.4278530827353384,1.8922763140074945,0,0,-0.7531190445119486,16.352316552063687,0
-1.142224536551109,-0.328879361447246,0,0,-0.6786456858185652,1.4200529869588732,0
0.00881333311246897,1.2478672361991128,0,0,0.4705021224011276,35.0322628403872,0
0.5222286611620025,0.20613826976711513,0,1,1.630885822304574,6.2744704505090825,0
0.40250423537020197,-0.9861112446599047,0,1,-0.11274889327702597,0.20127255347078984,1
-0.2799157751081329,0.5980960809593302,1,0,-1.181114500159238,9.472386264603962,1
0.14528842910983258,-0.21847493048813996,1,1,1.0617610636947432,13.140750028661074,1
0.49821718530903797,0.7524228984647541,0,0,0.9726281907609664,30.012858115020464,1
0.22743919801057344,-0.3168931371631041,1,1,0.640163356516325,33.73469521886009,1
-0.6094449668804799,-0.9275614900285396,1,0,-1.0678061006695787,8.598053807609055,1
1.2032541859072963,1.47579106724961,1,1,-2.086185781904377,14.882172505115953,1
-0.6568417456832345,-0.5505761937991978,0,0,-0.4395580023562572,44.748160464028665,0
0.8869663871723722,0.1448592655013879,1,1,-0.5647685619476087,5.0569275983109065,1
-0.780321714303369,-1.4318830028686411,1,0,0.04472503010194875,54.107987998934966,0
0.9888034339613702,-0.2086898628880532,1,1,-0.20983245186705327,16.975949280365132,1
0.9412695144420238,0.37507014586168097,0,1,-0.2653489845619406,8.207187924970555,0
0.5139116547807226,0.8681624195598538,0,0,-1.2379662652989158,18.357350034613514,1
0.13761492430848885,0.9961051243165789,1,1,-0.5065250457401148,0.8349102175726282,1
0.8264014902592794,0.1100348222095216,1,1,-0.9235371013061136,35.14912978818336,1
-0.8997951670656186,-0.3533544868065295,0,1,0.09437446280121674,46.08319059364184,0
-0.13748817217596077,-0.2565235641642289,1,0,0.6947535488356469,23.930686354761132,1
-0.39384750831880944,-0.320092204596518,1,0,0.5386311905143802,3.17313888084744,1
-0.7328436269888269,-0.1412699874315423,1,1,0.5934316088127981,2.8200814277425565,1
-0.7358299092664192,-1.4332672146701793,0,0,0.3683300776876038,33.42897592220508,0
-1.0375043617071236,-0.14491618731639633,1,0,-1.2640107679744783,1.627691136887983,1
-0.7866538501316855,-0.28362520495851984,0,0,-2.6322101447963977,19.488620276445783,0
1.7764231766234135,1.4579431767102649,1,1,0.5871002770903627,7.952305188167554,1
0.6097629115178025,0.3720104627097346,0,1,-0.1870037806132063,21.587538828385824,0
0.4939448917109916,0.5646221706339251,0,0,0.034009497497027134,4.456111199721421,1
0.6405664735337449,0.3262687819748982,1,1,-0.8051768478113616,20.890374445803708,1
-0.5386755976971876,-0.35911694813432776,0,0,-1.8403483904172646,2.3638281515705484,1
1.4166494506076142,1.1969830998299305,0,0,-0.14365917678828896,11.545664255032808,0
-0.03206493178003043,-1.1820599570311976,1,1,1.0768141432083378,23.682389819288943,1
2.077807573669561,0.6250834203441978,1,1,-2.1055854438388093,24.63928429861177,1
1.2132999907407465,0.38681525496448044,0,0,0.9016500718214888,3.925957469582271,1
-1.0654784781532205,-0.06966329747368061,1,0,-0.49214981691416654,5.36649092339114,0
-0.46538212576028104,0.002115110797103581,0,0,0.004275831433428079,20.22595009740034,0
0.136290403362983,-0.3914755479103419,1,1,-0.9593154672426314,4.745980548272076,1
-0.04434680414914579,0.7097660879921527,1,1,0.5596078687677746,7.97221125915321,1
-0.7174538998525892,-1.5455773907040857,1,1,-1.7329030539768375,27.791757352858642,1
1.8540505115451733,0.4838286230093394,1,1,0.6896207909210628,6.040042566603507,0
1.4210942003873093,1.0957374837410874,0,0,1.1906626343545477,9.86996521240199,0
-0.7473344349356789,0.06299643007226557,0,1,0.7126365805635518,34.41400868307119,1
-0.5800635691528577,-0.3213445346565578,1,0,-1.0323404397054112,15.812190218752953,1
-0.9944160495437188,-0.24000292458840228,1,0,0.035644824442808545,0.04072240318905476,1
0.4732220808711667,0.9439546393762356,0,0,0.07277371708240243,63.676836181658516,0
0.5059098940878931,0.7751824556856495,1,1,-1.4173085697293788,0.3526851899741538,1
-0.32918028797612475,-1.114658564511293,0,1,0.3417540869848164,9.022225818047268,1
-0.18643238942284424,1.0322208609133803,0,1,0.21632052745269745,36.035249713683264,0
2.4981057296674174,1.8874912407745488,0,0,0.5363024233434924,47.285621002125545,1
0.49169787152728284,0.5217701081885009,1,1,0.35525364189114134,0.6182982322226765,1
-0.2179668742804723,-1.193996171280912,0,1,-0.9747559857667912,4.783725886054206,0
-1.3000078215837685,-1.1540438655633125,0,0,0.7798483363443429,70.8780388255009,0
-1.9028169299070194,-0.6916492246336152,1,1,0.12561184616391585,33.84385706260409,1
0.9598716102904404,0.34814414247555403,0,1,-1.9909945282280062,4.489980019787756,1
-0.531226393416975,0.3604517673811479,0,0,-1.1551951297515493,21.073139870620675,1
-0.5839652868420437,-1.0933807589233204,0,1,-1.1912507944035502,8.3424792710165665,0
-0.25227882446251193,0.17088733784006355,1,1,-1.232750968196916,6.198815542480183,1
0.6434861631732492,0.3483354138218515,0,1,1.3862127119782686,16.195370550245997,1
-0.8468980206404273,-0.9551334367449212,1,1,-1.2428319382356756,30.165428704932854,1
1.0374507976256762,0.04804023201863461,1,0,0.6996983983830161,24.504622864716765,1
2.070217541843531,1.0796237491359695,0,1,-0.12350699783819297,14.736644462817038,1
0.5157975887569456,0.6802479006764386,0,1,0.5892954762253813,3.7417365577687747,1
0.025251426234845872,-0.5635192866220405,1,0,-1.7422210103007956,12.603107284219183,1
1.0188983404357006,0.8242940787989552,0,0,1.1554744969553612,19.64761684155854,0
1.0274064854570948,-1.404559556654362,1,0,-0.556978067624376,16.56823542734249,0
-0.939344296268041,-1.126185261739545,0,1,-0.36440412213723317,5.806653337837771,1
1.0060527505432255,0.8209604173901025,1,1,0.7506689712819767,3.0304540604010506,0
0.2431052993232303,0.8364901842129552,0,0,-1.857344535166518,21.30895714149142,1
-0.701973254878765,-0.3950720292184318,1,1,-0.3988333257543393,7.114982632951327,0
1.8434740022873746,0.37444090404011454,0,0,1.2478879621886387,29.152547624867214,1
-0.9836734778321684,0.7959819231445568,0,0,-1.3064970239382858,16.99268660911933,1
0.1292215058840173,0.3716581348307917,1,0,0.045209173008776624,11.308439920682014,1
1.2770562032692463,1.0469241447150468,1,1,-2.4566477548593655,5.587198796079447,1
-0.7995815140187221,-0.3574081113954003,1,1,1.0674391213109837,17.4793180451564,1
1.5824044773010901,1.2057975327715513,0,0,1.3944119343545645,2.388086185574432,1
-0.8405601845913847,-1.0520440201006895,0,1,0.2116726266603435,14.276911515380403,0
0.006046839350043647,0.8075355455222517,0,0,2.2498205546135956,15.836317304370999,0
0.9310069132985549,-1.5314264647083233,1,1,0.856705121303542,5.377968662208358,1
0.032094886139979344,-0.7596669253123819,1,1,0.36847373749584067,15.844948089811771,1
0.7113232648940471,-0.5531857050720373,0,0,1.7232780149959377,4.994365844583039,0
0.46608063481311757,0.7386754090985777,1,1,-0.32781268893747384,7.156656554448597,1
-2.132199127534153,-0.8556636953325331,1,1,2.6780455363801914,2.208822348182042,1
-0.3941252951245891,0.35363248824240245,1,0,-1.6625142937069952,2.776450903908482,1
-0.5958329943771961,-0.7934059287926576,1,1,1.500781806794064,12.52673507574962,1
-0.2511253209381122,-0.24056901371967135,1,1,-2.855424967412531,4.169939687492248,1
-0.22157245268200282,0.8766708379398677,0,1,-0.03243516346689439,2.8193212874062006,1
0.5037539138358373,0.19141439057770265,1,1,-2.721788849358676,3.1300699726728873,1
-0.4830292659054393,-2.5888250188433277,1,1,0.5419898417035899,35.270122608402524,1
0.18830030242762635,0.30883319260924946,1,0,-0.0349744381942146,32.44806330603423,1
0.5389313534626159,-0.09703615842030472,0,0,-0.4435969941715863,8.91744412099688,0
2.89238821499193,1.3588287798859264,0,1,-0.8482090444752541,23.257061823115368,1
1.8372286059570881,0.999997331917455,1,1,0.9564651216612783,31.938293572845144,1
0.55738294689179,1.7594162915458351,0,0,0.4427064794581839,8.147430599816262,1
0.8016034200740455,-0.19640565675142724,1,0,-0.41583777496549573,18.197436355795258,1
0.4042726715645157,0.13029695753281906,0,0,0.02466439087060931,35.15157283801187,1
-1.3212172309085677,-0.5315156243992603,1,1,-0.21032963417206932,11.089696076560788,1
-0.32286497676729264,-0.2590345411601153,1,1,-1.1717138503800453,3.1868008634424356,1
-0.6135848234525029,-0.7083509655031401,0,0,-0.014283032120895602,45.79173677742521,0
1.1748863786386952,-0.23400100563106452,1,1,0.36360667274350494,1.079007337730913,1
-0.07442804513665097,0.9522626494075279,1,0,-0.4472457262294235,0.04294869876117218,1
-3.1296074783104673,0.08729870639782833,0,0,0.9088679281415653,27.329164293873337,0
-0.1599285011773468,-0.12003880175386583,0,0,0.22333269525688834,3.8771148720109965,1
0.09468346477055713,0.5815357847950436,0,0,0.2894706237223595,32.85570707085602,0
-1.9898314128982362,-0.5773522645890642,1,0,-1.7441519000849208,1.5102635809140337,0
-0.02288338184201675,-0.9825185380440543,0,0,0.4407489229522117,5.904403100108798,0
0.7257409546846363,2.1877978506204285,1,1,3.0370792100540274,3.5254636927144336,1
-0.5702417355530371,-0.13574755955766518,1,1,0.015910933661560184,48.12985398416015,1
0.2463820980706454,-0.470119079705219,1,1,1.3825150419261103,10.605769351262435,1
-1.8672120102992742,-1.6779459338168308,1,1,-0.17597282434429634,8.272156277023015,1
2.1040410244837036,0.5331230727238595,1,0,-0.9905617029264713,9.291786107718835,0
-0.4144215801440711,-0.4016985260074953,1,0,-0.33771481498668077,19.21220212985991,0
-0.9503098859983452,-0.8828103848609751,0,0,-0.04717539917598616,29.77959736564928,1
-1.3812858870407567,0.28198902358179345,1,0,-0.3418943994249741,41.924809855604,1
0.41491939034274894,0.9576516097424947,0,1,0.8457162177000729,11.496193837961595,0
1.8549844635645103,1.5662405438692701,1,0,-0.8671655419223738,0.8690339688073306,1
1.0969663351012846,-0.10426274950706838,1,0,0.49605106998770937,40.38217398390819,1
1.7568179443648657,1.6059699340273283,1,1,-0.10193544689831505,4.821461262230085,1
-1.0334895461514826,-0.7790348237637975,1,1,1.11897894110186,4.931203488361673,0
0.4990651154620114,-0.2919988216421414,1,0,-1.2643376095644583,5.238749656168891,1
-1.426205879401447,-0.9849802967883494,1,0,1.834986662445631,32.54329667788436,1
-0.1148828706395308,-1.8613294260222037,1,1,0.4795348555846098,36.27533288429506,1
-0.24110601282520508,0.47673599105370995,0,1,0.2610458880994764,33.9454553721463,1
0.49161017043090566,0.09761850024710725,0,1,0.9102031420940646,0.4993983306884616,0
2.194726592426134,1.0419708025504204,1,1,-0.19515918309392524,16.249683858203873,0
-0.35415513725121284,-1.0471686710752084,1,1,-1.3924526543937834,2.534668360249013,0
-0.07407625704342663,-0.4587192344915796,0,0,0.0967179167606068,4.428810637757258,0
-0.365997192949024,0.26351241715284374,1,0,-0.7829349446411265,24.141433552816714,0
-1.2034965676345064,-0.5595034186660773,0,0,0.644603254551146,33.019173675560324,1
-0.4608202119305059,-0.7017921965676064,0,0,-1.141865276389164,9.910663857946814,0
-1.4263937203715893,-1.6940783250423208,0,0,-0.7160712085092007,3.4325978095162815,0
-0.2609864932229304,0.21524157503785082,0,1,-1.5394242096666386,9.52359513477109,0
-1.1792024246641668,0.550078916865049,0,0,-0.4351325147810751,43.66355592797316,1
2.1874561357729414,1.664499600912611,0,0,-0.3096498185276115,5.6285095737421535,0
-0.3489368028205868,-0.3062493636783262,0,1,-0.539377960804762,12.134586542704463,0
-0.6875355078695963,-1.3649471784429685,1,1,1.269646418596643,3.9995701819748826,0
1.8735658546577478,0.38907768973022483,1,0,-1.6109459120551266,5.389243436147955,1
0.2883510216661024,0.7561689190673953,1,1,0.01649863502987615,2.195051732095561,1
1.9811640172936351,0.8356932176944013,1,0,-0.46782011366423115,6.7256411078940435,1
0.08357274449360039,-0.4796388605570285,1,1,0.09628339644046847,15.205578530229552,1
1.1198155726800254,-0.37138435260998937,1,1,0.5753739605571795,21.681955466240773,1
-0.41758876832020864,1.526738016603547,1,0,0.26267665056222494,2.512075133339535,1
-1.2341079551247929,-1.4161438802658688,0,0,-1.3016533057423183,59.65208809335689,0
1.6257047493928367,-0.05272258206789704,0,1,1.3882261017505015,3.05955983500318,1
-0.6421455051106607,0.5181278958679592,1,1,-0.5066978634290155,23.93617521001812,1
0.15206248564706384,0.7501530432192804,1,1,-0.24865332369792692,25.704950423577063,1
-0.15323718994790617,-0.41498612449468275,0,1,0.6712502412711862,0.6618723395684237,1
-1.1336257377846939,0.2049248909482254,1,0,-1.457183627903505,5.687694633748334,1
-0.7019209534186446,0.5229315893537904,1,1,-0.012778485563404933,0.09785263724401243,1
-0.03111676191450157,-1.262462927359417,1,1,-0.45293550551637207,6.645619286402369,1
1.0676848354718154,1.3398618297231706,1,0,-0.8657726160213178,0.43033899835083783,0
-0.5072610296874696,-0.4277137870223656,1,0,-0.8391144823814433,1.351731417933058,1
-0.8391197511710425,-1.1354537653908345,1,0,1.0300113855675432,14.493730302106158,0
0.1887830329414845,-0.37280089614981365,1,1,1.3107423395924087,6.42595175986102,1
-0.4235687491657585,-0.7950347064004023,0,1,-0.17578284672073224,3.696918036540441,0
-1.0527287645096786,0.3787096575401899,1,1,0.47645654576394675,2.214650252122327,0
-1.0202223436619802,-0.7514984319728785,1,0,1.459855251817047,5.45586473201159,0
0.627821422349373,-0.49468629212624926,1,0,-0.8623962849046634,10.244826443861827,0
-0.9380443580797819,-0.10021302670364318,1,1,-1.488052161688723,11.06232480685105,0
-1.8353629278981785,-1.2137562466334277,0,0,-0.16349689630328168,33.080316231185016,1
-0.6527315337114277,-0.57448100938684,0,0,-0.466501698742074,2.2253269049112894,0
0.42706455353372735,1.2354420729896225,1,1,0.9148374495263899,7.617789014649126,1
-0.1368649331943989,0.03860168023323936,0,1,-0.7663320873634675,3.439329200617199,1
0.5215585964517995,0.10931844947029173,1,1,1.3410152756002942,21.15984711305566,1
-0.45533891215484734,0.504188496716707,1,1,-0.7538719140248266,5.186230307985862,1
-0.7906505793247843,0.5531250905004192,1,0,-2.9159610923499795,7.544410622032906,1
0.3579116942251103,-0.025684061788010276,0,1,1.0073501650973655,27.234046092402274,0
-0.4744361058017775,-0.09120788357325668,1,0,-0.6862889626896669,31.439720311412394,1
0.8018506614551419,0.6988920359884955,0,0,1.3099106626988222,18.424671130130157,1
-0.07284557651077743,0.8199762306950438,0,1,-0.7880473613871816,3.6984834942231117,1
1.1811838751935373,1.8671102860994866,1,1,0.4904514603029561,6.961590154606603,1
-0.5738524081459141,-1.2035863779236007,1,0,-1.5938370925338852,1.4068484141966924,1
-0.7715944366750304,-0.05419728644941196,1,1,1.0372435830406999,9.714812606350492,1
0.981204403617188,0.9172953667156425,1,1,0.24223423294553958,34.878052489063734,1
0.2495035758688115,-0.469195388827758,1,1,1.752724574448938,3.224335981118169,1
-0.2871355038998503,0.04684794816064988,1,1,-0.3109392362250617,16.652750341086538,1
1.265693201354651,0.39469743631394827,1,0,0.38121679062810016,43.65050696647514,1
-0.2738866586095753,-0.41409325298072447,1,0,0.3847916715913673,0.4973345916620016,1
-2.0873851679801416,-0.5780849049434945,1,0,0.12320567338720512,0.5727179350609867,1
0.06655476990707426,0.13190322273652846,0,0,0.8551512405239159,3.0437524255436883,1
-0.3301906647398787,-1.0280917948030612,0,0,0.1908209406006071,39.98099542471512,1
0.36472012841092,0.32331862721880045,1,1,0.9416827131436073,20.121553002707465,0
1.473267198852283,0.899596821633548,0,1,1.4683679357666226,5.463110916341888,1
-0.8702400262904203,-0.9939721778153603,1,0,-0.15620604645101013,53.64564596944414,0
0.43277165439905396,1.007085680422613,0,1,2.028108626652458,29.04523057890024,1
0.6074127082229,-0.5484731802884744,1,1,-1.249913979173338,7.165153759052334,0
-0.3141720281436223,-0.5802011143899583,1,1,0.10438802987407796,13.601496015950723,0
-0.5212959479817098,0.8924571594821409,1,0,0.47798492677274,37.79710893747972,1
-0.7530469704130298,-0.09592667662882404,1,1,0.9806257771403173,9.799317210727747,0
-0.7649530549926644,-0.27818154202300355,1,0,-0.7781978270182534,35.265543768307985,1
0.6739210386424077,1.1767016701804498,1,0,0.21168861304000056,17.96134580689803,0
-1.235762767766994,-1.5735908716739593,0,1,0.1853584967763809,18.22374499245163,0
-0.41579590304833264,0.31039271435918114,0,0,-0.339895529729345,20.3380646303168,1
0.08961347941033528,-0.48263424858408516,1,1,0.19804497054927436,26.385992315474862,1
0.6866389835774572,0.3916404973384127,1,0,-0.4978849782093903,3.7769867621987725,0
-0.24432474507448743,-0.3638162257594989,1,1,0.6855812726151196,2.4711690072260635,0
-0.7299087858349187,-0.3310893216133528,0,0,1.0067154118310069,14.987153092996277,1
0.18252010122531342,0.5355415827147517,0,1,0.8988297811314165,5.860942878685762,1
1.1116974729796907,0.12511049811925107,1,1,0.20539435314268914,23.227416965145647,0
-2.9733012495903335,-1.4970229346492294,1,1,-0.1946754446114385,10.775105512882748,1
-0.6957512424066387,0.18197977652080083,1,0,0.8122276513134372,5.783433848611815,1
1.635908947735302,1.5090827546071055,0,1,0.13810051936955314,8.312856903569628,1
2.3555794744906846,0.8069343821217756,1,1,0.3864658325045689,4.490323396783254,1
-0.4066778230562919,-0.7550395775394544,1,1,0.9253488442698269,3.431856305083632,0
1.3946296021820344,-0.3183828858627714,1,0,-1.061755465432836,29.155930734086894,0
0.021138550832507968,1.6427452140414516,0,1,-1.023939842808003,4.838040788233427,1
-0.89857028653509,-0.2857036247102436,1,1,0.5694820464248813,26.487721383536343,1
0.7618345238264537,0.09591807385697404,1,1,-0.14709475960588272,7.658367562299304,1
0.02237899614689291,-1.1042623622327237,1,1,-2.32892581052775,11.270371105992744,0
-0.45451723707763825,-1.4870978904593035,0,0,-1.9790163377340908,18.89626194848292,1
0.6436847736886038,0.8587083263106511,1,0,-0.3762484559286187,7.809474348090493,0
1.2258099260673634,1.3227677558612112,0,1,-0.6848231299340136,2.5034860228171554,1
1.0139122665605402,1.017471087758545,0,0,-1.9171489058039064,23.405007479736504,1
-0.221811002866691,0.06702858454172093,0,1,-0.6065186603498228,0.13836477391302868,1
-0.05233891638271524,1.0657326243003102,1,1,0.2415421277057523,6.824910177254565,1
0.16273782026474418,1.1003631875909317,0,0,-0.6581716397843349,1.101832743607637,1
2.002298933382484,0.4322319042160747,1,1,0.11598102116659817,2.6850461018757827,0
1.9308942511884999,2.809285129807431,0,1,-0.43345413876769856,16.73610297443267,0
-0.7841140400057525,-1.1827051663361263,1,1,-2.000000157108003,19.057402012999223,1
0.10065998767263867,0.09597632505375533,1,0,0.047546610555147376,24.937197028907956,1
-0.006982903063401523,-1.2168536252274471,1,1,-0.02976151064893761,0.5591258862947033,0
0.9081246306678094,0.14871229448904272,1,1,-0.8035218112436902,13.29939048938829,0
0.7258165843345787,0.09815041732195173,1,0,2.071764679721768,26.20944631673585,1
-2.0575086403795266,-0.6673435739525584,1,0,0.2692538052357262,33.611224723807005,1
1.1002672126118194,0.021680127077513656,0,0,1.9779349625865161,10.620945443408216,0
0.9207310351279321,-0.4631881106660036,0,0,2.047505555621651,34.430774750889164,0
-0.5769154676841481,0.49702766118528274,1,1,-0.7883485818153853,0.7343838573112456,1
0.3442563975765108,1.4899873503820955,1,1,-1.1686581340850803,1.4718088212484142,0
-0.7886722561797683,-0.3360335816132262,0,1,-0.5465078072227025,1.610727155604865,1
0.7185304082820961,0.24076255085480083,1,1,2.0092984064235293,41.359305933271344,1
-0.7030470455137013,0.220585263088591,1,1,-1.083413648329869,10.37698537726934,0
0.37853595630227166,-0.0653497932179557,0,1,-1.9025446428456048,0.5956033004371798,1
-0.3441429716012292,-1.0174396718170713,1,0,0.31188647184544954,0.23076208940901388,1
1.0009413770725881,-0.031117445186559123,0,0,0.7624545532617893,29.00790848420391,1
1.3101225917364723,0.5703548105938749,1,1,-3.0243963210357268,11.632128648251951,1
-1.216140101400191,0.8482188174840791,1,1,-1.1622414342391054,0.6398493046494772,0
1.3958286119944197,0.4016122132994052,0,1,-1.3781561976394103,5.260787836386104,1
0.6028354885093071,-0.11027319717918077,0,1,-2.271968624538967,10.96673453384131,1
-0.8492329680284335,-0.3353960247568385,1,1,-1.0443969715416597,21.18000817843872,0
1.0412358818911445,0.7218883860353348,0,0,-1.4037227618852033,25.235751478992253,0
-0.6781931929218993,-0.10231779553515846,1,0,1.4704518977871006,9.089731825803687,0
-0.7829169698969596,-0.6904609621595489,0,0,-0.442081958413845,8.95865509944503,0
-0.6187278879968472,-1.2601935004385998,0,1,-0.1920305466947075,2.326033375495567,0
-1.7175095766734672,-1.054482817249678,0,1,-0.9926665347301661,36.73671072200061,1
1.155387312923586,0.7355762816597804,1,1,1.5689767595226314,6.246659782734017,1
-1.3291566363071694,0.4909041527306599,0,0,-0.8370123857696076,0.3184481139212995,1
-0.8373781110403363,-0.48924038709969125,0,0,0.006780947858291307,6.083026891669815,1
1.507667075806364,1.437153304832529,1,1,-0.6473411138766335,33.06717042248639,0
0.28714500574199586,0.47354383593703764,0,1,-0.11825581128798252,9.352070471546908,0
1.4865179172160297,1.399625372308178,0,0,1.5566551934617427,25.90823780342415,0
-0.3395810974038574,-0.46101851991241416,0,1,0.9533271011790142,3.649137712008627,1
0.6523851863840415,0.05671196174299242,1,1,-0.517586644135993,12.614838356609296,0
0.4253337538877467,0.08810330158720395,0,1,-0.9361486739419801,0.4280067612689308,1
0.5151005565053389,1.8562231568215166,1,0,0.02250535858866943,2.564384208346697,0
-1.0118266529274829,-1.5716812381478331,1,1,-0.010789101215846527,37.64599102967873,0
0.04771863402623908,-1.9278322556850385,0,0,-0.015498804821907021,28.544770390775675,1
1.078492126707155,0.22930541884827438,0,0,-0.37907455481340724,30.753191380892495,0
-2.5683723887110848,-1.2685685969261338,0,1,0.18635444665440443,8.847474745832908,0
0.20630022203876347,1.1624769949856586,1,0,-0.5161886091569,0.49029898318922505,1
-0.5925955570633668,-0.08279618413272627,1,1,-0.004804932754588644,1.7713425846221267,1
0.9102543562385351,0.30924027502076773,0,1,-0.39608991417545913,21.966755183528466,0
0.009921256155868825,0.09230481989943418,1,1,0.3300682480793167,14.656370584407565,0
0.15858887250057313,-0.08232865415491272,0,1,2.0063500366399807,41.60683954951612,1
1.3819394099214097,1.7314642429150702,1,0,-0.6211642391721265,15.537773225877098,1
-1.1901419401921214,0.8910945069020676,0,1,1.3627057782347791,4.852475787119135,1
-0.3308741808463087,0.1617425328591196,0,1,-0.7189012428850765,3.731487879162133,1
-0.7708240514001983,-0.062215132567303044,1,0,-0.804687166931061,16.028321324954778,1
-0.08355031728479718,0.7457139995952068,0,1,0.6282634748796214,19.807728780141815,1
-0.44563106378986916,-1.1682487381758304,0,1,0.366870074578477,9.491689845443412,1
1.2405581145327704,-0.06565587941115081,0,0,-0.8704141359080894,0.2225165907054201,1
0.02637715457733322,-0.08564536580123812,0,0,0.6075844902573638,28.58662632870055,1
0.9350647186872421,-0.060693131984773774,0,1,0.9061024716526536,4.472565076317206,0
-0.23849598564352084,-0.36607466799605737,0,1,-0.6814984886077597,47.35730305693958,1
2.2939758320229804,0.4527118163376952,0,0,1.0731097610871445,0.6534844219284863,1
-0.5221147405190206,0.06787765779594795,0,0,-1.5060053986197175,7.498224646262999,1
-0.46090799103104385,-1.3399226526663655,1,1,0.44443027185930356,2.3086253080595984,0
0.7356913395373388,-0.7123497516055182,1,1,-0.7799029207896904,4.171642130084039,1
-1.6643075974083685,-1.2287391782814543,1,1,0.2451658888600862,17.157567585878013,1
-0.27342746804383083,0.7166932598303933,1,0,-0.018406008583051667,54.623739404657535,1
0.7098197605920401,0.1932843182404966,0,1,2.2714438819145664,27.712077203738886,1
-0.49449096207473514,1.2416752628402707,1,0,0.4479773506722013,11.460899662339912,1
-0.6678986836394027,-0.8610853169196528,0,0,1.1075931509094468,1.9994340254122722,0
0.874328498354848,-1.396245024801364,0,1,1.1854458575716218,6.097859378204704,0
0.5904595864365804,0.9305681259699159,1,1,-1.2985004583522617,2.73538357221964,1
0.2850702568984377,-0.738751787381118,0,1,-0.8313483754776412,0.36143551124724127,0
-0.8374157318991245,-1.0171101370299944,1,0,1.3154084535417978,36.57602565461929,1
0.971121886660507,1.2322097230932179,1,0,0.913746579788599,9.920501065034438,0
-0.48510811821820654,-0.3830808900989082,1,0,1.2972307995648984,4.169712718016869,0
1.2230262348599206,0.6394277505284192,1,1,-0.2745069834828227,12.598485310283348,1
-0.8737977126416032,-0.7673609982010388,1,1,-0.46524067775246053,13.293522220659433,1
-0.15076745806494454,-0.720752390001057,0,0,-1.0087642244846107,6.227097067536376,0
-0.5271627073101922,-0.22095291872956693,1,1,-0.5213172366452604,12.513565924596778,1
-0.24729062674495883,-1.0545671470564235,1,1,-1.328923025200389,1.3262720159573576,1
-1.2679696191597576,-0.3858595859840095,1,0,-0.3008830225451113,14.432339114084467,0
-0.09934490653834097,0.37920147838056967,0,1,-1.662255266977305,0.8481389671234812,1
0.8499954718095833,0.05953867343388669,1,1,0.5023986585681313,53.71595829690698,1
-0.2819395374300312,-0.6662117318239624,1,0,-0.4053501093239542,2.825897117080379,0
-1.5001323593274336,-0.07059829552220542,1,1,-0.3742654109571871,9.018685146739376,0
0.8270443858862575,0.7386111302202882,0,0,0.05698121251248389,27.16815271968585,1
1.032110211440709,-0.6660633017700534,1,1,-0.1547068269399449,1.3183578368556832,1
-1.2500341191205264,0.9657814246552255,1,1,0.8213025761643209,21.466847509813967,1
0.9156541653185191,1.1940200694800067,1,0,-1.3491698276046733,35.27862130482181,1
0.05151531061271615,-1.6745117840512431,0,1,1.462860219706862,5.600785991200619,1
1.6358749424822498,1.294888550425991,1,1,-1.5094843751225557,15.091158285369007,0
-0.22080678730629497,-0.4738221211499167,1,0,0.6512227842896315,4.365490243732716,1
0.8137641250900847,0.5588562163119719,0,1,0.6471940417703025,1.2840908080542437,0
0.10083385745437089,0.8385689752722929,1,1,-6.394000184066922e-4,20.718748447467288,1
-0.862039528572519,-1.4185395685282718,0,0,0.058790510471792116,4.864778155141126,0
-2.0780093619937023,-1.647902558681868,0,0,-0.6884409329241328,3.226243911733638,0
0.49662977656967094,-0.37022700627115535,1,0,-0.24535653479224484,4.013068474640766,1
-0.6345396986262606,0.33633613998503986,0,1,-2.4142765029404427,19.82635276880069,0
-1.0138872961137888,0.3674273275577894,1,0,-0.363454441817789,46.120076050013814,1
0.5349538250004957,-1.4182264466756094,0,1,0.5960748042469304,4.597388983652798,1
-1.7741714458144324,-0.8298968871185272,1,1,1.1590776232555104,23.110727873830996,0
0.5655753403531913,-0.11442581428374177,1,1,1.3378248088466915,0.029463127048638384,1
0.8109689235409716,0.49995998181361834,0,1,0.5009683610363355,11.181813151474602,1
-0.7388472219005913,0.518744861599039,0,0,-0.6666190229256883,10.222069646161703,1
1.5454392627855595,0.8376783648004008,0,1,-0.9082031005722749,25.181353863836947,1
0.17106790002558622,-0.20947752255679725,1,1,-0.6189449504643523,14.285870958941615,1
-0.5029461213613657,0.15340474466680754,1,0,1.2971637528734437,6.00249356195689,1
0.20593922898027167,0.5435968828337921,1,0,0.23984836880407112,6.116866518976447,0
-0.062260951501221504,0.7874988288430623,1,1,0.17978202438688745,20.232372411260314,1
0.26148703480612984,-0.5636838064947268,0,1,1.123118236582094,3.3710065496281163,0
-0.009286513379635236,1.2163967873709975,1,1,0.9763398264337165,0.9712952519363635,1
-1.3638747905775048,-0.4749109159766247,1,1,-0.89858471569614,2.2001927118227216,1
-1.167674123969326,-0.02333502136420995,1,1,1.549443914544552,5.321839738083791,0
0.7976174501299637,0.08492510434043482,1,1,-0.6499771973029475,17.309628902639243,0
-0.28972260913345205,-1.0681635651092458,1,1,0.6362674491419763,17.20068240838977,0
0.4805668824716331,-0.357630866926941,0,0,-0.8453167196622725,100,0
0.1610230520987815,-0.5402289875691371,0,0,0.016493039706259847,6.945941138578024,0
-0.1611326204763533,-0.23988419419670223,1,0,0.5455332780609448,50.14275187671595,0
-0.10928274532140833,-1.062102675068505,0,1,2.562171533270024,4.587647351302013,0
0.9017613865647428,0.1944881915165545,0,0,0.5761341521438658,14.669481277009993,0
0.1066433852870961,0.3081436752837109,0,0,0.9967630633961013,21.50372281346964,1
-0.41739064861749214,0.13794714131632577,0,0,-1.537325228641817,12.973877305502814,1
0.6630123377167522,-0.22568285040368447,1,0,-0.09163980547059399,10.457672597238123,0
-0.7669421964190144,0.43556838569133605,0,1,0.2349734078760124,0.44509730442068085,0
0.5087731666410223,-0.6400445098015644,1,1,1.896713282366733,9.498659121901738,1
0.8958910457325586,-0.6594927308492885,0,1,1.1112049018455523,33.69917319520623,1
0.6902816379792592,1.5492716561241666,1,1,0.6332843374298931,13.221945339639774,1
-0.6487060871327485,-0.7132700247702809,1,0,0.45297928781277347,14.809878616787739,0
-0.7787708743172267,-0.4102734647453702,1,0,0.42892980873119585,18.439211484326467,1
-0.3009404098806355,0.03628788903805327,1,1,0.8583406489946204,16.654242554281424,1
-0.69488507573559255,-1.1560008065194698,0,0,1.5030740339691544,67.27850092637942,0
2.16556664450986,2.264940610797477,1,1,-0.9197184275252855,6.10866789570899,1
-0.8662697918111676,-0.0794275969356828,0,0,-2.050314805429408,0.6710440862450946,1
0.13131686451094746,0.5901572625873053,1,1,-2.1684905631492866,1.8977234623860595,1
0.4439621533724301,0.6662379838587142,1,1,0.0811860178920446,8.862112807163378,1
-0.9154180895959316,-1.4580594641985485,1,1,0.8024789152404139,31.177543312313095,1
1.2690623925331108,-0.31047519686098557,1,1,-0.7787257994434424,31.3374660847216,1
-0.8133988455029213,0.9291497069338075,1,1,-0.3843999607709788,21.369831014257244,0
-0.675449086452668,-0.5613583525830592,1,1,0.7485039074042082,6.720465657795474,1
-0.2739465978325041,-0.582743887900367,0,0,0.7358602554314195,19.557779376300076,0
-0.6028930188616967,-0.4256347002160695,0,0,-0.3511842136659239,9.911020529828976,0
0.27127778054685714,0.9144367246459943,0,0,0.18844398432881349,12.417595420377031,1
-0.06697077198427526,0.40129697238313017,1,1,0.7686635305404349,37.43603486401536,0
-1.497901905949679,0.5876582936761778,0,0,0.978175503508927,16.569238809455044,1
-0.35403263785085626,0.3445271983981132,0,0,-1.6212286981130115,9.642198945709328,1
0.12969360267617142,0.9445803137698381,1,0,-1.1486186266557588,13.634718606608796,1
-0.5981764591898358,0.7740474327384285,1,1,0.5889252333989013,22.212319781874474,0
-0.5462105391320273,0.29062367746179607,1,0,0.3733576484651436,8.049268662087972,1
-0.427870112961047,-0.2694590649151035,1,0,0.3060886216413912,46.70271252822112,1
0.6424196032904924,1.402445939413821,1,0,0.8246586076685009,11.629714310934892,1
0.7691235449138097,-0.5755281640680705,1,0,1.9331588701631333,5.210315120012664,1
-0.14743258778516258,0.941122470733277,0,0,0.6187358428035759,9.042647573181252,1
0.5571518045415937,0.9731484047507326,0,0,-0.4292331981958685,7.328246042221382,1
-0.327215198022139,0.10850607318364577,1,1,-0.47552236063082504,26.419542490610716,1
0.28078925184726716,0.5241270040477736,1,1,0.3412112256133933,12.385009557267933,1
-0.6976149727475085,0.09122184070626088,0,0,-1.1072028367156879,6.2063753069000915,1
0.6130321227914313,1.3091525490867928,0,0,0.8737086154327507,7.198119507740147,1
-1.2976467949130557,-1.3340310980098673,0,0,1.3292458218792413,30.430516374753285,0
0.5643510308791262,-0.12128699118647673,1,1,0.07153519021113003,1.8717771361779534,0
-0.028811242511336068,-0.38653769675731553,1,1,-1.6873439115020255,8.22645118495865,1
-1.5915640636855355,-0.7387748016828494,0,0,2.272109383360497,51.055849230798145,1
-0.7192226659694105,-4.7096404854968243e-4,1,1,-0.47904302626237355,8.578460985298742,1
1.6742869116511039,1.9175326246229762,1,1,0.35540796513171563,16.211356610202877,0
-0.04927597922169103,-0.6645144766750668,1,1,2.828548491049052,4.7137865787565465,1
-1.5867970774206546,-0.9489507722221971,1,0,0.6196614746569732,39.01217152757262,1
0.5874731708796466,-0.15346237002810448,1,0,0.03822621514911585,11.606209931026488,1
-1.3703201624722967,-1.1233190130097492,0,1,-0.6634104808996045,27.32324219764832,0
-2.128166967592989,-0.18841519163310383,1,0,-0.06126165365969052,10.300377340262282,1
0.03313758070598875,0.020041061463399037,1,1,-0.08761205177616863,5.060951231839039,1
-0.3469219511801579,-0.5179361038605417,1,0,-0.15114278381954213,2.307938402987246,1
-0.404290069335541,-0.19004298847400689,1,0,0.2784772919384212,20.317539230286783,1
0.92304624388089,1.6059636534469601,1,1,-0.5812692706700036,3.321319395501103,1
-1.0704752693500958,0.16239736147018835,0,0,-0.5423778403083723,5.522841594288742,1
-0.5554527783386602,-0.13929861387209164,0,0,-5.917553581965335e-4,84.90098515660438,0
1.2078893879880572,0.21459796519274627,1,0,0.4744521368886147,20.494093815749462,1
-0.5646674556295092,0.5124422378486073,0,0,-0.13040479641487174,19.49995944187301,1
0.13540748910349534,0.45938255749585966,0,0,-0.034806588122194705,40.101098947668554,1
-0.9902291429330153,0.049185137007704605,0,1,-0.9742342278931958,4.2309830321110935,1
1.3521772228122284,0.9905754783154117,0,1,-0.19309465913147814,4.804193713191339,1
-0.04596760511352266,0.5631730159459717,0,1,0.6335158252393984,10.362309375373968,1
0.04095340772171065,-0.842174753550988,0,0,0.7186393049260471,12.55368219609719,1
-0.010131098105333164,-0.08663625711124083,1,0,0.6287592705772082,68.57928498983111,0
0.23597748793174572,0.4713214145241589,1,0,0.5176591589000235,14.583258797830576,0
-0.23479761255358633,0.5562400370058023,1,0,0.6379156939789797,39.43620119020092,1
-1.5232120089611136,-1.344301433022352,1,1,-0.5029282783623894,0.9186491987242407,0
-0.569423154621123,0.35619897689092295,1,1,-0.08023476380375093,9.958078757645493,0
-1.5874165171816976,-1.3947107279646604,0,1,1.8557451481342964,2.5705247952581574,0
0.42681956386136843,-0.3670515311881806,1,0,-0.39451101342441547,2.333037728530209,1
1.3517841392647365,1.4934209038747448,1,1,0.397186628736879,5.390329342025949,1
0.11609036109502859,0.9893252692261936,1,0,-0.7480209949699522,23.445315485313323,1
1.1735623471562295,0.11318786198114061,0,0,-1.038097474920222,27.51024349775517,0
1.5564405768589147,-0.936920840875604,1,1,-0.3988109352318445,14.788617742816331,1
0.5554278087212366,0.2511730846184534,1,1,-0.7133812736057672,9.510243600825685,1
-2.8247417825428736,-0.21169795345310627,1,1,-1.7597257055755056,6.507312714673641,0
0.6677834021817468,-0.5210061914716996,1,1,-1.070557452217998,9.84171525200681,1
-0.3031770642325629,-0.15308078150483542,0,0,0.9572493174433916,0.8387594668018088,0
-1.474816706154717,-1.104726800815881,1,1,-0.008081686852510468,12.630972806036114,1
1.9775402188915698,1.6790554967753182,0,1,1.148130945930859,1.5198834821828184,1
-0.058604418569825865,1.3895305717646464,0,0,-0.8715109936032975,20.355283054401824,1
0.4087353312651129,0.10065958575553108,0,1,-0.8338942133941276,10.240693209003044,0
0.585760336948118,0.7645172680415103,0,1,-0.883797796631246,1.3284770201597151,0
-1.1740153574090768,-1.6201628032250046,0,0,-0.6601933623654201,87.14753334469567,0
0.10931265885728628,-1.3952716167017578,0,1,0.8925328797617907,1.575229382586803,0
1.8704097636309953,0.9448532592615926,0,0,-0.08180001154229707,2.85570237728524,1
0.08371154903051277,-1.1187139644758113,0,1,-0.6693441142480391,5.010363158269825,0
-0.5895403742764683,-0.8994323673857201,0,1,0.07594250115574112,5.703393629791966,0
1.0728265067784517,1.2150878281104882,1,1,-0.5241707504089527,23.02406189429807,1
-1.3364856054401144,-1.0032245219498712,1,1,-0.2157916743770923,7.791249282927611,0
-0.19017871074197762,-0.5631575793066356,1,1,0.33217989100326345,17.46581631126908,1
-2.425175763666368,-0.5105176898515508,0,0,-0.2515970783776074,77.76224693795088,1
1.0219468934267562,-0.3104842243455487,1,1,1.0198805857760302,8.300568444797365,1
-0.7582157906337539,-0.1874338271653254,0,0,0.9510531568966969,15.37330639277941,0
1.4254471941472808,2.552350754785134,0,0,0.5254023348878714,30.665494483128416,1
0.5758688899384119,1.1124471716903641,1,1,-1.0411449557687538,1.4372272579950955,0
-0.7939579842474146,-1.2351502133444525,0,0,1.994418298278257,39.97785412319282,1
-0.29184220220011375,0.34569782285610084,1,1,-1.0358306439158065,6.547521500389125,1
-1.8796412826630242,-0.7557689623629609,1,1,1.2248748717878521,9.645102993596234,1
1.1463957357005732,0.651658538754799,0,0,0.2772677420326777,2.611265961025416,1
-0.42494572048317375,-0.04605451079064224,1,1,1.2688835615208371,5.980906320151696,1
0.5200468629711155,1.4690661294220253,1,1,1.2976440350902694,9.232209795896301,1
0.3404233958886445,1.1122658300248511,1,0,-0.1900852140405626,3.405256117836437,1
0.11560070759738272,0.22858600654763908,1,1,-1.3587494891509784,7.72598593190482,1
0.08408251445852696,1.2267482055919907,1,1,1.2879787141575558,3.524544179464434,1
0.3731011505926931,-0.014946415842259642,1,0,-0.31243597178314936,15.007305672031974,0
-0.8272869960948529,-0.9098687175663678,1,0,0.9658654655474286,55.23897641848126,1
0.837752208303533,-0.3159655040929004,0,1,-0.29652191056327243,5.9919889629106295,1
1.0477107394584912,1.3191027865991807,1,1,1.8294912331419861,2.2420185180817183,1
1.5053301509573018,1.1539565624336376,1,1,-0.5851540445828939,17.33746618709413,1
-1.0630446765457449,-0.623410406917325,0,1,1.8344989210634424,25.993962361219978,0
-0.4528758563761965,0.09485485390965867,0,0,0.04820468959063334,17.756219694248173,0
0.8185016996914256,-0.14147526482166428,1,1,-0.2166843772531387,16.89636340487712,0
-0.8643686477782597,-0.6735969627822707,0,0,-0.3393185005368897,13.143258241434625,1
1.3799682520529135,1.2472596021493074,0,0,1.9433938573928158,14.310475060380577,1
0.40602989576528165,0.13148651880616224,1,1,0.8562878060755871,9.002488944047778,0
-1.6207799515632566,-0.5593178149619866,1,1,-1.3217548395423386,15.998309511908998,0
-0.6274078572277337,0.7237405642074305,0,0,0.12834069518545815,98.76322370236124,1
0.6210428284874768,0.6333339038404149,0,0,1.0755581632911702,61.646437400248765,0
-0.18491298383722068,0.5360754055928431,1,0,-1.4677865004794042,14.385706943734279,0
-0.6697415808863776,-0.7772856823449646,1,0,-1.348923568732864,17.118582607834686,1
-0.9284303401803722,0.23825340728014244,1,1,-0.57519538864583,10.288889269384736,1
1.842958884204662,0.644738061104559,0,0,0.7631757558236244,50.70251814678031,1
-0.44929561091237885,-0.3870605952068383,0,1,-1.0650691412777196,21.527316328650823,0
1.310854909351757,0.006250552000067744,1,1,0.8748200651284939,2.8118159943870755,1
0.07734285644742443,-0.2822125379119814,0,1,-0.2434267833585849,2.725209916174373,1
0.5657987488663626,0.4581264090072343,0,0,3.4601389408690433,15.943221381838606,0
-0.633563201314735,0.01906577063258663,0,1,0.5815035358285721,7.794705171733224,0
-1.858444697440572,-0.005159755769193142,1,1,-1.8013722518529691,36.3240289960626,0
0.07790192474611596,-0.11462624042464428,1,1,0.918718743583037,9.734606745647278,1
0.7150355685359677,1.6260893159672971,1,1,-0.15932743322162593,7.8857588612930005,1
-0.7730498700011171,-0.8842178755024537,0,0,0.7332406394984152,7.270615532175701,1
1.616684097993819,0.5828848841927619,1,1,-0.478214650425823,36.012729963129935,1
-1.1624594422354426,-0.5412970386874998,0,0,-0.4254040605610688,49.953282045301336,1
-0.10422894735167919,-0.43391067250720267,1,1,-1.4526160233772034,3.2681475112276788,1
-1.111524341190794,-0.9311279069104661,1,0,1.2441561267428196,49.58532316839581,0
-2.357115343861234,-0.14225783414921,1,1,-0.015774093673237816,32.73052770375304,0
-0.6986730559504328,-0.6093652442198572,0,0,0.3189533904976864,15.579286406035719,1
-0.08838050970926993,0.46565766807682435,0,0,0.6058609208129978,8.347728796188658,1
-1.5862967115953623,-1.3108263151480442,1,1,-0.9688511186506705,19.50763006712708,1
0.9711435392623388,1.1195702500804579,1,1,-2.0307643854035806,17.689920401515153,0
1.3995980870284985,-0.14972544727497994,1,1,-0.04713353745877106,14.623996476701594,1
-1.1169191764793547,0.07916571890249668,0,1,1.460391954287802,8.06009603659244,1
-0.538814004976556,0.6484735237473813,0,0,0.4936535711455508,4.725022309727107,1
0.9800846964744256,0.692299349047566,0,1,1.6229220545593848,4.165336446996601,1
-1.2278901658849992,-0.3915029047438137,1,1,0.7696759536253371,8.491199127118586,1
-0.9819382073863069,-0.8907509846826642,1,1,0.08415450075455327,3.9398113457469863,1
-1.9678062679312722,0.37692255092615956,0,1,0.05658511530625761,4.56787661639932,1
0.4723837063565598,2.5800762987963966,1,1,-0.2586968970060637,9.953809247067557,1
0.6726721551068655,0.09429121338185953,1,0,0.2847053486085896,10.711250584945017,1
0.40360200197699403,1.028756195417629,1,0,-0.35316360142719533,14.985057898746838,1
-0.9207066390598502,-0.907964781771889,0,1,-0.40467921255916517,47.319863533142424,0
0.0926107555839633,-0.41904405691331953,1,0,-0.5223978133590406,6.200115371605828,1
-0.17579484214464208,-0.775914228927785,0,1,-0.03894054490822097,5.06290947955996,1
-0.36987904625135704,-0.7413076059940937,0,0,-0.4143612462848629,3.4681673146563883,0
0.34370570721758614,0.05318187425847959,0,0,1.7051226370636827,5.849672865775915,1
-1.958615119761179,-1.2156032699376418,0,0,-0.1628352328834447,100,0
2.0117300186193052,1.0095145412402518,1,1,-0.7641154389349688,18.043090672341993,0
-0.007070196004538785,0.1557997314165049,1,1,-1.0048218940584281,1.1801540474102252,0
-1.436310717676722,-0.03878622279746624,1,1,0.5623215496214912,11.720817825358921,1
-0.8397282641640719,-1.4930437205950886,1,1,1.9254266053092066,27.215947027390623,1
-0.41443537543728654,-0.5149153236163845,0,0,-0.3420122980908443,11.127649020406535,0
-0.41177148036322786,-0.15651785385220923,1,1,-0.5267257610880972,9.90300620909421,1
0.3778273360652662,-0.6503272243815862,1,0,-1.236274829428665,3.660189053953289,1
0.021068127068104105,0.4578905955747216,1,0,-0.7051447852470767,28.208374294675753,1
0.28522129598241147,0.2181851945983838,1,1,-0.4255137784182742,39.0196456111967,1
0.21343009522195022,0.3916243017881355,1,0,-0.9410954344527684,25.634334909595896,1
0.7413096559128783,1.2475769154174463,1,0,0.14871657630390206,3.4921406301178317,0
-0.523766000326858,0.42988564755611347,0,0,-1.736939150715036,58.247653272575825,1
0.15996604057960526,-0.15024561990020918,1,1,-1.8305723914370622,1.207102630291258,0
-0.7137510593362059,-0.43874033877502083,1,1,-0.9529381156301006,1.9754180210037935,0
-0.75488120603253,-1.109461362912698,0,0,-0.7686243592615097,2.4450277899592927,1
0.20157279154744992,-0.1006149255225469,0,0,0.6985181509680739,4.1994381858585825,1
0.5369208019322756,1.287944341655037,1,1,-1.5835453404265072,1.5483040275811037,1
0.13587404408058423,-0.3446799124511087,0,1,0.32862773613316176,7.594633883379177,1
-0.21481139892587048,-0.5986631373011154,0,0,0.6469100077946277,8.916959243037414,1
1.1468576600282987,-0.32196266894609094,0,0,-2.059879991018958,7.305656558324088,1
-0.7245754332042048,-0.34501043769049805,1,0,0.823324640296028,8.468752122603396,1
-1.279379705504363,-1.4719903534730878,0,1,-0.18634352374769808,7.532904990473639,0
0.6476987212983666,0.02898147423056502,0,0,0.1426979189198181,6.161585582411258,1
-1.2762092820579807,0.5965652666008487,0,0,-0.8836879608597874,100,0
1.093522449106695,-1.6309012761838857,1,0,-0.17813204169665892,51.487161387177125,0
0.9896339169343682,-0.395558192233335,0,0,0.3848840073340839,11.6173155582948,0
-0.9299259588560528,-0.5830942455425093,0,1,-1.6377410671403192,12.035554123645731,1
0.576785576529401,0.3151315019610891,0,1,-0.6290891916883955,13.12006952379493,1
-0.05801907975245766,-0.27405457577114883,0,1,-0.7608243092699158,28.878899341938656,1
1.999162991580453,2.833605448676309,1,1,0.5580465476677137,30.300730841991413,0
-0.3291672638945455,0.006055415223747945,1,1,1.150471792622525,12.561733942739886,0
0.2591500543723124,0.5537911850252154,0,0,0.33832412034723974,6.712606223946848,0
-0.6036071531330504,-0.6873858013066958,1,1,-1.227861695747298,35.72936819483663,1
0.015801496610744436,0.07627966948993109,0,0,0.41615572437703224,0.8539412753217152,1
0.7473223266440684,-0.20228474130961044,1,1,-1.721736009449042,6.802737238317543,0
1.0262980017795944,-0.3860889377610721,1,1,0.5800958690888584,15.744683000609664,0
-0.7476912013405925,1.1915079945072589,1,0,-2.6104368096466746,16.717724924989366,1
-0.4060241131163581,0.3775586834538089,0,0,1.548147355631081,19.649887934012582,0
-0.2946732301689089,1.1575559720513653,0,1,-0.2284457165499131,0.37125363277004964,0
-1.093647524035475,-0.4120583219835781,1,0,-0.7747516504351233,61.73484294887328,1
-0.7541310262556098,-1.2297292847744115,0,1,-0.6832056338647315,0.553197631895465,0
-0.61656088207615,0.10966787477510948,0,0,1.1506551208492692,20.165275244832443,1
0.8685500412860844,0.7695105963201436,0,0,-0.9236346952995932,1.4996953639513595,1
0.040230904579452574,0.1469817729664864,1,0,-0.45708410662775867,1.708616685257177,0
-0.5371830392023457,-0.8968686594071247,0,1,0.11749594758612582,3.1320967344514576,1
0.22234504882834352,0.41530798677437614,1,0,0.1896780700074936,20.052848751522983,0
-1.0796331477588692,0.4983353862112069,1,0,0.20125120830695145,11.393382135567528,1
-1.4354253016349665,-0.8848033917248588,0,1,-1.4437947354173548,31.794199458386156,0
0.723117455293704,1.4403244504761579,0,0,-0.25894682862449775,60.58928542168416,1
0.6207110268588747,0.45745001558791953,1,0,0.6860702215215744,34.3777449242042,1
0.29216824810686587,0.6802723003329856,1,1,-0.5216087778537168,27.1410940366234,1
0.06500562186545711,0.2925173645413074,0,0,0.7096734662758288,16.933688247374334,1
-0.8365874112477294,-1.6782010835594883,0,0,-0.3320176475386338,30.583468642086324,0
1.3294603828669416,0.7168015746295497,1,1,1.1484567925588596,38.849237316159545,1
0.07958521381811219,1.0750609206723745,0,1,1.0286405346118885,6.24408245129724,0
1.152690297162678,-0.5727411098295919,1,0,-2.0063466264582384,23.545847465469297,1
-1.5501544989243057,-0.8148625007061872,1,1,-0.8780473649107867,14.960367824438318,0
0.2281167440948558,0.018324338190164075,1,1,-0.03485307259616689,0.08015134384744713,1
-0.5257014298058139,0.3548748748749439,0,0,-0.18428847220848543,1.4529204833082703,1
-1.5263684929568562,-0.996069119671381,1,1,-1.5173874261325098,36.11860235110028,1
2.1947568806768185,1.3189850605748996,0,0,-0.21978221387812583,62.39209278982102,1
0.4882278992147354,-0.008934886384100893,1,1,-0.23052132988040597,32.4579333128924,1
-1.0592259712184287,-1.4624966729344235,1,0,-0.8324245592522455,4.766982704472306,0
-2.4704386696508513,-2.2922204081269677,0,1,-0.09926103915511769,100,0
0.6210431971666234,0.25889780366586196,1,1,0.46674002001987547,7.084273112830062,0
-0.9556265053475114,-0.9843232333363525,1,1,0.41054419588078644,5.166972354547305,0
-0.4937016960964198,-1.3666130222816582,0,1,1.0313840265951426,7.839422779099338,0
1.1076792130290647,-0.2815376074675504,1,0,0.9761623609893755,6.4953491639328,1
1.1623053284694307,1.5281017604637237,1,0,0.8721866648133156,7.02559936853625,1
-1.6816791513184073,0.5437605728432738,0,0,0.37006923195030766,5.415759609883891,1
0.3777616674187552,0.8478555133068912,1,1,-0.0894572554409111,1.3684294758883506,0
-1.4576484156006602,-0.08385478157058546,1,0,0.16724909809689442,9.104220376322804,1
0.3746479594418061,-0.07911872789393173,1,1,1.642512018603689,7.069258489155173,1
-1.1564495175422387,0.10822886377727825,0,1,0.9000142643256125,14.075553783442912,0
-0.27489046061061667,0.3581325634101117,1,1,-0.35327925752424283,0.722425993765413,0
-0.04052991413936436,-0.24089948228151523,1,1,-0.11346619101682007,10.815904904482823,0
-0.30437882502729197,1.0490261287545513,0,0,0.47847593860059984,38.481869967186576,1
-0.28041250821943425,-1.3359372132822578,1,1,0.3514116445376367,30.866238159814174,1
-1.0855730652365203,0.1379456017825822,0,0,0.6476146421231339,25.201746106904892,1
0.13133552818497204,-0.020796791450907487,1,0,1.113227428421259,15.243864387793094,1
0.5079151848265121,0.2332845288640717,1,1,0.29258283888857495,11.428900630852665,1
0.6238273654369656,0.8569252694067844,0,0,1.0412058322771476,3.744420402861986,1
-0.31340687724806177,-0.6387472331665138,0,1,0.7123947045226309,0.8071101005786689,1
-1.3419922270731093,0.317842554358739,1,1,1.3000454052774737,10.160065543858794,0
0.8857998959703768,0.07828500885280698,1,1,1.0372172536738324,13.811932267712402,1
-0.8048545767470396,0.7514154686294114,0,0,-0.916335386739965,7.569144372674817,1
-0.5200941705797032,1.7636782071154584,1,0,0.7600189229352572,6.814288626481553,1
-0.5068574967809247,-0.6487410923434327,0,0,-0.3406873139078129,17.471150016375297,0
0.03376184802033412,-1.3381163374238436,1,1,-0.9614026943665751,42.47834446469047,1
-0.5847416535507556,-0.3818216992057816,0,0,-0.3561219289354026,14.201395906314373,1
-0.6367781238777028,0.945036219406846,0,0,-0.6172343351760787,54.26207462541713,0
0.32276567108224125,0.6662519052716949,1,1,0.13127842963974426,20.834301167896708,0
0.19606726888217224,0.17124607932593908,0,1,-0.5194327124363772,18.725270758164637,1
0.2023703290131056,-0.029003494556401554,1,0,0.04039212970932795,37.4317895063237,0
-0.4411454810450479,0.9252723875440898,1,1,0.9320224110342987,2.7004037330734727,1
0.07857589012887056,-0.5579132272660297,1,1,-0.07415783622387027,26.09367071593712,1
1.2761436118841016,-0.23074798856938783,0,1,-0.5551615845150436,7.582954539315608,0
-0.9093687823180805,-0.45413704594318127,1,0,-1.326243562636494,76.9407626639048,1
1.1721308737500842,0.22781680205148636,1,1,-1.1332785456578165,2.7160078519511544,1
1.1893391618824756,1.5421399466443724,1,0,1.5099284181090435,1.7938234642147488,1
-1.4032369691025015,-0.7917776090716511,1,1,-0.7760106601943341,27.360905526376087,1
-0.43439561953742384,0.4013173380592403,1,1,-0.09572327717331801,5.6711387830342055,1
-0.12677235631826958,0.03611633538772267,0,1,-0.5105055829371119,5.895656522563083,0
0.3826083006007154,-0.4887637109434108,1,1,1.2585350317709503,3.7523937949299633,1
1.2369674345799455,-0.40032142584187047,0,1,1.6006403861066374,0.14954325543872538,0
1.1416165156085631,0.5159790943131964,1,0,-1.5890311009547438,6.507560992705987,1
-3.0524650064118632,-1.636292027425441,0,0,-0.19214120584653593,81.763933317157,1
-0.7634037672743313,-0.3082327754279201,0,0,1.1504929817921412,2.6975324722153804,1
-1.426751513984253,-1.1252505585346817,1,1,-0.3128729551826301,6.822511903654305,1
-0.15885774952813314,-0.8584843077355094,1,0,-0.6980700773468111,5.611119145079517,1
-1.6525379050354112,0.5579334543785943,1,1,-1.3378795367125438,11.412915785328098,1
1.2809139362371895,-0.20345550657939648,1,0,0.15477084254027834,2.4800854018821497,0
0.9900940187241363,0.5511680572966896,0,1,-2.3297868726171487,8.588186169132607,0
-0.9378789567213104,-0.8634065940425715,1,1,-0.36664115223619803,13.986206522915266,0
-0.6976678504684247,0.26405211467899864,1,0,-1.5718083662913518,12.28683268264153,1
0.9238898895480991,2.5330036793247563,1,1,-1.3653868183102023,3.5514851279609485,0
-0.17552119677600952,1.1801026947164712,0,1,0.41547448823534905,5.4666310339532185,1
-0.8691369231432259,-1.5498112344008272,0,1,0.9266329823400187,11.145804856952006,1
0.44687579389008764,-0.19907286250365372,0,1,-0.7052314828648734,43.30473014862198,1
-1.0774569230398214,-0.0939818379542201,1,1,1.5847366377750955,7.20472822100273,1
-1.10284880047019,0.07296197670960214,1,0,1.8421918019976362,13.007479800450671,0
1.5653366155909156,-0.06320289865881967,0,0,-0.7316880937394266,22.454924665875755,0
1.6365927159430238,1.9572658618245644,1,1,-0.8496812627585548,9.279801313963546,1
-0.18532389893408302,-0.3880909344320639,0,0,-0.42194489377841954,7.152670234523411,1
0.10711743410795031,-1.0395544452865724,1,1,-0.5138406610010046,8.649151899678397,0
0.6725995427790235,-0.3750425292142854,0,0,-0.4372507454211146,4.6200719756848905,1
0.5147658495332216,0.1170844695625726,1,1,-1.5132606495390926,3.822504657933652,0
0.6439667781739109,-0.6200617659459664,0,1,-0.8524880379434459,5.5597673613153535,1
0.9870057607832963,0.4731558282806806,1,0,-0.8699955847043231,0.0800950513428169,1
1.0207911149540636,-0.932860925940481,1,1,-0.26279563676038614,15.856933627098298,1
0.89874678307828,0.44745327569392007,1,0,0.826581833279923,5.450782636117128,1
1.1686951374190897,0.9067290344104022,1,1,1.3726403060384436,8.199012953018,1
0.788593303277205,0.730471168939314,1,1,-0.02264761881828208,11.80734525709622,0
1.635617757579641,1.0343651780589271,0,0,-0.576261856294088,8.49647079602246,1
-2.263845473223053,-2.2186432004132914,0,0,1.5238269208433668,94.66404164486707,0
0.7388178966119319,1.2665366938759721,0,0,-0.2754432855772432,34.05774422907334,1
0.8496580217112241,1.2241782823143965,0,1,0.06806106547929722,11.388171393713776,1
-0.48011854537012755,-0.3463158331377886,0,0,0.7015406448644894,58.9982415523215,0
1.4610627512298269,0.4625450407858414,0,0,-0.06504708697118165,27.596039765300524,1
-0.7808718611870988,-0.9549350485258506,1,1,-1.9791662882783838,2.46135140355783,1
1.517864398095896,0.8546107939746428,1,0,-0.7138929810459435,1.1612034397138786,1
-1.4111035016271984,-0.9912254411487506,0,0,-1.5833898792700465,22.673633619523375,1
1.0616243365014262,0.8329471278742108,1,1,0.16125693979211392,2.9559558209207304,0
1.134409446512432,0.2106771711835143,0,1,0.8732667672563672,5.507554009181353,0
-1.0956510331643767,-0.2243436434427638,1,0,-0.49737539720539964,72.14919200698465,0
0.0343705998007123,-0.623582197284662,0,0,-0.17816664086780554,95.77581940852072,1
0.13581349254339212,-1.1558314011769102,1,1,2.5128785039389405,1.5534021248962528,1
0.05555357926669016,-1.2582908843008505,1,1,-1.176870736043672,14.811198493605207,0
-1.4540225559695064,0.6642639055376666,0,0,0.7242971410612739,25.295767823849562,1
-0.7558481647233019,0.559947181602021,0,0,-0.21357366442616418,26.950198196795768,0
0.22315813971269266,-0.4466179415099626,0,0,0.6906225408143952,22.12840993411307,1
-1.204116111080114,-1.7971527962083005,0,1,0.6795632086190041,3.4947000281940395,0
-1.0195351001675397,-0.2897435967562392,0,1,-0.7307728606423429,27.04515141286796,0
-0.1391206306484491,-1.3356251098073595,0,0,1.007847651707977,27.18293555767495,0
0.9554289349925212,0.21504585745980626,1,1,0.011767328827080778,0.441904809371213,0
0.2272037720458557,-1.1158661950241033,1,1,-0.8439123603716858,27.648004666132344,1
-1.6945644121828398,-0.7284175583248766,1,0,0.7757750915554806,2.8175907047322486,1
0.5553776213488649,0.6387752346351512,1,0,-0.5681293534871092,27.1917413819547,0
-0.6248283050439227,0.30926029876355565,1,1,1.111141766375256,11.052105694172306,1
-0.07124625148460673,-0.43598230263695187,0,0,-0.3492546292143754,4.677129970785847,1
0.6337402018684256,0.5371094925359252,0,1,-1.593095242002831,36.91918067736284,1
-1.6919483873133678,-0.49398071933748694,0,0,-0.6390465670731017,36.48316974006992,1
0.44949464562098446,0.1621908608590054,0,1,0.9388562909334656,17.973862515470397,0
0.4162360065302295,0.15615631711843125,0,0,0.5311944776817948,19.711583665355565,0
-2.332280465007556,0.17542616578759906,1,0,-0.7383982866354193,22.993330897617266,1
0.6342691479902557,0.18627908600921567,1,1,0.3417184884541387,24.936338212199015,1
1.1740420100730562,-0.2384156822196073,0,1,-0.3374128616064817,0.35321179291227084,0
0.8407136385823172,-0.6086258177121138,1,1,-0.1974319496665759,21.158460654055432,0
-0.26693876453391147,-0.2759402914835063,1,1,-0.2087074629296173,12.068909012575807,1
0.3563158843132544,1.3728082305130473,0,0,-1.572333241808664,0.8436447654236852,0
-0.029586816146578748,1.030887224596774,0,1,-0.9935112470383898,44.318718680280604,1
1.1167755682501987,2.7167896535738234,1,1,1.8033288372237934,6.049122546521532,0
0.04237129635687833,-0.3524875323531524,1,1,-0.1527401118635313,9.19622801111142,1
-1.993840351846196,-0.48613781375326615,1,0,0.1282250951188519,13.841623603410092,0
-0.9145993452959742,-0.6983144928727307,0,0,-0.6148822137954307,3.4773662488539356,0
-0.5278235301889036,-1.2784717549839644,0,0,0.6327363043757819,6.535698814914785,1
-2.277458823868566,-0.9360004988574222,1,1,-1.0877953852347222,10.266879929744333,0
-1.4062517360880957,0.10661075049470914,1,1,-0.7250063651697344,5.992093803373354,1
1.3640390533381341,0.5955956915180106,1,1,-2.0077724730266766,28.18723936429627,1
0.5048539594361551,-0.30027359501881984,0,0,-0.6644325771476709,3.0784728379859785,1
1.6881307382042572,0.38033945152073745,0,0,-1.0820337809345733,33.98021645290671,1
0.9617571231493556,0.24527628323832593,1,0,-0.8127914325985396,12.122667909228024,1
1.2587562565143626,0.6664704373127688,1,1,-0.3276948547576136,0.6767447016204733,0
0.30417862398056306,1.8245347950814204,0,0,-0.9451226802144134,21.97182305581404,0
-1.3106012418798845,0.6639267434086485,1,1,-0.9521831645137132,3.5625716194312913,1
-0.6897165982855339,0.5519757737623876,1,1,0.22040423147416027,7.474296228861283,1
0.6016195936811992,0.2665207064874319,0,1,0.4058122898284365,0.011414297759719695,0
0.7797067856120311,0.6144475810383627,0,1,1.3686695020489863,0.033726712175576164,1
0.48138979442961083,-0.4014198762097685,1,1,-0.32074096639490063,12.377999017345932,0
-0.8866861487407699,-0.7185314330287826,1,1,-0.5444171468903138,19.435246848215634,1
1.1079179601008975,-0.347269820150524,0,1,0.6938527628936831,2.098420556567503,0
0.15550066160503387,0.2649244715466989,1,0,0.16104075984791738,3.9358255318028332,1
0.7349596040411076,0.3675664994463817,1,1,-0.23190449218585193,19.367510344709213,0
-0.5534465248818365,0.43734253739314055,1,1,0.1862912826062098,10.697334216815579,1
0.6997599727617664,1.885164329555523,1,1,0.31259461976127195,7.586723151900818,1
0.8617943339779051,1.6143257132386597,0,1,-0.5060091810957914,1.8936940678846024,1
-1.2195509645915794,-0.4469341951036444,0,1,-1.4379718884730537,75.12351993828922,0
1.8302634750168474,1.380659673461538,1,1,-0.8861912471825867,1.4913964577148722,1
1.2276198371714295,1.2157828830716193,0,1,0.7462422032902293,36.29700127034097,1
1.5523875727408805,0.641633835941989,1,0,0.5146153930635645,23.490627451701464,0
0.6823219044808774,0.7993510398985013,1,1,-0.35702920105127406,3.2897322145817163,1
-1.875701510200615,-0.689232489078226,1,1,-1.070534356245668,24.20183881665146,1
-1.0569028587627818,-0.5366740790422866,0,0,2.665213261547282,27.269746513533306,1
0.7618980894593359,-0.09155562187467714,1,0,-0.1067332848966027,9.835810376683604,1
0.24962552207233468,-0.1378846199476389,1,1,0.565616204722802,16.59040506228549,1
0.434303270308767,0.4197806442353851,1,1,0.5835633566387793,1.4585288121884767,1
-1.5058053428794504,-0.8406589539691524,1,1,-0.10053716939786567,8.41446005333521,1
-0.742071375444536,0.259283650368589,1,0,1.0059315674051352,15.100937877767597,0
0.6035508109728752,0.045671866025556285,1,1,-0.4850291729503364,14.91996083075925,1
0.7992283966598623,1.147060974141466,1,0,-0.39042170241737095,3.7308604329237722,1
-0.6239971095753404,-0.4417387085117881,1,1,0.5584414872408526,19.110484846573524,1
0.2850206280843385,-1.0155353482756655,0,0,0.032422925458394494,41.84768842557092,0
0.5710323404978199,-0.6745707932416872,1,1,-0.3696301629141571,9.095293306341944,1
0.5954953518859091,0.35371120021142916,1,1,-1.6701897841889297,0.7648147939130413,0
0.9530599513591693,0.489229717158856,1,1,-1.262118325079048,8.334473269272126,1
-0.07158791335082777,-0.5525808836768006,0,0,-0.7358355467236946,5.8632001076339675,1
0.5178400491574631,0.8109204856057681,0,0,0.5780655260998124,50.91401862948181,0
-1.4834754699006352,-0.36405720683728393,0,0,-0.2690527321542557,2.7426615503993075,1
-0.16924819615702366,0.318314016101519,1,1,0.22694371876482305,6.217129528981194,1
-0.060505145670569964,0.07098547150941911,0,1,-0.4742946634896831,4.137529742404141,0
0.6693963204731302,0.5655993560612029,1,1,-0.2651181146535939,5.403861887644242,0
0.3568727543815964,0.45286494022547996,1,1,2.193505416052071,15.400235616425235,1
2.470606217460155,0.3854756448093599,1,1,0.8870046030402932,0.5154611410220051,1
-1.7003052169994444,-1.9965432705078738,0,1,-0.06793697315434977,23.866621236270674,0
-0.8283905756047251,-0.2507406560993005,0,1,0.40840165765693925,6.014057730175196,1
3.10155495950663,1.1825459395768356,0,1,-1.5224286587495437,22.863377940043968,0
0.661273782365781,1.1633825149855983,0,1,1.85364733662975,6.396499479463396,1
0.014476107449741966,0.30752333488339556,1,0,0.11424364399573021,34.75842282168245,1
-0.3473053930742564,-0.7117580222232346,0,0,-0.21791641882920568,31.398367068150755,0
0.3820764263121366,0.24576916125170795,0,1,-0.3215603765465187,12.223100838175286,1
-0.9667860123079153,-1.253379117372448,1,1,0.09541062055908688,7.4481630874408475,1
0.5560543021585764,0.36566071889512497,1,1,0.48388649411750495,2.14455265418126,1
-0.3378019735783651,0.1870244920307875,1,0,-0.6904431506234118,18.065073602535357,1
-0.5287677912455274,0.25425764112278587,0,0,-0.2057456385765955,9.42985282676769,0
-0.3993717151082771,-0.5458304578328699,1,0,0.5565393769632475,3.6745855872510274,0
-0.3664365028733987,0.33793464778722204,1,1,0.5602625067649601,5.070635251228124,1
0.5847548357870314,-0.2001350047386568,1,0,-0.35923718116142256,5.982624089198314,0
-0.7868514453659392,-0.2111963444266759,1,0,2.6389777478735628,45.674467277855335,1
-0.16859110702682034,-1.087461446740111,1,0,-0.058353139643025284,2.927168980226244,1
0.8335581870154501,1.2777817145802226,0,0,1.0808764334790124,2.4949850226481742,1
0.1030722195071408,-1.2963011628798153,0,1,0.09575447381957336,3.1799475896852005,1
0.17806588499104964,2.218545503818788,1,1,-0.9934631199107411,23.553134222996253,1
0.9562794664912738,-0.6461125766699609,0,1,0.6508364015688888,7.8181890028220575,1
-0.7687045672620414,-0.2931047188471508,0,1,0.05154362757429987,27.689150001723675,1
-0.2126192323948334,-0.2667666764665361,1,0,-1.436645966657337,23.20262772875726,0
-2.239964799273632,-0.2615053372012388,0,1,-0.5218076226724919,32.90797184494549,1
0.0653308604392925,-0.7544305691593721,0,1,-0.09886269306071158,4.3208060805014386,0
-0.13140313755532285,1.1872732245949396,1,0,-0.5331131148779006,16.66071107147651,0
0.4867528300009845,1.9506551054906316,0,1,-0.6333727219448356,1.8746483896863406,1
-0.006155600427989731,1.0006807599812244,0,1,-1.9707148024659829,20.65924851057767,1
-1.2375294023420935,-0.04199151686442992,1,1,0.2047895099448875,11.338669978051586,1
0.3161096017398149,0.8387399924343729,1,1,-0.7345755274910747,8.648183842698515,1
0.8442916444204394,-0.04838306749459953,1,1,-0.18734941670245853,3.674901034790798,1
-0.19550008733723936,-0.7400665970858742,1,1,2.189057774364656,12.815182848868533,1
-0.6504983227220742,-0.19258181450672215,0,0,-0.39772751839101433,48.016890842722866,0
1.8050629719770293,0.07010569280546919,1,1,0.9941905617431234,1.1504936113266058,1
-1.2959871541686183,-2.652986836286627,1,1,0.014162086969060577,6.137810209635904,0
-1.6037482488473664,-1.0937664642298843,1,0,-0.32055084865886063,21.23489917372958,0
1.356817595996409,0.6851028407941702,0,0,-0.04441609450820764,11.74025212147856,0
-2.301865803535548,-0.7565959616193788,1,1,-0.9387466984931362,24.40040192074224,0
-0.10804947981779825,-0.22144284209347148,1,0,0.5885632384771556,9.768838997612464,1
-1.5305089468660427,-1.3215287240114322,1,0,0.20314441202780578,5.352720660001703,1
0.5268062481766695,0.4789242767488773,1,0,-0.7562101499844542,6.394101416198874,1
0.6798091189903598,-0.02152392234569167,0,1,1.7329311822658657,0.9396214222431438,1
-1.1917920185674893,0.8535891605977888,0,1,-0.42239489601421154,16.472244778685642,1
-0.3113506076271554,-1.5376585433550012,0,0,0.5418497502701599,47.073937281055045,0
1.1173232822309347,1.1407914811443005,0,1,1.3252617486158809,2.7533286203039355,1
0.31334828996254893,0.7414138766059395,1,1,0.7051676505976081,38.81026323203385,1
-0.4291989781471082,0.5543597751921298,0,0,-1.2238491860200869,49.90848744295418,1
-1.7522706123530305,-1.2904431197884583,1,1,-0.8357638918656112,27.907419659130074,0
-0.5406743486636352,-0.40391324223547964,1,0,-0.9017414376836589,11.838815022021356,0
0.5776947026505915,0.21574457355700583,1,1,-0.529451564610858,26.13853854559331,0
0.7262187259408959,-0.18693559416092598,0,0,1.7572836268230339,15.445257150218675,0
0.2884054816017358,-1.220695308208235,0,1,-2.218316355212428,48.211867842418634,0
-0.35746302206077046,0.1611410031546814,1,1,0.4437033281733315,15.13920563612698,1
0.16888545394204235,0.7648503639876478,1,0,0.4242508171029115,28.351417203770776,0
1.1621287842814763,-0.3294510994893699,1,1,-0.625255000512355,42.02063920622092,1
0.0911280172600817,0.5119559854418428,1,0,0.251252795664626,3.6338122485580433,1
0.4196720470218941,0.7845430591909399,1,0,0.8494768580528294,60.185271207555814,1
-1.525281230127848,-1.8793898422969888,1,1,0.9302917175129218,26.492021464071904,0
0.8965902785787409,0.5837396833580725,1,1,-0.33033730545897655,18.208183674867147,1
0.3691667173254921,-0.08007614825509246,0,1,-1.9527052456027998,5.564350480200704,0
1.0726396408624665,-0.3060981320311943,1,0,2.0078189274060807,15.838889593263692,0
0.9113835312472478,0.33257766024734303,1,1,0.4714875669689499,21.097825452938817,1
0.6724814518977619,-1.0242778579890517,1,0,-0.674705052345572,8.709887945249301,1
-0.5938506854252988,-2.3053267085744014,0,0,0.40598136795802436,29.431033113696852,0
-1.1939088753172766,-0.460722777287733,0,0,-0.37544334141853253,26.065181250009328,1
-0.7541898951590833,0.09284665951517196,0,0,1.7514448524644817,50.26664244264752,1
0.11991604714807148,0.6615860639962265,1,1,-2.30884767798277,20.46667196793581,0
-0.016354197930208064,-0.6158006208811087,0,0,-0.24173235629361964,13.294451256680475,1
0.9983176869397276,-0.2893875969636674,1,0,0.8451494879017164,23.25668982197568,1
-1.4061014790014477,-1.335006326260046,1,0,0.46474687986564256,24.408780408181197,1
0.1001451958691948,-0.17240382155205414,1,1,1.8065967445309918,14.610316865445347,1
1.0507682141523855,1.4526627369537706,1,1,0.7576767156809864,2.0355950532507636,1
1.1199507777700368,1.6286778703019165,1,0,0.3300991292187119,16.97552807217535,1
-0.7890453627579463,-1.4986847223504416,0,0,0.41393817658061566,11.841568696873907,1
-0.045212874248867885,1.553497359168525,1,1,-1.3802807017798424,10.528759860788599,1
-0.37284387104937716,0.19366532190797256,1,0,1.1188783610427566,30.656007721684926,1
-1.8768820109950801,-0.8806023082857288,1,0,1.4809079987822833,52.47728005262491,0
-1.1534902936410767,-0.8502266121470027,1,0,-0.9914815153848745,2.3522357387491315,1
-0.43425109647738924,0.6745233761198293,0,0,0.6345414416055369,9.776290388413186,1
0.20949228900307257,0.07442350639663989,1,0,1.6554864990483924,7.573189895598915,1
1.8829785626468296,0.7131415691789209,0,0,-1.5656695096828916,1.11837825855275,1
0.651057261752488,1.1295751075027824,0,1,0.8940050064965392,21.934990653509114,1
1.1285656546133538,0.8053126337789008,1,0,0.038641568742262204,15.688648138344698,1
0.9126791097631565,1.026027055911144,0,1,-0.44759646271470266,22.31551093186191,1
-2.275726961008356,-1.641312412707169,1,1,1.4215313167767085,2.7111579110370316,1
-0.40462568197568227,-0.0921725393665138,0,1,0.5115711845261625,40.04774326550051,0
0.40649738653481404,-0.1316655717497277,1,0,0.4093888029562463,37.54765827246576,0
-0.2365471711130165,-0.699815094963113,0,0,-0.3993146825171036,1.847040815109459,0
-0.13945430842517587,0.3556212021824532,1,1,-1.4863225666035136,6.8055501753825025,1
-0.5505192754972371,-0.3742613987576878,0,0,0.8249697225426101,14.104322990236621,0
-0.7950792478771803,-0.29201811321891247,1,1,2.3516398794231277,3.42701981857495,1
-0.3235459496000863,0.245431269501164,1,1,-0.8706943543585897,6.89092954865783,1
-2.2588462601923447,-1.1567335315998388,1,1,0.6726083108348115,75.27639000858423,1
-0.043927161962103105,-0.17085366940342284,1,0,0.14007422102376432,33.83245901484964,1
0.9656531911215898,1.392873376747366,0,1,0.5760971509319761,10.341014618358566,1
0.25357925042643414,-0.21258583848864127,1,0,0.7591317697227832,31.26223262351073,1
-1.1910419246855506,-0.9861550902116227,1,1,-0.22198975706713064,34.98840859643194,0
0.48197109596694887,0.07909399811384626,1,0,-0.24403077392927774,22.90174380873359,1
0.5471092814962527,-1.1223687896717012,1,1,-0.7897899289101923,21.525009178985602,0
0.18467823795831706,-0.741165907638389,1,0,-0.6512637867043009,30.601994897076143,1
-1.6496126170078662,-0.39034525755821997,1,0,-0.47210550583711935,15.630560905245018,1
1.6034574379308688,1.630230662302798,0,0,-0.19638731227673623,1.2490149538431556,1
0.19806132553744735,0.6831946221086265,1,1,-0.1343656820567637,1.1970391263792284,1
-1.2059668372491235,-0.2482198499069348,0,0,-0.8894092088769421,5.718237001266511,0
0.9905873052553419,1.495602106127749,1,0,0.27494394796837585,39.307674599833625,1
-0.4627343071243295,-0.054914398619074434,0,1,-0.7564104023975281,12.144726016651205,0
1.0713591810425334,0.39101225159917635,1,1,0.4075722376409178,1.5022976440557787,1
0.4172982262432283,1.7199037449103938,0,0,0.6655097670694079,1.7335542961845172,1
0.6548294182422522,0.48620081739114035,0,1,-0.878999138872353,7.039370731865607,1
0.07776008018785677,-0.6681785092705608,1,0,2.3781876298411504,2.885503911096919,0
1.3828001447769103,0.6125897149020265,1,0,0.10046354268193772,16.610563353814765,1
-0.477615008282812,-0.1556828745862158,0,0,-0.23487968851674537,2.452656035167974,0
0.6200432425537793,-0.37134054435428826,1,0,-1.2236800233557714,14.287726556940362,1
-0.546118857654944,-0.6906624920012637,0,0,-0.7358817578992288,100,0
-0.35221875161141153,0.054132635793202516,0,0,-1.7636537476307648,20.232775286859905,0
-0.036541851186053756,0.04223085485895405,1,0,-0.1781059089899385,16.150043500299784,1
2.1195855819864446,0.9081363673480521,0,0,0.0054002983822254704,0.7977699926759908,1
-1.2497516282716852,-0.86599549576557,0,0,-0.5103431926607002,31.74479119594567,0
-0.29135393084046485,-0.40237037467267067,0,0,0.8371665842024794,6.352838147812362,0
-0.8061391617262497,0.16906084506746277,1,0,-0.6599566895314756,5.62304770900584,1
-0.20169788167171943,-0.29500202566806893,1,1,0.640261504645007,55.24095033567449,0
1.069844706196425,0.8667570241323161,1,1,0.09558886301315109,0.15890466958903857,0
0.04298585339492854,-0.23905163915232813,1,1,1.222153112888874,3.3876391479911803,0
0.781259028319257,0.7423337077221253,0,0,-0.23782374933478104,7.149214470940611,0
-0.10109647384558684,-0.5787726365003173,1,0,-1.2751450197993939,100,0
-0.46965715619403886,-0.11449256657726181,0,0,0.2688024824755453,1.883573709001706,0
-0.8850935622938317,0.029288633791261953,0,0,-1.547146255005786,10.348711490848252,1
-0.510158119542626,-0.264413353265814,0,0,0.6969498607433104,59.86646686620041,1
-1.099748781074787,-0.6971267773184882,1,0,0.0803642896904658,10.203496879286957,1
0.029785820413790284,-0.17178482552723778,1,0,0.5291847766107667,10.62814705419551,1
-0.2908563206543846,0.8838033941354244,1,1,-1.1414568875608948,15.407316361839998,1
0.6899595342372373,-0.3555059966957297,0,0,-0.5270307580976834,84.84086869578748,1
0.14320420494339098,1.1309806203394996,1,0,0.09164356949495649,6.2363001939666685,0
1.5030014723425458,1.3625864175951412,1,0,-0.05435175833870929,4.2260744613464984,1
-0.7189577413648438,-1.5363196867829576,0,1,-0.8584769289913511,2.4741212324445403,0
1.0576719906935497,-0.3882799896675606,1,1,-1.1791598943523758,9.89879504858358,1
-0.6533947701084368,-0.296828870152339,1,1,-0.6910428290057709,25.045871913673356,0
0.8693531591967534,0.12240103828278615,1,1,-0.19502489868280656,1.5279090891776803,0
-1.5904859592310712,-0.5455538024912474,1,1,1.3182067048254185,12.040408497494962,1
-0.4569378941397498,-0.07415916803647168,1,1,-0.015164289329976554,0.4161850193739476,1
-2.517140638592471,-1.9493817544824563,0,0,0.03038484827238275,22.601389473134347,0
-0.30835683600254093,-0.3086453021502701,1,0,-0.5746731209390865,3.359051055893548,1
0.7927729273426445,0.5696083994962255,1,1,0.32086482007402617,43.23306122526612,0
0.9462841120101302,-0.20111777892236093,0,1,-0.20941225067871994,13.28046860009459,1
-0.6253053487934968,0.17060698275890973,1,1,-1.0121317959773575,4.226363119239172,0
0.3589663846513707,0.3263655698355865,1,1,-1.9186980838633667,23.68966750928186,1
0.7910140587311058,-1.005778928777286,1,0,0.8623399661161786,2.1909367386151004,1
-0.41956605061500735,-0.7705324070715763,0,0,1.8883503561108301,15.733358972730114,1
-1.7956168587783405,-1.6906451842112995,0,0,0.9752340999238018,4.684252030366381,0
0.3996180139714423,0.24580784411247047,0,1,0.28246610490151813,7.557282264008351,1
-0.08949395448277823,0.6727436136581075,1,1,-1.460660560320082,13.32737808073251,0
0.8207412793076306,-0.18084095443489906,1,1,0.8124267928882895,6.839212834678349,1
1.5245524513312125,1.0438918763348064,1,1,-0.18111756559509357,5.987022430592353,1
-0.06820090831994648,0.93237057408928,1,0,0.4258438826558882,0.07524033362110355,1
0.7354621182682344,1.925676624349954,0,1,0.07244771469948616,9.756443664368245,1
-0.1564915940339552,-0.8647442607793481,0,0,0.3175703366617133,41.81217599536043,0
-0.37682607128961165,0.3766776718848822,1,1,-0.8677232861968716,21.31014452647471,1
-0.49149436706404553,-0.5634334614169727,0,1,0.2902308461331788,15.569915464683817,0
2.185239756520566,2.9280255772535932,0,1,-1.1529775899366872,16.986023292516734,1
-0.09368321400531246,-0.7342423214411427,1,1,1.2803138624530868,3.4409776809505734,0
-0.5216542742138623,0.7361032502118718,1,0,0.31676738948738525,35.311634248536095,1
1.196043367538771,-0.8776555396019969,1,1,-1.35997209428019,27.005216666190883,0
1.8858695770124707,2.041704091839543,1,1,-1.8284080526995365,24.513016958853438,1
-1.4707256355527303,-1.13204173691566,0,1,-0.10712389846521041,42.18966194395327,0
1.617587867946621,1.2997332071499321,0,0,-0.07829917108985356,23.99022279851485,1
-1.106319756867416,-0.7855769718039373,1,1,-1.1388584037615688,37.26571082760116,1
0.40394264812917824,0.6450781633276637,0,0,-1.6781923341903193,2.2895872900381615,1
1.0423578820016073,1.273513681489199,1,1,0.2393102036001715,6.047466897945112,0
1.103422324204222,0.45839500591949484,1,1,-0.5151343813399186,5.332710430931268,0
-0.6406693049505381,0.3666308256778671,0,0,0.3608753865855346,29.10909637602938,1
-0.7903206343505661,-2.1111512750200014,0,0,-0.3754316164146263,99.73635230510047,1
-0.38849814666810983,-0.3237651292576225,0,0,1.8607967590768402,49.9490717861627,1
-0.6468176652843823,-1.1310941617518226,0,1,-1.0976076640041543,17.505534564809142,1
-0.46351709055765655,0.1881368697655338,0,0,0.5363733271252751,5.872238925807383,0
-0.4557829066605542,-1.2252179295905274,0,1,1.4703323539911626,29.082463230306047,1
0.5580013849162168,0.3796687756674131,0,0,-0.5410487929132444,24.94388782624045,1
-0.6847212742866666,0.06616479725198987,1,0,2.721372367575536,41.063103786429,1
-0.757949214339807,-0.331175270174239,0,0,-1.0679666230051037,33.47558077403089,0
0.35252790374513854,-1.1709986789144626,1,1,0.37518047892184225,1.2692650577307705,0
-0.8132812549985197,0.6773237409829749,0,0,0.7606234464607352,5.624071076262885,1
-1.0568940297515768,-1.3181979147215745,1,1,-0.250619978929151,36.66432902537188,1
2.8119219347596656,1.5965639978228314,1,0,0.5745199928117096,18.578057506260926,1
-0.2651240480562364,0.5670877651267067,0,0,-2.1570904041645553,100,0
-0.04735400069829763,-0.36198396579342434,1,1,0.16036034041679728,14.367285714114677,1
-1.2995511767668244,-1.673785259361734,0,1,0.028130742009050965,31.448323404814293,0
0.7383925793797936,-1.0537726326428303,1,1,-1.0345468542272092,4.804594307264562,1
-1.0024635164314741,0.4146973097029587,1,0,-1.750569628998375,4.056038105642492,1
1.3329752708391385,1.2730957634368674,1,1,-1.6338770571384449,14.092996029718657,1
-1.2987688325748357,-1.7652219183993443,1,1,0.3517677712862401,30.667788296617008,1
-1.6190380867082377,0.4980466612053944,1,1,0.5496338082799783,41.68007967666329,1
-1.2888932452158821,-2.0199585730317247,1,0,0.2755793326142509,38.2277684615053,0
-0.32434792213124847,0.5437923654540581,0,0,0.4898753991467189,12.688985571488029,1
1.933815935125502,0.3610675076599742,0,1,0.6815910985529428,43.78179541626843,1
1.8765517703030021,1.4293851104739101,1,1,0.2222380350645564,12.028689582916599,1
-0.28516588996774245,0.5759592649957623,1,0,-0.23169108277569936,92.64867088811563,1
0.6170843433660731,1.2400967841246013,0,0,-0.3830573200532185,38.04169544765657,1
-0.44564114563171614,-1.7127827263113324,0,1,-0.2456277338353896,30.338599414953464,0
1.3610697486586212,1.2206671991394504,1,1,0.7395579673302762,4.196035627078282,1
0.4911690255582106,0.0556794698779533,1,1,0.1265106705615361,0.71068961178892,1
0.7812849420308995,1.150184028023633,1,1,-1.3668898443607658,22.327208444309303,1
-0.6135990983322182,0.0013782291742738262,1,1,-0.9259081165764325,26.777701858059853,1
0.07660972818937004,0.16754940691236392,1,1,-1.699577944413814,5.286370436835017,1
-0.42147945322308156,0.21914171735416305,1,0,-0.8639939294560519,100,0
-1.3896208601216744,-1.5253257728443117,1,1,0.9207259229989594,14.25800367162584,0
-1.5007704287887529,-0.38950133454813685,1,0,-0.3600332797240624,18.976335196167952,0
-0.5795778670939025,-2.055540540054641,0,1,0.5291650744224332,21.1632613921441,0
-1.0383603183769756,-0.3587146704917402,0,1,-0.7285055235699159,21.279996071601115,1
-0.16652037921230545,-0.8082836763276116,1,1,-1.1488362184502101,0.12267133055453026,0
-0.6712722060973388,0.9262449285202037,0,0,0.71522870674807,7.94866160501564,1
1.2343599734215875,0.6721247668951116,1,0,-1.2941185729744338,13.439593968528667,1
0.6419208638893361,0.27619896032542307,1,1,2.0058809827391935,0.20987030351409564,0
0.5128371417522661,0.5423325459663826,1,0,0.2792720041181266,12.999495582438987,1
0.28575316152560565,0.60209480223879,1,0,-1.8540682984252495,10.53031868376662,1
-1.2051629243835753,-0.40974502284583314,1,1,-1.5737422162350974,22.786011171952634,0
0.6528462233060427,0.9552451413297331,0,1,-2.5744975105663936,24.924031365166666,1
-0.4394056539692682,-1.1803076318323589,1,1,-2.104435676406798,15.11671617824699,1
-1.4180290330717449,0.2028302305664148,1,1,0.6984592942486826,18.327147414010074,1
1.3063309251932533,-1.9246638825749098,1,0,-0.8102852152855557,0.5377685090140633,0
0.41187460181089836,0.9270221653349683,1,1,-0.9244115832531324,15.427924304227126,0
0.787455588143466,1.533009943087841,0,0,-0.603080712934099,12.147071969724195,1
0.31534757898335686,0.19278079160650236,0,1,0.14086193528600738,5.899263939155124,0
-0.21527094478223655,0.5967073960968132,1,1,-1.8421573122062664,30.128148587956012,1
1.28651383602286,0.5301720394203999,0,1,0.35366259789488397,30.950139099476242,0
1.0868401598610475,0.6853600289161712,0,0,-0.3518885565528934,23.41882125380312,1
0.26779051198068327,-0.3526318142802369,0,0,-1.6416761754954021,29.45297622528481,1
-0.16939453312788652,0.9491002571294104,1,1,1.416962777761763,18.802773426854436,1
1.1119734732654656,-0.20047482222078006,1,1,0.3614712095568304,5.109800369149198,1
-0.5185907214798833,0.2699327473931735,0,0,-0.5826661809666466,1.1067903586129533,1
0.41723062191762195,0.46055103453254714,0,1,-1.3139756008962058,1.4309656012077543,0
-0.9253775251255429,1.0001478759124685,1,1,-0.2889064190278902,2.691022318151229,1
-0.08690034308870802,1.4751904850550954,1,0,1.3599978519963098,15.712243924902038,1
-0.22686472501064578,-0.4338102948911558,0,1,0.6819125114278731,38.20246497287368,1
-0.675316205426913,1.075060410954603,1,1,-0.8670295099936913,48.27445198589091,1
-0.28236919631689084,0.27181883783036853,0,1,0.5644781172761884,23.57687460843216,1
-0.1013340075004569,-0.6104116767081603,1,1,-0.7173405931397272,0.16828287588501917,0
-0.4906597274197872,0.33338955299957695,0,0,0.17227875900906373,14.118931820174875,0
-1.1769108696903008,0.7618975205202437,1,1,-0.37947262008115645,0.9471816398607262,1
1.489958453335029,0.4283570310033689,1,1,2.336924506130656,1.2327707212863412,1
-2.2874949899990176,-1.6649701205733716,1,1,1.430323411926009,2.184264299435643,1
-0.582309128937337,-0.5598240695159364,1,1,-0.8967203279735242,8.892398146103817,1
0.30796117268082335,-0.5770444989887602,0,0,1.204408513905667,59.57627199099059,0
-1.2498054040431983,-0.9281985123873802,1,0,-0.5966566550853695,6.324296531367569,0
0.6689099209032765,0.18133559188624682,1,1,-2.8387143829543926,13.366854188424295,1
-0.8781601626304683,0.07122734342537484,1,0,1.9531378817087863,3.008069995530064,0
2.132141676812896,0.02386339877320731,1,1,0.4222524944414128,4.633721239473035,1
-0.6127912565812518,0.25846609500282863,0,1,-0.17249220174245394,6.752705745073794,1
-1.1180562339829625,0.017636555392512854,0,0,0.5864847880665529,4.699166150649006,1
-0.621846339870281,0.745923396712523,1,0,2.0668923131502974,0.4203070464400068,1
1.1097024223667955,-0.1790726479489736,0,0,-0.6835627823255107,7.972603501481556,0
0.34277991753560405,0.21470748912475943,1,1,-0.3667257109681232,31.038011231752044,0
0.46659177895091297,-1.4208687742320216,0,0,1.977932555394249,8.86796957649102,1
2.1608307751181988,1.2970283974484926,1,1,-0.2634436863062451,16.321787881850515,1
2.300284018074162,1.7180032508868341,0,0,1.3997999118254538,52.82480683312903,1
-0.6511381923350473,-0.7246346272161148,0,1,1.317668162349122,12.499415840832738,1
-1.4771396561337236,-0.5537815533284274,0,1,-0.8198876156396225,31.065634714809676,0
0.14479463766157769,-0.1749055816347638,1,1,0.2186562909486978,7.449384057314498,1
-2.3284650564279485,-1.0439146636420076,1,1,-0.6432064151795817,2.8320352684465027,1
-0.36272632377032954,-0.9829697114235472,0,0,0.012037870321877385,5.322557134364111,1
0.07375348639624622,1.4277465638390738,0,0,0.7422297050107092,0.7309484876979387,1
-0.47691962428555273,0.5882589007834969,1,0,0.49936533237771913,3.3846689464481203,0
-0.8627945264534179,-0.8823735978253593,0,0,0.5748598404530901,73.41194101756976,1
0.6699399353121313,0.2748292379797313,1,1,-1.9089430642965166,8.228294297997143,1
-0.6996125720152409,-1.8450868277057815,0,1,0.49123013004175264,32.67217120534671,1
-0.4617285161841166,-1.0201186237036381,1,0,2.02924278432371,18.824874818646656,1
-1.0948133703566403,1.4802122071597001,1,0,0.07315154085632032,17.029709457129584,1
0.2738548108332983,1.0707326460654247,0,1,-1.4186257295614577,62.520344174345595,1
0.8715537532633709,0.05874572537722139,0,1,0.49002113486498095,3.4940623021674044,1
0.24426151228522147,0.09996728865214549,0,1,0.928982721121842,5.277378709660058,1
0.7340487291309524,-0.10647150942203815,1,0,-0.4265968274961048,6.722367779663229,1
-0.12342770037710048,-0.06376207748747859,0,0,-0.3336828364843036,70.87711088021705,0
-0.9542983443849025,0.32235565233934715,1,1,2.419761324356207,6.3309036108928405,1
-0.14956862486920372,-0.5287774507608585,1,1,0.8474897340731029,6.17365606565588,1
-2.2462353971458278,-0.2962335830794688,1,0,-0.9572424482173459,38.96848394244578,1
-0.22282845541995516,0.33527117392986583,1,0,-1.3432870927782454,1.2046177075426285,1
-1.7877442583044159,-1.4761848641206896,1,0,-0.43594158572614944,31.570709033239513,1
0.8923492889404123,-0.42101947543856333,0,1,-0.29614706732594254,8.56839038358028,0
-1.2515477514626872,0.010132938607230413,0,0,-0.7714492233912679,7.500236835862368,0
2.3835121776881842,2.140498954319308,1,1,-1.033345810412673,5.232010335584225,1
0.5607681606720547,0.6604563061350215,1,1,-1.410747347907814,8.181326313371777,0
0.0770507069432392,-0.013574917353577937,0,0,-1.3255723463282276,3.9883986571056904,1
-1.8889949359064029,-0.6974705418518282,1,0,0.11171901684387768,12.991586226407943,0
-0.35007800166025305,0.4408043798324373,1,0,1.47544617246924,1.2648745686603735,0
-0.07246196420709212,0.1603047026999466,0,0,0.30997794708011955,15.247570941593665,1
2.1333521857217983,1.6469134760538289,1,1,-0.26005247144867777,12.1472691900401,1
-0.3261897982478276,-0.03150381425246104,1,0,0.5960918827898047,50.20146416644668,1
0.02799274897765357,0.0750628568675581,0,0,0.34211728911071376,12.942032410067482,1
1.0559657527311723,0.3324890774805742,1,1,1.272654410473252,12.806322253690594,1
0.39667014261918604,0.11398206626570985,1,1,0.3627096020545995,8.598217935624804,0
-1.0673337120635498,-0.8562655234039058,1,0,0.8562461332834861,27.66439402393173,0
-0.4062947747816842,-0.32403450397148015,1,1,-0.10340929590376019,0.23870593513514682,1
-0.4281439545109232,-0.16874978203789875,0,1,1.1316606149516848,0.8737288778005424,1
-0.7959486337573382,-0.7543693563267426,1,0,0.321043621094686,79.96036979832606,1
0.9284905361082769,-0.7044431735918779,1,0,0.5620709309146066,19.92255123183917,1
-1.0946094113090428,-0.07140992972532545,1,1,0.37048434963736526,0.6440296098948098,1
1.0809962153482755,-0.17221335729114906,1,0,-0.7609776449004868,7.108560648684526,0
-1.528619251542156,-1.7981200166397164,0,0,1.7141251622546179,96.14568902847228,0
-0.14913884177251902,-0.2496404484511737,1,1,-0.3328177465688673,0.7600005207853766,1
1.5355456579205433,0.6681330591719337,0,0,0.7956867615890694,16.798106136914743,1
0.5201398426140613,1.072610628194505,1,1,2.4002095602732023,9.752268368471029,0
-1.793825883190187,-1.8545849132361851,0,0,-0.280161545107693,2.963874113800964,0
0.7211540274760521,0.08325328174576385,0,1,0.5527520649641475,10.648725089820369,1
1.1669374750729598,0.34119571617011396,1,0,0.43498802494210476,50.689281256070764,1
0.26504607228884425,1.8951184568405237,0,1,-0.28616728457662116,22.48528319367222,0
-0.775305545416234,0.15792735291542387,1,0,-0.6061597178998309,0.11801096507776085,1
-0.9385705844697655,-1.0806638532526183,1,1,1.4296120079136094,33.0099608428413,1
1.4347380760250175,1.9524047047651765,1,1,-0.6671799775666386,28.787818268924802,1
1.2472088512906896,0.684562413715013,1,1,-0.1525716596795896,3.9498395992454634,1
0.33620328036568614,0.8323848965315994,1,1,-1.638258176523319,21.048711245824073,1
-0.22239841033359203,0.8211576976867525,1,0,-0.5320457235955014,8.246122918860927,0
-1.1277166448566016,-0.15929213566554207,0,1,-1.0260500774806738,6.958927864225616,0
1.085166511409553,-0.7352297929507849,1,0,-1.4880063206599177,10.664675455254825,0
-0.597989242827245,-2.5055391970362204,0,0,-0.5578909782925103,26.982185135367008,0
-2.8610338381409086,-1.220943743981046,0,0,-0.7512335250384912,14.288225973418337,0
-0.155520840174124,-0.6761684969868649,1,0,-0.5109461665727538,38.85483867553584,1
-0.4293829352084514,0.3886979444860647,1,0,0.8299980750919933,15.006060673569472,1
-0.11513473308239956,-1.2021508409557824,1,1,-0.87353759571734,36.01407785990396,1
-0.4967704915245804,-0.11059703544126692,0,0,0.4343991794662103,7.5813461313014185,1
-0.8407076622728574,-0.7183062393382242,1,0,-1.5852587247240966,15.232389368464704,0
-0.2595141013608709,-0.6148367985326931,1,1,1.4821932130575937,13.496713759950188,1
0.226313707166922,0.18576022113137636,1,1,-0.7861107650725402,1.5834915000402516,1
-0.7846230484009207,-0.31751398843541,1,1,-2.1752150109582056,19.585548224612925,1
0.8401502209829758,-0.38251094087037346,1,0,-0.910287174619375,1.7378514000262442,1
0.0952748441367389,-0.9210502072174884,0,0,1.2109460197875805,30.25042182833996,1
-1.7407739414879442,-0.16678661666155792,1,1,-0.21931139217047657,27.665440812335227,0
-0.04572053264751332,-0.16201064630641276,0,0,0.4153395325693936,2.8786812052672808,1
0.3616236654493956,0.38485945459545384,0,0,-0.28135821236902875,3.2129446714668872,1
-0.07870383147823089,-0.33817180197839014,0,1,0.3470951722452728,0.7793657720236064,0
0.4861997892623289,-0.12044272134258655,0,0,0.06397362798167223,47.52381585392279,1
-0.10799758845535562,0.20319738355380138,0,1,-1.3439909814868183,41.68598898845173,1
-0.5736866961187451,-0.2920166825331942,1,1,0.05058679722762744,2.8907102833927794,0
1.1251394410348858,-0.2273396580691711,0,1,0.6499911000921884,11.006784098578672,0
0.11406456947638406,-0.5035423972313617,1,1,-1.192451173520346,29.53106447837503,0
0.07960069150216992,-0.18550513481350459,1,0,0.2118975283526761,3.103785056597453,0
2.401420353611487,2.6618265600094437,1,1,-0.30421887160134264,9.112731959849857,1
0.19621645746627636,0.4412074795851032,0,0,-0.4326726713085097,32.04816960254613,1
-1.093617925475797,-1.8592869762503377,1,1,-0.12218966291036609,20.439483727110662,1
0.5114496494602194,-1.2124436076929337,0,1,-1.3220000199301605,22.671753811390644,0
-0.3077450133577189,-1.055280724562897,0,0,0.45274036586963595,59.550635334784765,1
0.2642391508312833,-0.16111670677081943,1,0,1.1068870799658899,11.1502858976297,1
-0.02892777915711129,0.4280409096357158,1,1,-0.22345886551788205,6.8619567541531,0
-0.11101204999638946,-1.043147833335311,1,0,-1.7714990605763652,17.15452391317647,1
0.3895638895123202,-0.3351816303690496,1,1,1.4247599980688652,27.898304187312277,1
0.708675281984739,0.745380272709427,1,1,0.05158790320687299,7.643717221114784,0
0.07780521424532531,0.2623044310152841,1,1,-0.9356573251928625,4.546549335032282,1
0.6310246877489222,2.023662811629409,1,1,0.4776249499360563,8.840459546710168,0
-1.3927927916483724,0.16748811684127907,1,0,0.826136688228064,49.58556078394236,1
-0.8627497797910852,-1.3782287710772583,0,1,-0.6269693971966549,42.84108082779486,0
-0.42676615117058914,-0.42551448937402137,0,0,1.089002472898683,11.2353287040918,1
2.3362229364876352,1.083783853228443,1,0,-0.3649086030703556,5.855853027060421,1
-1.531461715082095,-0.5857861236158399,1,1,0.9677972866104527,5.489470369617089,1
-0.6291304499437228,0.54819398012748,1,1,0.2304069725113831,2.8294026438647393,1
-0.45759085328111715,-0.29809465983629624,0,0,-0.5606293752150592,0.29191281104444755,0
1.3371171908770316,0.5450614794018533,1,0,0.7731217014791834,17.175957575215033,0
-1.568930151725859,-1.6104210468306888,1,0,2.1029621844333044,14.79231516917524,1
0.19206835671172898,-0.48002201892949337,1,1,-0.5804977827909545,4.57785099038686,1
-1.4255379388797544,-0.28847285247530285,1,0,0.9189103822542788,55.266435238170594,1
-0.978786057216789,-1.2378618061322477,1,0,1.2772368300172774,2.9435201737730288,1
-1.4654120722092454,-1.1641431241618934,1,0,-0.9789781531320347,96.77910478635674,0
0.07877641979630434,-0.30541646569474007,1,1,1.1394497952633327,1.6549588988372126,1
-0.36790828308438506,0.20254905769936332,0,1,-0.23354291965134888,2.068337223159583,1
-0.7408529115141407,0.17750903702984988,1,1,-0.1544297326846605,13.07475924072417,1
-0.20300825204835007,-0.946649058725835,0,1,-1.2821912235590898,6.171118118080974,0
0.9973826533980555,-0.8871047626756725,0,1,-0.4795323578536552,35.46449904595757,1
-0.3588300307865419,-0.5176444575165206,1,1,0.33636948690131957,3.3705997782070263,0
-0.3692443551340864,-1.0711979402063083,1,1,0.939631500050719,33.146459217016385,1
-2.2500477021927203,0.4769085167724607,1,0,-0.28456341959161696,10.567460278363784,0
-0.28066222479913067,-0.8616495520021622,1,0,2.2505396552219117,1.599315593411119,1
0.49897975094893177,0.9918077151217843,0,0,0.39572090236367724,20.15844758465822,1
0.8580182318904602,0.8842986348781046,1,1,0.10099514941155721,7.570537515597579,1
0.3006404314002264,-0.1700807606749927,1,1,-1.3323829244677616,3.833789508070957,1
1.2518647163147654,0.8087638261609773,1,0,-2.45435850238422,0.38832575992442137,0
-1.6648356942516627,-1.0374550596544136,1,1,-0.21011471708895968,14.893591822666346,0
1.2352170706453411,2.2507755869182873,1,1,-1.158111040217769,18.3993013506193,1
0.2533873247146006,-0.00960164569042618,1,1,0.13394525513748815,10.75531886466512,1
0.28671206161373325,0.3898461226162492,1,1,-0.4371762892642757,27.51325151069415,1
0.04314818831775473,0.4303747462772981,0,0,-0.37002954369622476,12.76283683885345,1
-1.2915961749126366,-0.7586678011557815,1,0,0.13743286750794545,35.89300876903868,0
-0.7530872540909429,1.0159115107559917,0,0,0.7743729015105797,21.239633778255307,0
-0.0740543332438105,-1.5931402410378666,1,1,-2.043820023618598,4.928448462397148,0
-0.8763633844653131,-0.42267941324294117,0,0,-0.255077842143219,6.207076085183453,1
0.6060103568471527,1.3811000524375794,1,1,0.10699531738396978,1.0721805271696536,1
-2.2352141011132685,-0.6135054183331996,0,1,2.1943299692368425,6.287123941841336,1
1.7025206549029306,1.7901807704835973,1,1,0.8691179165808907,5.019456384867775,0
-1.0274268505064055,-1.468396714946915,1,1,-1.2332584436432967,25.783221261751727,0
0.942780770185801,0.5198849087525224,0,0,0.4744280726866762,8.047042376269992,1
0.9324209626968893,-0.199260362548473,0,1,-1.1345860062175157,0.8540398234928763,1
0.7280601827129521,0.6635135663198575,1,0,-0.8879925099338357,7.0618453801572585,1
0.4627979341644503,2.260486581582801,0,1,-0.9175885736904231,1.848387207360113,1
1.0438715463582569,0.8411968932262248,1,1,-1.1095505440766424,1.1721629540647647,1
-1.7830530122241222,-0.8982222540478239,0,1,0.195786330096,2.3360830594546522,1
0.8147979980104153,-0.7122788524360539,1,1,1.4594331054796312,18.80359915701535,1
1.578986353378618,-0.10581132823151251,1,1,-0.046027545772526046,9.697516906816338,1
-2.015913944939331,-1.6328538694907886,1,1,-0.9449857688059694,8.327957224573456,1
-0.6304336536257144,-1.5932636290316722,1,1,0.18136584152859195,30.982898145183697,1
0.09732025243227353,0.3332541588156918,0,1,-0.5406399276139353,20.30244453162087,0
-0.8768288274285503,1.1699606026948577,0,1,1.213348478033684,0.6162049467855354,1
0.2928403726973378,0.7750720294845745,0,0,-1.6270493326997642,2.203130124995455,1
-0.6317538254570938,0.11318501597384417,1,0,0.31456559221933206,16.936575485438205,0
0.6476029766449946,-0.3719908170838781,1,0,-0.44974165714917785,2.9765469375224267,1
0.5374867202067517,1.1053587109681615,1,0,0.03829447586755703,3.0523348563483204,1
-0.2762309090655255,0.988009466785452,0,1,1.275086342593065,1.858578457997632,0
2.769822730550258,1.512305872946634,1,0,-0.6422347258848204,3.5343523066771874,1
0.5021900885001609,-0.6747896018280973,0,0,-0.13423127423755155,0.9431770778370315,0
2.521993870043176,0.05151085008150713,0,1,0.0052821889863982514,2.6132560280527333,1
0.7392257883673748,0.8324891723489798,1,1,-0.32357857525318384,0.20000043313274626,0
2.646970674932817,0.8992541243075248,0,1,0.034594418867047935,18.107129441101375,1
-0.08162089247954134,-1.4303704815218747,1,0,0.5208686255990355,21.137202618324395,1
0.3642129724211568,-0.27210550192454447,1,0,0.7391741908162763,11.935713810248185,0
0.3732719353686058,0.8621131185480695,1,0,-0.4326285712386361,4.615145089118563,1
1.0104107719200495,1.599987611993776,1,0,0.9465312075731389,2.604485584192784,0
2.3358742181637973,1.5861997702703676,1,1,-0.4226635322584221,1.171878135752843,1
-0.14871669235849874,-0.623507658324145,1,0,-0.19553181746880907,17.447285742324596,0
1.7041269447677732,1.0801226306527516,0,0,0.05021011122846109,43.31446967958566,1
0.509738250405814,0.9315611889620323,1,0,-0.5263810906579595,24.10728241371582,0
0.5059531787056931,-1.4200062105822546,1,0,-0.6992481987418221,6.377942067962064,1
0.3824199481492742,0.49800059337860325,0,1,1.444596067911361,0.916954715588175,1
0.6270351253093106,0.6105839584605119,1,1,1.0657365919173918,17.920868257771172,0
1.5672592280240099,-1.099469063545685,0,0,-1.089199531863049,4.648771489227947,1
2.079969785536361,1.4023113070113413,0,1,-1.436872551592075,34.33573274100924,1
-0.06590882927141288,-1.0597973743442046,0,0,-1.5843600980916666,47.03003876069081,1
1.4765146753511444,0.007949862577842692,0,1,-0.13117061131353042,18.820985326584523,0
-0.11951004685002445,0.11332692170899221,1,0,1.5274148862702068,6.140221798936544,1
-1.5724696120981738,-1.1461455925561168,1,0,-0.30764257775469506,20.17719205377836,0
-2.9570403569263037,-0.6164141401748036,0,0,0.494310725402847,2.108898685188684,0
0.654994247158068,0.4491309190047911,1,1,1.5579202273289332,6.171580786126422,1
-0.13564710494146673,1.7122013634579871,1,1,1.6163664863906086,4.49721384407418,1
-1.4475964386200022,-1.4506174930471911,1,1,-0.021075159386948556,12.479792579300366,0
0.1808286654235026,-0.2715172630606586,1,1,0.7365710110114613,50.59175804255564,0
-0.193454667451144,0.31628777458942176,1,1,-0.12423266090272049,26.155335712111942,1
-0.4935980845832034,-0.2493103141465514,0,1,-0.1573196314406679,6.994937824167453,0
-0.13738675879638565,0.2556770544557081,0,0,0.13186664168655926,26.45871772131956,1
-1.0776652385590226,-0.7503977458405545,1,1,0.7086955845538194,35.18726424134248,1
-0.7194290263128754,0.45026499542930115,1,1,0.7636260597243049,14.74139697634358,1
-0.8027717919200401,-1.4661670252560712,1,0,0.008290808898061894,100,0
0.13250268463175222,0.007960025904054632,1,1,-0.5504561929188553,17.180483549709336,1
-1.829469369660213,-1.0453572126813573,0,0,-0.16411733153363858,4.478924784918348,1
-0.34702642003026185,-0.7798397505015675,1,1,-0.34359255120152393,10.360580382608987,1
-0.3298961767406546,-1.0351224728961135,1,1,1.5148273419758003,13.559297400434579,1
-0.7735928794853535,-1.373460153894876,0,1,-2.4391916498489365,9.792915868201398,0
0.4777170683037353,0.35156874489488743,0,0,0.4015502047912997,77.47855760688219,1
-0.3942511376488621,-1.013503598647311,1,0,0.11895554949682734,14.250898398132124,0
-2.3619159744866103,-0.018670876354775157,1,0,-0.4549731581877947,24.5561968233258,1
-0.2621996568078136,0.3879331005399521,0,0,0.7273240489099837,3.6846619340240543,1
1.1685857217561915,1.0224729638091965,0,0,-1.5085332947494616,22.473811787322486,1
0.01576068250003204,0.5091783820895437,0,0,0.16952657708070004,42.62504021520769,0
1.4743228671486512,0.7279541251636867,1,1,0.2937785113020606,6.786116399058806,0
-0.673878250382325,0.314753395517192,1,1,-0.8242315203625334,0.3610151626579236,1
-0.33839697089499554,-0.5374016170593705,1,0,0.3381864010518565,6.173509653890745,0
-0.8711910503348709,0.2536216379044121,0,1,0.33264379494962565,7.801102993115882,1
-1.157430610369925,0.2567098952509784,1,0,0.37659209797744564,1.1289400660873365,0
0.13817834873763343,0.07251450800140186,1,0,1.470926611008182,49.773378913075376,1
-1.6267955158173097,-1.5233948913735,1,0,-0.4633089613468003,5.652515708168845,1
-0.01575538637743088,0.5047674852540585,1,1,0.29235657824069333,18.49337479699683,1
-0.5663852223350403,1.0348633509896925,0,1,1.3294034228362683,16.205665265471385,1
0.7741834183559163,0.7602159042349046,1,1,-0.5939431922352917,4.227366611392963,1
0.9466994273853346,0.10413681729446511,1,1,0.2828723232915068,27.128960406661758,1
1.0621026818043622,1.0842787230334037,1,1,0.6541735177718861,8.873966663406627,1
0.3106399714079105,2.581617537785012,0,0,-1.0476142258346677,15.941496906895997,1
2.2852700263110983,1.8398441225366704,1,0,-0.07648885041329971,9.621266855694767,0
-0.6803197321602188,0.801382154462411,1,1,1.138679793759982,5.18382572933645,0
1.559511858810568,1.454282698932832,0,0,0.2961645879154507,27.98768884270089,0
-0.6277050222164136,-0.9181031232854782,1,1,1.1302346620428374,5.282720074065727,1
1.2376540488666816,0.37763320464504635,0,0,0.044832003562414256,3.4884419252235324,1
-0.6538750529962226,-0.1749771101406526,0,1,-1.9502849769392359,5.524953945896729,0
-0.34936096773490516,-0.4992935710085741,1,1,-1.2229945854281148,54.17943873206828,0
0.5409051852805905,0.7583981211714528,0,0,-0.0779947766305895,10.249593245769717,0
0.9210547909196685,-1.0769811286608935,1,1,-0.17558890684208828,8.564307406431887,0
1.2565749549529301,-0.3906275580432228,1,1,1.0241331581274944,42.37273997065623,1
-0.9326889758409423,0.26679170423467163,1,1,1.5610738697140918,8.682308163909429,1
-0.23153429477879955,-0.48965694279351446,1,1,1.2589646289921865,1.818632499571694,1
-0.7642540233437284,0.5236040974465843,0,0,-1.9161239658924698,4.53654307448993,1
-2.23121241980487,-0.8494811671214513,0,0,-1.4659315624762306,65.43376719848918,1
-0.6785330639116299,-0.5432433461306386,1,0,-0.020992825547090116,9.716932775435183,1
0.9154806006960009,0.9755007412233057,1,1,-0.14679492531065905,3.7974263725791237,1
2.715007246889195,2.3364279019370633,1,1,1.432661520727574,0.03655999901896693,0
1.521660972036506,0.8074524300126769,1,1,-0.8295673638921094,9.592025419462548,0
0.5877211782617761,0.37675122651737347,1,0,0.05615926866438252,31.178652776874102,0
-1.5417380633299216,-0.5384533273446874,1,0,1.1741860423480337,50.78467547259509,1
0.5824086230985955,-0.9003010550405748,1,0,0.6773836167334206,21.80411609874771,1
-1.4277795077593445,-1.0454165031064255,0,1,0.36656513441540406,13.755376760097406,1
-0.014717804811573608,0.15541366204462156,1,1,1.2977152972008927,4.301341317412105,1
-0.7879618789934897,0.14839675773083538,1,1,-0.455586113902976,18.063935035646065,1
0.6014966125318142,1.1108829252056103,0,0,-0.5907180636007193,17.94713053016162,1
1.001683368823037,0.7656561491172011,0,1,0.7161087541031314,69.79194296574083,1
-0.3636261539968754,-0.9811477614737362,0,1,-0.8653778740226908,12.71121281158918,1
-0.050423629788276594,1.2730811498561105,1,1,0.3241587909421958,8.501103792788019,0
-2.602238740823566,-1.9365130753466844,0,1,1.1008918056993449,4.87222623232881,0
0.714891448892564,1.0104527998500012,0,0,-0.7703156582812595,8.628984268490473,1
1.1096732540623604,-0.32402216769616854,0,1,-0.8223959196001814,21.423441474208726,1
0.2213616539322259,1.0850542624616284,0,0,-0.7587850818650697,47.116371116879115,1
-0.6704141349438231,0.969791574150254,0,0,1.3622367774577055,0.7957446426648399,1
-1.2143733958168421,-0.9133540478475357,0,0,-0.008387219807383469,41.34133679207942,0
1.0866333817201577,1.5104834837317518,0,0,-0.4213037067441236,3.1071537114023813,0
-0.5053789854441938,-1.034805639621363,0,0,-0.3150240452533457,19.227998787674885,1
0.7715630360779462,-0.021423999130100735,0,0,-1.1071781380272352,0.1472964865211728,1
-0.5823796795519492,0.06822033274765926,0,1,-1.5947374926967124,9.480116480927602,1
0.2901455677949713,0.4247464379840722,1,1,0.6797711789935101,3.148170462275159,1
2.741693927895656,3.148490916748058,1,0,0.03030337228803514,2.3647477635932286,1
-1.6321359208764068,-0.43659318526255686,0,1,0.9527490674097715,25.182139549166433,1
-0.5446620469525321,-0.3768491917676583,1,0,-1.3885922959389172,10.336504243997327,0
-0.8075919110382166,0.6396541486229951,1,1,0.6851136827443816,3.2123093538327985,1
0.45400398540822184,0.6104664766390786,0,0,-0.17749891297336423,0.750181894636655,1
-1.9299571068585997,-1.6911624158658558,1,1,0.0713080710861874,0.5270452558156253,0
1.4631809634906032,0.857055396923305,0,1,0.730435936465658,3.969803346066093,1
0.8390569717024565,-0.9706999373951439,0,1,0.5198965279758062,24.329980847086667,1
-0.4028684097477501,-2.2308782751410856,1,1,-0.5486963419216573,2.032126654698958,0
0.18066320632696847,0.5044503292354932,1,1,-0.8669159647778388,6.948224736768482,1
0.7860861875026122,-0.18251052487745334,1,1,-0.6066793683885853,4.865954747889518,1
-0.9179615397716379,1.3008642954841094,0,0,0.37556292181557455,10.17668241816709,1
0.4858134679875541,-0.15527250550024124,1,1,-0.9240879251962789,9.13574878632118,1
1.2388946506271667,1.545711109593217,0,0,-0.2429239948525669,6.856274344178324,1
0.3164649037065085,0.6132687751089898,1,1,0.7152172858500058,12.515508645567348,1
0.780868603970266,0.7990349322752519,0,0,0.8216734560662986,1.374536044538446,1
0.4911988596520509,2.1482012077408355,0,0,-0.5474628352140178,17.456952010243295,1
0.1784449157682463,1.6678322564030117,1,1,0.6714690759212306,16.495853520071268,1
1.4004705964499466,-0.15838691561382867,1,0,-1.4992465004906874,13.09152223846456,0
-1.3541477003709057,-0.1447439043184645,0,1,-0.8992038688731426,2.1676367914117667,1
0.5577249554252721,-0.7681225679754351,1,1,-0.328250866382995,0.199291532455336,0
0.9015569473023184,0.9309969080175702,1,1,-0.7985952972164332,6.252116872704836,0
1.485629183876627,-0.5685759091175538,0,1,0.7712567688000644,12.672676627460943,0
0.779860040497243,0.6872196820346421,1,1,-0.4720774458981389,8.729481900658294,1
-0.3573162539076033,1.1819893824983483,0,1,-0.44630246143408675,9.860905488957258,0
-0.5540300213096112,-0.86961858224082,1,0,0.12433478522308397,1.8880810147722402,1
1.3475210322079039,0.32734903994190745,1,1,0.3103202242945218,0.8140986045938321,1
-0.7783352400290643,-1.0750256428523162,0,0,0.6693382557569508,27.450430128450172,1
-0.21557435912145,0.06458181131838439,1,1,2.1702258965690917,15.582036363886111,1
-0.5037372540308556,0.5541180457265318,0,1,1.2599059697819808,6.7573207757460745,0
-0.48273426849357504,1.3018594787428113,0,0,1.4315567492380121,2.689669442740697,0
0.917445195599836,1.0685077004979942,1,1,0.2170065968997256,41.74000463534564,0
-0.11704418978729726,0.5973872752526863,1,0,-2.556785472504188,29.845707462208797,0
1.1124005018210732,0.39450120589258786,0,0,-0.234098798884536,43.58506507814527,1
-0.5615019168606796,0.7921599446785446,0,0,-0.1875549450566024,24.68324472901369,1
-0.693253511998768,-1.9091362336463042,0,0,0.45708007632701936,63.33348159624554,0
0.29598955810393535,-0.37900568032437143,1,1,-1.5092536774333472,7.9965415783686575,1
0.1638058100004326,-0.30831948637549095,1,0,-0.7490178651651013,21.402392260264737,0
-0.9210742517455626,0.5094972209329987,1,0,-0.9976835737465081,3.4144637847063914,1
0.10673861192040333,0.106518324608503,0,0,-0.07812426685046621,2.6842483842881286,1
-1.9063706135087954,-0.988206921517586,0,0,0.3705987639352365,78.48081693776403,1
-0.8775927542815473,-1.3821526834329758,0,0,-0.8952874989341845,16.842072721454073,0
-0.5248251876165979,0.3937518518974934,0,1,0.6949385508457088,22.82711203834954,1
1.3339960300922333,-0.09979655263033815,0,0,1.111692425395713,29.465618529525532,1
-1.0599697591415418,-1.5205588254089433,1,0,-0.5220372258242033,58.856801231104754,1
-0.4220954395765411,0.7920126005283759,0,1,-0.2414039026744171,13.026397730037205,0
0.4877083053205598,-0.5323609689325294,1,1,-0.8858526382145887,12.643268352769006,1
-0.5478811505123437,0.4936589206565572,1,1,0.37743031477895567,24.650592890137478,1
0.6817124031112142,-0.5505267167140302,1,1,0.9034876427356301,4.729617901811874,1
0.5307262904853896,1.529112512192951,1,1,-0.5117568668423974,9.589485726542614,1
-0.15207235402398536,-1.2889621557208095,1,0,-0.7659909614749181,13.519597457569805,0
-0.4311699944423889,0.03437445916691728,1,1,0.5300434570589706,0.1646864562009072,1
0.831764751916842,0.6392495547542533,0,1,-0.4576463526695998,1.4639053760871787,1
1.1458436617165157,-0.5325515414846705,1,0,-0.2887831927992337,23.104459000613453,1
1.3205346386096417,0.8437105946884511,1,0,0.4920471157048627,14.482749232977984,0
1.8359089847357752,1.5213588772759041,1,1,-0.046620435240163974,3.1442762590922517,0
-0.8246748448322544,-0.9742267699626566,1,0,1.499121298800132,37.37900705986132,0
-1.0320935725973892,-1.4555279718245842,0,0,-1.0002377352879748,80.28703535182606,0
0.26155866652588716,0.48535019011949554,1,0,0.4569812132336837,3.4808982824317867,1
-1.0173143356332193,-1.3236193469851285,1,1,-0.00476476027385066,34.61562107678891,1
0.21812057580773972,-0.4310981388356229,0,1,-0.6558211310670015,15.358116357332243,1
-0.13811524970487804,-0.6641253646690046,0,0,1.0599159830257416,5.601608584817732,1
-1.691479937363991,-1.1772075401764617,1,0,0.1654471626989463,38.47587866776687,1
1.9499625600165413,2.7763287489655903,0,1,-0.11018121364289653,6.127736082279678,1
-0.5024923800520317,0.26564947257944854,0,0,-0.28981351458789656,51.40229424950909,1
0.43327985001485336,0.07309392329057304,1,0,0.8967991764804031,11.083034498566597,1
-1.3603979831391875,-0.25922486393851885,0,0,0.30631769522004004,55.937742235154836,0
-0.7051127278924443,-1.0945146767501956,1,0,2.4055464918920513,5.025821883997142,1
1.067535310749642,-2.000373244284204,0,0,0.9206044363751161,8.549765303414576,1
0.44460647957350014,-0.05983507026888232,1,1,-0.5035515854652028,11.132595098678587,1
-0.9831191288837127,-0.8149454710615458,1,0,-0.43078437563775224,63.35504559646543,0
0.45443909403744,1.002255218960625,1,1,1.4991035664803982,43.394279375505185,1
-0.18110892702432188,1.189372675262729,0,0,0.9102761731998353,26.156251906882297,0
2.070052984492951,0.18398171044381695,1,1,-2.857391280335589,46.18538713025737,1
-2.2912677631239684,-2.4446702139733922,1,1,0.35478632624760276,5.345713918073072,0
0.03534443603518098,8.02420041067297e-4,0,0,2.4532075790926866,12.666888148168926,0
-1.4995100502911605,-1.6800380492593852,0,1,0.1541905562648474,2.3085466062599203,0
0.5427727913200198,-0.47240230607188327,0,0,-0.3924026712468995,37.94321014626553,1
-0.9545839236741661,0.611200841041913,1,1,-0.024244876716623575,0.9390030854721848,0
0.03621487289720521,-1.0790085939981504,1,0,-1.417576878117696,8.715823175353117,0
0.8628261927764391,-0.8490086736019541,1,1,0.23802673814918962,26.937141430729554,0
0.164580403548936,-1.6352841512232408,1,0,-0.18338318341467336,4.444814651846304,1
-0.15053224997687367,-0.16700369983446609,1,0,1.4688352817578811,20.600817917284107,0
0.17647292861610647,1.1625291826981587,0,0,0.11612245353053456,7.414079065615735,1
1.560382378043675,0.9289120192045783,1,1,-1.6944380091510587,12.734242102849368,0
-1.627206803084333,-0.19349034058902337,1,1,-0.23723419367607704,8.309427965767982,1
1.3854685474777815,-0.026273128275321467,1,1,-0.20940661925968793,9.8243696863471,1
1.518376021104496,1.1327307380284237,0,0,-0.2326700885635073,0.6356770547257952,1
0.7661519573384614,0.46041606446610533,0,1,-1.5671895243790275,19.64302102302733,1
0.04557519659273655,-0.5141702268898397,1,0,0.1074996136555939,0.9862189722325098,0
1.3119444731687886,-0.15355966259007992,0,1,1.8633182802410717,9.995328919031534,1
0.5616556919490546,-0.6115770630012856,0,0,-0.24254806851028074,24.831919051989953,0
0.9230281616968715,0.5485070906309781,0,1,-0.11799939688423725,23.93028876196808,1
0.9252177325279374,0.5356239939730918,1,1,0.022913969381724977,3.548300513108208,1
-0.4575304445233798,2.209735686172517,0,0,-0.4046604219934678,35.62102716823452,0
-0.46786885084246116,0.06395840441978726,0,1,-0.13287769786094727,5.427835214659495,1
-0.21310099671934787,-1.3442756119693084,0,0,-0.30509166712279484,63.07743520036685,1
-0.8227857621355326,0.3606861557380219,1,1,0.41940531982699925,1.141272536298604,1
2.371914367917859,2.390997132071474,0,0,0.24019115311770495,27.579822567744294,1
-0.5253154687712244,-0.527523339370364,0,1,-0.06787571702748814,9.593217785991362,1
0.43961847856010533,0.3597928356539668,0,0,-2.795050324950307,52.85472498568179,1
-1.2491435893803555,-1.025601880151441,1,1,1.0034027787346713,1.5878853248728184,0
0.21207224075834685,0.8955673265468255,0,0,1.3879436735313866,3.887451179478478,1
-0.4307141197989813,-0.8328879176405212,0,1,0.15576821623336987,46.977121983860094,1
0.9140867836058864,0.7370331098210414,0,1,0.4684293318165155,5.634292858464557,1
-0.05032413422510657,-1.0106825765445555,0,1,-1.3493848529550283,42.26316082127696,1
-0.8865269261263118,1.4924070977804962,1,1,1.1661736131136233,8.957956549560711,1
0.1217854325146404,-0.27042971676378436,1,1,0.7891856584613264,1.8774144978288645,1
-2.0226016165277994,-0.9795000091919259,1,0,-0.6305448800856394,34.0894009454769,1
0.27710470696079376,1.0132928628587872,1,1,1.074413344957631,3.8178841833387542,0
1.5742702702688036,2.074423357008456,1,0,-2.6847323960557734,3.1476136642448727,1
-0.8223487828045356,-0.3191326911599159,0,0,0.7500644726227411,0.8092672925144826,1
1.68470314994301,1.58064374140592,0,0,1.2595473081829323,9.215346597676414,0
-0.17421285843975254,-0.6223910638200831,1,1,2.7427432814989516,26.377529177605535,1
-1.7592931566869974,-2.0975819923032,1,0,-0.07815437621213095,33.819601156594196,0
1.4903948863105947,0.4620471835976526,1,0,0.3235534053227802,7.474735690479535,0
-0.20939380410320538,1.1901227433941144,0,0,0.9079182402577746,60.221059141000474,1
1.087766578936765,0.4708579508179733,0,1,-0.3712911237124946,21.20422993543759,1
1.027418084957945,0.5312942067870486,0,0,-0.35968288948380994,5.217486932834035,1
-0.38834722816168565,-0.8176214559523314,0,1,0.29497630566800503,1.0918308129501257,1
-0.06358625125698834,-0.9322417737321094,0,1,1.5431805270514087,3.6665964738661767,1
-0.4565503492532229,-1.4396989975500425,0,1,0.507333364626414,1.9641919210712087,0
0.20729368455260536,-0.0023608083782190453,1,0,0.765509649126914,0.6096155611152627,1
-1.0038209842360368,-0.5358513550056705,0,0,-1.9578416718753038,51.23416022722431,1
-0.24972515109802587,-0.7228010707080991,0,1,-1.255234045991665,6.344307249413187,0
-1.0429554981740736,-0.4736486635198206,1,0,0.9925727260749554,3.01067783732537,1
-1.183202412899768,-1.307776141138286,0,0,-0.16452048377306241,24.840475927787736,0
-0.3866431776476836,-0.6041612303682306,0,1,-0.014256535144386821,9.177296608516087,0
0.9898662796641292,0.6324422674826082,1,0,-0.8981406957232457,18.721245810358294,0
1.5089847533136025,1.348468912522543,1,0,0.061253810155905246,33.413717315870414,1
-0.8642470334738689,-0.2560326485363915,0,0,-1.5713755326139176,2.1453426857833295,1
0.33668782702830485,-0.48380362653167874,1,1,0.4830139874933451,4.542383330647678,1
0.018256039333234688,0.5754664386422796,0,1,0.25739203674049965,47.87101796242071,0
0.44482909298524004,0.7728532646026698,1,0,2.4850450939656965,5.026388885544599,0
-0.983688863108886,-0.024408140964626623,1,1,0.9519156049953373,8.395891509875739,1
0.405408190626306,1.860015171671526,0,1,1.0292585706510833,10.690352485435074,0
-0.46615738604100043,-0.8989317522859163,1,1,0.571904168344856,2.3381891624712816,1
-0.5074052314321535,0.3291511396199225,1,0,0.8071997622835079,0.989707665754799,0
-0.7424513625787436,0.309725014390233,1,1,-0.6704235807231316,7.247783343523619,1
-0.0974563615939975,1.0177362915852703,1,0,-0.2786801941905643,34.413480866899896,1
1.3649227273066527,0.2033325720458582,0,0,0.8226701315603431,1.0915576167811858,0
2.2970667295606413,1.8552326204349794,1,1,-0.5306003948620914,11.185265037961337,1
-0.5057988136636276,-0.7143793458923765,1,0,0.14749695850789624,18.88686496045638,0
-0.902665679238203,-0.7685722480340401,1,1,0.28239646684960734,22.846326205859455,1
-0.0013326601365272798,0.19212699895156735,1,1,1.3760362929591767,2.8570514579886948,1
0.42813931012990075,0.41846111608992675,1,0,-0.07222627467320875,18.956067954073355,1
0.3017420011081587,0.6401541485576729,1,0,1.0604872493242754,20.00121845240703,1
-1.421882676871393,-1.2740728889036896,1,0,-1.1160956559811812,14.080977479534534,1
-0.7212339338213382,-0.09764661502648136,0,1,0.4634282706690943,6.284027142730763,0
0.2834156276549913,-0.2798172530687564,0,0,-0.2940262819538541,4.476678744087948,1
-1.6980999439512858,-0.09840651590136962,0,0,0.2436781696481066,6.240422258659536,1
1.0115321527059278,1.3906908051605409,1,1,-0.3494399641077881,13.59223704128609,1
0.15151634793106822,0.26353629136417034,1,0,1.1983998968101908,32.75351448214986,1
0.4836209049257022,-0.41151534217275326,1,0,-0.2099793144176633,5.050872201562514,0
-0.03766555404357762,0.5559440325977584,1,0,-1.2269751650192875,0.07442214941157253,0
1.6317565752578211,0.8738429572841833,0,0,1.7590247329761424,19.273476822784424,1
0.3420485402554353,-0.40629657175179773,1,1,1.206377326135192,27.145195195343653,1
0.028725766306366574,-0.9759859973972189,1,1,-0.7233923345088052,13.103945152627736,1
-0.987859320974345,0.25347381440929057,1,1,1.1659396529860016,9.926700294928406,1
1.0146779600536358,0.7210638984146787,0,1,-0.8027649222505561,42.9630568105886,0
-0.11158850075908226,-0.9313704624762601,0,0,0.7320030662742055,61.0879948479318,1
0.02760818243765592,-0.06548080233376148,0,0,-0.407427352976916,14.552448735037704,1
-0.23398242027086147,0.8346658384709369,0,0,-1.6404494502675855,47.05090401904679,1
0.9532214072816352,-0.7748166172368556,1,1,-1.2129231460177867,55.21257546678701,0
-0.9011235495694132,-1.5895736021229792,1,0,0.4670033389876109,4.130431432882728,0
0.28649057383998217,0.19299280749999986,0,0,1.1845303559410476,38.413211496165744,0
0.3472543874785347,0.6213009599888475,1,0,1.7324556062393592,21.056726251400665,0
-0.3715941977705685,0.005046769327867018,0,1,0.6999583315033139,1.0455233469016443,1
3.5123222424273535,1.333757817956112,0,0,-0.37511295510333753,6.837301591827344,1
0.549795752357011,0.9073400512594004,1,0,-0.8136963773634216,23.547364031417626,1
1.239960310038599,1.3894427074947144,0,0,2.3019357633846904,1.247753359240254,0
0.6246226163512615,-0.2803948739221092,0,1,1.3578454476939492,1.4367986554318044,0
-0.17157076361920334,-1.2588899697792622,0,0,0.1342585729043561,19.150986968572727,1
-0.5472316899799731,-0.24581024782774455,1,1,-0.6509331099022145,3.170949054661781,0
-0.3022014643591816,0.28227641708753354,0,0,0.33941869276379294,5.01771470204873,1
0.956937517501594,-0.42464829784330216,1,1,0.7623694788201669,8.017885343605094,1
-0.41766671711157644,-1.7602317495054962,0,0,-0.38412044277180657,8.322287893324395,1
-2.655799630504461,-1.850980186361451,0,0,0.4971975339878605,24.805953957337568,0
-0.08147626310467726,0.6367197918917205,1,1,-0.8047071698385865,2.364406284627554,0
0.07874919732532469,0.4891425963885683,0,1,-2.0940206482086263,3.5071723321040436,1
0.0778104397999276,0.35686689966178053,0,1,0.2869785078163186,59.07187590808266,1
2.669109293130004,2.5098533240916847,1,1,0.6459318451047887,24.412511687980118,1
1.529304387812017,0.8833551682114608,1,1,-0.5495915939025493,1.994411243625448,1
1.5680938129546447,0.6801365090641475,0,0,-0.9473243257364737,4.315529513608538,1
-0.322298112362779,-1.3693153576509562,1,1,-2.564215150419424,45.5160349419325,0
-0.9645055713992947,-0.30413206539627335,1,0,2.344249487522331,37.98143091883774,1
0.7204091967037299,0.8841960341149431,1,0,0.21305605055149168,21.468948111718877,0
-0.31811834101420866,0.2832850204973142,1,0,0.3724919100800039,66.06606361996998,1
0.4192097809166975,0.3988682547201642,1,1,0.3221201448003034,3.7924531689885894,0
2.0070454339479644,0.32158125185942343,0,0,-0.07956899927344113,6.5736658914309904,0
0.25456394016449063,-1.2493011600618715,0,0,0.17038957535022933,67.94515904352674,1
-0.02486669065213433,0.18988752929644717,1,0,-0.28530456576842983,7.118585648971293,1
-1.0247225531930646,-0.22728001501505884,1,1,0.9332777709659964,2.089851271835764,1
-0.11370392712769888,0.2885287227634884,1,1,0.4118200724874335,22.03207821673991,0
-0.7086291508207017,-0.5925283045547246,1,0,1.1379460074869634,13.58594952271451,0
0.3256630187649526,0.2554457869369479,1,1,0.6499317113138835,7.839886564266291,0
0.7455174351261299,0.7885862199930922,0,0,-1.9505732366580615,41.068778754988784,1
1.458438701088291,0.7474158123357464,0,0,-0.3751111989470528,21.142515481145693,1
-0.5247627424485409,0.2079841430976242,0,1,-0.5139229961684608,10.139446648149482,0
-0.9656970021984393,-0.7678681476943161,0,0,1.2953996844294289,29.16798041279499,0
1.5547622016150233,1.8102129141026335,1,0,0.9502102566715559,15.323941235317218,0
0.11595734821171326,-1.102900326716068,0,0,0.8761826758295398,17.798167062638882,1
-1.127229138545258,2.5184868560956808e-5,0,0,-0.12782127723244416,66.4172115598588,0
-0.7233932457980077,-0.9879493520195776,1,1,-1.046256711149342,3.424612232659715,1
-0.3968349666231144,0.8985623969535089,0,0,0.42292367633818667,17.167084161735534,1
0.2865987293760156,-0.8301423047105161,0,1,0.3368215623935023,11.12832893675586,1
0.16055574841696058,0.6672174609167248,0,0,1.0800443070962693,3.5742053880213533,1
-0.9961722916299264,-1.2110181220385912,1,0,-0.2806670206398133,44.092822411846115,1
0.9948835647920798,1.9292890448426336,1,1,-0.28049060865322356,6.989312835383555,0
1.0065953870130053,0.45999605014875306,0,1,-0.16796537193097633,3.6721682313089206,1
0.015073824195108247,-0.6418937193339564,0,0,2.4654423043676834,48.921416264764645,1
0.46120648077964643,-1.5146423679275292,1,1,-0.13289787327268127,11.021812490748323,0
0.6035824733283285,0.3921208051765156,1,1,0.8207185399488907,1.4222047889829497,0
-0.6828552148796586,0.31846786413284117,0,0,1.0628199572531605,17.18476215524592,0
0.7378171576970961,0.8490075875984473,0,0,0.7456828521380866,14.260282773399515,1
0.3445414458113829,-1.0738512207539743,0,0,0.9261532598984115,26.797886515049527,0
0.6175435340917708,1.7310405684892205,1,1,0.1265687714375773,7.735263414231573,1
1.2417676648209255,1.0886698653830018,1,0,0.01925942925218405,20.749960267290273,1
1.8353369104686308,0.5394054055011319,1,1,-0.3382994590638653,54.938338061365705,1
-0.06726108127482144,0.5842086769701571,0,0,0.12627870193175963,14.109067494069883,0
-2.2211327380005814,-1.9112747224357776,0,0,-0.53870496903665,29.972373945065687,0
0.1809880519561099,0.6490011146958035,0,0,0.6831745473785034,13.938826776873283,0
-0.2930419669053232,-0.8215595702610227,0,0,1.719862233230807,48.71899788068136,1
1.787403590523562,1.25436772880474,1,1,-1.3382578031156798,32.45950128381798,1
-0.14182474530716108,0.23031610546320053,0,0,0.1324457927220968,24.422205786810647,0
1.049617654156747,-0.7851007802302039,1,1,0.4727764919511352,12.254496081882973,0
-0.861996436362881,1.2099806097417474,1,0,-0.8125283935841784,22.055213102263085,1
0.9776058369110776,-0.3090666452514318,1,0,0.6362977638706354,15.869936026885316,1
0.5242998489075593,-0.040472901185983734,1,0,1.1570922155288317,3.1732315636045745,0
-0.6926565315490822,0.37583953051548435,0,1,1.5400597264227633,42.00580452346745,1
0.08562957433489267,-0.4472605092821465,1,1,-0.20449570325723399,10.438168196717784,0
-0.780580002229141,-0.9670243681564126,1,0,0.7129123632184734,0.20692798119738706,1
1.3994157938877756,0.2870212969029071,0,1,0.020485420956113564,21.377114767102505,1
-0.7583664709703426,-0.11888054474921811,1,1,1.4878957313062249,1.2937304467330453,1
0.010444356349461215,-0.14408557330477648,0,0,0.08253512376898445,2.1817281183662405,0
0.13644577321730833,-0.5238064849401612,1,0,-0.35654451781765445,14.687863022902503,1
1.210198534413363,-0.17098034465001355,1,0,-0.45936934493256776,0.40647356871121554,0
-0.7186506046487148,0.3430005056496343,1,0,-0.1966719090768555,23.377507550087316,1
0.2622482907640227,-0.719369750136048,1,1,1.069401514837569,1.4786317112635146,1
-0.5762744610851985,-0.9576349084486142,1,1,0.5810882976829496,4.366114288885242,1
-1.1993318202716376,0.4372802825497113,1,1,1.2627069793725363,13.247484613093418,1
0.7296374802962615,0.9876056546215709,0,1,-1.8095992972424217,38.40139230709329,1
0.876718410145821,0.7786815298191814,1,1,0.45035772659032264,42.815110559373295,1
-0.10109066796452058,0.2452536521126651,1,0,1.9141060605596452,7.1497803045251125,1
-0.42525852631293776,0.6988998807406193,0,1,0.40059901261574726,6.061653473799726,1
-0.43585024810088846,-1.5275813155968634,0,1,-0.6823414782648868,27.579897009706674,0
1.230232796259365,0.29879084818054596,1,0,-0.7138445129872713,0.6192547048372206,1
-0.3279592605126733,-0.18716003207616302,1,1,0.7753715369379475,39.311704683963214,1
-1.1340087427734704,-1.7507459295508176,1,1,-1.4373549656958433,26.94541196962208,1
0.09229660862141258,-0.7452670775992013,0,0,0.1637859989504275,12.795531404688537,0
0.16269504504770982,1.0801845261158314,1,0,-0.31822717992796284,7.720277228228885,1
-0.2793463388563481,0.06904155812533846,0,1,1.0514398874907287,2.0640523710232483,0
-1.4207065892100756,-1.4634920180822761,0,0,-0.890404394543503,48.165781116839305,0
-0.3167302438199954,-0.45513850788805577,1,1,-0.9979401032589121,16.217801989858454,1
1.2325367124921487,0.029238122900700714,1,1,0.7266141266450383,15.651594727309753,1
0.715798584374932,-0.5191951604622211,0,1,0.9184801175789633,8.723833981020153,1
0.75555231702458,1.1335781463365422,1,1,-0.6145483929390361,19.681779574713865,0
-0.2125303113330493,0.16622385882252316,1,1,0.9829701796692485,3.623305280453033,0
1.2070227127790831,-0.843569184386181,1,1,-0.10926382209245017,2.2883199757178634,1
2.567552787419734,0.9423477046946394,1,1,-0.40126195005629767,7.062316878116272,0
-0.2858350092178627,-1.0453447407420715,1,0,0.3347499284891992,0.259920654859393,0
-1.2632173735793346,-0.12956951859665167,0,0,0.3331253475618795,45.08612620594423,1
0.5778599036209411,0.807623071730966,1,1,0.7765000185952347,2.541348106776367,0
-0.2716853658669262,0.033743473455834366,0,1,-0.9680547704843087,18.534677734727794,0
2.0493404726388196,1.9634673843918744,0,0,-1.1907611936102138,1.9998322479481951,1
0.052852120513039495,-0.03771112008571789,0,1,0.04194145539804582,1.4457064807407052,1
0.762683574370119,0.3497355346135252,1,1,0.3781819196851027,7.926904925763045,0
-1.335478818522893,0.012350172112936098,0,0,0.8338052751422347,0.8434298670714911,0
1.3040566055980043,1.1926284893524284,0,0,0.8426988939012636,4.234112161727249,0
-2.2830267753431754,-1.765325222439884,0,1,-1.9322621090752177,35.35123705530906,1
-0.5132887816591383,-0.035465121674148614,1,1,0.9323658332625792,21.03186204804604,0
2.999269773982319,1.5273166871111727,1,1,0.8467363880679442,2.301643500714884,0
0.5508731768048283,0.34065048326036185,0,0,-0.8465859257985658,13.056424382689572,1
-0.6517969265245636,-0.009231104393952083,0,0,-0.0796198882019059,3.123393813709827,0
0.9592021488798781,-0.03870622537010149,0,1,1.546920451468134,16.621276962486974,1
0.4774112204871802,0.4014891046963218,0,1,-1.1862396455628035,6.217972203608942,0
-0.7420570914005867,-1.6875284957075107,0,1,0.6400249662195652,10.75846128044636,1
0.027521317935472203,-0.08280587624321684,0,1,0.39630620095696606,26.716628869913038,1
0.5685007891486389,0.23019006686652876,1,0,-0.9261179783632348,39.545597931040476,0
-1.9293984830760216,-0.2169586607329631,1,0,0.49583663556742835,28.125599655968497,1
0.020514659661283033,0.5973035464217548,1,0,0.33859408817772785,1.9054374669325436,0
-1.9171100701250585,-1.4851843324075533,1,1,1.6880218600455754,2.9722561537717143,1
0.07240521429807915,0.28706287391697916,0,0,-2.5661714820692465,31.222522487981543,1
0.02005322620055439,-1.20497819767213,0,1,-0.802419456034717,4.089641074904999,1
-0.1706298603781,0.034031786355758445,1,1,-0.10243790200120982,6.8039991704612035,0
-4.615314660569204e-4,0.9717992862864077,1,0,-0.18313374136306612,2.0712041297278705,1
0.2784794527612896,0.6474200336866871,1,1,-1.7378253147871163,19.247234683746097,1
0.23153944611533148,-0.8879351463663936,0,1,1.1172199961801696,41.61565454280464,1
-2.177315422443334,-0.9718860780384494,0,1,0.022245508772495783,6.587826005259955,0
1.1398594321529179,-0.23579038198722424,1,0,0.9416194013730289,10.631614802504819,1
0.2997148572447172,0.33996406000094104,0,0,0.7132140125387914,7.141401284719692,1
0.433791788784654,0.3930002739958785,0,0,-1.0125364753150816,24.211022043724302,0
-0.7184531654866333,-1.6373576423672591,0,0,0.042151172800759834,9.97426046350053,0
-0.9325614497933244,-0.7233504256994672,0,0,-0.34269763825685956,5.037473337357833,0
1.241961728104755,0.8463478661475232,0,1,1.8083889015236436,12.156827899484771,1
0.7595034296847082,0.777398372042938,0,0,-1.560710063065195,1.468345225962738,1
0.30868892540802334,-0.09636534868546662,1,0,-0.7181533937540192,10.424327096379699,1
-1.383405361900987,0.06216468171749889,1,1,-0.357870466993974,0.6733238254933198,1
-0.6379848351675228,-0.5758123083869755,1,0,-0.5403589588841073,38.01814967154642,1
1.9935788568496047,1.3464588733388787,1,0,-0.7734417529380738,25.751500367647992,0
-1.1244489983459942,0.07388034671901089,1,1,-0.2985328959678252,1.6520319242990484,1
1.6859092977728762,-0.2112193491824046,1,0,0.5864474883457602,12.426015994424604,1
0.012528891244668355,0.27305137591460116,0,0,-1.604827633448952,5.661004419268138,0
-0.5519302596443935,-0.4294935464489747,0,1,1.177237107354427,61.31861072116396,1
1.502819176203594,0.3133970482269413,0,1,-0.6884993973853742,9.424655226717878,0
-1.0247196969955998,-0.17336044132321654,0,1,0.3324992829671332,16.23392963552774,0
-0.3790243579653194,-0.7803711123474514,0,1,0.4967416411209849,1.6717761065416956,0
0.775122868874016,0.3655116469677334,1,0,0.31930823368066036,13.54761377909164,1
0.6440424237451139,0.035448089350322454,1,1,-0.3218981449454677,10.190096777086207,0
-0.1918200423825967,0.293772402977696,1,0,1.0022852877636255,4.812700355790134,1
-0.15208429347937372,-0.16645840341297935,0,0,-0.3842427391125101,25.42839243188845,0
2.6079923254799176,2.2744257739550067,0,1,-0.2670212735741158,5.236352673341648,0
0.15863839236323557,1.8973310783881607,1,1,-1.0667664711689164,35.093704365033865,0
0.20751607350591067,1.2508479196637272,0,1,-1.8611757809648242,23.315344410250514,1
0.8391620220854692,1.3034838320291366,1,0,0.987633539722758,26.99051922432871,0
1.3797844586517913,0.24155549705555557,0,1,0.2946164920930361,6.041843133168296,1
-0.21964549502160463,0.6111882381477575,1,0,0.26083710217555756,18.494807489255198,1
-0.3924601483068418,0.614857822845946,1,1,0.9001271052303655,9.012358895375353,1
-0.40992510969759277,-1.0185949350551582,1,1,-2.1226454106847745,3.4083379903411215,0
-1.8862030951681108,-1.192699378153337,0,0,1.5121612921527952,61.18729035179655,1
1.1924804636060207,0.3527137951126271,0,0,-0.5155176989765873,13.517033566647525,1
0.08530954022149881,1.7944651388211765,0,0,0.7793930687315734,8.794414925314157,1
0.6227496240631492,0.12350902364307342,1,1,-0.1505550526904225,6.126041835726357,0
0.2683973124734846,0.6149990497953131,0,0,-0.8626908257934894,17.911431179581015,0
0.08486591256784237,-0.8178838775129035,0,0,0.4638646131105193,4.500180090757231,1
-0.22390010774706653,1.0002665932146277,0,0,-0.44711862551432013,50.940415066035996,1
0.1053282328276515,0.5239938621401921,0,1,0.7117345587483709,37.22727981578884,0
0.693346121528154,1.0506074054931274,0,0,1.3909729891003642,0.41216776538769345,1
1.2067401026992226,0.6402967473418242,1,1,-0.20389031401954857,31.093404430978076,1
-1.2214152921879662,-1.3479197449763909,0,0,-0.9649401033842306,25.632222904690334,0
2.9946799741447028,0.3483058275895281,1,1,0.44715396744392777,1.3208792898057171,0
0.262754636070319,0.7004222014091425,1,0,-1.476213257488054,17.954274128348658,1
0.18178900075673665,0.18208185811613548,1,0,-2.9232214449104705,9.304331210282855,1
2.7749676051367502,1.9838415053219398,1,0,1.7142877905955431,4.608681491974867,0
0.025444210352167578,-1.0586967561619072,0,0,-1.0025990336078157,6.617539548417528,1
0.7706820290555805,0.2837156023676737,0,1,0.08522106863079346,0.3355280701397208,0
-1.4956937487462298,-2.169241909303971,0,1,1.8030881972613022,88.4933447031787,1
-0.8063975435679236,0.3086457485002817,0,0,1.6064432633046608,12.26869844902114,1
1.054610388326689,0.40235540722802376,1,0,-0.8222157924852046,3.1427762226797924,1
0.10724065514117832,0.5749868375210031,1,1,-0.20879132567460845,57.163386515446874,1
1.740087820185379,1.714786528471253,0,0,1.1871448452579416,7.948531243723221,0
-1.236544402596893,-0.5180774814868436,1,0,-0.1314358261910113,82.16699099487288,1
0.4829414654817422,1.9692929893943116,0,0,0.10672447341205088,16.97822554355073,1
0.6465358067418765,-0.10004454167166821,0,0,0.3492112200895767,7.7153746836594594,0
-0.004458346934289487,-0.9503350668851599,1,1,2.079329611381357,1.840335884167774,0
0.4386511712825862,-0.18805102595055198,0,1,-0.5402177327728156,3.4509758834300293,0
-0.07379158616567169,0.695865518278429,0,0,0.5847723219214553,36.327602172714364,1
0.1309017600910255,2.2458785223773083,0,0,-0.8297654776003679,1.2019312308045393,1
1.6012990046798734,1.4185809091956911,1,1,-0.240982885911478,2.078929921126083,1
-0.4584524939550344,0.36832726312279845,1,1,0.5226721831994028,10.740846668033942,0
0.5383718754104899,0.39458706393033793,1,1,0.2873984029093593,14.536588809747116,1
-0.1306290652521514,-0.3808202105443156,0,0,-0.737320165080787,14.750333265977002,1
-0.4989205843438738,-0.4111024029700884,0,1,1.8870208087567575,39.28135188919808,0
0.3260068016526887,0.6550874892779716,1,1,1.0078084304086088,5.386080968043096,1
-0.8727490259762387,-0.45253452851436526,0,0,-0.3270304979173208,23.510836582079303,1
-1.6036045242116608,-1.1426373880248095,1,1,-0.18288133356782352,0.8188355705330038,1
-1.6217442272229563,-0.9807540042462518,0,1,-1.5652293270843216,27.454040714554253,1
0.7992957384734714,0.2704176729331925,0,1,-1.3353708841557796,12.60184285199394,1
-1.5678357824924192,-1.318298120672074,1,1,0.3451931326978369,0.018754435903296507,1
0.4230666246543188,-0.3328490092880818,1,1,0.3245123733149928,23.642900643657857,1
-0.5262768526393138,0.2521249389719956,1,0,-0.9957439817905792,78.50934113118056,0
-0.9814539282842724,-0.2581684103248795,1,0,-0.5092161826097497,12.75223186794458,1
-1.305986228594262,-1.3231010396097433,0,0,1.3334973659775764,83.57341430350405,1
-0.25529696649344236,-1.025363767947093,0,0,-0.45309838113644535,51.368858692260254,1
1.2484764593833881,0.09490548757829909,0,1,-0.5547985169952625,3.53781688672855,0
0.08285923717209805,-0.3143986048101251,0,0,-0.5993475459456834,7.383239300087036,1
0.6564099027300856,0.04303080171427265,1,1,0.7160514458708898,0.3789549930319545,1
0.11858143628473888,-0.8038306703370668,0,0,1.143714796809835,8.588216079513918,1
-0.41981795089176444,-0.13179370475138827,1,1,-1.3383765874581837,6.757268914077188,1
0.9855823782855879,-0.0332331007584129,0,0,1.739274688226542,1.7203702132901597,1
-0.4239269560309688,-1.7496505893776753,0,0,1.1070884187517367,4.01883245510194,0
0.19729833994535032,-0.27856322887478385,1,1,-0.4668028758314467,12.091857016879556,1
-1.3320211995968207,-1.014668494275167,0,0,0.13714339585426322,12.290697708509933,0
-0.9986270300001051,-0.21255269422007766,0,0,1.3015095017591565,17.005651225133185,0
-2.0683787610890416,-1.306793500947112,1,0,-0.8793772697974822,71.4653455274391,0
-0.7699778792547133,-0.41118023364890766,1,1,-0.3029639915942654,1.9141935512145176,0
0.6287666323945628,0.39395196391765064,1,1,0.5234360161528182,7.046776987811036,1
-0.6458493153004308,-0.9637517246944902,0,1,-0.33423098134163304,25.921968300593164,0
-1.3736153412580072,-1.2657465905280838,1,1,-0.3655695107619436,28.316555313862736,1
-0.9636223661594846,-0.159760453894343,0,0,0.13332337780880385,43.670155622785295,1
0.6088024605408883,0.5358851337857308,0,0,-0.45602575414170815,39.62689108786717,0
-1.988558313650167,-2.2660820419734793,1,0,-0.7112368111563384,52.97066735123703,1
-0.06316310237660841,0.5315737680189505,1,0,0.5758149208383491,21.68664254619908,1
-1.0084864262926077,-0.3401383092637334,0,0,0.6625027799085154,18.100559265567256,1
0.5521685847472004,0.4057392318416751,0,1,0.011104923073524292,4.786974974949364,1
1.2048651897746254,0.5125631327356721,0,0,0.10025883153225446,5.952232089494313,1
0.5029822550261001,-0.0206679865466044,0,0,-0.8288382021786856,3.435563577443291,0
-0.43095016408925185,-0.2574891131892229,1,0,-1.7494511325663418,5.364936124069204,0
1.3015450686502228,0.6580993376880415,1,0,-1.2191580977518044,31.82030370562188,1
2.369610409134757,1.8420170125147444,0,0,-0.9987750979797922,0.9116258264244987,1
-0.8342145587300862,-0.1959170402372459,1,1,-0.9584515295360907,0.576898199957701,1
-1.0399716988514294,-0.5131536517595751,0,0,0.18050034590416358,29.941192857232124,1
-0.33972943964815266,-0.17280835397556668,0,1,0.4025976810375896,49.77160706201808,0
0.4464279137187027,-0.8893385564140079,1,0,0.04393191434191129,8.761997532095771,0
0.9102930694357052,0.12867642668383095,0,0,1.1605222544825498,3.259551909180926,0
-0.6700129643610075,-0.8186601212563561,0,0,-0.017317219792233274,0.29261444578219686,0
0.17387105187132249,0.08338705251511812,1,1,-1.2078834052749843,11.019715983923176,1
-0.3316916057526147,-1.1067460916609764,1,1,-1.4053164309697705,14.443566483144776,1
0.5432822583911382,-0.8044272544257125,0,1,1.2101802113787978,17.146079734236594,1
0.30246326271031576,-1.554300260241611,1,0,-0.26143780437489184,61.30806751455069,0
-1.4452841055997268,-1.7569187052679514,0,0,-0.16642977958990454,42.03089827781725,1
-0.0935577669535268,-0.17819918420413447,0,1,-0.010914884280315888,11.459369170806065,0
-0.23501145165148035,0.2980751893743333,0,0,-2.600405769922813,19.01815626077313,1
-0.16348145431253788,-0.20010170974899094,1,1,0.40250518298727067,26.51496977032615,1
-1.120315001521983,-1.4561004257948076,1,0,-1.824013292361192,3.2222780381601197,1
0.9640411759152181,2.2284831351701113,1,1,-0.5993048735247627,27.204728801448702,1
-0.15514116774483044,-0.8263279444366137,0,0,-0.30180684613061765,13.424745417283036,1
-0.5585043242389627,0.1671688632968829,0,0,-1.072172133068386,31.788028608698568,1
0.09921605899691613,-0.5980925344035395,1,0,1.2217774923370557,52.71036253322321,0
-1.2236097556915855,-1.1232604476763663,1,0,0.1566253608566221,16.44197483071982,0
-0.30648830745374167,-1.0218120896609855,0,1,-0.09743072738109058,8.779125746385553,1
-0.9071330679151626,-1.0829083242999256,1,1,1.729706105097228,33.26927819312868,1
-0.832200175420931,-0.7544954920642066,0,1,-0.429621641542578,2.4418596458404505,1
0.19927832385099317,0.8510476590270085,0,1,0.2952769289708552,15.634868025960229,1
0.6268152481433404,0.2669926121169405,1,1,2.178914730910031,12.619073002706957,1
-0.2522525256590265,0.19938599816903937,0,0,-1.4064860643720483,4.660601987845093,1
0.8763513135312547,-1.0564479273508978,1,1,-0.9704673403285452,6.663009338913587,1
-1.290868837840071,-0.32869502333367073,0,0,0.7840069545634872,82.40754868125389,1
0.17876140276713456,1.7306223426858944,0,0,-0.2955792930281337,6.7788504854903575,1
1.2570885629247668,0.23501517372652114,1,1,-0.9490926039151378,4.322020670549363,0
-0.6961612802098758,0.10460878316834693,0,1,-1.3474188091421504,26.55477631468418,1
-0.6655071836314529,-0.06592534237962683,1,0,0.30079230128698214,5.927170473350561,1
-0.5513244158641488,-0.7882481229811894,1,0,0.739430152812947,83.52174270965878,1
0.40652199147563045,0.8040483927152404,0,1,0.755686073355136,1.4534347402750951,1
-1.3891328986954417,-1.2149594689229803,1,1,-1.2400471188271833,8.573962624814127,0
0.1465359610636901,-0.6961507751849088,1,0,1.453178679903228,32.874090532618034,1
0.5836175002476581,0.8085467080407931,1,1,-1.2059590827344775,12.298913861274395,1
-0.3296308213208305,-0.5676831597062068,0,0,0.5292335826981707,26.12976478263929,0
0.9396605900879258,0.4444331215660737,1,1,-0.6867817648954342,0.18882567453634283,1
0.22854842757725166,-0.29806830530021766,1,0,-1.0013668189011053,31.429336259235182,1
0.9734058118288558,1.2923412323569416,1,1,0.36155473670418575,0.0670832637226098,1
-0.32559177471471834,-1.22669470901011,0,0,-1.4041980638532288,24.465838265234925,1
0.1828921775519963,0.10828778560174084,0,1,1.6092359941410928,1.2671808581449784,1
0.3186902664238063,-0.08473439220044385,1,0,-0.15393692009672558,1.2687261683776805,1
0.18044208222547173,0.6782814952963114,0,0,-0.8102098502571867,2.4805143563861667,0
-1.461129925890248,-0.8626395141726275,0,0,0.6873579859609947,1.0122935761636498,1
0.8215465826316906,-2.019409768917268,0,0,0.19273520545238657,19.578920347973384,0
0.5846035520675258,-0.8137293372119874,0,0,-1.4987518151106791,2.3405283519914324,0
-1.044715541506725,-0.049429944208062515,1,0,1.3164258231802768,3.1819375594473214,1
1.2750812513390644,0.5811254585335106,1,0,1.536137923329444,4.729577371572958,1
-1.8910555017777801,-0.45696196542304335,0,0,-0.8818565776997696,4.688023384280769,1
-0.3623323882440796,-0.5338025219647735,0,0,1.4253709842569446,16.962081112185967,1
-1.7799353913469071,-1.957398183395397,0,0,-1.700274721868895,37.83389701519364,1
-0.045639166358787606,1.0224658493043142,0,0,0.25256856234866765,20.40184840692165,1
2.1793994572303887,1.5264628079632807,0,1,1.8438596837118388,2.7839870374135454,1
-0.32498633680471806,-0.8462401354053626,1,1,0.4294858103526119,27.65569621665854,0
0.7826818724125473,0.8542782653373396,1,0,-1.0134404572886548,8.252235535025559,0
1.3394530136816245,1.403540653598029,0,0,-0.5237515163039866,10.48723824091967,1
-0.8970658204973382,-0.9218825681353333,0,0,-0.521216957600595,39.34727679905861,0
-0.8734470210932052,1.2474140663145197,0,1,0.025592710312704013,1.697249719879779,1
0.23870974826872768,1.1160697532322805,0,0,0.10208932674263926,0.23531371019456648,1
-0.6197723173660463,-1.2223033794513873,0,0,-0.37422644398075866,69.56346514246083,0
-0.06737332781845702,-0.03671513832663364,1,0,-0.04050501547390827,14.551355388335343,0
-0.019220675640338473,-1.6809553688033432,1,1,0.4354467047802319,3.426705459662411,1
-1.5842512744280843,-1.4399984214449884,1,1,-1.8048109035430822,53.031530852395086,0
-0.09116797338230606,-0.28709141944228106,1,1,1.489785208004639,4.724422145221472,0
-1.5732685564279065,-1.4056862614236971,1,1,0.06315136121049905,5.726397787785047,0
1.9505460797216516,0.31268873024667543,0,0,0.1057105950795764,8.802502183735623,1
0.16536640923791773,-1.233308039536094,0,1,-1.5961044895800265,18.066068899940692,0
-0.25834075361860803,-0.2537220064742923,1,1,0.31923391299729714,26.319601373177445,1
-0.8126405944176177,-0.2452667707946261,1,1,-1.5562605701776648,18.745106970502796,1
1.3750186898375434,1.9910483494531037,0,1,1.534396780814224,3.0850146876514133,1
0.09992699385151024,0.1033674636008187,0,0,-1.0171516643666865,1.2942820166804447,1
0.8101779485071381,0.9245335252871687,1,0,2.107016883817147,1.74109603007477,1
-0.5781787983813119,-0.003406624819504711,0,0,-1.429146672399671,3.5952154782183325,1
0.17542189642032766,-0.6069235305708056,0,0,-0.4149093126135815,0.6371254498054426,1
-2.816559077635426,-0.9700064855344204,1,0,-1.2318105740655523,100,0
-0.40050351393156114,-0.7263323784151265,0,0,0.7498770929865036,6.819677273904632,1
1.4301494199268057,0.8091070174475219,1,0,0.9617543667637513,21.517498912155947,1
-1.4418405183597658,-1.241616981295647,0,0,0.8153018984084257,0.5493839265126736,0
-0.5237177797124335,0.5532659897465514,1,0,0.2517757984739755,9.150266539256403,1
0.5190914237464431,0.6985953938366263,0,0,-0.11926393130040244,48.163578245320174,1
-1.5560052427183946,-1.283657893185863,0,0,1.8241036015152738,22.04916212131823,0
-1.1510332837345478,-0.2425906962393421,1,1,-0.49716797158870113,5.6289926393190175,1
-0.2756621688410961,0.32864302096622744,0,1,-1.740830422648205,0.8592220484118943,1
0.5205333304545743,0.7940573572943688,0,0,0.6182247063991922,7.402472794715933,1
0.5995889647274352,-0.12189590251730359,0,0,-0.3371435464281791,5.23422866255365,1
0.5873896504801702,-0.1305680914736445,0,0,-0.2213792135487748,23.746213983700912,0
2.4328317403147355,2.022384532102131,0,0,2.01188848368604,2.445342152118648,1
0.2722369613149048,1.608673977788721,1,0,-2.001718377899957,2.405650490018527,1
0.8440325905735441,1.0595229891004287,0,1,0.9689355952169879,10.172301456579765,1
1.2414761898011688,-0.35176731615290835,1,0,0.5564683805132971,85.77347310070364,1
-0.48727340529528995,-1.9650086483961333,0,1,-1.5489449241520408,1.0479168530211318,1
2.9443917786928244,2.384762046112976,0,1,0.740685501557461,18.50466643807059,0
-0.05405363920405994,-0.25593613752900407,0,0,0.09966905875965532,22.86331824126141,0
0.037260456565664735,0.866968517308388,0,1,2.041991080221775,7.925931065208518,1
-1.806786500214531,-2.9354996042210573,1,0,0.4736765372855369,69.11675002122975,1
0.6922223918999099,1.5069430834288584,0,0,0.3816531236097411,11.802606593413435,1
0.958204147416079,1.0811379442756097,0,0,0.46346138015374627,3.250043206667854,1
-2.0222864090341433,-2.1024597778366503,0,1,0.4636620170176977,10.166908756659817,1
-0.8359382013873096,-0.08125281305292387,0,1,0.38469267676316465,8.58861161445227,0
1.9031895426450596,1.794048042452299,0,0,1.3808684637695061,12.25573019230228,1
0.6944918267086041,0.16936843626565404,0,0,-1.8142033785745062,2.4936525221189227,1
0.5814673733578388,0.24376075773376318,1,1,0.16605542210185878,16.07282322823745,1
-0.2274979268054409,0.26352943940262746,0,1,-0.7312312026342581,24.702669910092993,0
0.22972776245866364,1.9465654527920577,0,1,-0.24370395891229799,15.118304805012297,1
0.15193116402873777,0.3110210122363816,0,1,1.0798789474922312,18.67519064961396,0
-0.37680026566424485,-0.5387207002554302,0,0,0.28568691692784964,96.06313751191847,1
-0.011183189742442748,-0.9641796790827691,1,1,0.5244375968469187,0.9259393939607816,1
1.724047367287171,0.7464977201869352,1,1,-1.3241447212040935,5.376859979569436,1
1.22172090444135,0.4491197849845977,0,1,-0.8078180176588434,1.8571298325577406,1
-0.990394064787692,-0.2892160164803186,0,1,0.011150821311973256,7.870562940058728,0
-0.15307801922961414,-0.4190211109465448,0,1,-1.953344982050966,32.20156001677664,1
-0.2696130366624994,-0.6209083911886049,1,0,-0.697618438028097,21.215459330193436,1
-1.7104657497977565,-0.045592258913429884,0,1,0.3730040255979933,13.918989680177777,1
0.6842526719345716,0.8852509503995233,0,0,-1.658965293484869,8.643221585471268,1
1.7034977670776874,1.377702643237422,1,0,1.483895539853319,13.816945513179453,1
0.03625053624048826,-0.8361085685896287,1,0,1.303335765657535,13.014871700715297,1
0.8725734988006896,-0.4726215459618284,0,0,-1.0254803592036106,5.590974855412492,0
1.1019021922017391,1.7367390912623524,0,1,-0.27422396258379883,2.549923413198936,0
1.5383302474703315,0.3667868834347448,0,1,0.9777352056402486,11.047089024348443,1
0.5899261696397033,-0.17508890727365534,1,0,-0.03286942636964216,14.090179385426994,1
1.1217297007067384,2.5918055875278503,1,0,0.11528566823257061,0.4890995330804887,1
1.0954444587014778,2.080473004644439,1,1,0.5140211402844487,8.576479041606808,1
1.1448501927030008,-0.9469831034522357,1,0,0.2206154721984893,35.72820173005421,1
0.12249742993388642,-0.5376277849926585,1,1,-1.1218426575876914,6.667664535525876,0
0.8815163469326791,-0.24948708004296466,0,1,-1.0561442084792871,2.5728572751029724,1
1.08834431260801,0.4845762616124269,1,1,-0.7309864539835965,32.866735433293506,0
-0.5948451813783922,-0.3320952841053208,1,0,1.7180976650961592,17.40837095101877,1
1.079393043213679,-0.10983986880542207,0,0,0.3878414604080882,21.285224649091,1
-1.1958720899752286,-0.11301478269825083,0,0,0.1170602757833163,9.268440855086245,0
1.130819085395695,0.9087936514167101,0,0,-0.03554955854663986,23.569898850814408,0
0.4052877446367323,-0.4281079156500449,0,1,-0.6310679121009946,60.38974838453367,1
-1.3252698882965097,-0.04689854498222812,0,1,1.3545916473864166,11.787180259471189,1
-0.20102390321456795,-0.27602979256681603,0,1,-0.6201335783855458,21.92187498033456,0
0.5700386229890227,-0.46253670638587036,1,1,1.3422249664983548,38.02758596264811,1
-0.21803002148174336,-0.2929185560294962,1,0,-0.26521739574282077,11.752246724460363,1
0.5998634276239034,0.8110046290150738,0,0,-0.5441516387651415,6.412225469689422,1
0.2695865056304788,-0.204429716896189,0,0,0.26612942572756026,43.4379077681835,1
-0.6105401664138981,-0.6283351624648366,0,1,-0.035192215132855975,24.696096866532567,0
0.7047595430812817,0.5998684696232807,0,0,-1.0463721767710719,12.831707928762828,1
-0.9481270791012086,-0.8836153192345728,1,0,0.22981970780586902,16.817384787367573,1
-1.5899187401402612,-0.02806845062512464,1,1,0.21013294316626663,9.40599365291695,1
0.6462875754589572,-0.1314758963986643,1,0,-0.4028813363017867,6.921566884403656,1
1.9011614379050166,1.6397233584193764,1,1,0.703935404288942,4.510239300061782,1
-0.6933738043575536,0.48946425744673067,1,0,-2.019077615126629,18.194262339209473,0
-0.3016453391783367,-0.26149487116553394,1,0,-0.6035335199847295,11.108081671492892,1
-0.05980626180527573,0.42691996255587394,0,1,0.8679593037374727,14.74819045050449,0
1.9405211605923445,0.9540141098765962,1,1,-0.47164568442198057,9.499577181589167,1
0.6069354485279399,-0.7126258732300689,0,0,-0.5416170199373966,29.86406409831162,0
-0.06101360479719948,-0.3175675696611791,1,0,-0.990212087063665,0.22260646551394292,0
1.3252998752421392,0.9720833501974702,0,0,0.6588931549503849,6.601592018062542,1
2.4842122363463424,3.167091536420547,1,1,-0.5587232451510206,16.569806586984445,1
0.6412945898224305,1.3386097454718824,0,1,1.2949421510247767,7.148372373998077,1
0.5340993149516017,-0.9160539018949514,0,0,-0.6421198166269955,1.4896799506936957,1
-0.699246763836004,0.46522851062246795,1,1,-2.225819787406188,10.232128494716672,0
-0.21838086161797013,-0.2271535237723834,0,1,0.8030050913191482,15.16312471239571,0
0.7068013631206549,-1.2822672512810267,1,1,-0.42499895058300835,7.9171456671938065,1
1.0388710381731268,-0.5780024698837436,1,1,0.9870421400388261,28.440560230478326,0
-2.650471592270662,-1.9351976177842383,1,0,1.0740328262758585,99.90893962561243,0
0.703241891587829,0.49180027056529707,0,1,2.733228445513142,34.3238585040168,0
0.14317100634368296,0.2828708966677065,1,0,0.28424742995429647,9.038880351224288,1
0.3155305236597451,0.7704384193110052,1,1,0.928352024701805,2.8326388254905606,0
-0.5434303302075882,-0.27362472404978877,1,1,-0.5039220943545526,10.034181804895901,0
2.357670147490999,0.748524601296446,1,0,-0.6690497075304025,10.466971198546997,0
-1.388059732361197,-0.41745716866182725,1,0,0.9601545467028344,56.60912445197377,0
-1.67817557680149,-1.1950407531636258,1,1,0.9808355454566552,3.9544024464635745,0
-4.056762351200057e-4,1.5471975313750213,1,0,0.3129996023350937,37.95848417394814,0
1.6971551437628865,2.807798789450511,1,0,-0.011211878061297564,0.15312943670511264,0
1.0402933896184308,0.7999884879983183,0,0,1.9378589156089465,0.926138612783733,0
0.9737429854037557,1.386306643362578,1,1,-0.9187623353324199,14.477202308549675,0
1.0355204495853358,0.9984799129262689,1,1,-1.0075605583358442,1.703157693180337,1
-1.3148144455959745,-0.9942692486704265,1,1,-0.6209836976618838,23.52850054855184,1
-0.8680421955391076,-1.3248045486109172,0,1,-1.0003379208126384,0.8354854923155252,1
-1.3360735822499317,-1.124845562270166,0,1,0.09504043509079904,5.706381918250095,1
2.3853383529535264,1.986179410975525,0,1,-1.6280443200206967,7.929930418655815,1
0.3035528190136851,-0.5595282745354104,1,1,0.43809114991619286,14.01532743723696,1
0.939398121008805,1.0836622314027027,1,1,-2.3504224913770404,15.822265679129778,1
1.2894088975728086,-0.6863392054585694,1,1,1.8069558798812348,40.741359284284925,1
-1.7776266519343877,-1.8688287052509498,1,1,0.6292235734394166,11.198318641798421,1
-0.965003383412501,0.9055668645708965,0,0,-0.7112226104955974,3.9771959577612326,0
1.0003806832031028,-0.555484443797909,0,0,-1.4274131645615686,3.1085166354941025,1
-2.317653353421277,-1.8712556696161096,1,1,-2.7005876338509127,0.41556461731712596,0
-0.3683010862393192,-2.0754144114305877,0,0,-1.127882773970301,0.9736736008841335,1
0.39920973503412777,0.3113727597978698,1,0,0.31649666944443156,40.153136302816115,1
-0.7589468204118613,-0.5225190131831774,1,1,-0.5877288743831492,12.052932789822377,0
-0.10273471266847099,1.3676153137981437,0,1,-0.7983192209425212,8.250349309243244,0
0.37010636345444897,0.14698230279935492,0,0,0.7198499243025789,69.5540021439078,1
-0.9262090031395634,-0.25293723590169526,1,0,-0.06670817643683596,56.24243605996524,0
0.45158818906389564,0.07850077302035158,0,0,0.20714405545098968,5.940317348318862,1
-0.5669357540656038,-1.6313703831870903,1,0,0.5851157481054481,6.880353243715696,1
-1.1611303331097935,-1.0161349289965325,0,0,-0.9835355549873791,9.212764875528043,1
0.7984374480511064,-0.38750406781326,1,0,1.4445812333262853,16.90978420058109,1
-0.531349040782324,-0.9842079652821838,1,1,2.1491257922073204,10.13093215405501,1
0.8330205761162368,1.3370690615289187,1,1,-0.13892330941879802,1.7057048601616658,1
-0.1917062739546783,0.8361866392414159,0,1,-0.6313061265287989,2.006366825500287,1
-0.7418912926008849,-0.4670237097597508,1,1,1.013050329013163,18.764412904467505,0
-0.0022896951683353765,0.21614155709463004,1,0,-0.6267369781971504,46.15815378366759,1
0.43924665921610767,1.3045526311705444,1,1,-0.28305955632373875,1.4181564860042557,0
-0.4252027845355985,0.019351826117516013,0,1,-1.4188969005318608,2.348900185377235,1
-2.089085993132302,-1.3166171037899528,1,1,0.47328689740751834,6.69170137494799,0
-0.06090397713794504,-1.3182735697220036,1,1,-1.6751891723184207,21.681611857044565,0
0.7427849094272939,0.7780169332317404,0,1,1.6691480007823092,6.740865819541346,1
-0.5381345863864725,-0.3058374346093927,1,0,-0.2637779858781526,9.424452306210862,1
0.6594828517080009,-0.3385806123869536,1,1,-1.2685281076750912,8.143186188977781,1
-0.2885698046908966,-1.0073200405280225,0,1,1.0183075508194699,2.1065950417405084,0
-1.698660276470413,-0.8887609178366723,0,1,-1.289430017575373,27.509497546968017,1
0.24277955682411775,0.005079524515925471,0,0,-2.594395673002255,0.8745398565859172,0
-0.8105545808651068,0.4995523568109294,1,0,0.2918077675419663,4.347158717226981,1
0.7997667241895974,0.6966199165767292,1,1,-2.108089033550598,2.545506716860182,1
1.4056722346029942,2.2480306340476326,1,1,-0.26667206055755555,11.914544104950346,0
-0.8111053687608899,0.13491229303298818,1,0,1.877399229276221,50.53047553500615,0
-1.4429139627943866,-0.6018194246181802,1,0,-0.8338145219702954,4.450598021258483,1
0.9590455114832533,-0.106281778722841,1,1,-0.5920374269475766,0.3103517742269024,0
-0.2712712237853194,-0.01638950021331162,1,0,-1.1063923188697375,72.61621144037134,0
1.3738833108241006,1.0989348356465705,1,1,0.5744150033451221,11.260178288130291,1
0.5195188273735256,0.7443474497383613,0,0,1.0413576950357095,17.780213440759955,1
0.08042556257834081,0.0227740708083327,1,1,0.5418266647322061,23.927713373433733,1
0.23842447203416745,0.20795362141076718,1,0,0.803438421256193,65.92975943008504,0
0.5188298990845668,-0.8276576166200568,1,0,-0.3818914043348377,46.60123755592562,0
1.2784440343572525,-0.10748272620875965,1,1,0.07747177501906273,47.810272087699204,1
-0.15931768795310544,-0.637843942753885,0,0,-0.915801610331874,15.706892264064331,1
-0.9335272986377751,-1.0024913901777233,1,1,-0.2941508037414367,1.6603796696269209,0
-1.2647674723166846,0.2056021830087046,1,0,0.33188049403629394,1.867281918911308,1
0.4255212419814975,-0.31005011238670543,1,1,-1.1699320825513309,15.817781439747943,1
-0.08918934277148872,-0.42185063073092094,1,1,-0.2904044780130048,36.483060380458106,1
0.3329968948831315,-0.013619620225501533,0,1,0.10820046681917611,5.6712026934209145,1
-1.7200087694988837,-1.0351184788990844,0,0,0.05119547118756849,34.097301700395555,1
-0.42629567619413805,-0.7370835150974536,1,0,-1.861156442008966,6.481008620991065,1
-0.6621192687417544,-0.4068142051544692,0,0,-0.05326007269701713,17.11615360860142,1
-0.1100400096774382,-0.7372266981810673,0,1,-0.5235584402176436,6.706897953737932,1
0.6045989387865879,0.26211599657010237,1,1,-0.9527158382772584,0.5257324845132756,0
0.6578039994647779,0.30526444159906824,1,1,1.19946694833501,21.241265020856687,1
-1.2590598605504917,-0.4462403230257944,1,0,-0.4393595785581446,15.34867276776012,1
-1.1498386125166236,-0.564174452481289,1,1,1.4058907143350214,15.40927955888031,1
-0.08967724789584886,0.7310888250220506,1,1,-0.18230129130880526,4.74045492521841,1
1.3817334289769565,-0.06369714000260163,0,0,0.23906066576651164,2.864600835979024,1
0.8931007515062142,1.2219958321478028,0,1,1.6079661241673116,5.525947679172828,0
-1.685554770028745,-1.139005061972522,0,0,-0.9296162348020335,12.06681459035429,0
0.9561404664872646,0.8493730996284774,1,0,0.11668255884111652,5.166590029495766,1
-0.5660744603064508,-0.17475676267616475,0,1,-0.014724858969144413,8.157399129732223,1
1.0782076990823863,0.8389182093903628,0,0,-0.086689556963098,25.575296727871603,1
-0.40223058517673205,0.893955360751791,1,1,0.029275280150617203,21.26770073805588,1
-0.9070181405396803,-0.2898387935523896,0,0,1.5347299600412008,60.41812650050971,0
0.07125115300343826,0.2676697671403483,0,0,-2.32514016759466,45.63766155279666,1
0.6323825539692387,0.2012943011434576,1,1,0.39067605082202994,3.4520229789063435,0
-0.6031980661972228,0.5397666619775106,1,0,0.5166145235022788,37.1534632082351,0
1.409937556501362,0.7064753552873638,1,0,0.8973265761463934,8.727623582880275,0
-0.24611319473766002,0.10272585670329709,0,1,0.12136680940768604,11.037236559017806,1
-1.1369339355700163,-0.4529981980457225,0,1,0.18988489645417195,13.038689386479922,0
-0.2678008383762318,-0.5683439736472117,1,0,-1.037346591893719,4.515089767489998,0
0.7701529289916151,-0.660292574644767,1,0,-2.1784861987286335,0.9076515983987402,1
-0.044374711552547255,-1.5606659313758142,0,1,1.1788465593556468,19.88210341436022,0
0.25716754648826434,0.8434839087304211,1,1,-0.21491664642365774,5.0227159278339,1
0.5287098639643949,0.1475972999853979,0,0,-1.532041271089743,1.6248074702630229,0
0.0730293309111258,0.044158554249496045,0,1,-1.2697614281537408,5.160276669245057,0
-1.025711949148784,-0.19738817802771308,0,1,-1.1579141927923116,2.9144057647906676,1
-0.22512061167466144,-1.6869565814268404,0,1,-0.9708139136939653,3.6291173667544503,0
0.0020042202195574375,-0.3613760844535694,1,0,-0.7987553855333717,1.5028051561043945,0
1.2458652358979068,1.3499273549652515,0,1,0.35658838124569003,21.597995214059285,0
0.16498067561092872,0.2977193682205985,1,1,1.5242406514759863,3.3699900799111977,1
0.5366209573008784,0.8823054946544334,1,0,-1.8569642432640057,31.83361370494924,1
