x1,x2,x3,x4,x5,l,event
-0.21806286774461167,-0.47766521843655557,1,1,1.3877160422781607,0.0035607915682097277,0
1.3528463950228713,1.3679477943003464,1,1,-1.4318098726467205,5.600444995798171,0
0.6884041374278606,2.3484065513072405,1,1,-0.3437092729047347,11.75588644039651,1
-1.94808339060056,-0.9739576862281372,0,1,-0.05588274498599465,1.526220872377356,1
0.16888403255554915,0.42530980595025525,0,0,0.9166243489257582,0.7391848047471844,0
-1.091609316834227,-0.06443975479782282,1,1,-1.0911331277730882,3.504054018133416,1
0.5729232160262671,-0.10453301260201858,1,0,0.1237847614293454,29.096240470919025,1
-0.6607318595604468,0.2624806020493955,0,0,-0.1518845265394623,8.886168369052413,1
-1.1314382616537182,-1.6260074680832557,1,0,1.171660837866185,0.6104935302389649,1
-0.05595720011593702,1.372508367995924,1,1,-0.6274532976848086,1.043965337642779,1
-1.8428077214510183,-0.7960769586567619,1,1,1.939968079757679,6.052988146392109,0
0.9518137739632394,0.675018487207478,1,1,-2.0693371071797895,2.078748134285378,1
-0.32587749872888455,-1.051672267628604,0,1,-0.7159399067864826,2.047485225678732,1
-2.2079197788046425,-0.2614406256954528,1,1,-1.1517690883015843,0.5122504934358101,0
1.058739353215337,1.651776496362935,0,1,0.9015852072516373,0.7592634103881817,0
0.14791421249769407,1.0124216671810382,1,0,0.2786577485149502,0.678701840933596,1
0.08755536848209462,0.0936669502528786,1,1,1.0362422534030966,8.188805581341288,0
1.071679178574783,-0.8203709824950132,0,1,0.9042839599240929,5.779894308662063,0
0.015394462646807371,-1.7412010481412548,0,1,-0.9167357516075298,5.957642833662631,1
-0.8946213721659715,-0.5478322798412463,0,0,-0.2862331896259685,1.8282360707720122,0
0.09161627262581998,0.8542883471575692,0,0,-0.34171835371838943,0.7149086256201069,0
-0.1901143127870734,0.7385628587193315,0,1,-0.7005460250132303,3.770311526022852,1
0.6950364974674242,0.22807164384050027,1,1,-0.9204257995322879,8.97883132530759,0
1.3516586491459417,1.8219014694125626,1,1,0.5584127587522146,13.281373265431762,1
0.14846848622737668,0.29680975869484183,1,0,1.363865100421817,7.330467978452744,0
0.9968786116850992,0.9478727528275459,1,0,1.7617568762273106,26.19739925969681,0
1.2014456404429796,-0.2798408125945573,1,0,-0.948400445316138,3.221076761838049,1
-1.8718013193383098,-0.6181174225505468,1,0,-0.5145032434757243,32.121493588003524,0
0.6656843784426875,-0.6255295019199327,0,0,-0.3656400088476151,4.190990844896684,1
1.296349456288942,0.36565023142575,1,1,0.3684667809745916,1.4417032478377223,1
-1.0958353458020396,0.2681871353303993,1,1,-0.04332119544317967,0.4309976126611248,0
0.8041343752434507,1.1147642405654667,0,1,0.7325717024155373,0.5839088875007148,0
0.12817749316603336,-1.0501490364572645,1,1,-2.823845033546272,2.1609727838618364,1
-1.164505645854363,-1.8376753845823588,0,0,-0.2280624579836035,0.5079060249595562,1
-1.27084843378162,-0.9101461977984617,1,1,-1.7092943617035932,1.6971728492838642,0
1.1296250457018162,0.38461549249089216,1,0,-1.7190339130922947,1.0248824760007362,0
-1.3946706276448773,-0.9299559473976285,0,1,0.6133093644035973,0.5568889641158433,1
-0.7910165733197267,-1.2612808219836198,0,0,-0.6048553050574137,3.923137730453164,1
0.20808655003426185,0.3059237864131584,1,1,-0.02579204214069077,1.3705941566268265,0
-0.36685608929149344,1.1222878517704844,1,0,0.1205920654327749,5.221696222437853,0
2.0066609566877798,1.152605150156135,0,1,-0.759195940068772,13.315658798362021,1
0.8194294253091654,0.1091735574635368,0,0,1.112463701432626,15.756825673749637,1
-0.39039039255956964,-1.0547067197477848,1,1,-0.31317626839893137,24.212632761488763,0
0.3880793956168789,-0.5169338501500745,0,0,0.05947495044076402,4.62093297780181,1
0.8992405298877029,0.8624154949402234,1,0,0.7251518852115352,2.5998832603758553,1
1.8063747695646863,0.33428592145510483,1,0,0.6149809814959492,2.074948609804286,1
1.491195595443676,0.847982830999358,0,1,0.7074903352740383,7.97652137275547,0
1.09015574548734,2.0014141071061617,1,0,1.2417461386096003,33.69192460687261,1
1.4819144302469298,0.16743466207146007,1,1,0.6750828795225663,0.9891281214853128,0
-0.7591048960595869,-1.236677490688904,0,0,1.6496592471120268,12.263738517731124,1
-0.3316240917459899,-1.030121531099149,1,0,-0.765893670075695,2.868871957374116,1
-1.0204884731288637,-1.5320249510988577,1,1,0.11265105295659063,3.6368483289455376,0
-0.14970279939139322,-0.6271888351928662,1,1,-1.525090903585857,18.926997590380715,0
-1.5226759422210618,0.4347457799569808,0,1,-1.0857773296569697,1.2485486222431064,0
1.4925381861671896,0.9552533871897877,0,1,0.21644889489340255,0.6665059442942342,1
0.07310692568431065,1.429005298821384,1,0,-2.59104868704512,0.762240362743535,1
-1.7428825249491298,-2.9243178034618333,1,1,-0.8643128192808575,6.005827220738035,0
-0.20412058721478604,0.7890186568832834,0,0,1.9074920747808446,3.3609235853267214,0
-1.4994172952787252,-0.605089223458072,0,1,-0.6032961770016286,0.5243807512853631,1
-0.5300890121602306,0.1803543578729796,0,0,-0.6144360558585882,1.8737458003063998,0
-0.34128913458546734,0.19401571062490788,0,0,1.7335944427350005,5.683518647371481,0
0.6175307394375632,0.9305359099973971,0,1,0.7884321391289536,0.9738624561578036,0
0.7348865925045732,1.1104370833803545,1,0,0.36889114682058566,0.37594689056277275,1
-0.3198912790701005,0.12727884189829025,1,0,-0.6481245466406128,0.5855072134484848,1
-1.0678145625173454,-0.76547807694466,1,0,0.05757491602034914,20.636816244143056,1
0.1664319167581866,0.011204452276722468,0,1,0.006275283005189516,2.8875923754336936,0
-1.966306736878088,0.1261893814291749,0,1,0.34135502876244656,0.745021987654663,0
-0.05283520643129983,-0.7450305017435469,0,0,-0.7103384573821616,4.846236105853071,0
-0.9246333850637004,0.05137592542070152,0,0,-0.14065990019173574,9.552641391093635,0
0.4040987323901776,0.13684416503378363,0,0,-0.1822464720714359,0.7260263276596864,1
-0.9833742779866155,-0.3104902190640507,1,1,-0.9317646636672942,3.819298806289832,1
-0.3090538311502072,-1.140366087418659,1,1,0.5563155830527311,0.47926727759962284,0
-2.4978633690625847,-1.173589493665724,0,0,-0.23538204278001842,1.4405656683569155,1
0.738879977305108,0.6565771102706963,0,0,-1.0996263652158111,2.624405873939395,1
-2.625265938365314,-1.3251152015403669,1,1,-0.5317553836110986,1.7970696014041703,1
2.392577159042491,0.7380055773932257,1,1,-1.2984713089128603,9.302622960866456,1
-1.6789499731725301,0.03215265740108575,0,1,0.7552577493908562,3.455211400675277,0
-0.870740793773006,-0.5131967223769176,0,0,0.9102954705811444,8.135552385782303,1
-0.0906815952656676,0.657460529621379,1,0,2.53103435658849,12.926813866242968,0
-0.2809651990434519,-0.7449462465807963,1,0,-0.18088684418288156,3.91746733415251,1
-1.0760804779147812,-0.44558197349030343,1,0,0.5513737135816547,8.7856160498935,1
1.4546723150807919,1.2959827891248932,0,0,-0.11885921609939372,4.407796585777154,1
-1.9354579927214783,-1.2127422718418805,1,1,-0.8452538797975803,7.24677646808088,1
-1.4483196073073077,-2.0927676549463676,0,0,0.4337999624100371,1.213389938732419,1
-0.14899782084354912,-1.3201945550778986,1,1,-0.6489205278470255,3.1120893778279424,1
1.1320783448853848,0.765564951238404,0,1,-0.15064539254464746,9.898259599032604,1
-0.49110547412446726,-0.007731360955687883,1,1,0.24015035761501355,2.6928629687366388,0
-0.8514176927263328,-0.9581130274387055,1,1,0.35269204680691324,6.901654814077726,0
1.0896675393773394,1.104904796837384,0,0,-0.8220973214579336,7.44573643085619,0
0.7057106499065858,1.3032573936917577,1,1,0.7118798740511595,6.094199395388466,0
0.08018668207741493,-0.3569669091054339,1,0,1.4988053613941517,9.377831049534285,1
0.8897244766207361,0.2819001375254926,1,0,1.6576344228536648,14.123412407234515,1
-0.07982620736695308,0.26680545109286474,0,0,1.4428359201099459,32.681524053328246,1
0.8203880737176675,2.3639176963314825,1,1,0.7365816545326386,3.6628309210451944,1
0.8768902156533788,0.8050699380051538,0,0,-0.47883970721634156,3.1805326541264853,0
0.9123448728333662,0.8166290891692332,0,0,0.3453877976982943,0.9438425962192317,0
-0.8446488112051551,0.03808313266208707,1,1,-0.1275628040909354,0.15629723180258756,1
-0.8099948336397149,-0.7945138167367176,1,1,0.23311625852450885,1.0316317794487944,0
-0.6896523769123738,-8.756904466489801e-4,1,0,0.813860830953933,5.424744950141758,1
0.5026247518529011,0.8047335502990116,1,1,-0.6328998341701358,0.7110904475363593,0
0.13962737564027478,0.10967477199920496,1,1,1.0370299345528071,9.337644868490699,0
-0.019694876957057725,1.0727336176589326,1,1,0.40149857402525724,6.564461160101097,1
0.35638333302538483,-1.1507126495450892,1,1,-1.473686053021231,0.5726253768276013,0
-2.1384763847300734,-0.9859076746514868,0,1,-0.028942373816406002,3.280544457984887,0
0.07169000428022278,-0.1807757078482885,1,0,0.7355635008380434,1.5038567129522562,0
1.514745495209956,0.8231029781056074,1,0,-0.2968147078129804,5.861572618246179,1
-0.363934559321621,0.3407624812226897,1,1,-2.175800841991216,13.7926536915652,1
-0.4516299234962513,0.2817182605308246,0,1,-0.4961302023290847,2.9742543469183147,0
-0.34784540737080955,-0.5111199164224304,0,1,-0.538451497176456,20.12437471704464,0
1.1233595606403803,0.9215468813171089,0,1,1.6765427064728744,4.743919071430962,1
-1.147591974987716,-0.3163488998620203,1,1,-2.087516755561381,0.5248756264336407,1
-0.13188318231055965,-1.5222054067573931,1,1,-0.6017011940348597,33.662913287791625,0
-0.43641734027310086,-0.9925981029648347,1,1,0.7221797348765895,2.355240533749263,1
0.992573315590738,1.252447016592579,0,1,-0.4109472303054557,5.4603708907961845,1
-0.16711845175709197,-0.08573395938340037,1,0,-0.9481988790967079,20.05243858527919,0
1.4298569395149197,1.4450955233600575,0,1,0.3281441574806126,3.576025913935155,0
0.6170805772367081,0.7087028643580955,1,0,-0.431751932846719,1.787962873155872,0
-0.9681664853438458,-1.6859729123049547,1,0,1.0680496583025738,9.440321806713387,0
-0.743625661382031,-0.7778339217745296,0,1,-1.315515808717202,4.110718165369084,0
0.4866678191280923,-0.3427391435072034,0,0,-1.828028549677315,5.542518470125894,1
1.2799428523348026,0.4978054659567975,0,1,-1.0190173357965095,2.7314244691903395,0
0.4765314045785373,0.9535526964721736,1,0,-0.8272829511848964,24.06072057643573,0
0.1967321710181028,0.6056339383478677,1,0,0.7717332628056471,4.031206283252686,1
-0.4143700011721197,-0.6298707413500348,1,1,0.18766346717542334,1.35169229658227,0
-1.2131966623229549,0.5515050706362675,1,0,0.4352746300727802,12.376850594376727,0
1.2853938175353252,1.26138359668396,0,1,1.362295764497792,3.9907429596951665,1
2.38124532073386,2.4673108082628286,1,1,0.1561242324420394,7.00375247556478,0
-1.253372564237267,-1.810276357565633,1,0,2.0696319500126905,14.29178474090517,1
0.3124466554544971,-0.04775876642378635,1,0,0.2672339451916852,0.4952281558265289,1
-1.5504668026718182,-1.9422318525828404,1,0,0.3472138018473811,16.524823956112268,0
2.21205248159594,0.8066347108470713,1,0,-0.382264786863623,9.942113444790346,1
-0.8111518584624422,-1.5226303101586334,1,1,1.2087897785897848,0.0562814122514347,1
0.3058845410720822,2.1513949256274576,1,0,-1.0950654855701754,6.269222419979773,1
0.925204212245608,0.22209104360147686,0,0,-0.3972952305314584,2.715620778811475,1
-0.4025123762821249,-0.8233632555156927,1,0,-1.8600020546177833,2.210509672295302,0
0.8203542956506503,-0.18783146764225073,0,1,-0.2632872161832557,1.6939219203777613,0
0.6478756802755398,1.990687742941427,0,0,-0.2519604676207151,13.569836805655388,1
-0.6083926098236838,-0.4537060344764622,1,0,0.9252505144280506,1.0011437388819813,1
0.7257998490809878,-0.7589482400174298,1,1,0.7039439271844934,6.059698161002064,1
0.9727207142141392,0.919156653233373,0,0,0.6613024029828627,0.6461766435815819,0
-1.5393607715124134,-1.6333072542429177,1,1,0.9281869855414597,0.043263115609685585,0
0.3320600725892838,0.3472124512339535,1,0,-0.6679386063627187,3.5803770995698874,1
-0.6660930265055659,-0.025961977631392963,0,0,0.5293049905223868,1.044903646499445,1
-0.9440208047043245,0.07924591374907292,0,0,-0.45104712363227917,1.605859825698038,1
0.33874316234339463,0.5945172740064826,1,1,0.017948414497602413,2.0100391663921378,1
-0.33637243245603066,0.38388002636575136,0,0,0.21055932923396206,11.916429448526713,0
0.7906346938714907,1.1421234978685373,0,0,0.5903970485185155,11.036048767117265,0
1.063804192804103,0.8882854175891775,1,1,0.10113598633370717,9.508250513695282,0
-0.49907265380039506,0.9440623361771217,1,1,0.10533388155101087,10.387156243706846,0
0.5139526845908698,0.45388052001973517,0,1,0.34370063755657543,0.6565151813750466,0
-0.9360600006781664,-0.24538087216238302,1,0,0.43311191012656003,3.254779304067294,1
-1.4062228110967516,-0.6405657097428086,1,0,1.3821481523395394,2.1740021484181935,1
1.157020559044705,1.5664207590929153,0,1,0.08657898533211462,2.914763823902985,0
-1.8871329495026743,-1.5174338753227805,1,0,1.1105771400566506,11.586436949664584,0
-1.278490929358267,0.5489757731046081,0,0,1.3919720390100085,4.3587500423503425,0
-0.8443749254284496,-1.1213465492163759,0,1,-1.036975576616871,7.288005804444016,0
0.14652868256587007,1.3318812967382487,1,1,-1.2004554533198906,3.5285299178212886,1
0.5973059349434777,0.476371675280411,0,1,-0.49372599437689785,4.34301289307168,0
0.1490877128764607,0.5431638147575923,1,0,0.7585959109714631,5.3420951434721555,0
0.3535895136167177,-0.6912815404600962,0,1,0.1347161981879261,0.35052584397915537,1
0.3785475260103318,-0.77819120145239,0,0,-1.263168000722825,4.060520330049641,0
1.7928216408772553,0.5770552057461953,0,1,1.726730923764675,16.066409072449012,1
0.13251648633097415,-0.2586245893214559,0,1,0.20373744744330274,0.07253607812648019,0
0.059330547458801695,-0.7378946435931634,1,1,2.5611864187333246,0.8705588950154682,1
-0.83698568558673625,-0.5229061390697984,0,0,1.7974782750395681,6.9166948923388825,1
0.2614941885942054,0.16197385162525496,1,0,1.1022872164568707,10.077414436226192,1
0.6075964135315864,1.0407185219481239,1,0,-0.5029623499423876,3.9123127361501098,1
1.6889625036535079,1.9985052872545512,0,0,0.09540717487752881,10.363250140061083,1
0.15010891412332453,0.8784075164470229,1,0,0.016102953638975216,7.942246684144042,0
-0.33607341023305326,0.4086410508599579,0,0,1.4031063764044611,1.4365843924072883,1
-0.0985925480772703,1.4174416275697934,1,0,2.2141470276805446,1.2301280318448942,1
0.4440502003089045,0.08376399464748335,0,0,-0.025778461843747137,0.8412764948721901,1
-0.45520244033510393,-0.7259404474894116,1,0,-0.37524301201262245,1.5429741353727877,1
0.6231271792390413,0.834351486770438,0,1,-2.0405315269025897,1.138877069267134,1
-0.8927747220811687,0.31081466841413846,1,1,-0.2424986471291661,2.4401293795866272,0
-0.041735059526140435,-0.0710261630365211,1,1,-1.0083979143061543,23.936304324458447,1
-0.06932076095668176,0.08800646840292145,0,0,-0.5053216927163183,5.720381512461851,1
-0.11197000309343834,-1.069158882764454,1,1,1.634807050427185,9.294749089787507,0
0.8999134344618397,-0.24035917056493689,1,1,0.06405926444788122,2.088746416033241,1
1.230633899907547,2.0215161575543052,0,0,0.8085544810912624,0.8049138239584864,1
-0.18394628278973688,0.8938145137706033,0,0,1.6841566929736966,0.026541401166468862,0
-1.0284722914695448,-0.4881518597809527,1,1,0.5990343517026819,3.6752034095115964,1
-0.22820967613409893,0.16430690106096685,1,0,-0.31715916152270995,0.9056466506797948,0
1.8598320787473812,0.8231839943253012,1,0,-0.4566704738707257,1.3196634904791913,1
-1.8377651144560625,-1.8095527366027888,1,1,-0.05546769958485944,1.2132784623342256,0
-0.7277721025293463,-0.64823091066874,1,0,-1.394228058416435,10.299687226884169,1
-0.23157630670674456,1.2557612855809384,0,1,0.8506052124971826,2.942691182570443,1
-0.8211530411882121,-0.9084756896257642,1,1,2.1743773577098384,14.003591207708125,1
0.4573956640281478,0.6464651014599065,1,1,-1.5788304802958748,4.278023191727698,0
-0.40717221302342976,0.8156118208070138,1,1,1.0018618851871095,14.19678886445491,0
0.7382291582674345,0.7036848463176302,1,0,-1.7075062018748617,6.588671239674192,0
1.035914241208872,1.3253652431277465,0,0,1.3743535022970035,14.4832445456785,0
0.39251853668111564,-0.7001491486277248,1,0,-0.9208722470262803,17.1447938922,0
1.1381058406267313,0.11760617652040106,0,1,0.5167270535698462,10.206414945073528,0
0.4536904611033174,0.3602677663361737,1,1,0.06380042869376129,9.906510108110908,0
0.033209878351619114,0.11407661597612663,1,0,-0.10565782444625492,13.861468014538492,0
0.10904658560782078,0.5656772075295118,1,1,0.2936412794296779,0.39202348950008553,0
-1.2616435025347141,-0.014258304024449497,1,1,1.2891633158539582,0.17930669798469973,0
-0.3561369301007604,0.6850936115972319,1,1,-0.2425583070093439,5.00450460628296,1
-0.7584252092057256,0.7039676733622562,1,1,-0.507516705274955,1.7028760154061748,1
0.2820207223108607,0.6432281032535168,0,1,-0.16605551842629113,2.68443381258597,1
-1.2272728810639333,-0.2771000427334716,0,0,-0.5975265796790579,9.300459672657254,0
-0.997379717276235,-0.8911646582146501,1,1,1.2833248034218578,5.31566277689611,1
0.09421156239625575,0.059499782799338576,0,0,-1.5634942280842918,3.418427903670818,1
-0.29384242855583187,-0.5156778293354858,0,1,0.7146893507413109,17.27424569668393,0
-1.1818429035880567,-1.3368720250395523,0,0,-3.1311514584394873,20.07096706163665,1
0.2454077817253229,1.2709162953599853,1,0,0.14091481376872803,11.487147452270094,1
-0.15575589689340397,1.5788878056623585,1,1,1.0892217819206322,2.049917196078847,1
-2.1017083727382286,-0.9787069345562049,1,1,-0.6997743381240331,22.16818539010267,1
0.615165645781401,1.4544335621474667,1,0,-0.9406434747887864,9.803747331063056,1
0.10232839256654856,0.82888633454625,1,1,0.24281852100814894,0.9068247745744885,1
0.8468881343670643,0.04058866498248109,0,0,0.06710823371066635,1.0562660327802103,0
-0.9667780731334166,0.9134544458202755,1,1,-1.7308483200806302,1.9158518947247867,0
-0.45487935161543464,-1.831343497918455,0,0,-0.41591696788342647,0.8983480780633397,0
0.28999211460426816,-0.42396372840748286,1,1,0.7671676947951168,3.2066854376656315,0
-0.4674628922498904,-0.07877718010135698,0,1,-0.28029714596341443,3.361494228852084,0
-2.526612939224081,-1.008799081552225,1,1,0.016382133631175962,11.865877840588693,0
1.5804373583712514,1.256326953332031,0,1,-0.9703867532626334,6.356339248720527,1
-0.7223339459836406,0.6753420956282574,0,0,1.7181505704853033,10.23505874098351,1
-1.5311119267606585,-1.1055448897134283,1,1,0.274335405352029,0.9820595880791045,1
0.3878540779163013,0.17513045544570044,0,1,0.6638744354048428,3.3891829235168798,1
-0.17064843291382248,-1.581190805214492,0,0,0.4448070602233623,7.679891798750767,0
1.616745954196336,-0.43110764472269514,0,1,-0.6008647070455172,0.6332348100841045,1
0.03852909676375474,-0.7226967008117275,1,1,-1.004786513849872,3.644013858865947,1
-1.254456295263527,0.9703161602452798,1,0,0.9529518481851015,1.8347643121766548,0
0.9525339196289843,-0.6332968000605537,0,1,-2.0377381980633227,7.647422678965815,1
-0.46749522609250027,-0.16240332568416066,0,0,-1.2963261684683545,8.110768088213531,1
-0.8404796072206577,-0.09819119528747328,0,0,-0.9894873600541733,8.309328648842973,1
0.8711357156185472,1.378496932670927,0,0,0.6273139735620552,0.47192059767742955,0
0.42958171052077604,-0.4903570488466452,1,1,0.20172616586031347,4.024154134094715,1
1.2967739838668335,-1.0100551436360972,0,1,0.7265241371929037,5.377939227037132,1
0.4950545944263792,-0.5798786506129536,0,1,0.10791875571759967,7.741570178889039,1
1.8243830508935939,1.7312664609515878,1,0,1.9760693241612008,6.521686305873197,0
-2.5824547659451658,-0.561542535865377,0,1,1.771217254165425,12.790914003513167,1
0.6662871533021872,0.39389202422248915,1,1,-0.07454235221979444,1.7733245505951347,1
-1.2778236919111665,-1.0379315920428356,1,0,-0.15097029921482713,2.8176505118608475,0
-0.11563854972786773,0.4244581513491213,1,1,-1.7852990758296068,5.722469137981534,1
0.909343614825932,0.6090013673420193,1,1,0.5446164263939732,5.475902991990249,1
1.4267025994315594,1.205892839363654,0,1,-2.4557029853308467,0.1901826394411425,1
-0.2505387851176987,-0.42569320036389935,1,1,0.22123167761856904,0.06069902591724417,0
1.5397220780397105,1.3778097513643992,1,1,0.35148742651090814,9.22354930821568,1
0.5525528545101358,-0.08788152375063468,1,1,-0.49370553999089434,2.9377316551593444,0
-0.86507687622081,-0.023260504678621563,1,1,1.0658037271830263,2.035005800247999,1
-0.3745261347409537,0.8134650856138047,1,1,0.2785411908940526,13.537943066965372,1
-0.11662263765153794,0.36408546329459923,1,1,0.7850667131600355,8.182792024322962,0
-0.15349252247885117,-0.7208439507557325,0,0,1.7017383476063748,7.044407464894104,1
-1.230796063496744,-0.01627379935942108,0,0,-0.2677543381322536,20.642517086930877,0
0.25324858790617405,0.40070120578213964,0,0,2.818303320729377,7.1217316354539015,0
-0.08764105934032555,0.0313158093613509,1,0,-1.6860018477769194,2.65853528362286,0
-0.5399650594594162,0.6080664704634806,1,0,-0.707776468327012,11.184565334541205,1
-0.9990919174965814,-0.07429228930373272,1,1,-0.2703305992191618,1.1696955693575244,0
1.7540602373492922,1.1532356893519515,0,1,-0.3926889390816952,17.09355126685918,0
-0.05685635536104911,-1.494778371091188,0,0,0.47235827507435785,6.409868036092333,1
-0.8036104776648688,0.5970741213275739,0,0,0.5787380751516022,0.3646433812370916,1
0.47296138961233847,-0.38266304959014824,0,0,1.4942864681917913,5.790049071527517,1
2.0302487581088484,0.9988291062907814,1,0,-0.09307378761086586,3.6642287198143704,1
0.0438370852135067,0.8028063257408832,1,0,-0.7421298564031306,12.113426408604626,0
1.5430881061327517,1.6073972960562881,1,0,-0.2648638368090708,1.921263108185182,0
-1.226287047766,-0.7530734807672004,0,0,-1.273108645583548,9.766802525108162,1
-1.0759851053788008,-0.3158875829063483,1,0,-0.07722704091362467,3.0585382613292507,0
-0.07366656289023572,-0.7853859597207162,1,0,-0.670650968705479,19.225569891003573,0
-0.005890165683021943,-0.13578421156324486,0,1,-0.860164588335068,2.533428665871422,1
-0.734972074375183,0.7212665644387235,1,1,0.626712842813895,7.562737054391379,1
0.671612302635355,1.6080661338012998,0,1,-0.840355599087944,35.08356231732524,0
0.20620673526196165,0.331477778112257,1,1,0.006234986203548048,2.3602149953755243,1
-0.4329983929863737,0.12602476329659604,0,0,-0.9065505499039315,4.2635352273161216,1
1.8223148475865458,-0.43529636985886544,0,0,-1.5072136064458266,3.9935176648820443,0
-1.7044935195951754,-1.5833592141056725,1,0,-0.24954576273566667,7.320646437098655,1
-0.7289126252077618,-1.6120098199676274,1,1,1.173046775303166,11.028471906940245,0
0.014560219667668902,0.5944018516260201,0,0,0.0978017430536599,0.8415376024714724,1
-0.3626150869928497,-0.07276083241357867,1,1,-1.3521199521670826,3.4255589474923913,1
0.030640154436236005,0.8029754912151669,1,1,-0.7628751363703522,1.0839465144586307,0
-0.32596197814996136,1.11354035353547,0,0,0.14434421847004172,10.607351020870212,0
0.9978010837785353,1.1852280246039004,0,1,0.20448494647904503,1.1646602530614096,0
0.1412825631330139,-1.0816563227519727,0,0,0.4961642950285053,23.14085369595486,0
-1.226655806562171,0.17286831802536806,1,1,-0.8529585774682223,9.312399775427755,0
0.3319201695206677,0.170868881472791,0,0,-0.314080089360604,3.726401828074207,0
0.49737584055753575,0.40812024279190523,1,0,0.29379210361387487,13.022691740264698,0
-1.3814908840184703,-0.7329259740059283,1,1,0.9194036644522846,13.319956308772369,1
1.3355105578758595,0.07074971186701262,1,1,-0.4609583817013436,7.312420654381416,1
1.533524669146233,0.7777943941958991,0,0,0.6857405085692723,13.452126830116116,1
-0.5474539694311271,-0.6382189836957708,0,0,-0.8369639299559988,1.408007690527787,1
-1.5492132348730356,-2.0189580359317283,1,0,-0.8822866195155163,19.265227437831765,0
-1.1174348460182246,-1.072934815729584,0,0,-0.5183766948616435,19.484261895690167,1
0.10076137685548439,-0.9989434212777624,0,0,-0.2273333670191841,7.5255287796997425,0
-0.2183522915762187,0.1369111907080106,1,0,-0.566059066589447,0.9930988346847396,0
-0.149419968167684,0.09283191702289512,1,0,-1.020414941037773,3.8059772807173435,0
0.8280480331892298,-0.307351962451516,0,1,0.19509396831036696,27.083780863474217,0
-0.5453050048135012,-0.6986677266462913,0,0,1.2325315662701466,1.285130123142153,0
-0.19104292709899784,0.08199561417455314,0,0,0.27399697025665737,0.8622173030854844,1
0.3772276544498307,1.4028419523154767,1,1,0.6824690316850612,5.5038412334397435,0
-0.30293989626099815,-0.7339361252967989,1,1,-0.8756519053676364,0.13948491575261696,1
-0.799077145968006,-0.3927608199131066,0,1,-1.1984417481726615,0.7686575961781121,1
-2.1398258684263878,-2.637366377195142,1,1,-0.8228122917059862,12.10421185560048,0
-1.1755086384006406,0.49625061581622587,1,0,1.6732334044950183,2.8576983168911285,0
-2.6398115930340587,-1.0150499773641695,0,0,-0.024363509049885712,56.554682906670784,1
0.48946803902636354,0.19852944495214642,1,0,-0.5832802961130199,0.9034617765185734,0
-0.159775044012758,0.7431527527813793,1,1,-1.8081415639397176,15.715833659514988,1
1.171588058010954,1.2051081891254638,1,0,0.18976727424763482,4.808745494422814,1
1.0762671853748424,1.3887580604429326,1,1,-0.6395113476388832,3.870637784712017,1
-0.2994621062145191,0.5700880866467878,0,0,-0.9255431259953764,4.651046067010611,0
0.19957791222605883,0.26126877216361166,0,0,-1.610351869468407,9.192582599779072,0
-0.40432581882810137,0.7766955398843254,0,1,-1.9981598982232904,9.3322077374509,1
-1.2675939533461145,-0.1763095719105474,0,1,-0.569775070757528,33.8536097805828,1
0.8547203731331271,0.9165378425913036,0,1,-0.8523392938924059,0.7100656900244455,0
-0.5481048614827534,-0.7133111441833995,0,0,2.0314254684800623,8.7202672998335,0
-1.163209383347426,-0.7700044945006412,0,0,-0.3507368058547829,23.741143754214452,1
1.2702474353653237,1.1207451831348703,1,1,-1.0176488097449694,7.343295314720373,1
-0.3822104364631071,0.8020711068926836,1,1,-0.7905899118125995,1.544486863228182,1
0.6955304423339302,0.7968404345177218,0,0,-0.1748556797347409,2.7957870004077754,1
0.10847277773917689,0.24710224343040585,0,1,-1.344262842611916,5.659874070746204,1
-0.49007675882859425,0.6441558174731246,1,1,-1.6740032919036323,3.9493312438329062,1
0.4935186537045141,-0.28707292204919604,0,1,-1.500363856900744,5.571251541065673,0
-0.23119429450721593,-1.169713289365871,0,1,0.2545923636994843,11.225087967132392,0
-0.004186187893504039,-0.513869605412856,0,0,2.018338381450354,5.689806886948645,1
-0.7840862519887569,-1.3267726515520117,1,0,-0.32303423512938767,10.749970655538243,0
0.4432502917800962,0.7581976405045945,1,1,-0.8965652352154103,14.319243126159115,0
2.6441407150004577,1.0935769652305576,1,1,-0.1994237268235449,1.3225310297070954,0
2.1302662439748707,0.8463100982304251,0,0,-1.3019263479612995,12.480571523850365,0
0.38374974897953484,-0.09554192202598083,0,0,-0.29879745956639303,13.30893061364214,0
-0.6598298517316544,-0.10695189422155676,1,1,-0.3631728835862581,2.690482640173286,0
-0.40668516422454354,-0.05658272412707807,0,1,0.47628370179087653,2.509162388008368,0
-1.2301696292648354,-1.4972980150144881,1,1,-1.1460339327467772,3.455866279546172,0
-0.1688913414231983,1.0107137850844183,1,0,-0.6149018199993747,3.4389122932528458,0
0.396916315425096,-1.8571011947630085,0,1,1.3815962778010091,3.4609144863982997,0
0.487275680060473,0.9806541079538929,0,1,0.10618509027702418,5.050509609282017,1
1.768637179506508,0.40153521759657357,1,0,0.1357573137453032,5.611808819230646,0
0.6017152102625735,0.47463483039796195,1,1,-0.9142987198598628,6.635185672241054,1
-1.8923489097589248,-2.096023954951967,0,1,-0.1011243789555788,14.500566773037319,0
0.8507188519220832,0.07609106246351582,1,0,0.440688264332905,1.0818083615352712,0
-1.3079060775979845,-1.352709890035811,1,0,-0.5870374649795944,20.54406123251693,0
0.28282126797735607,1.0627919402585477,1,1,0.560458624040677,12.306145920019405,0
0.9010652983571102,-0.11856931392052,0,0,-0.6224660338702046,2.1178899318038362,1
-0.343494734498172,0.2815066841387315,1,1,-0.33057705729695586,4.202938013865302,1
0.5196085305895035,0.10877253679526527,1,1,0.6127376703765791,2.8758453360448284,0
0.7678451419899913,0.1751162147472229,0,1,-0.6191401429539262,16.750195932184862,0
-0.5846769290228923,-0.3889102767868383,1,1,-0.17196715210997726,0.6680054481453024,1
-0.3949507777378357,-0.18395611440274304,1,1,-0.8833550381838576,1.399463473353535,0
-0.29290530714534496,0.20064731807934474,1,0,0.6953893498087277,3.5790722079885504,1
-0.017608857170782692,0.20409909081748975,0,0,0.5696845653291358,3.118112248624867,0
-1.7043863253421798,0.018108925888194682,1,1,-0.535975353158143,5.488341212427865,1
0.41717484401955623,1.0113313032833884,1,1,0.7228909947284539,10.848767372119033,0
0.5598393058457751,-0.0442078048383035,1,0,1.1444671594557205,8.866928020763003,1
-0.2503590814181341,0.09647606953793689,0,0,-0.877855432600325,7.420428440751808,0
-1.4746579030320595,-0.39948632053649136,1,1,0.20233415514969424,8.465899182524893,1
-0.4422681230843777,0.3597549277485508,0,0,0.05493281922511257,4.427222748442243,0
-0.47291374402552805,-0.7120666633857918,0,0,1.1780775173512679,0.5122925637695126,1
-0.26625630422052526,0.9394487458322615,0,0,0.08305420161182551,2.963781787548214,1
-0.03160814802099414,0.3001687212298763,0,0,1.361081105050971,6.175734179986121,1
-0.04751676081745795,-0.8748870159770977,0,1,0.2378100061662954,0.29234495790054404,1
-0.9647356702402572,0.09663549146124906,1,0,-0.031046393414308766,24.16498847165744,0
0.62390600019446,1.3599531180003652,1,0,-0.5067661860039,0.8685005052636068,0
1.8788593505855156,0.8517479937069181,1,0,-2.025948108556785,8.129192092665056,1
-0.09320003445864515,-0.32710137496264374,1,0,1.7218651645569378,7.29480295717478,0
-0.08985209407069303,0.14544109621859191,1,1,-0.8661162594694192,10.427575340765321,0
0.5153520571401885,-0.46245837221045355,1,0,0.07460197690253643,4.110594741844883,0
-1.071829175878273,-1.1535759550352276,0,0,-1.123844391281159,5.553458343880872,1
-0.9762627745641759,-1.044175620495122,1,1,-0.1404466656544613,3.9032702838691575,0
0.5377341230950734,1.1377296324130368,0,1,0.20675244497625933,11.065802583120865,1
0.5626112549641721,0.29398211858444007,0,1,0.1406761220024051,0.8798406007875161,1
0.2996058751409855,-0.45075177524258137,0,1,-0.5984952011495559,2.222361539800962,1
-0.9618586410178095,-0.7467962212983175,0,0,-0.40352557741678974,18.599249592242444,0
0.05864343529563796,0.2501039525146137,1,1,0.9960703985049808,2.885172361382054,1
0.9560811535433527,-0.30839558814518775,1,0,0.6758589082255823,30.593247911339905,1
0.13212268104599856,0.9071250198360823,1,0,-0.6744476539797175,0.4198827811901951,1
-0.8301683492225083,-0.013184300485819533,1,1,-1.301429932573513,7.9194905490936875,0
0.5416690792114471,1.4257343357177064,1,0,0.08455476814173839,0.37644865657312043,1
0.38664425575033734,0.6061579102020884,0,0,-0.7525183711026848,0.47161174185286403,1
0.33302872749718837,-0.08304566784401149,1,1,0.3766103220692652,0.30118118521626214,0
0.9141329502769493,0.7208882917237946,0,1,-0.5870306625196688,1.4972893215096945,0
-0.19355856961985057,0.4323913687765484,0,1,1.3108835059588868,0.22349161538086532,1
-2.2589990017633963,-0.18657905525617346,1,0,-1.4962388043972605,4.067527615310004,1
0.3066324018704879,-0.5718505922064288,1,1,0.7363619643870802,1.7215516379413507,1
1.2672866238144236,1.1784545106076574,0,1,1.3981127052142917,1.83176911668852,0
0.9376463712986788,0.2999774371069447,0,0,-1.8826135726222102,10.861838073119623,1
-0.06348453292436758,1.544621082983076,1,1,-0.4527878314396737,14.172099887003704,0
0.31906120663767973,-0.31163449131850673,0,1,1.4038694404169134,6.568291903749821,0
0.6304900791589588,1.5510214892600303,1,1,0.7680739638831647,1.5224058393672328,1
-0.6348070430455893,-0.12618634007946325,0,0,0.04393178767950857,12.405394715488159,0
-0.24570764826016186,-0.9087044357472647,0,0,-1.081688460772254,3.2443982044545314,1
-0.23639411202261426,0.10946902460976109,1,1,2.5602682018868297,0.7062944505984585,1
-1.4746819227701617,-1.6006240989946694,0,0,-0.7843349015996128,3.1302854612780115,1
-0.22215254389952654,-1.0204289113904017,0,0,-0.20456786212459144,7.983480058762771,1
0.9841149983759923,0.5843088703510491,1,1,1.272427959161432,4.947413756356886,0
0.4505625016625328,-0.34488497720564626,0,0,-1.8335054073773258,0.5040921387262642,1
-1.3382312482767582,-0.684007842910192,0,1,-1.1676188819584554,5.952525679494664,0
0.4858564533525191,-0.31624190797813045,0,0,0.7816197899846794,3.4478108637554543,1
-1.7239898344925666,-0.8877244332564802,1,1,0.7281295081577956,9.726047344776594,1
-0.808700343670776,-0.4749605641985656,1,1,0.5728926150345741,4.67105886588494,1
-0.22757001369035879,-0.39489935516659996,0,0,-0.49162727180500765,12.501857537696962,1
-0.849899799346911,0.03319878237302537,1,0,-0.7637328680268081,5.879985331207615,1
-0.7812865379924858,-2.2762012493272157,0,1,0.25386426675833945,5.13047463685377,0
-0.5994632732323174,0.1151666696947668,1,1,0.4651443409281975,13.367965182996334,0
-1.0151620992661705,-0.21615675877834922,0,1,0.4306397749894751,5.2484208523916704,0
-1.3941640343938213,0.29321786428447083,0,0,-1.29367106980822,0.3555615777619808,1
-0.27281962965297774,-0.2070344944442705,1,0,-0.30379790902139164,3.7135978772615394,1
-0.18850456704077587,0.7200619766912155,0,0,-0.13377410928563088,10.073414964561763,0
0.31602885701886585,-0.5437375689127006,1,1,1.1333307712298533,0.5572537969176968,0
1.2821030943993335,1.3400646135317487,0,0,0.3861691393152968,0.4387458049071332,1
0.6884531921379605,-0.022838788564917833,0,0,0.7211798329073379,4.198528178191434,1
1.3004645560928534,0.6840166621827206,1,1,1.6395586110888953,5.386988255971422,0
-0.07734274259505335,0.7232085640607435,1,1,1.837777710120585,4.625832739596566,1
-0.4596849421289386,-0.06951871723753597,1,0,1.6823454431993028,7.6583661601171915,1
1.645380596653918,0.5708830948629999,0,0,0.5133789971931102,7.9527857166629055,0
-0.8980124738989329,0.15796179732234245,1,0,-0.3353869769677155,1.7030136931377153,1
0.5370227180242724,-1.0096453810605432,0,0,0.28040630745256945,9.891316059528542,0
-1.2706182940575608,-0.23372627539989227,0,1,0.5688218883217646,7.905019283875925,1
0.015600424802643537,-0.9465144559347402,0,0,0.4376632775922791,4.360687616281211,1
-0.3355608174891297,0.4297421098356125,0,0,1.2426057058968458,14.706452826579614,1
-1.507656433774728,-0.4744151512780645,1,0,0.19788699396167994,1.1002607599861869,1
-0.308818386872431,0.42535017702299416,1,0,-0.900678026803547,0.30275886826292037,1
0.43320515690631756,0.13921337994523938,1,0,-0.504514902080229,3.2708316769761345,0
-0.8876649326915522,-1.9622097505495888,0,1,-0.007387426689111988,6.187474851456883,0
0.11943488625649462,0.2098299545066851,1,0,-0.19768198812369903,1.5400535695502773,1
-0.8074267965521315,0.07727813359689678,1,1,-2.005422891503672,0.5257693788145501,0
0.4909738540215929,0.2675911000068887,0,1,0.17175729866666622,4.01467071302856,0
-0.8649135397150386,-1.210579519724245,1,0,0.13615125222759247,20.29752835215907,0
-0.4689509262275464,-0.2229925845880786,1,1,-0.006676319593187403,1.5760461411749325,0
-0.5264871549238362,-0.06321206190541206,0,1,-0.4414524294024348,11.540644530167285,1
-0.17496021329211076,-0.06853951787167856,1,1,0.7304300159781658,8.730554921823346,0
0.5853139255296483,0.5434075950933313,1,1,-0.04043565451869573,2.5463554232070846,1
1.3214467816725544,0.8382866091803403,0,1,0.13121434599276946,6.598934334141884,0
0.7350655824546636,-0.264914207218129,0,1,0.01943506942211224,2.2432255752695105,0
1.3164856663732831,0.7889119186350715,1,1,0.4707696568563935,0.7368285131330292,0
0.3030359772702983,0.955568552421971,0,0,0.8813413844899639,10.445204532044732,0
0.2633106746406454,0.38726036288330684,1,1,0.7151014149327997,1.3467284911520623,1
1.9593570771456046,0.3211507593311115,1,0,0.5338910207019165,3.9504547116802415,1
-1.0376064273175594,-1.0300094966512936,0,0,-0.33731196120647233,11.150358221143586,1
0.79054466395618606,0.2695056304854295,1,0,1.0973496087886292,1.4474611640266537,1
1.2444555557064834,0.8404770046737543,1,0,-1.1568942863963543,19.09656591297965,1
0.3369186262285617,-0.558770312432519,0,1,0.924828793662396,4.931066631494711,1
0.039982843061331305,-0.8643760793336103,0,0,-0.3532561311751184,0.01692083120966951,0
-0.8200386517775666,-0.07057682020953798,0,0,-0.5050957847822635,3.182347429295381,1
0.4749694236693315,-1.7644954879303003,1,0,0.3420522982547767,5.971124985215666,1
-1.27075880202867,-0.27369424469938153,1,1,-1.1838819565801324,5.454770824871957,0
0.7650639758660008,0.690302365659091,0,0,-1.2445037077612164,4.584824452952793,1
-0.3806587543551289,-0.2323823436128909,0,0,-0.40211664312116047,11.348775176291767,1
0.1543194331095474,-1.0853024382625207,1,1,1.010909503076207,1.141043418707947,1
0.6502378352494376,1.0340683435739266,1,1,-0.9521169789868723,3.6178325729755065,0
-0.17873196082835904,1.4176669575742316,1,1,0.8993150883148001,3.239720202206324,1
-1.0298313208706489,-0.40001184090798325,1,1,0.6527417396849071,2.198955682651084,1
2.7181577192340516,2.258406774943806,0,0,1.4388955325500614,3.261184875238848,1
0.28976466456217775,0.707550439426244,0,1,-0.6767691679724636,4.49591315118596,0
0.5905315104167631,-0.15882198500731098,0,0,-0.0199426440694896,2.5118117608750863,0
-0.49070815110729676,1.4314710372074326,0,0,-0.7128723777357184,4.218838247470558,1
-0.8069816354142384,1.2203519948728896,1,1,-0.4936878641395113,12.392365295360689,0
-0.8201482617544806,-1.0040397975589381,1,1,-0.7897023943911903,25.587540562359063,0
-2.066307510934345,-1.0707123412661035,0,0,-0.5645306075146966,0.7585518287282894,1
-0.7645255919063401,0.4876434963805488,1,1,-0.9119404486223093,6.032793013960224,1
-2.0203192708615445,-1.0932005828421043,1,1,1.7397857344838534,0.17079561560725173,0
0.4201695935757792,1.732458547495143,1,0,-0.5221823211610015,0.21993494978793873,0
-0.11029573422711973,0.44996436128563005,1,1,-0.4425693478085446,2.8039261151946704,0
-0.4171011983512343,0.7847827410628185,1,1,-1.4846080450847405,3.04306453326717,1
-0.7996472639710034,-0.1590733744421467,1,1,-1.2908137956640855,3.729826250734429,1
-0.5374387653168589,-0.07338131390376473,1,1,0.7217768865338982,6.308733831053453,0
-0.06973793535550771,-0.08583149717388909,0,1,0.7911654401569214,7.39383399516476,0
-1.129420545732086,0.581588032553339,0,1,-0.9698463052482615,2.671997198679795,0
-0.10103166173092382,-0.8151790650177568,0,1,0.14243348562626174,6.501901989902371,1
1.6327291856440023,0.716843330179186,0,0,-2.216179131717114,5.585916813773414,1
-2.516086113863803,-1.6603605183896257,0,0,-1.5625579712737654,10.303618827223952,0
1.0568014008880426,1.250761708317423,0,0,-1.1784427461096103,18.860319923393007,1
0.21278423266988836,0.18774014128602318,1,0,1.4226071153335833,2.5833530467934906,1
0.6108446353363841,0.14754337644758642,1,1,0.7712244008085812,12.128960744088097,1
0.6413191277000532,-0.2972827488397295,1,1,-0.24014897213758013,0.6555402340988319,0
-0.2790829786626827,-0.053546317460742454,0,0,0.1471132047114767,0.739804837697496,1
-0.6907331293601535,-0.5087320191024297,0,0,0.5117582437635875,3.444685748157402,0
-0.43380022167695237,0.6908118049010985,1,1,0.7415796008961782,2.3403722598838312,1
-0.3844496789172147,-0.6051226516621174,0,0,-0.5839793148280298,9.234406263484338,0
0.003757871110745327,1.0132520518300419,1,1,0.77291925878231,1.71516527965044,1
-0.13729392001321641,-0.514113775211588,0,1,-0.3297397220979683,0.06355702256162962,0
0.24722664735129274,-0.19493988809617607,0,0,0.3597730568518667,4.583309905137867,1
-0.6730944151547775,-0.3713854635096391,0,0,0.4442891962776882,4.043225835387906,0
1.1830857245022035,0.9625036294769744,0,0,0.03275935731049439,4.32259141234681,1
1.0528375500576552,1.1689183992519094,0,0,-0.18663485118925463,8.670877913283908,1
2.3112258516079685,1.0243554336014138,1,0,-1.5336604433262306,4.109746171161532,1
1.0564673057240623,1.442808155284879,0,1,-1.3564228413911232,8.742056158021194,1
-1.1839014360336884,-0.79504716682403,1,1,0.9416876273225944,10.669663780950112,0
-1.4580638695357087,-0.49976118262240954,1,0,0.7384712336956459,0.5755189467417775,1
-1.904673775382663,-0.8723211484880009,0,0,-0.5089374479889817,3.6693634154895944,1
-0.2798560447541604,-0.3718940558402805,1,0,0.670801215650711,3.386389689209561,0
0.8849395625257908,1.551995698675312,0,1,-1.3497799322048163,0.7418294355592546,1
0.03718908004731239,0.22982322618613804,0,0,-2.7295260961655177,9.604877481507861,1
-0.8903694789034512,-1.2665374944158474,0,0,-0.8364628841132214,13.674596370429004,1
-1.4362638763668132,-1.579977227783889,1,1,-0.5370603929064244,5.778744015836193,0
-1.013165889876643,-1.5529833919914586,0,0,-1.2447475023382857,7.360354228431957,1
0.17356062484199763,-0.5209511074483547,1,1,0.2828968762827705,3.9153565963109336,0
-0.2867134847049723,-1.4806802610981216,1,1,1.2571432692586106,20.651344093913508,1
1.3524824938802211,0.8687074586428092,0,0,0.6475924855994086,2.9174400881553693,1
0.7203348190684356,1.2099902331020413,1,1,1.456539460080945,23.6384993820802,1
-1.973991874642242,-0.5464185429318624,0,0,-0.09225713273896832,1.9692639626252155,0
-0.9937580593719232,-0.820096558950799,0,1,-0.3794839953863335,0.21942761167997604,1
1.4332012338260727,1.8710466883079109,1,1,-0.09832189762780866,22.617124048030682,0
-0.4626052349619,1.1925064530811988,1,0,-0.3135341173832869,0.1897514632507002,1
0.3039732899199698,0.47964014837747704,0,0,1.3043683734391236,0.09114078773114634,0
-0.269773562886097,0.20063362180857847,0,0,0.4416463836251564,7.983115103368785,0
-1.5686720939389018,-1.725022646426273,1,1,0.6683497220002296,13.492057159622446,0
-0.9834115069931882,0.13614938881493371,1,1,-0.7542965024634605,4.043755032277356,0
0.24121363633687026,1.9584967640243809,0,1,-0.4434725725387972,24.389644627985888,0
0.461470299168782,-0.027746396500622772,0,1,-0.8727278524868062,2.63316451649492,1
-0.6427014474059762,0.19391256204210217,1,1,0.6175752995363628,5.861895273340657,1
0.920117263676325,0.4689198588270131,1,1,0.4272929518867504,9.48382139481366,0
0.751133176891851,-0.034350405375935034,1,1,-0.09265590309240199,0.006466023083180782,1
-0.050925762898623994,0.2633590548770366,0,0,0.3607814960049262,1.8697071122005584,1
1.0956000985079828,0.47798816630457014,0,0,-1.8645241763533593,2.1331453042407205,1
0.9138880827895149,0.2832875017881365,1,1,0.1628764924588203,13.461596983716094,1
-0.5742435358979885,-0.5876503704816085,1,1,0.65298334153314,0.7081387603126686,0
-1.3691003684757908,-0.8036578114147189,0,1,1.2438310113456927,1.0469588031924941,0
1.468210950461668,0.21180642446603848,1,1,-0.45431164723284717,0.9132558285879593,0
-1.2456472235124962,-0.598328643678562,1,1,-1.324595774621145,5.0987361891505625,0
0.33844810850938306,0.46675534214614756,1,1,0.5195886411261985,11.17487662281603,0
-0.05008267918571258,1.0341403893864192,1,1,1.1586291013239107,19.753071587103413,1
0.8103410702496955,0.47755949874153797,1,1,-0.844844954251672,12.142710218486622,0
0.10763599134714,0.08068515176324594,0,0,0.4263355492913548,0.4332063361113124,0
-0.9960268734620334,-0.24553923289163138,0,0,0.4230492156958253,3.0936028769550226,0
-1.6582641256550013,-1.121371065927247,0,0,-0.33078246243586573,11.032730790746811,0
-0.5922961413527836,-0.696033280334726,0,1,-0.8465514138597363,3.815512359142304,0
-0.593771385499118,0.021741027374480026,0,0,0.48825470945000515,7.603218701894363,1
-0.18724232341975564,-1.1779764409614648,0,0,-0.8948206206023299,20.836303863245057,0
-0.6456995298090279,1.0261859852392974,0,0,-0.6071331159846247,14.37608670994163,0
-0.29180993421863205,0.19530202798792803,0,0,1.653018383579967,6.007992080062729,0
-1.9976275778444568,-1.3193066549423635,0,0,0.6608512094365413,5.557794060336108,1
0.12819053974942254,0.31297389933409114,1,0,-1.819900528730708,3.268670876665662,0
1.3895735639352578,0.9651149393076988,0,1,0.7328098378950101,11.588719269181494,0
0.6925009636084554,1.0570974539501155,1,0,-0.582690877884197,3.5273862575801713,1
-0.4418536636169282,1.1249491594333738,0,1,-1.9756278383043617,13.532935609961752,1
-0.7291787063529118,-0.8052813307195954,1,1,0.19465440028769868,1.0244283475913107,1
-0.975801315005219,-0.5697774433285788,0,1,-0.14272560662672792,0.6189370838304361,0
1.0059556161295198,-0.38652698786170847,1,1,0.37496722324935117,2.111996194192519,0
-0.6845510408852501,0.4928997689196826,1,0,0.20366745935637062,7.341638660171261,0
0.09317343484142879,-0.22306173454975942,1,0,-0.382387213484956,0.8392499922464309,1
0.2839099857810972,0.8593643313989723,1,0,0.04605704922448586,9.194258569143143,0
-2.064053187023302,-1.3797301448023933,1,0,1.6001009150275307,4.863102186936885,1
-0.8628903191137134,0.1494114650560433,1,0,1.2433048010899534,6.697127339080077,0
-0.020369518890393085,0.08991585742214,0,0,0.7383193674090421,5.59638028110688,1
-0.2426097727612277,-0.3863751521980884,1,1,0.21631472501437782,27.163055661907205,1
1.0872470832009882,-1.0352676772793927,1,0,0.5645803569237433,6.224555436482134,0
-0.15146601093612574,0.49548041904591583,1,0,0.5752571177490539,1.5306991563799481,1
-0.27932621836537297,-0.5867535245770539,1,0,1.3268597766818528,1.6585665336447375,1
1.9149109303998564,1.5899409287672932,0,1,-0.6974301664536354,0.8762496756389738,0
-0.966196771505704,-0.4399059433389705,0,1,-0.36839251946039286,8.056248204122088,1
-0.5747491631640834,-0.3887993219825792,0,0,0.7244828336714936,0.25074722270557803,1
1.2146034364193798,0.3404481480348007,1,0,1.1821756753516532,3.8223659015114486,0
0.2539467925562142,-0.0689456488668444,0,0,0.17523723034381303,4.768870770931244,1
-0.18958266374715088,1.3453117113424533,1,1,-1.6916283518564408,0.5993985338136554,1
0.3173149041875409,1.0565992940898423,0,1,-0.35095804220409604,0.4605915009354552,1
1.2080582132472308,-0.6658627421355527,0,0,-0.7065380698158232,20.323013808148907,1
-0.4985835566749677,-1.3885034120788675,0,0,-0.7497891368262123,0.769230759561749,1
1.7543026745329973,0.2969126888701442,1,1,-0.16699123659333584,3.575430050357213,0
-1.0553536325922215,-1.019436337895894,0,0,-1.9378389212595255,11.82997324433943,1
-1.0848653463112954,-1.5479150893589606,1,1,-0.15037223316937126,12.765517550751769,1
-1.0235494637734646,-0.2232433110630806,1,1,-0.5934650879701951,6.408767771551883,1
0.2144613064273446,0.7089620223258322,0,0,0.7808616128095979,4.214682038097332,1
0.7286189337671336,0.5448744014000204,0,0,-0.7564370540824489,32.47954539469183,1
1.3581767514270444,0.1156349792650545,1,0,1.4088154044354595,1.1581990596217415,1
0.4379374609277035,-0.3000222961411322,0,1,0.48202123791179685,2.1404078075041375,1
-1.1613997842734434,-1.0743218093834357,0,0,1.0554185787019252,2.6268130201458173,1
-0.729795224965255,0.10205548859182384,0,0,1.5781343218541373,3.3450167354506752,0
-0.3063709826950602,0.8144440072782526,1,1,1.4884373893519312,0.2252064603075002,1
1.670812618419172,1.3568934160628534,1,0,0.6313172931480463,0.1421149354428053,1
1.9262081845015682,0.5621200712957772,1,0,-0.5789467139171579,22.885580561625765,0
0.9666940668475383,-0.13351192166427606,1,1,0.8605820343178753,6.899822774613998,0
0.802329082077643,0.14183557670352498,0,1,-0.14323741745886698,21.21788171635847,0
0.9660302912819325,1.6456565620703771,1,1,-1.115130051173527,3.055187830856691,1
-0.9389355884703963,-0.11086144970369899,1,0,-0.9750067934611688,46.9804037334331,0
0.39620376376355676,-0.8831375116438183,1,0,-0.24858246675668513,22.624537890968526,0
-0.026487731909408434,0.40173195690421754,0,1,0.5917054901013009,31.217484096798312,1
-0.7679019843038596,-0.2191040218846405,1,1,-0.20858444246195457,10.535085115542117,0
-0.7470985052591597,-2.0375596942320224,1,1,-0.10700410332108944,3.3494003117084508,0
0.43820519253786633,-0.37877492734908114,1,0,-0.5297431415436581,15.232381968990172,0
0.5709556616520587,0.8978289041587875,1,1,0.7717243014023264,3.4099469038968286,1
0.3098819110921995,0.11221870424264317,1,0,-0.979439778598137,2.2706278095332286,1
0.6190189724776465,1.1739294587167635,0,1,-0.09161748667122478,31.978167514118564,0
0.20733979772085867,-0.893368027917185,1,1,0.46000197040188706,4.567539975202332,1
0.5523886309721207,0.9353276270927589,1,0,-0.2377079871118196,6.4927706853357945,1
0.5763151236582692,1.382821876492154,1,1,0.6444357932074332,12.491910517996777,0
0.01113535803131889,0.610286149593056,1,1,-1.092711168342375,2.6552055263891816,0
-0.890558271102461,0.7580847474485082,0,0,0.17052651188504808,18.548878762441678,1
0.6141542093432713,1.409446628091792,1,1,0.25885912125122,2.750369227336099,1
-0.04915239251655995,0.33756654885739656,0,1,-0.4595460461621689,15.242827465678458,1
-0.9395592544759633,-0.12954072345461953,0,0,0.08655929845419147,0.6192512398861506,0
0.6712717176074008,0.4840067036306969,0,1,1.8105544730534928,10.920601562867665,1
0.2351549863452759,1.434981922786154,0,0,0.8171893515991052,6.009100514182932,1
-0.4234661378760353,-0.2688323267273983,0,1,-0.31841309679575835,10.611582112458947,1
-0.7195194123088169,-0.6262248690737094,1,0,1.1978981368925403,22.644732658632403,1
-0.22252856380828004,-0.6536473875798252,0,0,-1.3234389420743637,2.2454066512485347,0
-0.7912098783887165,-0.3095432746104642,1,0,1.3234283302313437,22.047802013226157,1
-0.13092922691452402,1.1233013253272288,0,0,-0.6482595544657668,1.1478720130985802,1
0.2988996199721933,-0.7460262444168955,0,0,-2.2792771642229597,10.942984441876513,1
0.054198728294082565,0.11315891872588044,1,0,-0.7686930867132993,13.376869276086692,0
-0.9077916415222608,-0.35653030507365735,0,0,-0.979488247204077,23.240574572076806,1
-0.9424844956003547,-1.4660067336041207,0,0,0.20470838644514122,2.029640910526117,0
2.069231439295056,1.0524678817465436,1,1,0.7201705974775958,2.8167691207230385,1
0.3350679659698366,0.5125659589452912,1,0,0.30259685598125724,6.241296946325765,1
1.0753002872875812,0.35997242642176847,0,0,1.0250541734257754,4.325604989814262,1
-1.311389218933484,-1.08390557695081,1,1,0.09899979331637596,4.400982890122881,1
0.39254488712502106,-0.6838749577746768,1,1,-0.5066055579670751,11.905996857752605,0
-0.017325561529169274,-0.5897749090289799,1,1,-1.8512665983629826,0.6237910206740102,0
-0.28468121935506796,-0.13435326659943161,1,1,1.9639392557668005,4.663764976430684,0
1.5037267318976968,-0.2828483780042089,0,1,1.761235004296563,8.186185825266046,1
1.2967803964690594,-0.31135852501762606,0,1,-2.7924618291418173,2.76066076864178,1
1.1571864555593636,-0.22713838590606417,1,0,-0.87118787464826275,5.327908302812527,0
-1.596397049043943,-0.4698502377586568,1,0,0.2237777585918194,3.9425613782115203,0
0.8202636678170313,0.4631259620929824,0,0,-0.9111662970807761,4.889686227155229,0
-2.392891507614462,-1.0112545197970304,1,1,-0.2825919436055389,8.037225125628314,1
-0.27824299899607297,-0.6467297683453541,0,1,1.0702520755268756,3.8889982438846533,1
0.30651534733661967,0.5744931715827859,0,0,1.0079073922377995,7.958663948661951,0
-0.3664149570449606,-0.33715569340365614,1,0,1.1284732043640366,3.463772238076975,1
-0.5212193144095348,-2.0098262700845804,1,1,1.2696737936882947,7.229122876150014,1
0.09666791523233327,0.5124731620465867,0,1,0.29135142539259035,2.5219890909890337,0
0.3869986126746047,-0.8904491103881406,0,1,-2.0501984009700798,0.48105653841048485,0
-1.776052817692856,-0.7845547471139496,0,0,-1.6594117402357345,1.7142393432247143,0
0.05656770619420015,-0.02737519521476768,0,0,1.937376472154565,2.9779838010047874,0
-0.9511914042297973,-0.27280754611072783,1,1,-0.5624153040789107,11.658181171785001,1
-1.5113800990426614,-0.08184007453816167,1,0,-0.31494765999088525,3.638970844003151,1
-0.22059876862071784,-1.0453706105015017,1,1,-0.34359552184339703,1.9647434974710147,0
-1.0663720163282013,0.1717621971173987,1,0,-1.2790317351530727,12.318011217462972,1
-1.5184712308483765,-0.9147962724002545,0,0,-0.9130647518499552,34.708314045405,1
0.9249576696278848,0.8280544039482016,0,1,-0.722305143154257,8.677856922555051,0
-0.410554767440923,0.3705645000495555,1,0,0.7062787549514682,9.189914127772155,1
0.4434614930081669,1.23107194497648,0,0,1.1371384329499128,3.1635403982363646,1
-0.10943730425567737,0.6626910265093865,1,0,-0.2855214682354538,3.5775174153968696,0
0.002880341922464569,-0.1469036635933746,0,1,-0.40681250559546517,31.160432249824883,0
0.878718382355856,1.693613803998573,1,0,-0.2971844294533554,9.910056017920477,1
0.4689329394676013,-0.17845629927794676,1,1,-0.6466522734117293,16.695460512387818,1
0.717868676612774,0.6805260754516711,1,0,-1.0296785379126974,4.051739933578974,1
-0.7090718340540443,-0.619271127717391,1,1,-0.9359081044801323,13.801942257839611,1
-1.092046545433498,-1.212709827164384,0,0,2.489653501190507,9.698219239982569,1
0.21511581500608354,0.18724664234061256,1,1,-1.791586349997605,7.757433895491793,0
0.6335308351033707,-0.1343145664571293,1,1,0.1934982066773195,7.090857498010031,0
-1.3578356577377249,-1.1670980931788044,0,0,-0.011318541384976248,8.396779722184045,1
-1.5265433779263071,1.3722706235972266,1,0,-1.647717552674062,29.065287033829105,0
-1.975008396281812,-1.064521447402922,1,1,-1.150738524347263,1.0220025549642742,1
-0.45915956949654374,-1.445001363446932,1,1,0.3279887731699581,1.4759402217653892,0
0.8435183454157302,0.6562259735417115,0,1,0.5487391965400505,16.381477703571523,0
1.1156931126355638,-1.0881387687442967,0,1,0.017631545443110262,4.691198258660734,1
0.2704879282747837,-0.07508037246321647,0,1,-0.6334767099536381,2.9761795847055814,0
0.9216623575517435,-1.101356447676717,0,0,0.9462671316599985,9.381609021646383,0
0.8871331563073562,1.0195273422600846,0,0,1.8983637605670245,11.269595652158165,1
-1.8110449217971885,-1.0606793849205558,0,0,1.1915676625476825,9.205183440779749,1
-0.7603437861465775,-1.8433445738885272,0,0,-0.11814178247264924,0.6414871995680387,0
0.32975088148841986,-0.0637657380679543,1,0,0.5770067542100064,1.9308845240933201,0
0.8869774344055273,0.8452395255551575,0,0,1.5303351899022335,2.7825965429656208,1
-0.16663410754743752,-0.7682307589886723,1,0,0.5561645086065092,0.824553824657353,1
0.20565072971019555,0.9716337370721865,1,0,-0.13928520462428506,25.201089748086613,0
1.5459596040760413,0.7377976320785161,1,1,-0.11142269982361995,3.5676673753187065,0
0.36932748634987017,0.3190092987943083,1,1,1.5686867095202874,4.969983365541945,1
0.4256590650314066,-0.40760253105546934,1,0,0.21446099603184984,5.893262296875419,0
0.17926620004073907,-0.4567922507293466,0,0,-1.065898245199191,2.868603162157039,0
-0.6733648736392601,0.4872654997970055,1,1,0.11889510684299746,1.2562730824583885,0
0.09062552523884684,-0.4883776689229873,1,0,1.2977669206752502,17.640226659246093,0
-0.7900745901809422,-0.005114711603389166,1,1,0.016124365717336303,5.319375199420999,0
-2.094105631091969,-2.2671670291051593,0,1,0.7834428905418175,1.543916614415745,0
0.4582261910398885,-0.30616964113106643,0,1,-1.8287487827762137,1.7234410244376044,1
-0.19231527537228557,-0.43609783406910935,0,1,-0.12471121187670658,28.673930318876856,0
-1.4836300672905816,-0.5182187692449398,1,0,2.2703794591436215,22.35337152661662,1
-0.4819733975512559,0.13339576639129014,0,0,-1.4392502203869098,1.1459582694592005,1
-0.13419327973680784,1.1358524807748502,0,1,-0.20761380893242437,1.3211719290739636,0
0.3826219736852724,-1.7230841552057738,0,1,-0.2113620352816033,16.4657679224215,1
-0.8944518151400208,-0.6313907434565127,0,0,-1.365876999168311,3.560396687438091,1
-1.0616351806792932,-1.0151278086266335,1,0,-0.21939642070946266,1.05103978200074,1
0.20550585929812493,0.8065753301997934,0,1,0.560307212102706,18.259205996658636,1
-0.4635409725982953,-1.2701415394974456,0,0,0.4867976257197977,12.77295611728748,0
-0.8998711468401677,-0.46172892529994447,0,0,-0.7065853701336082,9.204466687165302,1
0.3264451820141144,0.04399114885506722,0,0,-0.5143365717909533,2.848949756783744,1
0.2450627999695747,1.2185022931239184,1,0,-0.1671292586191494,3.1339929865983627,0
-0.2012345491887496,-0.12700113659871218,0,1,-0.33350697459417084,11.309578471156561,0
0.9633095546463036,0.029363644414939494,1,0,0.6526185417688809,11.64568114217521,0
-0.9229837299376098,-1.370223632416566,1,1,-0.7041838375397331,1.9905130177214576,0
-0.4885882097855143,-1.0450180941152214,0,0,0.8007328886304612,0.16389131411356958,1
0.814126954535097,-0.28780084499742004,0,0,-0.2779479149935431,3.1769729879063866,1
-1.6117795301644435,-0.002526921561692541,1,0,1.1918426756467753,4.04320382901157,0
-0.2615306297476508,-0.35729799711193483,0,0,0.22959453558841622,8.175780913623944,0
0.4012372782433084,1.5680728917937095,0,1,1.2868053097386345,8.316746602105699,1
-1.135240563688284,0.6325494910811682,1,1,-0.34980838427782157,0.006544077375745486,0
-0.1843595862457496,-0.4048107061025763,1,0,-1.8997200946332786,2.3969659193729362,0
2.1456728681121624,0.4520342566172223,1,1,-0.3739139964777895,4.341604490764439,1
0.3572858522981366,-1.3893169084230899,0,1,-0.16009947437056576,5.514857673551887,0
1.6955644722032535,0.6997086167038649,0,0,-0.1983835400927898,7.297331955865127,1
-1.9303016806568392,-0.4278983407255734,1,1,-1.3937251534033557,0.06658161340398595,1
0.6396420097882015,-0.523332602126326,0,0,-0.7598463472294354,9.131626357595229,1
-0.6372758026438787,-1.3652615613307655,1,1,1.242947270392825,15.922090069895171,0
-0.12368760631996964,0.2841116156253737,0,1,-1.187774892700199,8.86275806274027,1
-0.17033829509563006,-0.6160257464535723,1,0,1.2945816633648186,27.83929419874192,1
-1.0856132533038545,-0.5430715208154603,1,1,0.036440019569513815,4.79492776018257,0
-0.1025323807565831,-0.35325966245539264,0,0,-0.3950763782313965,14.743562802593116,0
0.7633129266065238,0.5091832959548198,0,0,-0.9109767850840076,6.428819692654016,0
0.34399401148138037,0.7679662811997304,1,1,0.48158095233102566,5.941440229672476,1
-1.6260961978786541,-1.2396279146683615,1,0,-1.150096851513498,2.294708044352116,0
1.3352358584307247,0.520776170755835,0,0,-0.5298652932136393,13.020547523941403,1
0.6067690571377443,1.7435921883542447,1,0,-0.5630005082209322,1.5380417772496857,1
0.8455671039981217,0.17387921011188076,1,1,-0.48390867676376514,0.9289093313455915,1
-0.12035878850416565,1.0569228415146417,1,1,0.9291024260246455,4.664121789392084,0
0.18274378629682392,0.3888980158474391,1,0,0.14042888142763435,4.504199799034264,1
-0.6071733826869419,1.3110154095156226,0,1,0.7375621935693268,28.660717605144193,0
0.9226240958079719,-0.3076901086845001,1,1,-0.3126362579186193,23.42969831940383,1
-2.432150722101504,-1.6218905470683112,1,0,0.5209708334873728,2.3713031744894884,1
-1.0577320531208618,-0.20853627114930162,1,1,-1.5324740624938953,42.9321670414589,0
-1.505768008483157,-0.9867954601258744,0,0,0.0920275695434344,3.10958704899474,1
-0.9699133385292211,0.37704038329547596,1,1,-0.8071391083767131,1.0866381577216089,1
0.4593304648450078,-0.502813703979335,1,0,0.6298405654797897,20.142259232341157,1
0.6682485191000312,2.0409355045410345,1,0,1.1178203017572723,1.8636179622262719,0
-0.5668046612472054,-0.1474969484103265,1,1,0.3129484327426559,2.4205102856891854,0
-0.030222122538333947,0.09321462376032401,0,0,1.8117900489660266,5.115168745249342,1
-1.6411991171984144,-2.1289862949578695,0,0,-0.1910978134693931,1.7710536213902137,0
-0.36734745773338634,-1.213257502867825,0,0,-0.3223209122481098,4.826059627036254,1
-0.3229921897492323,0.15941456448537378,1,1,0.937845646116927,7.547152872468136,0
0.7214150905494224,0.727374284612851,0,0,1.3308548100272428,3.5328366211615507,0
-0.02443325474929855,0.4140843582848805,1,1,-0.04377051732532805,3.9686643091651304,0
-0.02835229265796764,1.8092034703206668,0,0,-0.507035464391938,1.6020480116518836,1
0.18154584972487445,0.07961314260396395,1,1,-2.2778009391083334,2.3079444033404193,0
-0.7312849518988899,-0.3910614066790122,1,0,0.6508618105222682,2.611817112968614,1
-0.6280301512064871,-0.4865869812839845,0,1,-1.2834951575132012,36.73181159401712,1
1.2276560645687722,0.0982814418570439,1,1,0.3721914071222169,8.17707516994089,0
0.3676937028103175,0.18910552316140797,1,0,0.13329820210047336,8.447394643870595,1
-0.6244289161610506,-1.3141771879112583,1,1,0.8128683947764022,5.84755601947268,1
0.5020502145731885,0.737502394270914,1,1,-0.21604288125045748,1.9668485628125156,0
-1.2323695592434583,-0.12161833114805037,0,0,-0.7959527156080676,1.4435667648071322,0
2.565287344918751,1.6813906948587931,0,0,0.5883643902368167,1.001838210504502,0
0.19820954348359038,-0.866071886157616,0,1,0.4129143437094851,11.418821747685575,0
-0.7083932889464274,0.20023581354970615,1,1,0.8186698807493857,1.7815373381865107,1
1.1936102489786473,1.4955801957265236,1,1,-0.5804821661690444,0.5052754345039527,0
0.26568352501538933,-0.3367212037842976,1,0,1.4996518912026584,5.076785971565793,1
3.0631234245579098,1.6881054677467837,1,1,-0.8539840636126215,5.067383598846694,1
0.7667960989069843,-0.06518037568136176,0,0,-0.17337376645318636,1.2902734063876173,1
-0.20711375080047742,-1.4348382283055048,1,1,0.36011722725106204,1.6640986850893418,1
0.3010416946468229,0.40728303614121397,0,1,0.5524922255370625,1.2890289500281533,0
-0.9235046920305394,1.0663579859858379,0,1,-0.4005178361641195,11.058525989102924,1
1.264743166027896,1.1959142266260658,0,0,-0.6925545790782462,1.1721888440661132,1
-0.2744952504510395,0.1193986978693547,1,1,0.9882800036475607,16.70791357685646,0
-1.5447089616683611,0.5843329090881174,1,0,2.786439897402411,11.959295532897317,0
0.5646798546690937,1.1240672763763229,1,1,0.49519311758212714,7.780975425447273,1
-0.3007760160295372,-0.7296188701453291,1,1,-0.27977706445586004,2.301921326822291,1
-1.2536211111611295,-0.8484852711359856,1,1,0.8917533994820808,19.0809172291743,0
-1.4712902017937881,-1.1378319632370417,1,0,0.20640029601079854,5.917762537084743,1
-0.7171427124523732,-0.7865749391846646,1,0,0.5637211425457858,9.541252728511992,1
0.7844405052599309,-0.7971142358314938,1,0,-0.2924879035549232,8.13363091378356,1
-0.5814646950783549,-0.3323010511087613,1,0,0.08061637633324975,12.796564073533021,1
-1.7595802730436634,-0.8664799004847299,0,0,-0.8921928201022042,1.0578065101678173,1
-1.2028464652336397,-0.2614905009069217,1,0,-0.6597151888417631,1.8141340309133134,1
-0.020482266410940524,0.05689074470864185,1,0,-1.0556278652222468,5.119809283254048,0
0.09491975761081144,-0.21333828901738658,0,1,-3.056224697415405,1.6591796651482584,1
0.9197391773560591,-1.3562207834360998,0,0,2.1343085386258034,10.29592347122344,1
0.7729063092371824,-0.18734534406089187,1,1,1.9357216173827274,3.8701737881638114,0
-1.6777316706835985,-0.624395745742574,0,1,-0.24400894982485727,1.6418747984179702,1
1.0513680310035385,1.880899573653967,1,0,-0.02567030822892528,4.44546095483626,0
-0.28816872588003517,-0.318357068777948,1,0,0.27044526440182454,43.730093924361675,0
0.8819484966374385,0.23920147221669597,0,0,1.0292225675906532,2.2586284127707286,1
0.18824409373836418,0.9765754998600487,1,0,0.3579494862689699,6.255567094129357,1
0.15918776467116497,-0.34693992296356246,0,0,-1.0324183050081428,20.826674236176217,0
0.7643719874745412,0.4096843669683431,0,1,0.2732839533802633,8.40814791895211,1
0.04595095694662651,-0.6830363932977918,1,1,0.17816577354679136,5.550094779270391,0
0.7973879049233495,-1.0417613898105689,0,0,0.07292720269399776,22.775390355107987,0
0.08872229771564631,-0.37524170211767177,0,1,-0.53904151941448,1.2949595033812027,1
0.3667707373804752,1.9960375969007256,1,0,-0.5038963157499323,12.405338494648738,1
0.4876295419692957,-0.7698294677776656,1,1,1.0070619444724194,7.172966259058451,0
-1.2010280779634952,0.21843858526211501,0,0,0.1349041881087891,40.85687288458964,1
-0.9304768535548805,0.08609800434108456,0,0,1.5431943718063452,1.3616141863167286,1
-0.6335261940297809,1.3869434592710237,0,1,-0.8520572073894102,9.311537754682305,1
-0.6657617255405421,0.0016140124156051039,1,0,1.4819031313192008,0.15462202325402336,0
-0.21177975424512085,-0.2659306950835672,1,1,-1.2187293303913316,3.2037791407977543,1
-1.3675868251324599,-0.867500969610675,1,0,-0.004583385933216985,5.5163239284108085,1
0.657105983301959,-0.10567800471151417,0,1,0.12346057484071958,14.04790636082014,0
-0.4968050171702684,0.39947193713897355,1,0,-0.7941234558907461,0.022997559669117134,1
-0.6023567628983062,-2.234850091909969,0,1,-0.0964573358601643,2.8618181654944,1
-0.4353418381438385,-0.14606156032103854,1,1,1.0221152931547168,2.056022508380314,1
1.5743950184795394,0.33349031372143906,0,1,0.7601432528960451,7.5747350460142915,1
0.5289106779915488,0.759218538475098,1,0,-0.36643572975249067,18.66390736184743,1
0.7529629855465496,-0.4839989391773595,1,1,-1.6813683614723063,14.747415063202585,0
-1.9147345011181254,-0.5413457083014365,0,0,-1.1999390959005578,1.0511633108064597,0
0.4121280339141916,0.2173284971198782,1,1,-0.4018264486790434,11.644437229386316,0
1.737092865883217,1.1843845707545402,1,0,-0.1573863761615858,18.455841632525406,0
-1.5279433257593567,-1.5487754164076666,1,1,0.930406340854769,5.140406230930239,0
1.9789772342093526,0.5823877689789876,1,0,-0.8653956224752826,8.363990050700906,1
-0.8314044824438106,-1.5009333188842497,0,0,2.1599907256098807,34.805148655267935,1
-1.0183020225226198,-0.1353065576712938,0,1,1.8418525935659198,5.109121576727679,1
-1.0690678718673214,-0.4013948349344651,0,1,0.5118119447479138,1.5046492762242756,1
0.8407517444915844,0.33463901151490083,0,1,0.7829983369786142,16.85138107207438,0
0.8632881370018636,0.022474003052405656,0,1,-2.506129868447333,5.608493097436925,1
-0.5809515250954955,-0.17575494078500953,1,1,0.1749964840859603,4.315008327830583,1
-1.6169034029037954,-0.7326055136434818,1,1,-1.3498973140241466,2.4328018926704926,1
0.11863936969566222,0.6950633640290296,1,1,0.9143325261800813,1.4084367572700254,0
0.5289933642900995,-0.10631468430941615,0,1,0.9556441406636379,8.521711476728422,0
-1.1386021686109908,-0.9422314986019158,0,0,0.44591697424611504,14.257790395910744,1
-0.464377662138014,0.16970738771974508,1,1,1.6900870463652988,5.87066980819911,1
-1.2535299711035615,-0.9328779779847973,1,0,-0.02252810535905475,0.3703093117413422,1
0.44607541045494586,1.206851944540552,0,0,0.6687853574998115,1.8269912339746954,0
2.241643815998866,-0.08743365181453555,0,1,-0.1234781252223779,8.25474788651312,0
-0.7815174078132443,0.20153324672043527,1,0,-1.9178157291267566,2.766114263795316,1
-1.5711870072187923,-0.6937193654568201,1,1,1.169041094233801,2.55746088999634,1
-0.7404917429537242,0.21108728326110177,1,1,1.0132407868986986,3.1512441850888235,0
0.5437177293599531,0.6610905245856873,1,1,0.9106613971593795,3.501139273043727,1
-0.5383782455473587,0.1638640517568959,1,0,-0.22689921906489227,3.077389928512275,1
-1.6234364494986333,-1.045242512429009,0,0,0.5915888255738786,6.638173197212421,0
-0.8812235859873059,-0.49753316319822855,0,0,1.5480997591270538,1.08832759035573,0
0.16179148643859861,0.20826466858446058,0,0,-0.28572342879385776,0.5702206098502909,0
-0.19308632090450442,-0.5910518512635972,0,1,0.35701064123137877,20.235837575860625,0
0.6391629494510094,0.891488693970139,0,1,-0.7251340703429298,2.4015132687054574,0
1.1625390559816848,0.20639595328921861,1,1,0.8062207283248837,2.090475206046881,1
0.4243326370777195,1.4124998624154887,0,0,0.8902994688430108,5.960096271048091,1
-0.08148548603009802,0.30011880148487025,0,1,-0.5776632357942784,3.1174852469035903,1
-0.9057423374081517,-1.291624261707534,1,1,0.7935156313105882,4.4816709899654,1
-1.0929782107068544,-1.7639441458390408,0,1,1.7227846816426877,0.011263372402034805,0
-0.43233330062117675,-1.0606115357783374,1,0,-0.22928714285406815,4.082124100798315,1
-0.41098333323991665,0.52266353325169,1,1,0.9859933745327946,18.504640878059273,1
-0.14597556812675985,-0.5231998500316849,0,1,1.5170969833805126,0.2223805175162852,0
1.975201280219629,1.199748153402542,1,0,-0.508260318288129,12.289860223658303,1
0.0010718096755932824,-0.19123905200284436,0,1,0.9461579044379688,1.3902253666433362,0
-0.6936604232979436,-0.5042094622288387,0,0,-1.5388072796133319,13.413581838131345,1
0.299221365381956,-1.2731020689838546,1,0,-0.5401066411599875,27.16538275165735,1
-1.1315220632688254,-0.654022901209093,1,1,0.25121252215052475,7.002415468876662,0
-0.4110400754954283,-1.1186848446631106,0,0,-1.2292085557653467,8.5608579990989,0
1.484342991096695,0.3182460667973249,1,0,-0.27605379144949077,8.607208910214382,0
-0.3505475722002305,-0.6002265343167695,1,1,0.3115665950004693,14.213723347132607,1
-0.5127677921094426,-0.5173214177329566,1,0,0.5723229609527141,11.422652362806204,1
-0.6601546464779081,-0.6290754752926907,0,1,-1.4544882317997592,4.4747138473515715,1
-0.13442411139164703,-0.3228206146822266,1,1,-0.14517700857965182,8.274344983160598,1
0.717134016643736,0.5481323490190314,1,0,0.13496284442029213,0.6999486397641401,1
-1.093382833585758,-0.7651692777469952,1,1,1.3375972180178914,5.120061830772708,1
-0.7613607441521283,0.3885061413101671,1,1,0.11369227107214264,2.1287709944476547,1
0.03910451591821092,0.01135555711950913,1,1,-0.40334362108988076,2.8305179400679967,1
-0.3732473755584918,-0.046418329352399174,1,1,1.3981172852180508,22.30319695752641,0
1.0801593485659362,-0.6085542829501276,1,0,-0.08511150766403386,2.602577671253433,0
-0.24681485499232772,-0.011438667042624792,1,0,-1.0879150376820585,9.851450891815228,1
-1.473430907591574,0.11231870918463538,1,0,0.9512895198270275,9.394258733799163,1
-0.28724416260008606,0.24450370075579445,1,0,-1.6935322975625986,15.132337233593269,0
-1.521436945773682,-0.38270043781845,1,1,-0.6911912160781926,3.3285113827635846,0
-0.006331843296769314,-0.19067049667950353,0,0,-0.15571791897738987,2.25218718405813,1
-0.8964927082852071,0.6587379735397334,1,1,0.9727157529638456,7.241258436153434,0
0.8779061206419679,0.8394405768506044,0,1,-0.043962788842979314,0.7408922538161278,1
-1.0344474367227778,-0.8470710413727769,1,0,0.11453786744204662,7.066670851431889,0
0.76496510955565,0.8464958306418728,0,1,0.2460678842027958,25.67029831170083,0
0.2963630431709803,0.12007051790501695,0,1,1.62797346505567,3.224317620818814,0
-1.2825454061728596,-0.15013178043108832,0,1,0.8652321739068877,4.111152468249202,0
0.5263864952270052,0.3773406536302151,0,0,-0.741359375802645,4.4300695186576204,1
0.7442005921159591,0.8394756136985382,1,0,-2.270030256836841,0.8618987592247626,1
0.6370356683633464,0.12111158347736767,1,1,0.35792388899338223,5.176415728761753,1
-1.9242255243610034,-1.5405064288827013,0,0,0.19390810825573945,7.721095850030682,0
-0.13863472324314366,-1.1594245099828464,0,0,-0.14743679346912314,7.899781317061794,1
-0.40025426102084943,0.21577835445835694,1,1,0.08794449209781245,3.430312014340113,0
1.0985069885609369,1.47191312815968,0,1,-0.8946306027317854,5.547771338994305,1
-0.13034865225597253,0.12010222339509882,0,0,-2.0423463325279094,7.6168726505315325,0
2.1292675687000884,0.8187477746131275,0,0,-0.1746786640721693,2.671722807766249,0
-1.620606229752884,-0.09464002576917752,1,0,-1.1425879192467445,11.397968845402303,1
-0.6395353944025316,1.4214920990249875,1,0,0.9035674499343384,24.939771864404687,0
0.681995797991867,-0.38139972301039665,0,0,-0.1738980032537523,9.935483408724155,0
-0.5340333100366248,0.08153543263972374,1,1,0.4061747024586598,11.492595153821114,0
0.46020075733578825,1.3304078480396133,1,0,0.11178607534187364,3.688644198700786,0
-0.7829022468858273,-1.489524713674065,1,1,-0.08014013661696816,4.979356898305317,1
0.9320630231061532,-0.12905339044012337,0,0,-0.8227374641728602,4.122735765607407,1
1.2302530991001166,-0.789121124219016,0,0,1.339184182595649,4.241688642650843,1
-0.6836379203504205,-0.5125971677098271,1,0,0.5635785809239271,3.5381193272769456,0
1.2432612860330579,1.4887831766875221,1,1,0.18455789548894333,17.445341592918513,0
1.013886077972825,-0.02052693847737197,1,0,1.6040476653102809,0.9265100272993247,1
0.3706080500327699,-0.027342501516052192,0,0,0.8023657973970673,26.20618709533454,1
-0.6543756256025278,-1.2244622344934952,1,1,1.5343921530498783,3.031227904527138,0
-1.4488840652675719,0.12452782968623377,0,0,-1.1666250402685843,6.070512594925962,1
-0.9680894133427074,-1.8952047752898622,0,1,-2.4903738968522084,1.7868527846736073,0
-0.9959434665481101,0.7963534462444608,1,0,0.22590890938420236,8.925946343650523,1
-1.485984913136673,0.15693033038234172,1,1,0.3513047104558149,1.7121856352582974,1
-0.5156884925199767,0.44008612857433693,0,1,-0.8466054699466091,0.04140618296700311,0
-0.3283615596295498,-0.11703295718614269,1,0,-1.2015193209446804,6.986297776288388,1
-0.6758419825561366,-1.2926258381969362,1,0,0.9741812440394498,5.706816512004783,1
0.11783218364877206,1.4964534883666898,1,0,0.6078290763743331,4.614617190478991,0
0.10507996016468393,0.39455615146232237,0,0,1.0888269795136423,3.0589959855812294,1
-1.5724728027025006,-0.9027115425839409,1,1,-0.5896255659415521,12.234735322969579,0
0.3399696503093002,-0.9159445681816127,0,1,-0.9019703830407388,3.1335704339047274,0
-0.3374268616968133,-0.04501712634808999,0,0,0.2158244878078564,7.850606498579285,0
0.10072816129130721,0.8375025224703873,0,1,-1.2206527646586824,0.3338155964442939,1
1.6539528573909057,2.240647675374889,1,1,0.25772423616993806,0.6787687811690073,1
0.7000116657901835,0.34843459847039715,0,1,-1.6351376473519128,2.6439360067511313,1
0.0672432153259975,-0.9744482808798787,0,0,-2.522957302132211,27.341348862737824,1
0.010785542510292822,-1.0875535939423588,1,1,-0.5673326398568969,1.2978671361013492,0
-0.5082768560681357,-0.5290514927988031,0,1,1.0121673949917094,3.6012698314152662,0
1.5827097830778192,0.08275956793949979,0,0,-0.08438742514594068,0.28727526854102814,1
0.1726513354070537,1.2092635859467074,1,0,0.27806001230764543,2.024430460336678,1
-1.0194364146206254,-0.28040781222893024,0,0,-2.244862612064584,25.27660482845675,0
-1.0159527874659986,0.05201122152068671,1,1,-0.2276049224354932,2.223316633396532,0
0.49350400746233686,1.2830230419938036,1,0,0.919357885108441,20.73155180446089,1
-1.392996913295164,-0.12238560468401005,1,1,0.3721407686225301,2.664801086454342,1
0.8434288772888008,1.3685668826521389,0,1,-1.5591232998835336,0.21227253212903938,1
-2.0137568870814486,-1.9427211715138129,1,1,-0.15478515525279907,5.390565811345975,1
-0.31026457076580327,0.6964606121079762,0,1,0.5840347588804407,23.29236840068341,1
0.5865216505362582,0.7646231813264098,1,1,0.2752758871682883,1.3493180119742951,1
0.7963170529517822,0.5178721360057432,0,0,0.24612913761034524,0.8975144980164866,1
-1.5744803365343727,-0.8374226304117331,0,0,-0.7985688584676846,1.4282333936231832,1
-0.2634894924770334,-0.0836041212535043,1,1,0.19639965339523818,1.9396201274945395,1
-0.3071903382583562,0.4167570751709114,1,0,-1.4941662084237872,4.008994247609129,1
-0.49352106720164224,0.5379153181342651,1,0,-0.2118357490543409,3.649220466813327,0
0.360754305918333,0.9806184728927887,1,1,1.439895786871389,8.169143437057835,0
0.06427083168844455,-0.3332168785945486,1,0,-0.3795395204643123,0.3827443865950754,0
0.8291930066695957,1.3067421961574612,0,1,1.4525000679345648,4.827830556314439,1
2.4074805789303295,0.6566301317153457,1,0,-0.6991539321829544,6.933393049635095,1
-2.076606051078663,-1.3912200619471176,0,0,-0.015182333303343903,2.2763500222936273,0
0.4872504534436948,-0.32400920475214123,0,0,1.5642588309274232,1.1806631227955222,1
-0.9782952711036275,0.7645027411968278,0,0,-0.20893212626099836,19.235361878641253,1
-1.4466229746332804,-1.0849927558764425,0,0,1.967551516482576,12.662473349210222,1
1.0384975783571149,0.4261210905488694,0,1,1.3969164038256097,5.065403634216636,1
-1.3789518647348868,-0.7639075722509828,1,1,1.628038930737113,0.3820659786773225,1
0.6636313891738589,0.09245892892557026,1,1,0.5145024373923467,6.163408133472107,1
0.21110672950018758,0.0871922366970232,1,1,-1.185747079873175,16.079427644996866,0
0.05274941402665821,0.009368984874551723,0,1,-0.14057254084720727,2.3886710371506026,0
1.6811549557668157,1.8391134211910245,0,0,-0.4050451217392208,1.11474206510683,1
1.2114084918689558,-0.36255657875967506,0,0,0.9874716572616706,16.82029436272403,1
-0.9939233152317046,0.39241479009555846,1,1,-0.12050253793352173,1.0895786525401796,1
0.8031261803218546,-1.3890962180362334,1,1,0.6655220610537591,4.631615608620147,1
0.9070725632274748,1.4374769723995642,1,1,-0.3880816524196623,4.634448571596295,1
0.8014636266591394,-0.43551239751686094,1,1,-0.20789451371953604,7.634584892501535,1
0.23652506710119903,-0.046617161244719235,0,0,-0.6143693230970797,1.700547251775563,1
-0.1324068544442345,0.2988270464017741,1,0,0.8631472136634238,16.287837580387993,1
1.0001142309944373,-0.25960814229680196,1,1,-0.2127746662814991,6.361620225868252,1
-1.1206503664995258,-0.7229519335766705,1,1,0.7037533045594588,19.164830057141984,1
0.9080750979195127,0.20273528461338747,0,0,-1.112413728692725,6.053224081444345,0
0.4129002777550143,-1.1063832323303462,1,1,0.453870539783727,4.46186235252147,0
-0.6314963019983061,-0.14969479427673754,0,0,1.9561652881132403,2.203272370951939,0
1.465168821286544,1.0873161268757232,1,1,-0.3807373260641889,2.4040672501238687,1
1.4378066498563344,-0.08378374901286956,0,0,1.3259935801466596,5.15534921706768,0
1.4825592415861604,0.2943025520414874,0,1,0.3342862628188972,14.030337938338722,1
-0.4650073329371394,-1.6924459286200364,0,0,-0.3375535293259347,14.30470780399462,1
1.0969822639178082,-0.001098464053826076,0,1,0.3216663433455008,25.559843167846026,0
1.3353454160101605,0.12914293828840062,1,1,0.39513246323986256,1.3183234802757702,1
-0.051820135653403106,0.44084048999056047,1,0,0.6915766612797274,0.9209702180753799,1
-0.2744492352058114,-0.42397466542515505,1,1,2.120625950905805,0.0706392316025992,0
-0.3368481445641395,-0.42301119487164435,0,1,-1.2773819397168327,4.925955149034659,1
0.46706267131464985,-0.9495288234504156,0,0,0.4580494866457621,3.070405637845397,0
1.2545862056306394,2.979681016438235,1,1,1.5824203088584499,3.179066919256002,1
-1.553651718808124,0.8426214866239496,1,1,-0.5940118515781692,4.703734535723925,0
0.13954907794341345,0.8712870979086945,1,1,-0.26793740164284857,20.39973110165974,0
0.2756042928734886,0.36139120921679013,0,1,0.6671071061732874,2.3399040879060826,0
0.5763662805910592,-0.11094226723480405,0,0,-1.1878390108114607,2.700026927050203,1
0.5701785719898455,2.128230204840625,1,0,-1.3023503143915438,3.124824713449925,1
0.9567348349362443,0.3201216713583588,1,0,-0.655085700898444,7.746321176831326,0
1.2308305250003573,0.4067634421320097,1,0,-1.413902484677596,0.12268566658135614,0
-0.3327183545454899,-0.8480496239021095,1,0,-0.6542763748018918,0.289182384343197,1
0.8731053815990523,0.7303999704453221,0,0,1.2388310201053518,7.450841902405125,1
-1.3788942765176044,-0.8287026841292546,1,1,0.6012889639062249,20.813200737929684,1
0.14672231246216239,0.10036683296919148,1,1,0.0652535182536382,22.970567533937896,1
-0.5318045343104294,-0.9194946312736667,1,0,-0.313989049368775,6.06304941461613,0
1.9986709136848484,1.5486238567436883,0,1,-0.1149979804382871,15.322125562697853,1
0.7727457782162701,-0.016984200331985666,1,1,-1.4351102223643197,3.758393852816274,0
1.5930381106992786,2.356653937148206,1,0,-0.6712281239413252,5.113923988149812,1
0.9092352612067919,1.0266681173641645,1,0,-0.37664549213664184,8.143411017604274,0
-0.5503363290334601,0.9274266941868539,0,0,1.4032277556051704,9.490084034661555,1
0.10943515822880588,-0.42515990144380333,1,0,0.40928525218651524,11.634998115942084,1
0.44823187017105526,0.23308799934467186,1,1,0.12893408510913565,6.845044258942308,0
-0.7001893583324621,0.18646959582411637,1,1,-0.36039983114135793,0.5136538840209445,1
0.5133200855842652,-2.050227087137012,1,0,0.9296619309579895,2.847255972058823,1
0.1540967516418026,-0.9966644251648062,1,1,-0.6342019303314097,24.13601959469968,0
1.3605226696001067,-1.044889687272946,1,1,-1.1205284165438212,1.4592088057665287,0
-0.36731243103753364,0.3877807380827814,0,0,0.2336240616311436,23.957361652046846,1
0.15039894184397368,1.0747171667720015,0,1,1.3423818001231085,3.0514432388978703,0
-0.5987706004067552,-0.36478623447967307,1,0,-0.5413809823346382,11.752318820383518,1
1.0326675500868994,1.4436992925809957,0,0,1.8763634678695094,14.676944274376039,1
1.3060463846442119,1.5233078276282557,1,0,0.620981572631885,8.331271834942303,1
0.04228004395212141,-0.4471103067082125,1,0,-0.9960908111289781,1.9390165267293713,1
-0.19153151942097754,1.2965744497580305,1,1,-0.3269803527109455,2.7507432665778047,0
0.7378934540839988,1.3900207049069642,0,1,-0.23953537925227733,0.22101389477029446,1
0.8665809407186821,1.0770448636595011,0,1,-0.8328899362033159,11.233031058644357,1
1.4714974524270386,0.021050423267225726,1,0,1.094632478024589,4.353923482509951,1
-0.10631104049105625,0.31421811802769506,1,0,0.8780904359482474,2.502466078537206,1
-0.1435690439723842,-0.05758349357940076,0,0,-0.8541516092993809,0.3836680169531483,1
0.7649651105051729,0.5027145363329942,1,1,0.8718044027774715,5.129675574911138,0
-0.6095575287938172,-1.6541908989877614,1,1,0.5952105838711186,6.790647632686532,1
0.14880105266619623,0.681631362567268,1,1,-1.5145483340659989,1.4667106443084776,1
-0.02010820406304976,-0.6576943308635387,1,0,-0.6018762712165222,6.824527952509139,1
1.2316915435244606,0.9659241486567547,0,1,0.19284812364636322,2.573068276979029,0
-2.224819292130182,-0.9064436983697204,1,0,1.267672841075084,12.56451915569127,1
-0.4029821510241734,-1.2135041471303822,0,0,-0.7303955787566722,5.559882630283634,0
1.2635862683571186,1.1407714202222106,1,1,1.1031483360939207,10.584078146725995,0
-0.10515868052329731,-0.6064904949341853,1,1,0.8820712208078272,5.139732182336351,1
-0.8373413646307688,-1.1744811018309487,1,1,0.010144339863183895,5.620570042325805,0
-0.5302901553179623,-0.5488353157013186,0,0,0.008612256569690823,1.8402672411563497,1
-0.7604929674197224,-1.264152521814498,1,0,-1.7077879123543687,5.139558044417451,1
-0.33956838750831475,-1.654826157973392,1,1,0.68503634064853,0.41924839218457544,1
-0.21856890991578878,-0.02434341031558744,1,0,0.19643770108762246,13.454114039659702,0
1.511642633931246,0.11574434917414689,0,1,0.03532467995170746,3.321821067947895,0
-0.6751309835900342,-1.0599853017785772,0,0,-1.3131459558041791,14.022988406241144,0
-0.4307866591152962,-0.7218231014080537,1,1,0.12473197987799914,6.7453012545599265,1
-1.657825604499674,-0.5982745216991976,1,0,-0.07084471121178204,8.213861782995464,1
-0.39689638130179755,1.0669410384924574,0,0,0.5218598005812592,5.091844227475425,0
-0.8826502611363121,-0.3161767145353118,0,0,0.19963352548539606,32.44108221854187,1
-0.6091094580703348,-0.7633148344616496,0,0,-0.6107903414259732,20.17728693988701,1
-1.144313016069952,-0.73554494705241,0,1,0.6869831995543816,1.7780018659929435,0
-2.855428096288089,-1.5910529385502767,0,0,1.4547218101136268,1.8340481032746447,0
0.17107365041794928,0.3924982888494213,0,0,-0.16471196901760904,3.8763184682466094,0
-0.48716348334209647,0.8639924691216925,0,0,1.1497068919988076,11.18735502594223,1
0.33057912105206244,0.6702968157253242,0,1,-1.0889523579035822,5.813847291143152,1
0.7872304589527682,2.0535063012171277,0,0,1.55864218997196,6.5223022127748544,1
-0.29648725785527863,0.747329087859156,1,1,1.472521555876122,0.35224356688559055,0
-1.3380693044060847,0.8912611136797108,1,1,0.6503716950037729,1.471529109403491,1
-1.70507783015598,-1.0733980254684192,1,1,-0.09435214161359635,27.487213535696675,0
0.6289966461127778,0.5071222548798524,1,1,1.273694456247898,0.45413171045263534,1
1.0390550846762052,2.4900090645956157,0,1,-0.1621438701394169,2.136789766761164,1
0.75089088418613,0.20179465701274563,1,0,0.6614508131804552,2.350751927588135,1
-0.9438431877099349,0.4293491529489257,0,0,-0.626622346531944,5.449150029259424,0
0.26779358274543275,-0.9445601242220235,1,0,0.6776623787043358,17.991731469273006,1
0.18661746659464903,1.3364908330333074,1,1,-0.7057155979817595,6.311889186461868,1
-0.11451396251907586,0.3275761084119485,1,0,0.2142380973318833,3.9536294061690573,1
0.43204227660322336,0.32442102302552844,1,1,1.2952486669951857,10.06395944824825,0
1.298451273226226,0.22004328142240326,1,1,-0.2155595019281771,23.29130638250749,0
-0.10079588143981179,0.41266080345624656,1,1,0.39504429957323467,5.971800490259876,1
0.12943355354711272,-0.5496470787904068,1,0,0.07678587475993157,13.339761411071025,1
0.074637809963734425,-0.15879770621665337,1,1,-0.0764990669630916,8.096705539733273,1
0.46963319827134975,1.0063436149245621,0,1,1.1161601491337199,12.310601164843428,1
0.051382447507268704,0.6969677915584922,0,1,-0.4941024422223397,7.855240441508693,0
-0.5656819805973494,-0.08240436668225032,0,0,-1.0229908860609866,4.621785790737553,0
0.8486028025201555,0.27693721649940056,1,0,0.2633852789493221,0.2795574371702969,0
1.726613392701204,-0.3312480396327788,0,1,0.926135733993589,4.577207289791356,1
1.8231170076165242,0.34862030486384255,1,1,-0.47929817649170564,7.571046154906454,1
-0.21748235296169033,0.15675318466723207,1,1,0.6780283319038732,7.483778466741345,1
2.0302324875119857,1.5696097079573212,1,0,0.9847709330913336,0.2218336952972882,1
0.4932816780857141,-0.5757575100570805,1,1,-0.5244300547459696,1.3216211266505222,1
0.5803348093155195,0.9394191940468102,1,0,-0.46679549043444835,3.6660363509630165,1
0.15426623887277913,0.7735146798928202,1,1,0.17262647169312198,17.050639058073568,0
-0.021450733405051832,-0.6409239177370143,1,0,-0.6425046982385129,11.84754222633472,1
-0.6679349034538635,0.2941085627717357,0,1,2.299398648088874,4.5450888108462095,1
-0.8714714120232278,-1.5047158410858408,1,1,1.3554306395750302,4.6834236942231655,1
-0.9716164566964317,-0.9665299736133321,1,1,1.8744506460929447,6.861400104743458,1
0.5641686026836394,0.8425798200829255,1,0,-1.2413803389241476,5.3816899346808595,1
0.7024606223890587,-0.16607879505736683,1,1,-0.308652524464366,7.066565208407841,0
1.8508395745116923,0.14703900132500136,1,1,-0.34102184881748926,16.519899629655296,0
1.7198081603723219,0.002399672577613088,1,1,0.37936681054871574,13.60620492999276,0
0.8227458060709316,0.6189007968133668,1,0,-0.6714153727379274,4.57711242682611,1
1.5589541541691598,0.7722466848252306,0,0,0.08003972963481942,4.606585487878571,1
2.031242518755249,0.724324396186173,0,0,0.88215369925515,14.360177252362375,1
-0.1940386593230277,0.24850965307884415,1,0,0.25471516976346803,3.1099016894586384,1
0.47053741201343957,0.06289768663790984,0,1,-0.8772555777935216,12.013689474433862,0
-1.3143474215832343,0.9287087768747635,1,1,1.683061007314711,5.235174220676224,1
1.4805166742169225,-0.39967612780995254,1,0,-0.22408912747324777,2.705020486761959,0
-0.8066237615039538,-0.009304511939443372,1,0,0.6799699822304337,8.184664439991218,1
-0.5677070775350973,-0.45194463555300696,1,1,-0.48555678090959825,12.125795799538695,1
-0.5666998600043746,0.3690295593925735,1,0,0.9326662539895664,11.68295378294497,0
0.25905626088033695,1.3640486792783293,0,0,1.5347771273266004,12.226568982380906,1
-1.7235127782107769,-0.7404077821444675,0,0,0.8351687440842247,0.7620847939203184,1
-0.30275915652477403,1.1995901037095889,1,0,-0.1419374412701691,1.3351673778953752,1
1.3019141954731086,0.8335742509473845,1,0,0.5928695621133148,0.38974374033097237,0
0.9109519301147888,1.2538250833948354,0,1,0.6794668980253494,5.4828888542639715,0
0.004310894195634708,0.00866843272055009,1,1,0.2542163673180374,11.72354829738061,1
-0.740718293914497,0.15995366154297752,1,0,-0.48686637817878964,0.7225100416690111,1
0.47330958505250803,0.4243076313007288,0,0,0.3459945408664864,35.13513123024184,1
-0.065119863710335,-0.15282451675755776,0,0,-0.3476671574538494,6.7923802771335176,1
0.3612139213950657,0.6395636718580524,1,1,-1.4383465132795556,1.6181186010020228,1
0.3558475451142835,-2.1152697399183307,0,0,0.040953233490293596,7.257317657459943,1
0.53125703463987,0.40507095182270825,1,1,1.677949910538136,5.499549446782718,0
-0.574395605117807,0.4845886577328289,1,1,-0.1439135327944003,4.170682591696581,0
-0.540302200815025,0.9010896052816917,1,1,-0.11170882921674852,1.5618778485842677,0
-0.8671294660068537,0.8144681176103765,0,0,1.4545335855893273,0.30376227805390954,0
-1.0373532533625538,-0.21873223039208972,0,1,0.04337783456699704,0.0900875854616364,1
0.6379752131699761,2.2909238241355183,1,0,-1.5825653682468674,6.970030496748717,0
-0.11956326735285142,-0.44192799521610254,0,0,-0.6241468526015066,5.486910309021672,0
0.529201042353521,-0.13387968116364635,1,1,-0.47622072372488805,9.310372864166998,0
-0.6793321953946302,-0.2922386464967254,0,0,0.43214656855429745,10.614147471534812,1
-0.38240651907022016,0.6972707900607161,1,1,-1.751741132507168,3.8186638538415236,1
0.3428284795701884,-0.8998267210204414,1,1,-0.8607399260301818,6.877840977686095,1
-1.551226711716853,-0.29534192746062904,0,1,-1.2391856144876918,9.930195573677722,1
-0.6933120484292508,1.283408166012916,0,0,-0.9688308830274396,11.024824009547734,1
-0.8611278393024034,-1.2121354946150569,1,1,-1.3670213955157013,5.1495934681346025,0
0.8210639848412663,1.317316220869918,0,0,0.003534569519351178,1.8690823914870898,0
0.5183356636995541,0.11068843837223225,1,1,0.09708454268174681,8.637327747069401,1
1.099465978734729,1.4917012764669337,1,0,1.276825487425564,2.133452690516909,0
-0.5130335386067483,-0.7214340156802694,1,1,0.13673530016731034,2.0547910611793596,1
0.26017478144207223,-0.7075130254808263,0,0,-0.5249575962480475,3.0392009794254067,1
-0.3177622050763372,-0.44298499093732013,0,0,0.7803455534111207,9.077315063176158,0
1.178716281537821,-0.1247260566287538,1,0,1.709401236473464,5.798681758204487,0
0.500441852253593,1.9593304791741606,1,0,-1.4775462168224038,3.2511439834100506,1
0.6189137823802152,-1.0052339148608918,0,0,-0.9743978079360154,17.30287019093355,1
0.8261007023866114,0.702805976364653,1,1,1.7944431852452296,1.5203426725538054,0
1.4286576630298384,0.7409556271779868,0,0,-0.3146022827895125,6.419191541856629,0
0.4295022030759243,-0.5386573982115719,0,1,0.11228325784329556,2.3952724877744913,0
-0.024046551011189566,0.12973819012507343,1,1,0.5514259949069777,16.444741281911934,1
0.2312625157493203,0.30849150500439554,0,0,-0.542811138741253,4.479377476188044,1
-1.1210321320045122,-0.22542668752003214,1,1,1.2404977436246452,6.073452039332778,0
0.7201468519732399,-0.7077163385214488,0,0,1.2847044418435296,21.14621122883539,1
0.12401586449430863,0.30980424376904797,0,0,0.8302225175218363,5.626127965903531,1
1.4110745118481245,-0.2673647753967858,1,1,0.8207294073462466,20.033735734291678,0
1.2252136819419222,1.867303493933554,1,1,-0.007326882390080451,1.8138230739471815,0
0.4121827783279789,-2.2759832694302373e-4,0,0,0.287504495763538,14.85872900353889,1
-1.5445536505255952,-1.1122773672374842,1,1,-0.7531765484288943,1.5037934140612683,0
0.18294413101196252,-0.9671251747941938,0,0,0.02317345915505657,18.12273546565296,1
0.24521852214234063,-0.8789835803497549,1,1,0.8897340583356088,21.552151797530854,0
-0.4624539661000598,0.4965215114293039,1,1,0.6326158636419429,6.938496099745335,0
-0.3637488701122648,-0.05316300431817783,1,1,-2.56903941075057,0.5750816057351125,0
0.7670128138065436,0.39445744772204333,0,0,-0.43770797356318275,1.3708109113449878,1
0.19947351107363984,-0.34730355741483043,1,0,-0.4105351215374082,6.270683975540202,0
-1.1809943620379943,-1.2979060765000068,1,1,0.24154692994052432,14.138739679550334,0
-1.873166034819236,-0.7727045262017286,0,1,0.4463505835610008,2.4201798529756373,0
0.444962429995168,-0.37188737398587945,1,0,1.0937031009283293,3.825831700426837,1
0.552810767743104,1.045938251585992,1,1,-1.3442014458994516,5.092827789485455,1
0.8171302601528271,0.0397905402487263,1,1,-0.275408369323181,4.299802903551608,0
-1.1593926164719521,-0.8935876584629066,1,1,0.489913490339989,10.698727657668394,0
2.03252048921788,1.14480285591916,1,1,-1.621161585550423,15.292273662905101,1
0.7184253057234058,0.3223242734207535,0,1,0.3256872417260857,4.279257892630994,0
-0.5635395550908051,-1.4430010425841813,0,0,-1.0367162552974394,8.635654227527182,1
-0.6132531332397646,-0.6410960684320004,0,1,-0.07044231927409984,6.899214108745358,0
-0.29737684372514805,0.20329211390478008,1,0,-0.20401336050847227,15.811815593312387,0
0.8443332280804836,1.198811405909375,1,1,-0.11999152823639148,0.46591753295312327,1
-1.660934815953134,-2.0467956076409983,0,1,0.7224171429259972,5.047787081760665,1
0.8834550677925745,0.7570477257128091,1,1,-0.6406759498148347,9.52904248419911,0
-0.8315393789663896,-0.4029633271305978,1,0,-0.1123383280853243,1.809126399721592,0
-0.4945576458248603,-0.7905617422830515,1,1,-1.3304451919012918,20.115901059752503,1
-0.18841143737313662,-1.1033293856471968,1,0,0.14593876011640386,6.159299786319862,1
-1.4669054625429376,-0.670339241672463,1,0,1.0280118656596964,15.311499187643532,1
0.4850313547347306,-0.13778868920499826,0,0,0.5426326006667901,6.479918576116464,1
0.5189013027586356,-0.5867304908059687,1,1,0.7047335616239064,17.48433617459516,0
-0.3672856719449673,-1.0593133836881234,1,1,0.38747529115696827,14.681690464958752,1
0.6921423022533945,0.5665091697312612,1,1,-0.3100047050144272,0.644502144617339,1
-0.30885512342169913,0.5284398482989515,0,1,0.38514137695784223,2.9605370959887236,1
-0.3866440474705625,0.6767149257579672,0,0,0.5159700284725134,1.7852582697135708,1
-0.577644590347477,-0.779332122710185,1,0,-0.2992557624269181,4.4339513365010275,0
0.6497471463284747,0.17520342178856563,1,0,-1.1852446948271815,2.001654907750587,1
-1.2646692410193503,-0.4357090114663794,0,0,0.3443099323913997,1.2767084408551455,1
-1.7223132750370986,-0.8927229684728057,1,1,1.7589184355459462,6.385442077759792,0
1.51567644860476,0.8454471255526892,1,0,-1.331076504430405,6.6526084281107805,1
1.895822700547228,1.561021547551789,0,0,1.4220113850532243,5.0058796419762075,1
-0.3975432807017584,-0.7402054959841873,0,0,0.3357887360518447,3.9019746861110134,0
0.9082137988695221,1.7870440008869706,1,0,0.05636094070589751,12.786120345896872,1
0.5575556523202184,-0.6754770003906307,0,1,1.355212206418006,13.606332299327903,0
-0.5230771078424933,-0.2405609363337321,1,1,-1.3602021155726767,1.4967661245468795,0
1.1870379457730766,0.38404650424710773,1,1,-0.5263294029423025,14.43686296218493,1
-1.2319673358629504,-0.2381301128798552,1,1,-0.3308045613034392,8.408557158249668,0
-0.34468495779662167,-0.24047522488846718,1,1,1.7416398292405304,2.3366567435195487,1
1.1790494957538258,0.11662642691429359,1,1,0.02099624499190102,20.51051923537947,1
1.0421965136879578,0.31176815153765197,0,0,-0.7362473001882346,8.31497532746206,1
0.7626557671120153,1.4031348972300743,0,0,0.5145718547729174,5.268782008594523,1
0.28006122325930544,0.7914069211595054,0,0,-1.7185952107297624,0.9236861136741937,1
-0.05241325714535567,1.1001360611347513,1,0,0.04339162824552792,2.6987834290290875,0
0.6888496147289952,1.1993767568389213,1,1,2.863832399078256,4.063334343178819,1
0.3162598139488546,-0.2877389524092193,0,0,0.33287161660121695,1.5005914261564612,1
-1.8509524680252918,-0.8702501871527182,0,0,-0.7199879011295088,4.504311798761289,1
-0.33856892013295886,0.45514927532352145,1,1,-0.32804959950682033,8.993238901058936,0
0.8112102795770018,-0.8820771819677687,0,1,0.07851191942793566,1.4128534006886184,1
1.3498941336841026,0.6524811759723268,0,0,0.9113305546645388,13.04734988971324,0
-1.4361057357832416,-1.3076877172957322,0,1,0.0856054255890571,1.4305490684516484,0
0.10272360376864255,0.8007683786650269,0,0,1.192083059507266,1.83341735202086,1
0.461871122507369,-0.6742980125667865,0,1,0.7283991445178416,10.118824553636315,0
-0.8442847883772014,-0.6186731740075728,1,1,-0.5846937876165614,9.932138141825897,0
-0.44364340715273054,0.7454147307295402,1,1,-0.6529542241404229,4.800015653017908,1
-0.1283180736093817,-0.5467449377304775,0,0,-0.2816440943836655,0.7341408636420965,1
1.62828746438914,0.4026900364498004,1,0,0.4111426074366457,5.100060603581369,1
0.8909611249579859,-0.12470192702936844,0,0,-1.3182892442925012,25.75102771181902,0
0.9178949778745662,0.273631823589213,1,0,1.1836466431259467,5.355813315448662,1
-0.2057869186529479,0.33148807163223815,0,0,0.6387589755728713,10.83804524934302,1
0.647435702890285,0.3964992396388118,1,1,0.04311085689168583,8.556785869494764,0
-0.35003861921308543,-0.3140483490860956,1,0,-0.9163871769989289,3.4255863960948276,1
0.2653647584045774,-0.3034603241817073,0,0,-0.3569860219844491,0.8771829074248673,0
-1.2913022530917466,-2.782353761503191,0,0,-0.4682092424838847,4.049012433794863,1
-0.6476188822576094,0.5296894259706505,0,0,0.40826166663453517,6.9606141959852,1
1.4997037042092047,0.37698761096756805,1,1,2.0780504762571423,6.766730834777787,0
-1.6839320457896927,-1.130713754847081,1,0,0.29955146900926427,3.593665617937233,0
1.5438562119898438,0.5726154080797758,1,1,-0.2857324783991042,21.881487793791102,0
0.6723476928818635,0.33485757997883225,0,1,-0.5834887571066699,2.8946093322398765,0
-0.0053386137965773664,-0.9396679120613362,0,0,1.2389288914373464,5.867774830807047,0
-0.11190161570587162,-0.38673865905676547,0,0,-0.4117250523393277,15.803697952921395,0
0.1388226564599784,0.8712828016852568,0,1,-0.7130659677171602,5.61737841150413,0
0.0905475781366738,0.24259976581251658,0,0,0.0983393134689501,4.723782887837539,0
0.7861207930740406,0.0716910192228779,1,1,1.689180470034558,9.760192345739972,0
1.2261836757029811,0.9518535418089846,1,0,0.9447401624927582,5.025829355387638,0
0.03172908993404028,0.6403251932052001,0,1,-0.396094285367836,28.677660970479657,0
0.8418412719985786,0.574338811488923,0,0,0.03596907241782909,11.625788003126983,1
-0.7087755114548784,0.79053647938235,1,0,0.4654952476712097,2.062697963167976,1
-0.13749318700710178,-0.032543003239455,0,0,0.08036711144868912,9.036460262373192,1
1.6209730934605349,0.4182300178999641,1,0,0.402938035002786,10.544528035717809,0
0.25095096934215566,0.03787660929304697,0,1,0.29446087458848896,3.1652813428081576,1
0.5413678355611897,-1.338525993537248,1,1,-0.24744050741763185,5.210029721880953,0
-0.7115365466390038,0.33891437893410203,1,1,-1.4992749252638848,1.0988162752861779,1
0.06720485420580187,-0.7681056031920639,1,1,0.1623466134878181,10.65285589976619,0
1.0589798630342673,1.7830632196673428,1,1,-0.1580252164341802,2.2354953476455766,0
-0.2512221266007456,-0.4509417198392322,1,0,-0.5608115425478324,0.9255349674882989,0
-1.4351752008434906,-0.4249987077066058,1,0,0.9715078103902317,3.325706371106208,0
0.18986496491145288,-0.4540475013619926,0,1,1.0069744764487925,2.518462605786689,0
-0.4474244608611761,-1.004083420050433,1,0,1.5091115015382883,7.274998337265094,1
2.059145541576946,0.25121157293186547,1,1,-1.4174383652515259,2.7987905118303997,0
1.443116974853185,0.9094069471596138,0,1,0.8404168630709159,0.5512447207465967,1
-0.10551037607699625,-0.7482198322671539,1,0,-0.010175295159264103,4.053917123625676,0
2.3002588431417004,1.3799395971670323,1,1,1.1933044529680685,0.5171633829983573,1
1.7089048993361138,1.6680126670588722,0,0,2.428969404653678,10.751475416705114,1
0.38474517402617975,-0.37135725556025156,0,0,1.464381154160975,6.428968727549019,1
0.30726912092115705,1.0017848720515854,0,0,0.12132011584324298,1.8150687528153262,1
0.9303475728843777,0.9539331465605074,1,1,-0.4666733786505724,30.67367392039362,0
-0.5600445724297416,0.13411034419788992,1,0,-0.09200492507110743,1.6364003570439916,1
0.3454832229716387,0.12602072008743784,0,0,-0.724097356676664,3.9535616834958396,1
0.7454091029908779,0.4131461315613387,0,1,-1.3587994597391158,0.8757806263547016,1
0.3579844005891401,-0.8926057548887509,1,0,1.0476505988774814,0.047667091712355614,0
-0.309207653775474,-0.22363184689991195,1,1,1.48260598530497,1.2862183486073249,1
1.1366498977296098,0.6852681418181198,0,0,-0.747026502149488,1.0249802027828991,0
0.7719793438366741,1.0088470621740773,0,1,-0.4055887885776033,7.930183697452249,0
-0.3531712439362284,0.8771840469923519,1,0,-0.5651113574838222,8.702841360843713,0
1.679149198975357,1.2246478166017467,0,1,0.302906859065596,8.062700391396982,0
0.2867117907645467,-0.22990264221061665,0,1,-0.14598383241018306,3.4713290102382985,0
-1.081643279448857,-1.1840672297101242,0,0,-0.062283134813690896,5.3287422711340096,0
-0.814206513782312,-0.7691616068729183,1,0,1.64257094783372,15.425332060625358,0
-1.1624488400718027,-0.006604214521004015,1,1,0.2258810629556018,1.650061102442992,1
2.9525748343286202,0.9431743410371433,1,1,-0.7835408093911393,7.957045968899899,1
1.5006069373717357,0.8708644495998323,0,0,-0.6770716175774362,12.681846996737812,1
0.9509136130264092,-0.29908837387174975,0,1,2.161615348598825,4.236829723231494,1
-0.4315358728506127,-0.9774143758944182,1,1,-0.5991581506231233,2.4176197087702653,1
0.520567013212974,0.738301946203942,1,0,1.6573926466344475,3.4860387599716587,1
0.0514064735464084,0.34460428261059917,0,0,0.6484925390607512,5.170621218470236,1
-0.006053240844766478,-0.805627274749037,0,0,-1.6401641910092142,7.552981951613725,0
-0.10776798092594853,-0.2049391972651458,0,1,-1.1954446967069983,12.611733624632363,1
0.23830477148970522,1.0115830336393212,0,0,-0.5558227099383887,23.2244515956736,0
-0.9451073310750675,-0.6448442034001515,1,1,1.5191654623594772,25.120118898875447,1
0.6271692109087303,-0.7540740890394946,1,1,0.5566026759498784,4.580950236413628,1
0.11381420346030253,0.6538298916678409,1,0,1.2920013048680943,35.90775246832332,0
1.36900621220863,-0.14053896487852557,1,1,-0.0764742438468264,24.75705320496401,0
-2.034055528238515,-0.8825155839189248,1,1,0.04407312910939294,2.344521220463018,1
0.16324661517075229,0.5420361816725369,0,0,0.44070732084018854,1.289681779841582,1
1.134178255284745,-1.1045661829973334,0,0,1.076897689977997,2.302612748462707,0
0.4288563950585679,0.5326266977260972,1,0,0.8679197647005639,0.7630988295810919,1
1.3268666357762484,0.18246860112245455,1,0,1.9800358209959847,0.9560374384264588,1
1.966288984279593,0.6833992608316388,0,1,-0.8288150417005815,12.132453064044519,0
-0.9987622290217846,-0.34367414326704976,0,1,-0.28953257401915394,0.1299708887624244,0
0.6664605094593801,1.8166199564561598,1,1,-0.3564948976748088,5.1696043616781635,1
0.9430607852825487,-0.13285204654939337,1,1,1.14666788274181,9.726675374393764,1
-0.5309023080567894,0.008479922788597716,1,0,-0.5687276873811171,20.792975539533103,0
0.4270669319444565,0.1818856880994994,0,0,0.6457782909365716,1.9494500981333356,0
0.8267948792366143,-0.7825353059558828,1,1,-0.3775684430389407,2.6771700863416,1
0.6572849894554255,0.7022763012720015,1,0,-2.4798126116481383,8.079952932544154,0
-1.8360380965653966,-1.6436243893836564,0,0,0.1216369682837063,14.807697043364449,0
-0.907110375593489,-0.11612842421670677,0,0,-0.08038473269131288,6.446812402417364,1
0.1293468817395654,0.8026330430075816,0,0,-0.018054188875889745,2.34643464597563,1
0.5872860996274438,0.396884579348714,0,0,0.17783484474442535,0.34187883914758765,1
0.9791889338501915,1.5467292056954887,1,0,-0.6373880673077849,3.334950706145416,0
-0.4049990596467878,-0.5635658494954507,0,0,-0.30766424742612586,0.40533538585201845,1
-0.9528403522894872,-0.5716783084888807,1,0,-0.24413003701608077,6.241309686398018,1
-0.4247673963201034,1.2243950494203328,1,1,-0.5186958020955983,3.4825195674784486,1
-0.5186239862643192,0.1769089879986333,1,0,0.46858693325748246,18.864198526967154,1
2.4870275795971764,0.23600541559088173,1,1,-0.6655303695474888,1.9812070764601233,0
0.21823477510689357,0.24066668292384347,0,0,1.381568216157811,7.403249743354919,0
0.8732625474124112,0.4368768914969914,0,1,0.024277096696628354,9.991367432559633,1
-1.6839844349344086,-2.059596067405475,1,1,0.09606856763116711,2.9915508697740734,0
-0.649809893388914,-1.427967338163723,0,0,0.21131306792104917,14.867427385643328,0
-0.06752141576222069,0.3184206592399607,1,1,-0.7202057609711523,11.088509158812565,0
2.4342561536526786,-0.7529553918606613,1,1,-0.2463442795555448,9.947009895290213,0
1.085383521496759,0.32497594565142496,1,1,0.3961603518877661,14.614193171804352,0
-0.8567757097744378,0.8234450533540814,1,1,0.6891204849143463,3.3078952692449097,0
1.1674012019852107,1.6851611315577468,1,0,1.617045016579303,2.005700410033266,1
-1.9375140790182104,-0.7522203068119604,1,0,1.6520065760064822,0.9810222545638682,1
-0.5807479397760873,-1.0382066732247277,0,0,0.559405848936374,8.3290019612363,0
0.9439632265623821,-0.6606721596246893,0,1,-1.5900392993679633,1.1891948757693172,0
-0.2781102484993461,0.49348846379631395,1,0,-0.22943699083051397,13.510988714094166,1
1.2130631290256395,-0.361988606068685,0,1,-0.7062563286923604,0.9962578250135518,0
-0.4712256272120105,-0.5315027600582225,0,0,0.6095657717497548,14.721761844972972,0
1.2960049941578191,0.16542094834615118,1,0,1.0907070134777612,2.301385244925586,1
0.4346311514986953,0.792166714998195,1,0,-1.4673295568794151,5.752900460114082,0
0.44491293113261715,0.167074756626994,0,0,-1.7595167421238758,2.136261439106117,1
0.742563992970611,0.8634886779628232,1,1,-0.5984501241134779,0.7946361756712723,1
1.5398561402577544,1.955066682466018,1,1,-0.4432570496256059,13.703761479401892,0
0.36041008854547524,0.07462694850757362,1,1,-0.7770004197028714,4.29205397718159,0
0.693041482203726,1.303660632659694,0,0,-1.8191808203613415,11.855868947923385,1
1.431421105384371,-0.3616298260565781,1,1,0.3179224280243896,14.094923074249301,0
-1.569931488314731,-1.034102533540286,0,0,-0.8150219425632323,0.11983813468611718,0
0.5441444840081621,-0.15188405252355391,1,1,0.5616996247564436,4.066882298017542,1
0.3408542406190261,0.6301568361451292,1,0,-1.2749130615030284,0.42052554358989935,1
1.278233553129847,1.0855764895005215,0,1,1.0768594442495398,6.3833552383239835,1
-0.3041933023582875,-1.917978487784626,1,0,-0.20119615172634822,16.519566759123947,0
0.11105968061484779,-0.26975507151597433,1,0,0.7265333683420571,4.356403400500616,1
0.5663589063289386,-0.731106635987316,1,1,0.2650049390630395,0.09326296858489513,1
-0.7233036923820058,0.4041501224879581,0,1,-0.6892963379442653,6.114314905894243,1
-0.6763770641660273,0.1806113003187621,1,1,0.5319719678592313,9.224301312389576,1
-0.09583002814866183,-0.27296480932518474,1,1,-0.5340121523364869,8.360616761530542,1
-0.15019975699138524,0.2318908327934444,1,1,1.0356807467614157,2.718972361389237,1
0.940713448267075,-0.029578995940348685,0,0,-1.2154603377974829,9.382243174709481,0
1.499429753096951,1.9445019646621229,0,0,1.142839073775154,8.163014892138643,1
0.6560620525319321,0.9730664580049773,1,1,2.199148261154244,5.905013624228638,0
-1.247036799087538,-0.1127242980760288,1,1,-0.39267191829362325,17.952364278855864,0
-0.13036725633414714,-0.4670132411309385,1,1,2.006459740208823,2.179896467315288,1
1.059427142538206,-0.5639738211337875,0,0,-0.5687378420209055,19.806710902687634,0
-0.4324529806075015,-1.397347758000132,0,1,0.920483380081119,11.13547530611118,0
0.3537767195006878,-0.15489031291196154,0,0,-0.053673928616390004,4.087996665233126,0
-1.1485338363594244,0.4512257382292517,1,0,1.288620889805362,17.740453918345576,1
0.7761827459591976,-1.1792228533881135,1,1,1.6832305135251222,4.738165597276142,1
0.3807921395054049,-1.0164098158215842,0,0,-1.4498073539568024,1.476521192179243,1
-0.010141915269657202,0.6691032653228619,0,1,1.0622824108705509,10.652143158599836,0
0.542653930934271,1.9218947606356422,1,0,-1.751936971664927,4.347033045532633,1
0.9225465795856048,0.3883201802515507,1,0,-1.165181072489407,4.387214162852615,1
0.481805594309525,-0.4324512865286858,1,0,-0.8007602322757252,5.127688023882608,1
0.9442201490136728,-0.25771377486968494,0,1,1.3162868051175458,5.502039551114043,1
-0.47777813403435215,0.07023306972572149,1,1,0.7023349556508858,11.128589541611674,0
0.2660564541065975,1.849744863387762,1,1,0.2904257831688345,5.708680391156426,0
0.6707759442487803,-0.033124964644496935,0,0,1.5930472501915451,8.18798965739469,1
-0.2264792135902384,0.26123361315108445,1,1,0.49312414995090603,12.29454227653166,1
-0.3893724000437634,0.5730180728111582,0,0,1.7020843344282586,2.663581379844497,1
0.3951427901277028,-0.2776438705108452,1,1,1.1760878802532184,3.9362127077765767,0
-1.8037314880020334,-1.173817488386594,0,1,-0.1846432812346551,2.2570886686569542,0
1.281136339308408,0.37993791502951,1,1,-0.09642492612771827,2.8589419438503683,1
0.12321817133780148,0.2793981488347742,1,1,1.3091662420803445,15.586836200749083,1
1.3033260438879357,1.1766930371722877,0,1,-2.5510091009364113,1.864878449123353,1
0.6884207635710888,0.16347584720496194,0,1,2.126680737634866,6.860034997845791,0
1.2303848027936082,1.5759849640823465,0,1,-1.6146904347353863,1.7547619335042934,1
1.1377933285763875,0.4656706510664178,1,0,0.05315123059912958,1.3300262430372338,0
-0.5868579214433303,0.1625342885751241,1,0,1.6632976245461026,1.8755060465385518,1
-0.03154240156833704,0.2640129585393418,1,1,0.17836234716358154,3.2844557489290476,1
0.8256960619410014,0.3012615800490962,1,0,1.3165728176895517,1.2613663837934534,1
1.4292849649573762,0.00309322636234044,1,0,1.274595113929946,11.500942993869486,0
0.476893703139209,0.7631663793884065,1,0,-0.6301018127586726,1.0617585581106446,0
0.258888331526827,0.31482550314810714,1,0,-0.5215925988163823,1.396436042259132,0
-1.7030110122793956,-0.4196745247676701,1,1,0.762963144104422,3.8870717748068278,0
0.6900534137513927,-0.21959008633896127,1,0,-0.3304970354917448,8.224886376060647,1
0.12074605169702975,0.14965852684857614,1,0,-1.0071415033375073,9.35233510840446,0
-1.681502431576785,-1.306661473158107,0,0,0.10440494189373545,2.600880558019664,1
0.6166081364008593,0.7193258962962812,0,0,0.37272845266747523,14.964659152948222,0
0.7314622326080781,0.49631978737083754,0,0,0.2836524296971285,2.786334006426235,0
-0.9670562592634394,0.0514531098885605,0,0,-1.419790465438946,5.958564920621715,1
-0.9530866535227598,-0.8066647883804237,0,1,-0.07600976408933735,0.1709270913031611,1
-0.32109907922470843,-0.27253961195807525,0,0,-0.13235255030313178,9.631648985318941,1
0.45336928970103896,0.31560703976207216,0,1,0.9541119074294002,24.452615900427507,0
2.1460586400556148,0.8811972689990321,1,1,1.2302759837306494,16.77977259511273,1
-0.23061451085893742,-1.7512102717705667,0,0,0.4747026662330766,1.069227284823843,0
-0.3626358526772823,-0.366836599341577,1,0,-0.7442076762096697,9.14837631827603,1
0.9078723630160668,1.158973781603765,1,0,-1.387832430533881,7.945690784874163,0
0.6038505849834443,-0.7347914682552523,1,0,0.22023425041885397,3.7335115136110617,0
0.42741083967082244,0.30545545821074715,0,0,-1.1405071404492577,0.020414594716082018,1
0.7646351336417719,0.720413508815346,1,0,-0.764839562635094,14.84928816529656,1
0.48420121689436996,-0.036478451214530055,0,0,-0.8058994912197042,5.566385943287363,1
1.308673318185379,-0.3714055063457048,0,0,-1.581688326668034,4.498164153968295,0
1.3463786507470232,1.088412339674368,0,1,-1.389075541869207,6.392234735154006,1
-0.8484171947059866,-0.46670456517726183,1,1,-1.463697439017978,5.706807202659547,0
0.01394303145557657,-0.5828175152039158,0,1,0.05524490852209544,2.5289170055960617,0
-0.6867722354604034,-0.16419869713058954,0,0,-0.652615395506718,3.3841600020726523,0
1.9838594941160554,0.7349097370330875,0,0,1.5552894350438997,1.1022931666462747,1
-0.14994213324493688,-0.6531637735764139,0,1,0.8484905961360757,4.250671229480456,0
0.14132744436263672,0.8112684617243576,1,1,-0.5659642547959304,0.8036677298756938,1
-1.4575427469582403,-0.9471379073910208,1,1,1.8522371208539263,4.573597207975885,1
-0.8754765689753388,0.20464146011411122,1,1,-0.47802163552894217,1.7762790384480904,0
1.4372066170349302,0.758480562932515,0,1,-0.7438838559364007,6.082576706965866,1
-0.058197154608344064,-0.5418565216696442,1,1,0.12877823216180972,5.851561925023895,1
1.128303924827973,0.29843822483734395,0,1,0.9882213543452084,1.7041317109639447,1
-0.46043542511223573,-0.015208915053829125,1,1,0.5741462846985026,13.377040517586451,0
-0.32629277333594936,-0.6486438300850482,0,0,-0.004360804685688453,6.355839303431859,1
-1.1312927176164116,-0.7617282932601805,0,1,0.5996007383325961,2.506065236714979,0
1.3606128294289868,0.6357093866988205,0,0,-0.7638634133280151,12.275536390833679,1
-0.046133905036588,-0.7085348562543436,1,0,-0.47891376606374236,6.354442277262709,1
0.37953723993395605,0.9260242562094538,1,0,-1.0524100237980074,6.562453515788021,0
0.38668062944570064,0.2713005778097852,1,1,-0.8028675150311189,1.9474374673639736,1
0.5505344143291319,1.7726288607450205,0,0,-0.4784683943795474,2.7631750718380017,0
-0.28454239261352865,-0.4955895481226612,1,1,-0.1791752418310551,7.559623444723687,0
1.4704272568509325,0.7009272664735771,0,0,-1.3905115439802402,0.8253075627291956,1
-0.8969145466249814,0.06203847737883644,1,0,-0.7121795386079024,7.343825951573372,0
-0.06279346046845613,1.0640904093467185,0,0,-0.5516924058527982,26.623805673013536,1
1.469204550426022,0.4514889686821829,0,0,0.4598616146059533,17.21530801857035,0
-1.455766621022965,-0.5518227051438369,1,0,-0.554146030130615,5.724638657799612,1
1.1242158604030414,0.07279523548628214,1,0,-0.014841165966457391,4.996705664477001,1
-1.292014299602317,-2.495872640911871,1,1,4.2541162194106174e-4,1.2946786885874377,0
-0.2712496524990344,-0.16940042703666613,0,0,-1.8991678226311581,4.246378259267658,1
0.9801886309423167,-0.7326762654376966,1,0,1.1727340369048094,4.798088067521652,0
-0.33930994105285445,-0.6408779887264838,1,1,1.2621773884353138,1.1590245955934129,0
0.38669497464607283,-0.44662359500427884,0,0,-0.9590196486169502,12.535837354059224,1
-0.9571477750768485,-0.729597436598179,0,0,-1.2488174178618268,5.266039519725989,0
1.7284024593661726,0.09617760279758203,1,0,-0.35712743120908486,0.580331349434952,1
0.40888280173331043,0.44352375694462604,1,1,-0.6371868119112585,1.5837300064352653,0
-0.48514858542800865,-0.8669741679333812,1,0,-1.0677530691869357,5.806703876279874,0
-2.4003517970551314,-0.5873918091236434,1,0,-0.9989326079413292,4.506394290365279,1
-0.5410447263144685,-1.1633759900958687,0,0,-0.5034215158718113,0.7498295706075927,1
0.7854319496716732,1.084980518938451,1,1,1.6905788564783824,6.966809656431379,1
1.6337510261022266,1.2467160300975546,1,1,-0.04853934337063469,6.758928134287982,1
0.6578232576882751,0.7340456912226423,0,1,-0.8410022755011338,16.628223687951966,0
-0.8194112766403302,-0.7374821615917344,0,0,1.5361988588873756,5.214200040791184,1
0.4797653566985525,0.3652080026521829,0,0,0.03209604138233132,19.983624867665576,1
1.092445047030471,0.008489666013208885,1,0,-2.58924790730655,6.915117021008669,1
-0.2820128898937636,0.9007174126504927,1,1,-0.7310985720902353,28.116327709049393,0
1.693082693568986,0.7921898573139219,0,0,0.6162016524168066,0.5128255824094805,0
1.622798963513963,1.3993780992505638,0,0,-1.0226408751562615,4.918071095986913,0
0.7068404652717681,0.12047891319760826,1,0,1.031437292431517,8.580779453471841,1
-0.38358622843144385,-0.512815774376586,0,0,-0.28363440114444294,0.019857881125062704,0
0.08391518720589405,-1.0460755688009635,1,0,-0.4022762257896121,5.711201174805562,0
-0.30492349111062117,-0.598731340511481,0,0,-0.9433525947807833,0.9551723992141585,1
-1.046083319619887,0.5464402438813586,0,0,1.2863821491759537,2.0878581587756027,1
-0.5765484257029442,-1.0191486483557304,0,0,2.06985404595906,0.8210640594673654,1
-0.1588842805745146,-0.8121522307672813,1,0,-0.7762836418282821,10.08796805170437,1
-1.2209008208441774,-0.8840079767519538,0,1,1.3280906365165874,19.131114513876952,1
-0.29714756649776425,0.5693005949417593,0,1,-0.42166204085269104,0.4830476492353104,1
2.676098407033749,2.5378508598094465,0,0,-0.5495901292105749,5.2270999643951654,0
0.07378557887030554,-0.08471797631894756,0,1,-0.5429721927917796,1.4555580642384789,1
-0.5675722355742953,1.1559855939381602,1,1,-1.4457118925983217,7.079951876113913,1
-1.6327378923680185,-1.0399783243315779,1,1,0.48492960400037455,2.2866734652779996,1
0.025669755750804796,-1.0537724528526597,1,1,0.626588409639173,5.307260873572281,0
-0.3414638512787751,0.5885802037873894,0,0,0.8979600533315998,6.07270864878716,1
-0.3229710937599723,-0.1502531068742986,0,0,2.0785567326956342,9.26741246719917,1
1.1745784336297016,0.6356167417757141,0,0,0.7680398044765936,14.985718034128551,1
1.8102214617811867,1.09332663238765,0,0,0.8878539300231613,13.1369252247595,1
1.2887405485635195,-0.6789507890731693,0,1,0.7225623295809033,15.037138464470907,1
-0.9217200729551611,-0.0728642393229223,0,0,-1.524907970569108,2.95028182445094,1
-0.7704248710100223,-0.7825859116980487,0,0,0.6168840002677194,15.221164669762258,1
-0.24942102704227537,-0.7851092136843038,1,1,0.3703971465227796,16.267823629001978,0
-2.13989360676444,1.7682255114948735,0,1,-1.0919983074806794,3.662840994851043,0
-0.5706624834009233,-2.126254633430522,1,1,-0.25859674698326973,8.924028300330145,0
1.2393958116454251,0.3968012467613555,0,0,0.05113809966439927,1.1064440594054759,0
-0.05182102629055443,-0.9123657657245601,0,0,0.30477177508476005,8.874332609546784,0
0.07320499725791105,0.14038673292313447,1,1,1.2261525997548233,16.604852629125322,0
-1.1586639587621248,-1.3907265309772299,0,1,-1.0071824759857884,2.226149229026338,0
0.9188770742882549,0.7585228920906489,1,1,-0.4867325149031354,8.37219949621469,0
1.1367360720064008,1.5019462425218448,1,1,0.1240012015140326,6.805662406879268,0
-0.7451108540085145,-0.7864873815284693,1,1,-0.43511112992420964,2.6904966721000774,1
-0.5760874226637901,-0.8918064668715315,1,1,0.4526845909199605,21.70669701776684,1
-0.7861290937867839,-0.09953889234327956,0,0,-0.1812976720776584,0.07415437798190616,1
1.4591208199316659,-0.6486854663284675,1,0,-0.6504511451449717,8.694396023028277,1
0.29632227083089996,1.2331656437856178,0,0,-0.5794640780171687,3.046858442636828,1
0.4960633009088364,0.444856940346009,0,1,-1.6251615388540588,26.210612926473626,1
-0.17474578746168806,-2.1138581062114787,1,1,-1.1343199787289207,11.898952659761115,1
-0.5473925843314648,-1.5615324606326513,1,1,-0.17821090182045146,0.9619479053281506,1
0.459946932297118,-0.05102772840487968,0,0,-1.8724169395596388,5.0841449915121,0
0.3567632172485904,0.6003441139957725,1,0,0.7757891477141642,5.933302976203269,1
0.07667916950298093,-0.3906048812256637,1,1,2.4224838292853748,2.352928436963699,1
0.5477198581208677,0.14242349495242157,0,0,-0.3052736896002398,7.0082378725435355,1
-0.027911445500739065,-0.6832182780330084,1,1,-0.759926996915069,9.311831780980134,0
0.10286577530000188,-0.17329607474211817,1,1,-0.8884973875289336,1.3699486347225807,1
1.0737834901903505,1.4365347996171307,1,0,-0.7210346331042605,2.802939647032569,1
-0.253562198646275,-1.061067918234363,1,1,-0.8294577065370281,2.675763440007965,1
1.738646121019741,1.5397908143994776,1,0,0.7241807245034819,5.9479283553462245,1
-0.5613916143650544,-0.052515876784218124,1,0,-0.6851248308662878,21.790906553037768,1
1.1946726062422575,1.0609289437379479,1,1,0.48681283580156126,12.79096691799184,0
-0.27367376784969816,-0.9444036765496462,1,1,0.5605781792774813,4.899524198845029,0
0.8171778793789473,0.26914264717536246,1,1,-0.923966260310564,5.648697695384423,1
0.00383768249058713,0.6333001455611544,1,0,1.5190074787309298,6.789034248388099,1
0.2909660417908087,-1.7218679329381061,1,1,0.5552347656409287,2.643420291133225,1
0.9284085755331637,-0.6946928368648381,0,0,-0.2946251177425852,2.5685852925448884,0
-0.25131349729705615,1.1712000902347306,0,1,-0.13066169023142726,10.60551189161599,0
0.0850631488910205,0.8744824019902352,0,1,-0.2945626432118626,3.5368264730398855,1
0.2533832098832633,0.1360637859531204,1,1,-0.9020616370305742,6.193057703435522,1
1.3421648208582282,0.47214740361290486,1,0,-0.09403830013150818,6.736455368459326,1
-0.4663461955363693,-0.11487673509037644,1,1,-0.041523761647403304,5.071336535426478,0
1.3248007073253365,1.0000431482628926,1,1,-1.367537789788927,13.66514731964838,1
1.7584244369989228,2.022270655351265,0,1,0.41890557536032963,10.15230409455558,1
-0.11054908843256836,0.06810035829389889,1,0,1.002974182901438,12.55790108645894,1
0.0642595956737413,-0.6683280934588434,0,0,-1.4872170262066429,0.549615905265959,1
1.3008201876080572,0.721793686463442,0,1,-0.13197890857514477,4.464043661331138,0
0.7699252008818804,0.9658810673121835,1,1,0.6016661974708217,16.02115815745811,0
0.7251819932662729,-0.061366655721011354,0,0,0.7816558308192924,2.8316484453777475,0
0.17149066342587993,-0.5258775837199475,1,0,-0.7470120695925787,4.324264129778991,0
0.23737154917055692,1.1570662866177635,1,1,-2.4048666751329844,3.4485998291832707,0
-0.5405901753128787,-1.3023863310598676,1,0,-0.6842374366873514,21.8235753310897,0
-0.9909715913516651,-1.9074320407339922,0,0,0.07526338194315717,0.13851449281598133,0
-0.8032966153389599,0.9902441494199736,1,0,-0.09359504806508544,7.255628801043414,1
1.3260899292099209,0.5899998437497025,1,1,-0.04372953985120656,4.373983957339078,0
-1.1298008937481605,0.6379386777842889,1,1,0.014166496812990039,2.5340454846931,1
2.3589322763814904,0.5903809635775412,1,0,-0.4246741498899891,15.420237148734085,1
-1.2794226658585344,-1.5406596132854804,1,1,-0.17580513175304135,10.152079040455424,1
-2.523204062922526,-0.9632375662635841,1,1,0.0499308103324311,6.068515823803943,1
-0.009754791224013184,1.259302837579336,0,1,-0.7031749450727696,27.35063750156801,0
1.165820490714555,-0.22118422044261532,0,0,-1.3982456293038643,0.4644452703234065,0
0.9327395603487587,0.632914950402399,0,1,-1.2006087758640325,29.760729442152392,1
-1.2012394936474788,-1.588702979055793,0,1,-0.9392442407118188,6.404535480009627,0
0.05685863868338751,0.08750401813706347,1,1,1.0385183911262637,2.5170378231753907,1
-0.5061952392410948,0.8099082251294025,0,1,-1.0321283265980805,3.8036634330637757,1
0.4416105559469608,1.1469421519233225,1,1,0.37579774497687685,2.534016555485626,0
0.766560782889771,0.3330617874806851,1,0,-0.012476274838563683,2.677397072936098,1
0.46538663136434344,0.5378251463463941,1,1,0.6094603211849754,1.9982506637461486,0
0.1629458488772352,-0.06354586554084386,1,1,3.114765991356084,4.844213793209444,1
-1.3985755782690954,-1.2075561076906718,1,0,-0.7481829465792121,5.83688034253028,1
-1.0067449943104598,-0.35592345024301764,1,0,-0.7519363702193173,16.324290880854132,0
0.7347675003837598,0.46865247415644584,1,0,-0.15777574439876255,1.3226408589010439,1
-1.7282860954059445,-1.9435629296291892,0,0,1.0216238642431326,11.976875938395862,1
-0.0826909643688071,-0.5586335514505013,1,1,0.6682847138777082,5.954981346241276,0
-0.22170803249792934,-1.2220063456265233,0,1,0.597227638811556,10.050571360275251,1
-1.1956837139272165,-0.7979577374626303,1,0,0.3230212984555621,0.46715200490628683,1
0.9684770612614904,0.5493257290023308,0,1,-0.7312946795982105,5.193037462110321,1
0.38129294849327705,0.46903792614480977,0,0,0.49910155430919156,4.496133247384804,0
-0.030368526526530364,0.9126773962529618,0,0,0.39775778705200454,1.9860267868038313,1
-0.7263473476905564,-0.42997690351558165,0,0,1.3361234011528336,7.318851646306715,0
0.659905956926071,0.9881473577593975,1,1,0.5807328888399477,2.116144498965393,1
0.652084304105935,-0.6949675678507004,0,1,-1.7416460338234763,1.3438228710903728,1
-0.21891231636691363,-0.41437299397728244,1,1,0.8827882963970907,2.3330799265143773,1
0.11768956789273138,0.6750367945807643,1,1,2.3500837954364244,20.596293995348418,0
0.39581527302538644,-0.4437299327715028,1,1,1.775237004235923,19.30850590474189,0
-0.5061612814236779,-1.2423969322292454,0,0,-0.7891533281262845,5.545317222519468,1
-0.22603667072665204,0.6560044841495748,1,0,-0.18425011449872428,7.471062762623133,1
-0.9849943327521327,0.4084299050406969,1,0,0.7224942030268046,4.791924062495431,1
1.3500076780869532,0.6929975325965232,1,1,-0.5471764771563783,7.980988357233517,0
-1.5312396930511971,-0.24812782523382204,1,1,0.4382296099822214,1.700112609948146,0
-0.6759722344476616,-0.6827061615342476,1,1,0.2933489034345669,27.31287690360388,0
1.499407237972613,0.7488908287206837,0,0,-1.4538841700242273,3.6937938459838433,1
-1.9064602264428592,-1.3818000398820223,0,0,-0.04592547534029073,6.566919978316836,0
1.0497111986965921,0.5967758684554605,0,1,-0.982975011443916,5.92552722043505,1
0.5351331465688033,0.19263404533236073,0,0,0.19641017770230598,23.94049732495388,1
-0.28955221667575565,-1.2096611960439512,0,0,-1.6678158344532816,7.496323863317013,0
0.3492319900725715,-0.42002256267969496,1,1,-0.7161089474713958,1.553245217047482,1
1.749590119390429,1.4963234678910378,1,1,-0.28045473071208105,16.90403010315717,1
0.5588302418475728,1.6133193826681063,1,0,0.12185079181888668,13.765299148778324,1
0.8252175149545353,0.22359096001393114,0,1,0.08399400785140507,5.442869511898607,0
1.99679385031138,0.9295067179474904,1,1,1.1401628101671724,10.905221687348796,0
1.1701125916532598,0.31614147999366554,1,0,-1.3930566683339025,5.154197892018905,0
-0.4126797600440575,-0.4859035708500977,0,0,-0.7542386231902823,1.8019702091502647,0
0.3412639009867004,0.28673443394133014,0,0,-0.5040593314638361,26.46049999802352,1
0.10998385755926271,-0.18414230132945725,0,0,1.2120450477500988,5.545112071558833,1
-0.36551867248994707,0.5821984238879377,0,0,-1.2373218901249192,1.1299347039312124,0
-1.0045801121492601,-0.8737732082162055,0,0,-1.2782730678943104,12.794444465414783,0
1.4385194026733934,0.17923502759396892,0,0,0.04702747027208023,4.952965606935322,1
0.3451511136081046,-0.6431234159181551,1,1,1.5566661655365746,2.2578693887529275,1
0.5242645184060342,0.40374992103520635,0,1,-0.8350880191411728,1.833295278872053,1
0.3243408755038678,1.3361705685841088,1,1,2.2125421198650583,5.099560568730037,1
0.9656919847441503,1.259894233040125,1,1,-0.8787986936706301,0.6239760822306077,0
-0.3292187637415914,0.5980567676898152,1,0,-0.7429821322262632,4.1005449602380395,0
-1.196066168170148,0.31232070229366715,1,1,-1.0810885030166195,0.9906051874471208,1
-1.3344050859461436,-1.4590347802347443,1,0,1.1751896326997278,14.368264438505177,0
0.5902127948272632,0.9846741321438395,1,1,-1.347084841484347,32.70145385971964,0
-0.33374563195627815,-0.6217925998929228,1,1,1.8791165750527312,0.702148392641296,0
-0.18992227037463782,1.3992594848008022,1,0,-0.8537494157347584,7.750811084657802,1
0.7826155227328802,0.6125618117251093,0,0,-1.0350393605087098,3.808242486168941,0
-0.6667756295710374,0.05394782622438982,0,0,-0.14871588657125628,11.587938820863966,1
1.0631766903187225,1.1152862955454959,0,1,-0.22863909082363076,1.1307746491953223,0
-0.2563464667401992,-0.5122805283422561,0,0,-0.6667138433713714,26.7253529966536,0
1.9590352320842637,0.909621079057997,1,0,-0.3225005127734955,0.6665749140763256,1
-0.7191801357496599,0.514397405825575,0,1,-0.6543447234079407,24.585352706437583,0
-1.8424640666340946,-1.043608776375306,1,1,-0.13128347836960663,0.24698953752014915,1
0.5987356634156028,0.058005222631121234,0,0,0.18745223443857084,2.3443852885312597,0
0.3822838406698696,0.4621696058098811,0,0,0.5382180614142001,1.531089236185066,1
-1.1795133987161637,-0.12284346713774497,0,1,0.3277187228016741,6.132348921308279,1
0.057793506219804565,-0.1191199781630759,1,0,-0.7809846507273167,15.105538131589894,0
0.9125502306387203,0.27467769434298556,1,1,-0.6231925939044467,0.7020885385974727,0
-0.44532857852413194,-1.3757245043202604,0,0,-1.6326228497688011,20.75620888006469,0
-0.16103483002880367,-0.6655921921934976,1,1,0.965913944896842,4.200811583238344,0
0.2457026132370754,-0.2176653994276252,1,1,-0.7176018165604032,0.29378890790918283,1
-1.7194795295853407,-0.2624209652316808,0,1,-0.7141814030206891,1.12167067936627,1
-0.171806019400483,-0.6425517960386862,1,1,0.8416901234783397,1.0196508853167014,0
-0.23641584283110548,-0.9201407164643212,1,1,-1.1354510507048805,8.745906422795539,0
0.9606980849894352,0.26497877605291353,1,1,0.43539554832607763,15.9779003503871,1
1.5249479345609638,1.3189777623653203,0,1,-1.3833160926021288,0.4663273692131043,1
0.6756898933306678,0.65159430650252,1,1,-0.9737206872398825,7.165488771123292,0
1.4352548823218005,0.14254719354734968,0,0,-1.5632885530564637,7.976936525315148,0
0.24552830691587102,1.4934688145527701,0,1,-1.7710498361209395,2.7764505590312183,1
0.23337264918198197,1.1314304460895155,1,1,-1.8360131295372026,0.19727373421384486,0
-1.2775351049199535,-0.3022512180468536,0,0,0.2194260046624105,17.632213388305804,0
-0.8470867571615041,-0.02282141014834288,0,0,-1.4400092594268936,0.06523001939058304,1
-1.3937471106055266,-1.2842039539902157,0,0,-1.9439732426728558,9.734188339897607,1
-0.3926953555038128,-0.04413600093934936,0,0,0.6840138088249678,7.023667937180524,1
0.6548005295507031,0.5675758916518822,0,1,0.9151111891729163,4.045163805130869,1
0.2734133953948515,0.5467431141317561,0,0,0.13635436724435332,14.213285610542462,1
1.90860573678394,1.0082184168718915,1,1,-0.6836382100839703,0.27429438196122646,0
-1.0560575470656386,-1.1444555141398662,1,1,-0.42701825986721226,17.710344290552342,1
-0.22556294138008498,-0.4625496898097715,0,0,-1.3051754144014893,3.477557141084516,1
-1.2478995656740766,-1.00981532720737,0,1,0.9927144576208922,3.287181801473101,0
0.1524322634016753,0.22050291172390152,1,1,1.4739863392535766,2.4952940736227527,1
0.1859608901051592,1.4811166404385945,0,1,0.13352654852907997,21.965028422144854,0
-0.44774401962762045,-0.040228525992870634,0,1,0.33845425586116396,1.7559393153836331,0
-1.4393103709772768,-0.7823467129804579,1,1,-0.1573628975015842,1.6570824392450354,0
-1.1454599229142437,-1.6698901993332598,0,0,0.023516760051059873,24.754658774624673,1
-1.0494576470920614,-0.3047157757024723,1,1,-1.0831856379434555,1.1316834078423235,1
1.055849161223876,0.025091965103671288,0,0,1.353787748054045,4.259401198942214,1
0.6424667433347622,1.3528012283675888,0,1,-0.028697020393413104,3.2429203235854707,1
0.4230500409411603,-0.2622614918176257,0,0,0.3660297578158219,7.523067116697731,1
-0.87964809584326,-0.016977110920736727,1,1,-1.6487292935941171,3.943238605279476,0
-1.5869450227217163,-0.6799528795506857,1,0,0.9257105899203701,8.658726688007231,0
0.8415173009647824,-0.375528570231809,1,0,0.561229020500531,20.161318203625882,1
-0.0668553347070564,1.1095085379939014,1,1,0.5488974541787165,1.8515744595788421,0
-0.41781500326111853,0.09153714851364148,1,1,-0.41482383831757574,13.353542408516212,0
0.29992934570701085,0.2185364437219875,1,1,1.4874548014100486,0.04054861458393063,1
-0.742558950885124,0.28747216387053975,1,1,-1.957094221746968,4.263187575802208,0
0.15740419227480387,-0.600250588990486,1,1,0.13180601351246032,7.03489962775022,0
-0.3819275113960893,-0.10279720816576743,0,1,-0.38340512116509085,35.325112843648206,0
-0.864765634688404,-0.061252274154046826,0,1,1.0111993348401862,0.7386238353016477,1
-1.1771007538417975,-1.6080372199884376,1,0,1.502563774295296,2.0097281434573233,1
-1.589203869649859,0.6211778025600413,1,1,-0.3878023996486751,0.8785420265928707,1
0.17240471624459233,1.0202474306470917,0,0,0.7218329217145527,7.549830153234405,1
0.6893517457091303,0.007991849692243869,0,0,-0.7810121593301466,1.4692999072723074,1
0.7498882512148838,-1.0730608810221838,1,1,0.4022342506390937,23.165095968634294,0
-1.8749069643092293,-2.3717262478560186,0,1,-0.7913451439405961,24.350674892049184,0
-1.7105355379100267,-0.5939965647998862,0,0,-2.0106191292264017,6.264954727927568,0
0.514627976266838,0.1889763480971893,1,1,-0.002220611382248828,5.9526766336437085,1
0.15738775891026446,-0.4151509027775822,1,1,2.217578353392898,2.3545611216713898,0
-1.9565938723598526,-0.6494690442783877,1,0,-0.6863944089371914,6.034394345517061,1
2.6036971911064923,1.9127102676807684,0,0,0.327526389742067,13.40016183994234,1
-0.036855443996688525,-1.5575076108758728,0,1,-0.9411977764023125,10.677489738871756,0
0.6637654558674013,-0.40945187402890915,1,0,0.5235567343115788,3.9388464492124817,1
0.3210201464815561,0.22046082522254057,0,0,-1.392757378294969,16.96767924904347,1
-0.5358340918269627,-0.4594862171011725,0,1,0.5126164385480596,3.271679896075415,0
-0.1874214838680151,0.2120146388684023,1,0,0.9390913372562093,8.076914827427528,1
-0.26043609009102564,0.2824390906925196,0,0,0.3216221534052979,3.1342844634006424,1
1.0796172785437268,0.4940888905148368,0,1,-1.3336485587406455,11.474770190775496,1
0.5536757611208661,-0.21887851730628,1,1,0.0619543747041905,13.892160619219347,1
1.12346244625482,0.6527219950315406,1,0,0.8129445853378962,9.422440508340898,1
-0.6688853600164691,-1.6985803137693811,0,1,-0.48512217949025377,3.139914991334081,0
-2.0779943038744157,0.4766181112241865,0,0,1.1440149123631056,0.2962375207468984,1
0.491336440413814,0.13830446183558265,1,1,-0.18747023878312152,34.967279835676756,0
-0.22839437067144974,0.3429036794685981,1,0,1.2619096407113122,21.85924293678781,0
1.4131288008759373,0.051217579037372674,1,1,0.9231681459640817,6.205423716353357,1
-0.24539069543404685,-0.6239648715215533,1,0,1.2312080909288805,20.82300054114839,1
0.43459944632047093,-0.7381346339770115,0,0,-0.6832064808917396,10.741204876723492,1
1.3247064401542084,0.9050591766638736,0,1,1.1156482721277428,3.080032195430249,1
0.2516739102485384,-0.6284659979113927,0,0,0.31382390830331997,13.959461853449746,0
0.20546321834895395,-0.358104024332658,1,1,-1.415750870570372,6.076795701084935,1
-1.1332621245274273,-1.303888957272739,1,0,0.378125545072464,7.556947717024965,1
-0.18129678817477843,1.1197646766432026,1,1,-0.3033719007183308,7.389251909089336,1
-0.8375810806388987,-0.8956375547839801,0,1,-0.33714002670643967,2.6081391183348996,1
1.0852149875774357,-0.23628588061223132,0,0,-1.3586832965719768,1.8300460825200273,1
1.5196469499424181,1.6883276758631296,0,0,-0.5024992925150877,2.5469440578793487,1
-0.30963451883665327,-1.9143470413248147,0,1,-0.3101746128614504,4.217708215690545,1
-2.350768374554089,-3.3851020840445196,0,1,0.6817075548316796,13.324492253283863,0
-0.29453031669762103,-0.7204508063834404,1,1,0.6404921974802613,12.599273568560882,0
-0.9811827127501717,-1.788150305089829,1,1,0.7166862230500831,2.449090115260333,0
0.20233401256359226,-0.0985562447159987,0,1,0.2253675811410681,2.087814372498542,1
0.14817523877381722,-0.18045468457887054,1,1,-0.9902502500737986,19.231966362172496,1
0.8743373382297286,0.8807517348978756,1,1,-0.5199529460403921,8.05437746422748,1
-0.4108696992979275,-0.7886332003208338,1,0,-1.702860156042045,12.720476520429406,1
1.6390638240026374,0.5033104153022278,0,0,0.15267994787258302,0.27112786192446947,1
1.1380047558122326,1.2721193079089237,1,1,1.9247731624460636,12.030320093039833,1
-0.5807933194063658,-0.5851216211839951,0,0,-0.3622089571048541,4.163569672026208,1
0.9251686770075688,1.734350630602741,1,1,-0.021930889990433834,3.154269982284556,1
-0.6389718600628211,0.5221865845531968,0,1,-0.7519506827540765,3.9993113566500447,0
0.4822204220585901,0.3175950767722574,1,1,0.56947088498402465,4.722770932130516,1
1.795222676708868,0.15741112350865683,1,1,0.6116298024137657,6.846270168155728,1
0.3686098487189552,0.44461954556816424,1,1,1.7530539373452407,2.547255480506768,1
1.1346371620315407,1.2248225785007554,1,1,-0.8091595205280224,2.579706418327987,1
-1.8119236523582742,-0.884210831330227,1,1,-0.7219929811645015,5.536436751329651,1
0.2993835072479503,0.029069948271677887,1,1,-1.1646606287058057,0.7166649176118275,0
-0.4622330232457736,0.7951562403593742,1,1,-0.8307414655255846,9.573842452799383,1
-1.2475889889860894,-1.4833090668842557,0,0,2.6229429060897176,7.6328147276839635,0
-0.39255087825769086,1.2058382135639842,0,0,0.6438335377795672,2.272034774068743,0
0.716441028962836,0.5309582332521569,0,1,-0.5430711878492611,5.344719113782048,1
1.0094735823838585,1.7379790218563196,1,1,-1.5847483625522585,3.903434107390543,1
-1.0492898423423747,0.5690039152438416,1,1,-0.6485630017928881,10.951638267956776,1
-1.1928078530522201,-1.482119466975766,1,0,0.6272136937656353,5.6512991470905645,1
-0.834660562572445,-1.7401863135691784,1,0,-1.3401961620286122,1.7638131549271445,1
-0.07410383029886315,-0.46439351915178756,0,0,0.002288559054154552,2.479870052915983,0
0.9307941624921885,0.7894677909828944,0,0,-0.20556413444042326,0.9626600813741486,1
-1.2088080029336798,-1.4349252712832037,0,0,1.4476775536774185,0.9089424843743589,1
0.52476113328457,0.2750392460522668,1,0,-0.4913520952731377,3.072947356849909,1
-0.04908446169586582,-0.10681445355396263,1,1,0.5761812350471793,5.57584163810437,1
-1.1291135256656604,0.5188442217816344,1,1,1.2462693952289223,0.0845414666155118,0
-1.1748326905658388,-0.6534507960348919,0,0,-0.7017482064781476,1.6182013368306916,1
0.06860080858305186,0.3938210659464321,1,0,-0.0759103282078082,6.1375374108840735,0
0.3784593413293991,0.41569136812100027,0,1,0.550599179023325,1.6002277940598422,0
-1.050655997827201,0.6251810607297762,0,1,1.3116375634712742,27.387113495260884,0
-0.3452208608484445,-0.16449647861888403,1,0,0.8447433113877854,7.378833849253855,1
0.5599796520220527,-0.25272350633631885,0,0,0.3139603355015919,7.330389460198683,1
0.32485497598628515,-0.13136139049555792,1,0,-0.8712662701336997,4.59772732021281,1
1.1694838558627298,0.09309432864692824,0,0,0.7949755685414619,5.7235982540684445,0
-0.5731742906379763,-0.048570056160294584,1,1,1.7576606022715666,5.548788673089197,1
-1.1064566384646413,-1.4126992009523711,1,0,-0.3517569296376288,0.34702855360526524,1
-0.9551973527743969,-0.6128158424722918,1,0,-0.6835483988709232,14.224873099635424,0
0.46320734451293283,0.73782644113516,0,1,0.649256759176671,3.2258001466592154,0
-0.10590372919973881,-0.9603624791678184,1,0,-0.03300541414043256,4.44432538546001,1
1.3420640904097907,1.0993111318056183,1,0,-0.5479299077423728,7.446843488422868,1
-0.3400834066569433,-1.0748581244496664,1,1,-0.6847177411651838,8.291038435844184,0
-0.6984288718352133,0.22079826526484886,1,0,0.062306038956564655,3.4514366299845283,0
-1.675851798064355,-1.323771346275958,0,0,-1.3645334973111627,8.85256040501482,1
0.047243609835041445,0.1888735466568456,0,1,-0.574499460749691,38.250428591306616,0
-1.6152375245642727,-0.10605088164198972,1,1,0.4791410753584052,0.5556888606709739,1
1.7487399428709,0.8442849083759931,0,0,-0.7734871985174913,10.475903943141404,1
-1.0824906741210811,-0.6107923941579545,0,0,0.8640874798119235,3.8181914668158474,0
-0.1146094638086799,-0.5729417127375004,0,0,0.444994474410947,9.136427573820058,0
-0.557359770557393,-0.4558072385345707,1,1,-0.7186279170459561,5.152675769447039,1
-2.22609434074227,-1.5851733691082635,0,0,-0.24013144800727965,12.579829617634617,0
0.14253505796560853,1.750777238102508,1,1,-1.3157301938003543,12.236600930573267,0
0.5417199690960323,-0.6619989027883952,1,1,0.0792678682316694,13.015375145942174,0
-0.5834565286159473,0.4080472017412961,1,1,1.2583048593379058,2.719421257885794,0
-1.5266490172148286,-0.29565351305961396,1,1,-0.3281960828741126,18.71391433806996,0
-0.6117191893859022,0.5615570120737717,1,1,0.43612318520636,12.982805957317554,0
0.8645847266875941,-0.36744230524794286,1,1,-1.4866805288451046,3.6497801736307642,0
0.24874494976316028,0.2663832221765386,0,1,0.7402028645707962,11.949429660335385,0
0.47568195876573105,0.23962513695519627,0,1,-0.245927239916136,11.743848462373403,0
-0.8144720150036324,-0.6691287055362787,1,1,-0.2853418218769094,4.314481556260338,1
0.28484851824045077,0.3631508460226981,0,0,-0.1632934296292421,4.850805806927383,0
0.6779754782987861,1.5214817318557525,0,1,-0.07704497673874773,4.355531236312042,1
0.6601194030131606,1.1258648381795204,0,1,-0.35941313206509995,9.18796356577188,0
0.32491449653135535,0.5818384159018051,1,0,1.449367954418997,1.3771251076832414,1
-0.5091122047416842,-0.5109437957171286,1,0,-1.10691974941105,2.359592543760808,0
-1.6023356197752552,-0.6277382227200133,1,1,-0.09246407788961374,4.066148248966783,0
-1.0522622439894473,-1.5883737538290834,1,1,-0.683116207481849,3.4154794868397325,0
-0.22934538768659277,-0.5473883881108228,1,0,0.3274675927344931,0.25326920695487154,0
-1.0418520702582252,-2.147302842120615,1,1,0.04465148973058517,31.867932919859772,0
-1.2399402597486175,-0.8879465258297021,1,0,-0.2976143008343448,0.797035552871724,0
-0.2986200485003148,-0.22191213571377463,1,1,0.6750965852200402,13.071688172463562,0
0.37702999799161646,-0.18343791272112733,0,1,-0.6704976061816628,2.6569394976831973,1
-1.0858396054167527,-0.08231341596058928,0,1,-0.08803395326390596,3.7084288087902175,1
-1.2994269317682972,-0.7395001763533464,0,0,1.189911905846431,23.522198447178212,0
1.382431353133072,1.8740070898449113,0,1,-0.6984307038069636,4.030151017165433,1
0.4574380725021691,0.09670081432908584,0,1,-0.6589951424521165,0.9158372723807892,0
1.4914468631330287,0.9605291305131689,1,1,0.4261538250195715,11.473150325899425,0
0.5186653027430722,0.8786178598226781,1,1,-1.7883849021004286,3.1528094667010014,0
1.5736175497701377,1.0555139675980836,0,1,0.8006426331417104,0.2204653916329697,0
0.9243464205844564,0.9967315665534608,0,1,0.31372047676782705,5.843676370218497,0
-0.319813715417621,0.44326649484423686,0,0,0.15518348988887407,0.10105827435230216,1
-0.5809656422172678,0.06739116915812932,1,0,-0.5465385468323443,17.845971834726935,0
0.9062001139348063,-1.337265498855271,0,1,-0.15320097753164577,7.113797807095053,1
-0.2576041488862839,-0.2722494635290796,1,1,1.5054685563523962,2.491506379252921,1
-1.3936878568971047,-0.7035262424612313,0,0,0.5400810412950977,5.166248313616961,0
1.2276977260872395,0.4930556817205089,1,0,-1.5334308644850156,21.606621191717988,1
0.7915734774233759,-0.3286467913515993,1,0,-0.3477577360408153,3.08990014406542,1
0.3693822662948075,-0.24162302736513624,1,1,0.9566499801987004,11.591182850221996,0
-1.9294906027161165,-1.1970495886981425,1,1,1.1001792414977754,4.07396744703874,0
1.5565147852240528,2.1863925247326064,1,1,0.36157620599116197,2.4440208954426152,1
-0.49413557564168376,-0.641660710858386,0,0,-0.6800157980938101,2.6895486749708652,1
1.1151336581823295,2.0206071053690393,0,0,-0.5436353780138188,5.820867584700118,1
0.7184151164133329,0.061258768870384894,0,0,-0.6266515946807151,5.612462859911224,1
0.15185980217827957,0.17824424838709016,0,0,2.400603334129892,16.284496972878976,0
-1.4313770832851926,-1.873992498659757,0,1,0.3563807444482598,15.988114335805381,0
0.9573222222134603,1.0086480932393882,0,0,-0.3076688735090173,6.947415205299956,0
-0.2040165553396757,0.527070782283884,0,0,1.1917967153398574,9.441884342851841,1
0.2963347806685289,-0.5727675166744322,1,0,0.2588166063310208,4.320837984172007,1
-1.7001044410589639,0.3079138819929691,1,0,-1.0635275669354727,7.889718406794073,0
0.028821291474739538,-0.1767305872611452,1,1,-1.748471645143247,8.382507256945914,1
-0.7267775620488235,0.15732794456381582,0,0,0.11429548270576471,8.091097953379256,1
0.5390838947750051,1.2310081327385711,1,1,0.7882953775216849,0.9253574387407816,0
0.9055771101238129,-0.6747235240058524,0,1,0.9345232518499066,6.142836414837297,0
1.2556148326333665,0.0023325062378533046,1,1,0.15533768317276583,8.302498422213,0
-0.7813848896711487,-1.184059661182038,0,0,-1.9510813263356248,0.4057567760658761,1
0.5886609042077303,-0.25258001474759034,1,1,-0.3498554527540887,1.0992726776748896,1
1.283320724687013,1.4663648258794422,0,0,-1.6082662761369642,8.647379123566154,0
-1.3467759367407997,-1.7981542406038986,0,0,1.165040496072246,0.24832991184666756,1
-0.43102497622706565,-0.6266274410515605,1,1,1.671520544582231,0.14993978353838128,1
0.09306057452308036,-0.3924980641942595,0,0,-0.9957396900144747,9.733039225722456,1
0.10499442652162308,0.3002098934735936,1,1,0.6402880949623777,2.129525768881043,1
0.5583558881976174,-0.6967037497414206,0,0,0.19421723180888004,6.482376846736746,0
-0.27290600172827145,-0.06418652088240058,1,1,-1.2392021256423027,24.734159247170297,0
0.04724653913102623,0.034101566740052214,0,0,-1.296654271505279,8.882750050435567,1
-2.0007688500642744,-0.7410743217749309,0,0,0.5157357833965666,11.621296994929715,0
-2.371173148863641,-0.8554638037388909,0,1,-1.0360206009592634,1.0704550375041968,1
-0.46476512031350964,-1.355926805148877,1,0,0.5443060092518162,1.2747370460597929,1
0.5093239204792742,1.0607238024472747,1,0,0.11447066911559077,23.33616030572892,1
-0.4193673212040296,0.5990156090025941,1,0,-0.10223484175044421,2.182785871749123,1
-1.8995473519720096,0.12083708085911582,0,1,-1.6232137799720159,4.426218658530464,1
1.2542259172852737,-1.1385976168018344,0,0,-1.5607561142777537,10.097078598375225,0
-0.07092300079801424,-0.6290391178112467,1,1,-0.6476169580237214,27.910457177550008,1
1.1433646302478027,-0.21546609175031362,0,1,1.0226503685563288,3.309333801735193,1
-0.6258428907617885,0.07552669451121002,0,1,-0.047357985914663774,1.1829805468962507,0
-1.059611693007369,-1.8637748785015793,0,0,-0.5123228660574143,6.364037344503007,1
-0.1424005836278978,-0.794798605468174,0,1,1.143887887536501,0.06799419643357396,1
-1.7988177513932335,-1.8168854739771143,1,1,-1.7451326541335475,8.308153203338486,0
-1.3225913294739196,-0.6016916344662133,1,1,-0.06213739860604079,1.017724652774632,1
-0.09424028608998634,2.005795559074524,0,1,-0.6612415013745137,17.874709500191415,0
2.156760612203093,-0.1563925834927773,1,1,-1.4410458353201243,0.42503913088391226,0
-1.1475086179536123,-0.37410586016805253,1,1,0.9841972966026561,12.465840375592514,1
-1.141759444656173,-0.9485592619453174,1,1,0.6228244454404516,1.1427815964755914,0
-0.3420911420333293,1.111130499515603,0,1,-1.077481187900156,5.280084570404142,0
0.4655770885509156,1.1085858247383276,0,0,1.5838222915918718,2.2073224080477027,1
-0.42137357240535306,0.504564542805804,0,1,0.21277173741598135,2.4151160226513944,1
-0.39157277263343765,-1.114586443843238,1,1,-0.7454366231887092,2.8974744968462156,0
1.1441747555154391,-0.006305639558292553,0,0,-0.14514951580946,6.180956222668605,0
0.2846790927916031,0.8867198231309741,1,0,1.1797958052862008,6.081833784377548,1
-0.7166815324699971,-0.46742718774565384,1,1,-0.09911565947675682,3.170218640783181,0
0.31092578055355236,-0.062276702246612914,0,0,0.5355277104922872,11.053014344496134,1
-0.4259080846738349,-0.5299025260445929,0,0,0.1855371443408746,5.457202469309172,0
0.05506592999448337,1.66925527584999,1,1,0.944446832966818,1.3040329213254154,1
-0.015478928544059432,0.10131847925627935,1,0,1.186131775938616,2.6341489549439765,1
0.6742293963847716,1.0101109174148277,0,0,0.1090741807873931,6.9156281258514545,1
0.6384186685673803,1.3669955179255011,0,0,0.15260475293146591,7.725408595012675,0
-0.32350285063219575,0.007099655394478099,1,1,-0.6149758651059212,1.887695594013635,1
-0.05524678789010637,0.41778825160558203,1,0,0.7229573081061602,10.860219558661285,1
0.3727409634511755,0.8604226573174155,1,1,0.5231537609337806,10.375094747131172,1
0.095153151110368,-0.577493587448272,1,1,-1.7128538153830042,0.6270156623292471,1
-1.0871551989846013,-0.5314409695606089,0,0,-1.679048020376107,8.557972769523763,1
1.083008590417656,1.234869879214615,1,1,-0.44913507235828637,2.8643047067093668,1
-1.1389519026504904,-0.04063699398005116,0,0,-1.981991968499916,3.05509913014248,1
0.1709422077086331,1.0716572850425603,1,0,1.3446069476350657,13.762477598384226,1
1.5413476419568966,-0.537709060954938,0,0,0.8446087986368045,8.24479937483323,1
-3.075582890255411,-1.5426581026387,0,0,-0.1412014531970794,4.327472671866417,0
0.4210862689845148,0.010538567101502888,1,1,0.6006783242837721,13.19888892203093,1
-0.7644790272155961,-1.2114699842635124,0,0,0.9367344561276025,0.81221528322297,0
-0.1874196689008327,0.11671212362158291,1,0,-0.7073934573010574,2.1078583279935024,1
-1.3575179086065527,0.20014429799755717,1,0,1.2056058286272264,1.884265795039634,1
1.17743424995456,1.7145002421514153,1,0,-2.043424460070035,8.758213021442396,0
-0.19877493029494595,0.5559872338567566,1,1,-0.29969285024192666,10.918357680822515,0
0.5454983849473852,-9.55960763239283e-4,1,1,0.11253382717045754,2.9019217317303023,0
-0.30383870885888253,-0.6879955444376503,0,0,0.4900412484054469,0.07808681316928166,0
-0.8656039038187362,0.09551002740282799,1,1,0.7519051165944879,3.2012978607478244,1
-0.07068780109719994,-0.5423331030493771,1,1,-0.5863571347778012,3.887160619099935,1
-1.5629036325188297,-0.8268082311995825,0,1,-2.128466095518168,8.551746583877163,0
-0.2750270511324314,-0.1642669788850877,1,0,-0.1503486022235779,2.062038755199562,1
0.7672378943442818,-1.263400957787037,1,0,-0.3404453704766205,9.915084073280397,0
-1.9451563548973012,-1.577515970537442,1,0,0.16572925009400757,13.77902510505935,0
-0.936687812398624,0.7820596418963677,1,1,-0.2542650344319981,2.6683574543476505,1
1.3200341847720056,0.6553157126372148,1,1,-0.03397795882309915,1.0918984511838132,0
-1.1592386963826928,-1.0870134298607366,1,0,1.0687509796274481,4.493064829148352,0
-0.932716516723951,0.46912742483661324,0,0,-0.732454076407114,9.715353472118679,0
-0.8781307982726306,0.1475934298223936,1,1,0.013594950264685865,2.933456694396834,0
0.007645872132767504,0.012725824521510746,1,0,-1.1904649765371518,1.8318798819867275,0
0.30679293034469735,0.008385257600219437,0,0,0.7006976740050506,10.378399607375366,0
-0.8364415540106179,-1.6123739664547467,1,0,3.004808165584464,4.087438589582841,1
0.800357668966328,0.13717059663042291,1,0,0.30422492677684615,9.854312948012497,1
1.7113650955408364,1.284525280281772,0,0,0.0962060684731246,5.837467374550901,0
1.3499384585325434,1.1870442385483282,1,1,-2.35524137213526,10.21849990321706,1
-0.8867113335910186,-1.2276717305052975,0,0,0.7098350368777057,27.448867040474855,0
-0.28266771440453997,1.2379364752187674,1,0,0.4529663411228247,3.7673756181849454,1
-0.5999430975427716,-0.7454058729517801,1,1,1.5299376573797931,7.468483107745749,0
0.7555362264359408,1.100845633114102,0,1,0.18267169279498682,5.468029493931681,0
1.5514057437087576,1.701603537586501,1,0,-1.2255149689884763,2.9178313367689652,1
-0.19036960175184203,-0.48529480598196584,0,1,-0.1189331999045731,10.486015425109931,0
-0.07280589096969603,0.7682146968389436,0,1,1.4538703509273068,5.400834356745085,1
0.029569109991376755,0.14749772690898816,0,1,-0.5143569292394664,0.34558724146336317,0
-0.618986379989851,-1.2017716726297771,0,0,1.9312224580853394,0.621238065787363,1
0.276600703219708,0.306117761916576,0,1,-0.23206051672967273,15.357219520256127,0
-0.6998847876140722,0.30106329762313516,1,0,0.2818516069291767,12.359060359669707,0
1.0296164739666032,1.0248931324909178,1,1,2.1818410282110925,4.605030093807727,0
-0.20273225514755008,-1.1428235068324724,1,1,0.06333478315718995,9.118752740219964,1
1.3340254593352587,0.6213361689712318,0,1,-1.463990235064343,0.12689705860490602,1
-0.2731576257329842,-0.5549854485504552,0,1,0.34847792916148335,1.3843760127201676,0
-1.2646029895217272,-0.7200358268406407,1,1,-0.6828738767373946,0.207627961987591,1
1.224064379528639,-0.32236401335823084,1,0,-0.442436774297995,2.8640732497353327,1
-0.8905596470863674,-0.9348660721220219,0,0,-2.714089024011519,2.6136305810593297,1
0.16634596904670587,0.29617360522401115,0,0,-1.0638179998821558,0.20749978721141818,1
0.5192054817474296,-0.06622683607144203,1,1,0.9529108121748886,0.7666283405778038,0
0.13540808834081394,0.12031305232863292,1,0,0.750841254353995,4.404439629549067,0
0.5529865162066936,0.31319427710755793,0,1,-1.5779840887336711,4.107270521732668,1
0.37942330122147616,-0.0718457848850706,0,0,-0.09743134980324156,0.8354593883268536,1
-0.8195430450967741,-0.4657227741548053,0,0,1.5027998415549464,1.2940062248768907,1
0.5102121534352058,0.6249367913496345,1,0,-0.010839191551731218,12.039357719813436,1
-1.5339406189127769,-1.28279734135076,0,0,1.2980783603354646,6.648039731577392,1
-0.20982763917808167,-0.45922585863940096,0,1,-0.09402478341740426,5.350314197130501,1
-0.565121912276229,0.24493298824033805,1,0,1.496649998293429,2.459696160318951,0
-0.1536811289428705,-0.592909721031724,0,1,-0.1347147235440317,9.968255529761416,1
-0.8984815846399207,-0.29141498364107915,1,1,-0.3688109012591472,6.225660993988416,1
0.5048114101582204,-0.3935960674949899,0,0,-0.5510953524984342,0.2847664796531085,1
0.13242028438109446,0.42176591412451225,0,0,-1.2417544820948656,3.8843081526768706,1
-0.3762655778029943,-0.7778242833057405,1,1,-1.4914990441166571,5.804811340096197,1
0.10733736542009673,0.20560737797656242,1,1,0.23175893323299196,8.516654886663948,0
-0.8420615809087313,-1.0144002174085278,0,1,-0.11987284975834803,0.8176864784521362,0
1.2950130738624703,0.8062042126802934,1,1,-0.11422240130070958,0.9235500435655316,0
0.6592181797006221,0.14299516825308561,1,0,0.33185456965580995,15.391834591746534,0
0.45467180368881444,-0.9673636488216595,1,0,0.4903188017891085,6.874816640808396,0
0.14041500468242815,1.2684542491086968,1,1,-1.2888485082908114,4.329733709649494,1
0.9841001991464913,1.4851926555552382,0,1,-0.5621133024226563,3.8972951044949395,1
1.4107493243070701,0.1450688809780969,0,0,0.34565611881774094,3.5046589405586324,0
0.8937160348065141,-0.863931030621863,0,1,2.201516557413733,2.15701685626634,0
-0.3791716834597406,-0.49206813154144,1,1,-1.0072042250291142,24.86533187631996,1
0.22751718510127597,-0.044818246993063346,0,1,-1.7504244868266992,1.2168749368799392,1
0.617560895363557,0.8265365911044854,0,0,-0.8223988434648577,10.573933692298931,1
-0.9021224385957246,-0.5269444171725236,0,0,-0.5908514061657233,9.996375168412602,0
-0.9057173725720513,-0.3977299442837143,1,1,0.08396061615141895,11.159767450725141,1
-0.0856340024993955,0.8736527491499286,1,0,-0.8525583378736773,1.788949558977038,1
1.0046990063972112,1.024749710392368,1,0,-1.4261698790405712,4.606491820110629,1
-0.6151886895347088,-0.6591671125941362,0,0,-1.3804048975705632,2.8715014923363924,1
-0.6783871771073231,0.4303411341328177,0,1,-0.9940807589848073,3.566883760504425,0
0.7019326369287084,-1.2182421519465176,1,1,-0.8265229877606148,6.067001237630129,0
-0.7022899149026397,-0.9576509920147986,1,1,-0.6990278354744125,0.1101684306045512,1
1.0980807899249905,-0.2181562285539621,1,1,0.7861793235628165,5.350285326130688,1
0.8853228090713733,0.20885241175911706,1,1,-1.7647288251193085,9.544258083177212,0
0.8314755832849587,0.09556336528215759,1,1,0.059013771318149714,0.16970150522857128,0
0.01746277111799897,-0.5018550757528135,1,1,1.086220167584235,6.063148513630601,1
-1.5410085327512086,-0.016183381719813372,0,0,-0.2810096580309692,0.8943674073189648,1
-0.9576376879443554,0.16950896355271233,1,0,1.2713318318170772,12.479973832066063,0
0.6937232076351907,0.8431512953184941,0,0,-0.770700078487713,10.133125011769536,1
1.4167590536377623,0.8831760785662941,0,0,0.3851905081657969,9.599692490533096,0
-1.0650134498071329,-0.7751541726270774,1,0,0.8608220155795099,5.8420413635895665,0
-0.2014986767737954,0.4729319211008376,1,1,0.5946145999359854,0.3092460719011444,0
-0.8949972787157997,-0.4271579284561059,0,1,-0.3087560671560459,3.5895282286219303,1
-1.2422950934188077,-1.4928088495096452,1,1,-0.9886560208759082,3.1561153164754314,0
-0.09313250372094267,-0.09091002319761113,0,1,1.2144741874362028,7.838455493845418,1
0.0984969257724592,-0.3824936190678747,0,1,0.21918342410028427,25.523612088054822,1
-2.1489392755396866,-1.079497292514575,1,0,-1.968054841922801,10.236023024616244,1
-0.07285161400366756,-1.219577286682777,1,1,0.6856036914698703,5.82525669896013,0
1.7592790635277327,-0.37492339531980834,1,1,0.9364116319423577,0.22036847658455375,1
-0.8924761009320489,0.2750665084752321,1,0,-0.01617576029272361,9.233886561937732,1
1.0567691889213662,0.774510741167753,0,0,0.21568503923538498,3.864416247233749,0
-0.2845345799070172,0.21441872320396946,1,0,1.2331059095623473,14.652252188831426,1
-0.5743063842034609,0.5446629175918114,0,0,-0.13171009190912242,2.3250867379829288,0
0.6293539191173027,0.5625829522421311,1,1,-0.8370792130553348,9.787661077415052,0
-0.9838341837099028,0.10788739061693381,0,0,-0.4746793903212954,7.314583140435454,0
-0.6764671133146457,-1.1478866625546342,1,1,-1.8336379494584798,0.489025132264942,0
0.8004398253870216,0.7207716893032468,1,0,0.8780537548687882,2.4406214283468826,1
-0.5783692927272701,-1.2316464784986962,0,0,-0.8790813568494564,2.1407348529526775,1
-0.29480183531198056,0.4076457134074136,1,0,1.1825893128624891,19.50933757753949,1
0.6866868665017132,0.7734556589514917,0,0,-0.8444558994679873,0.7481106091290712,1
0.021571019134019723,0.8495404725696842,1,1,-1.961549315608584,4.978641863757124,1
-0.16080072685485505,0.19397918499070005,1,1,-0.42021958411887317,1.5139240965557597,0
-1.475028886536211,-0.8104115743036825,0,0,-1.2834500237587239,2.6081397469776375,1
-0.4953476379539603,0.035443389183414775,1,0,-0.631229581410439,6.99308295210106,0
1.9571241043347538,0.584354002963613,0,0,-0.16707364325001525,2.035866443032546,1
0.9748053291682856,-0.6717714012583249,0,1,0.35085892807869506,7.6682065687677285,0
1.081853403242798,-0.6317039140138556,1,1,-1.4839287516270663,0.3290144706952817,1
-0.13776028288198552,0.9397655927003223,1,1,0.5139096259542201,11.256190272629363,1
0.7985702609594668,-0.05467232983788345,0,0,-1.354952430005919,13.085088816081687,0
0.7270829148974675,1.9293958677569432,1,1,0.6385088618639344,27.977800119509705,0
-2.208404371841391,-0.8317653734657606,1,1,0.3661356124719552,5.756436715212962,0
0.29994924886172075,0.8278457591341017,1,0,-0.9585301146530666,11.335545351068282,1
0.10910314123162622,0.0612481723111217,0,0,0.4251683150136074,1.8671070508827259,1
0.5348784587070886,0.8910490488087326,0,1,1.8088023206236536,1.0397990923875402,1
0.9591471267669873,0.025616501509939105,1,1,0.5550497276227643,13.591217321868609,0
-0.41857219594606,-1.625433796378119,1,1,-0.304948140950784,9.35647767917573,0
-0.5962532252296123,-1.006995613382526,1,1,-1.4883820772370906,16.363734254534247,1
0.5244736615306395,0.6657404788666261,0,1,1.6399821708985174,0.3441449565192064,1
0.16078365176991158,-0.23636482779907148,1,1,-0.7917351378179607,10.18252928202881,1
0.60011293310318,-0.41103767082743814,0,0,1.1163407162269632,3.3596506225876515,0
-1.1572325837232882,-1.5600822095725588,0,0,0.44186509062948265,14.23462809751224,1
0.7853344232034172,-0.41435481433497534,1,1,0.411407037859706,15.999671319420342,0
-0.0847823411657887,0.25617156142792896,0,0,0.08591138071439965,0.7976592130338153,1
0.4176018398603344,0.7823066491403954,1,0,-0.5330918358164732,4.898426724442592,0
-0.8858180892023033,-0.7707623834750517,0,0,0.3570381661671957,20.992834686181617,0
0.406164472900182,0.36165589812178256,1,1,-1.595557396976007,18.05155812657655,0
-0.09737937547691208,0.3908894472050788,0,0,0.20608417725518344,11.69299422407054,0
-0.8142835858875583,-0.7977576737594121,0,0,-1.2113303104675581,5.8409572265025,0
-0.01594430815226307,-0.3980710052436807,1,0,0.5295400963978553,9.281097584985298,0
-0.7119284232221572,-0.24477162496782312,1,1,-0.6184667949234339,15.597713691413606,0
-0.9269925468403826,0.1102018909379523,0,0,1.0477359391431333,5.35477822025617,1
-1.10685452183432,-0.6942541128520519,0,0,0.9580427977014018,8.021930457363627,0
-0.2691978571298758,-0.18021313981666254,0,0,1.0864882645186351,5.596200873454412,1
-1.529638071071675,-0.15529554686660507,1,0,-0.0778143485070718,5.194184956296037,1
-0.9464088376313429,-0.9698739502409823,1,0,-0.4680307077549039,5.257789588843783,0
-0.29649910284460607,-0.7975201615610645,0,0,0.6199154939311501,1.3848582437882822,0
-1.304469953238845,-1.2079316675910565,1,1,-0.12911281498918598,13.170514301628076,0
1.1855145117239911,0.7752184598078501,0,0,2.388016868468979,0.7703625209008654,1
1.776952196564226,0.5054246344433775,1,1,-0.08598822559727776,11.029544231752658,1
0.40693571435549813,-1.2499431003354866,0,0,2.290994101732242,3.845777475119879,0
0.3645535577785775,-0.3974868157002589,0,0,-0.16469853494915074,26.969515096237668,1
1.0945094305575032,0.8369759226838613,0,0,-0.01965752996394128,3.521732978212337,1
-1.5396335416647642,-1.0642454879547638,1,0,0.5158147432049022,0.8552725814903777,1
-0.0568777896394389,2.015429141413238,0,0,-1.5672863743476255,3.8417322522339723,0
-1.822455984586822,-1.1227977627922205,0,0,-0.4832292937356617,1.9684212127079568,0
-0.24853094975394,0.9882286036051295,0,0,0.31578564342089355,0.6558832634861271,0
0.795167185500803,1.8957571676040568,0,0,-0.9571729209791316,0.5458639895853897,0
0.2889768809300366,-0.567334629188715,0,0,0.5368593025187972,1.5465145853037636,0
0.9580428579829308,1.2475923283236487,0,1,-0.5619420415096954,16.154591288338306,1
-0.2583521019131,-0.10722984850634341,0,1,-0.5665431071972586,0.30360009986907244,0
-0.1501421006808338,-0.41680568803637424,1,0,0.30472992151103834,0.49301599695657694,1
-2.1568185536966222,-1.7540003323270095,1,1,1.6963768659013156,11.934237180729825,1
1.5207230905550826,0.6638827561330507,1,1,-0.6436742389309662,21.52492734498561,0
-0.9715914102604585,-1.3802386956983559,0,0,1.5725891359088089,13.526328042747387,1
-0.1606084636802027,-0.3382700303319731,1,1,1.119758718226494,2.10202062347283,0
-2.6863122489573006,-1.5181629376724783,0,0,1.5041036451065883,0.7424805658180915,0
1.429016234761842,-0.9000264218496298,0,1,1.2556869254429726,9.306904145476821,0
0.26044253059858974,0.7346232505628868,1,0,-0.19386380160046807,8.288678059786417,1
-2.002106098100409,-2.166289625677222,0,0,-0.7205725297937007,18.973419860817796,0
-1.2715824064414123,1.445243231355077,0,1,1.1511804477495142,3.65518902350838,1
-0.937304725335253,-0.5563480292308197,0,0,0.8708437003422672,0.7684191533674797,1
-1.5907006583489716,-1.0719707993399272,1,1,-0.6107004332049384,0.24403441233234738,0
0.25317480486572913,0.3389709546105551,1,1,-0.6786471274506184,2.3744482585849864,0
-0.8420691472471242,0.10441526291785663,1,0,-0.7347331698228899,0.6734986634304126,1
2.327929238011229,-0.5227157370307491,1,1,1.7847279265649618,6.037684219228826,0
1.2747373575282936,0.7915363864975277,0,1,0.24314914391328335,0.7345215523210098,0
-0.17997461299182632,-0.5631980065015072,1,1,-0.06997567023566198,9.493588585987789,0
-1.4288468098471465,-1.8233053801444448,0,0,0.7197196141893321,1.396083290329269,0
-1.5028009012376942,-0.7508928153219743,0,1,-0.019989056132542767,2.0223529039261243,0
-0.17129969842991366,0.7732042995452502,1,1,-0.14923299464145268,13.31938541272638,0
1.4523959949606946,1.2452210005170636,0,0,0.4348627264064081,2.50085354366629,0
-2.5053279369377957,-2.3871679261162297,0,0,-0.2858828152372343,0.7829860298458875,0
1.0813874261864878,0.2180852439193321,1,0,0.5259012771141762,0.5151545370134121,0
-1.2667833563310171,-0.3689475614385714,0,0,-0.6193790982493573,16.274213867803617,0
0.6898041732829937,0.3850074328176928,0,1,-0.7305686391638643,0.40744017654409015,1
1.2834727985290182,1.8836683395311784,1,1,0.5648093725909947,5.297018234462788,0
-0.48326365295237295,0.415573756748332,0,0,0.11419896246792814,6.592783770740754,0
-1.5772785466461903,-0.35622536958237283,0,0,-0.6009968666592653,2.920693000002454,1
2.6042473194530014,0.21560531494969792,0,1,0.21327815147272097,41.87358309622758,0
-0.668228442379891,0.158550754789343,1,1,0.26651980677378,6.001494209579471,1
-0.4772356784085402,0.10763666034394287,0,0,1.2193989624375552,6.815659161307019,1
-0.33862155237779057,-0.9867913456923487,1,0,-0.3726045299964988,11.864547492856984,1
-0.5762751135850954,-0.48349364143987617,0,1,-0.7944710259825786,6.42382963525514,1
0.6035111777327663,0.3692249095465252,1,1,-0.4036128385189596,9.980400465078754,0
-1.022150862457791,-0.22048990718662986,0,1,1.1542465883427198,2.2434689725438757,1
-0.290277999868413,-0.831047579137952,0,0,0.5801641112107679,0.1422160897558127,1
1.7677094864041443,1.3859799971128632,1,0,-2.2902061902599904,10.959175671100718,1
-0.27404441428098975,-0.18576737147057043,0,1,-1.294903674398143,10.078862673873806,1
-0.025641986874967403,0.21266490436316862,0,1,-1.683825656101065,0.8148782219209887,1
-2.122646883260812,0.405372150645962,0,1,-1.157939955028987,4.923600136923294,0
-0.5504433383405025,0.0827512411536972,0,1,1.3745268995186297,4.725900459258507,1
-0.6371812458772547,0.5721729329914595,1,0,-0.21357854986169736,4.460816450106601,1
0.0033030659964099875,0.1202805318277863,1,1,-0.30218899421645434,3.070473426487297,0
-0.1145466801068256,0.31211900461274317,1,1,1.3649839105879487,14.009143426935081,1
0.2885154335302394,0.2694307136465036,1,0,1.0185470946020474,5.27961456682533,1
1.3404241859006676,-0.05570394634057163,1,1,0.2183164530902657,4.808313717755179,0
-0.5839544478068601,0.42369964689280337,0,0,-1.913043395362644,0.3485767043763379,0
-0.028207948600824095,-0.9691567253125997,1,1,-1.0303377467316033,2.6340726651372974,0
1.0041775689687797,-0.024539530112801744,0,0,-0.24870865241669018,7.330576580372884,1
0.896373681321243,-0.5912466519305997,0,0,1.019971740283208,12.573736864471911,0
-0.7968902749963307,-1.7070075574346584,1,0,1.318833963015173,21.945973376003707,1
-1.1540776487147437,-0.7289214775395179,1,1,0.4821540092292346,11.191549423421526,1
0.048957618411022856,-0.19699184728475672,1,1,0.578127220497999,6.706869229324263,1
1.500816512945427,2.439782693742356,0,0,-0.44328122932811476,0.18277120415703485,1
-0.30444874767475183,0.7809485701350871,0,1,0.4248190993686189,7.3889779233908675,1
0.20125122622553146,-1.6408035672270704,0,0,-0.5424238876648355,11.145386200358573,1
0.5479203679336835,-1.1440819444197379,1,1,0.5300208429638144,5.338063063876083,1
-0.23770261581142185,-0.8356989106006123,1,0,3.081582534771262,10.32516512710726,0
0.24204106481016205,-1.3123796752439862,1,1,-0.5960221841044742,4.825324173240612,1
-0.1588949066244921,0.6942533172672707,0,0,-1.27877964379582,0.8424801907191675,1
0.4185871281095874,1.0791831535055163,1,1,1.3985622956389352,0.8472583955153824,1
-1.6885444782585908,-0.5976493447188815,0,0,1.1718648642469056,0.7176477226887722,1
-0.8793422225253472,0.5070694829959921,1,0,-1.111022356759531,1.4039911407356462,0
0.6461537617884164,1.1570941470853684,0,0,-0.2986494596805038,5.640549631789327,1
-0.047125515870746704,0.4857265053335408,1,0,-1.8292372624755984,7.0060191916111645,0
-1.379333566835574,-0.29822075889587896,1,1,0.16258436338954974,6.949553552975359,0
-0.5625388095927597,-2.0621837783430914,0,1,-0.39691088544376196,2.186225048111131,0
-1.5652795214832333,-1.9562398919306623,0,0,0.5353243808970402,6.7305589292573655,0
0.38782809121175377,1.536653109317109,1,1,-0.39365062520376426,6.122796224697019,1
1.4583827627768848,0.9766996326545387,0,1,-0.14103090683208006,7.4165805627506,1
-0.6873992926761308,0.420671337497319,1,0,-0.10366169977314472,12.12611778131694,1
0.5524890457441749,-0.6349566915595303,1,1,1.1380336979217802,0.634189962875098,1
0.200652457563906,-0.08617199283752931,0,0,-0.6272814965109432,9.447526411424183,0
-0.6878766164133597,-0.17957494413298586,1,1,-1.6158747273742342,18.579422169246083,0
-1.4165563243212695,-1.6389078131020915,1,1,0.15330846781751306,13.649520329269434,1
-1.8513508085697634,-1.2791462599077594,1,0,1.0779019236651382,11.299404889615976,1
0.5568364989394428,-0.37672092432502957,0,1,-1.8566189900210732,2.2901461498501403,1
0.31631580121235625,-0.5733563787365759,0,1,0.8625902746352031,2.0314827483768267,0
0.8388167047304401,-0.0846972577056267,0,0,-0.2133811959633314,3.675454501364475,1
-1.3761024318504647,-1.4532731016358096,1,1,0.1364409672719601,14.516429028084083,1
0.08579043759873389,-0.7573299925557774,0,0,-0.870934839817282,20.25544266111434,0
0.7206874162129399,2.137196615759629,1,1,0.0930476354533674,16.13772725616416,0
0.9928130214300087,-0.07763531999156342,1,1,1.1811694370497745,1.3853780265587072,0
2.276402568593841,1.8521930944566758,0,0,-0.32523410011507325,2.268478774719789,0
-1.2574695205135233,-0.5581410234835064,0,1,1.089958357166617,2.832365594804287,1
-0.21257581544023593,0.4756465740503061,0,0,-0.7453039959703498,7.0426062134008625,1
0.18560370443734628,0.3605138303579003,0,1,0.3347685073594242,6.418273231853864,0
-0.4593891650465349,0.3882976729228591,1,1,1.111054797033204,14.336959287444953,1
-0.4715081883354162,0.5053135096631718,1,1,0.8262577434780225,3.425571384529273,0
0.3331927746834777,0.3339797817204607,1,1,1.2494818622570787,8.468121022614444,0
0.5938084014904,1.851674083383783,0,1,-1.7064530681958985,14.913606829241122,0
0.49211313390945594,2.182894981540733,0,0,-0.9369909470005707,0.617320127088832,1
0.5999338329479308,-0.7281849898656854,1,0,0.40447937896880976,0.2808432071504437,0
-0.4424160968859962,-0.24887804548807063,0,1,0.3141268727528621,6.433711948092094,1
0.010363159941054084,-0.2860760324189969,1,1,1.2919810357737163,2.3093822528608143,1
-0.8199951056161978,0.024741368285169818,1,1,1.8017634380831784,5.144535447470844,0
-0.4824420021855565,0.33890888565562194,0,1,-1.7261719894150573,1.371954081672952,1
0.4240988538981153,0.9841910895606181,1,1,-1.4705828681206867,23.663399340227542,0
-0.4333492338589573,-0.3045009055252621,0,0,0.5374582203764955,10.162909802009764,0
-1.7259797791460327,-0.3309855777110946,1,0,0.07349945468565892,8.385277455405625,1
0.1263686487323149,0.03035966300897787,0,0,-0.18999794199810893,3.478508428951921,1
0.008845507253337022,0.9650294626946654,0,0,0.7275204341172999,0.8881109976276849,0
-1.3879645259428228,0.268754430211944,0,0,-2.938833902116188,4.237463503224848,0
-0.6958751002138169,-0.47806154323159555,0,0,1.0208801714986278,17.15996324325125,1
2.3222627065758205e-4,2.0368145358512253,0,0,0.9764276136616683,2.7889209411417446,1
-1.0756560039630503,-0.3270176304258337,1,1,-0.33621298768673763,1.199436723254621,0
0.7905583154575101,-0.7038672084659248,0,0,0.7247079751628142,3.661161595179389,1
0.26340549532972385,0.12942027063109635,1,1,0.5184647908969768,6.142564896502312,0
0.8580430096287236,0.16696334901933418,0,1,1.2182036207697269,5.728493091495087,0
-0.40700480439134507,-0.6660152380674476,0,1,0.2515467964822331,6.128791696041923,0
1.1097364751574699,-0.44963723105509323,0,0,0.1722732172457028,2.0565004631256065,1
-0.7386756137555828,-0.986400266549816,1,1,0.4658271383513276,11.994299276342197,0
-1.809046898391872,-1.8778389568787257,1,1,0.8331935145462523,1.829921752990534,1
-1.5545814330821113,0.1290210222291054,1,1,1.054936389866001,7.016426184795899,0
-0.15598100191187297,0.11945942147662619,1,0,-0.04696246036334809,6.731184168058238,1
0.43447517575993505,-0.2901781357825124,0,1,-1.2392177320265942,2.7790077729150653,1
1.891204403289351,-0.7262499260778965,1,1,0.4783627301587115,21.08654775551737,1
-0.10940745960224176,1.004790539819088,1,0,-0.07471400518501786,0.46116399498228355,0
0.35705403393670393,-0.7208574616841161,1,0,0.23656027642365227,10.16452280614287,0
0.232132037204301,1.2589269770685387,0,1,0.2945744580049432,19.71567578819176,1
-2.1216933062039405,-3.2198670222647756,1,0,-0.6561425214882352,9.218984919560555,0
-1.310609165562005,-1.1951139691980506,1,1,0.6523063967834232,1.6165922722949624,1
2.290934186741034,0.10599500111928073,0,0,-1.131247272573795,1.2171476669540886,0
0.1882073179326992,-1.1128216422966446,1,1,0.09089624114749739,7.517849350929362,1
-0.6529818438929249,-0.04531490081731665,1,0,-1.3924495095510012,8.528142274628186,1
-0.13362675965876614,0.2623206683113925,1,0,0.3905692498345428,0.049779839888207,1
-0.37060723299183584,-0.5314345742131201,1,1,0.0508643804409144,10.663015263115469,1
-0.3696679284545568,-0.7966224821626785,1,1,0.010606415113501062,4.3098784595107045,0
-0.6736017099421193,-0.5316003166635299,0,0,0.03619240859655966,2.6142818038351834,0
-1.936577626423266,-0.68603309448434,1,1,1.2296131473755105,9.724963456042213,0
-0.7647827933765186,-0.011469780499577975,0,0,0.5038616852883158,4.273922031279653,1
0.9747210394889625,1.8106384677761862,0,1,-0.7555027428031069,0.21587109402412827,0
-0.5809151377160087,0.10402664613631246,1,0,0.21794559454668733,16.87544967598737,1
-0.7071554811274824,-2.010633179801195,1,1,-0.9921270315124827,16.885854737753874,0
-2.002265654975071,-1.8632148373169308,1,0,-0.4990828564479853,2.7214401562865493,1
1.2330066484766726,0.38348523710726706,1,1,-1.3095055195883138,10.310738168617192,0
1.343024828725422,0.5794092608627606,0,0,0.8901295000082803,0.11252459621681282,1
-1.300014025193482,0.8179985334254078,1,1,0.017224283797883894,0.1349101192317903,1
0.6713914368802385,0.7178325009849338,0,1,-0.2966638373098834,0.5648724598545914,1
0.3726499976446264,0.8809643458608343,0,0,0.05457563167625472,5.453386146109551,1
0.6924275466576808,-1.054636554283817,1,0,-0.1937108337919166,2.5499820864448948,0
0.9115159648787583,1.2700855475982054,0,0,0.6974361925641779,9.854287195911112,0
0.9584032084129984,0.6911574712844009,0,0,-0.5064359479428618,1.4317585388198495,1
1.3440718744408602,0.7960988410858787,1,1,0.8498956139981143,21.06738621335563,1
2.4498886201955474,1.782839652658986,0,1,-1.228829474665195,9.71241089635601,1
-0.24620908767648214,0.681399848046441,1,0,-1.6375196994726975,2.4361511731209857,0
-2.4271704894714548,-0.7990289716215978,0,1,1.0241371644041146,1.263510063290596,0
1.6654128769070289,1.8654054530184552,1,1,0.584346873134591,7.701448381838801,1
-0.49940504987928014,-0.7687242035435119,1,1,0.7167999134783448,0.9603823418729008,1
1.2262836922891107,1.4263755729473013,1,1,1.9912031152940233,24.47836268553178,1
1.5271343546993221,1.1208189004897213,1,1,0.26677301239065077,1.536453914983819,1
0.46035128652086527,1.6519278500500845,0,0,0.3145840873764953,0.5708924417073529,0
0.6365237017439176,0.057890132134559846,1,1,-0.5638698093281621,5.662504265395304,0
1.8018720442810001,0.16564078940531313,1,0,0.6518296919628114,4.194720749122402,1
0.8792648147996388,0.6144537389303296,1,0,-0.5897390985432712,8.651597921696904,1
2.766125913113699,0.889854721549368,1,1,0.6015255218775125,13.740880279058478,0
-0.08254988386091956,-0.539696440260187,0,0,-1.850584688883376,7.845372933475874,1
0.8791197067726214,-0.6537017586700782,0,0,0.462666030460205,5.830533530523481,0
-0.21784783446355135,0.7908355201514875,0,1,-1.3417654340618947,1.89306716589878,0
-0.7691460689244944,-0.9134092358039747,1,1,0.38568530654805633,18.88553482996206,1
-1.0642129983527489,-0.6270404403329756,1,0,0.43143011071913295,7.584065462422969,1
-0.8792925289515667,-1.7925190517812184,1,1,-0.060449603632699106,7.099171587847275,0
-0.2514319221525181,0.1097852104954809,0,1,0.25738969164408976,13.44236920345391,1
-0.48613542608616894,0.25007136558397847,1,0,1.2568332183410142,8.75349883207265,0
-1.116158360942964,0.4662733226735143,1,1,0.8603515482950221,10.698082530520958,0
1.8159044642046782,1.4706018640129646,1,1,0.8346525338192012,7.28265982241442,0
0.3886199920872107,0.45665832967318676,1,1,-2.3937784961886273,2.0303233805559358,1
1.4951218358610094,2.1338600777478387,1,0,0.05444119614352729,7.614163014363801,0
0.9172284432865098,0.850924274900458,0,0,-0.8416792683605289,7.973392354430275,1
-1.8040344085423696,-0.31563429852190494,0,1,0.6353460591289201,1.4403956676228042,1
-1.1729233337356728,-1.8518968360742372,1,1,-1.8598216846626168,7.311975878002844,1
0.3521024760619979,-0.7663822829272899,0,0,0.018010251280339607,0.06818649902318916,1
-1.2043394939678072,-0.7325556845858456,1,1,0.0337424799822566,22.33580821088732,0
-0.30359248483508183,0.5059017636671737,1,1,0.7878901339013068,24.09797037501177,0
0.08297819961945409,1.1283839568027818,1,0,-1.0598676947558916,11.887362211803737,1
0.6550020798123232,0.9343251618497315,0,0,0.4643089870265167,6.749467784188789,1
-1.2594370597466515,-0.5776917956656651,1,1,1.0948924305056957,8.756545738769049,1
0.27349070508377105,-0.06977708220010997,1,1,0.4294223260333778,3.873494419193141,0
-0.6137902795388364,0.16557642903199976,0,1,-0.9554326497089174,11.42122870431354,0
-1.1503075787969874,-0.24027164169031834,1,0,-0.9702764633607097,16.57251485863845,0
0.011514909425072098,-0.9318385906335467,1,0,-0.8245084232475304,10.272608076182607,1
2.2131821046027573,1.7238857502802358,1,1,-0.37876271372519976,1.2488104519434273,1
0.7432889237871602,0.10539838438145532,1,0,0.3324659059313703,6.437717082870605,1
0.42348967361119266,-0.54257620807681,0,0,0.013105340832574131,11.569510123591172,0
-0.5540212732414779,1.002458335166962,1,1,-1.775376502808065,20.835544524905885,0
-2.307498498104294,-1.6353738874725807,1,1,0.5996864915384506,1.846570804870377,1
-2.212906584359501,-0.7913631471327505,1,0,-0.34625563189734887,2.320160340362539,1
0.10268120461979025,-0.11990640651353471,0,1,-1.1331201661348442,2.078306465409696,1
0.7684901219465065,0.26577515922738226,1,0,0.2861571079036829,5.498639207022886,0
-0.13471212338537247,-0.48860990598889464,1,0,-0.5802642064503375,6.818877742275697,1
0.018605173986905286,-1.509896581129701,1,0,-0.478778221749771,3.442944024356018,1
0.714125492627606,2.3544949592421567,1,0,-1.230420538880294,12.202331854970453,1
1.1417833980700725,-0.19688897132927685,0,0,1.228187747635949,4.002603490875027,0
0.5002394287147621,-0.16947284420789172,1,0,-0.6211431905638493,23.661589186480054,0
-1.0687291654569917,-0.13312861720170044,1,1,-0.8154836994329254,5.604200542438775,0
1.3803170772477846,1.4455553177071128,0,0,-0.11936809427188148,3.0439539036403103,1
0.7653406688606964,-0.02527315810556474,0,0,-0.19250314559285,0.013008651634057363,1
-1.5211789611526854,-0.11343040488372413,0,1,-0.9416288234478495,5.299978718782465,0
0.45140750012742514,-0.11346052661938544,0,0,-0.20046138885525538,2.0934605776953203,1
0.35920983864382416,0.2546277133548876,0,0,0.14291726591303938,6.659668963052433,1
-3.3300685617721255,-2.13748557701225,1,1,0.5326215851799526,9.591531085742119,0
0.20843659829470912,-0.5205470669519872,1,1,0.763092643470085,13.113742615948324,0
-0.2275509085798107,-0.5567459454465339,0,1,-0.9825379374521983,7.492957031004233,1
-0.46085523243907645,0.8265750899283675,0,1,-0.7224349979963474,14.395965666120453,1
-0.15604021497474915,-0.31125134070871924,0,0,1.1066242687108787,12.322989555617376,1
0.4683096693902306,1.2855119353604476,0,0,1.0242001033596844,9.377636899821562,0
0.12038442657795473,-0.05503317578159324,0,1,1.7116692079700455,0.6986729552171123,0
-1.2855639251337185,-1.0074170535750255,0,1,-0.23110277669226215,0.5101194164970225,0
-0.9818019149694013,-0.014665621432849552,0,0,-0.6445362585895125,6.974505937673765,1
0.7595729706738604,0.7462138660071853,0,1,-0.7467710536271813,1.2243785381837333,0
-0.14764261489246155,0.30771464347254845,1,1,0.35756262273345824,2.8433146537281573,1
-1.8802684955658067,-0.1743337296145273,0,0,0.7644242510023955,17.988574424766284,0
-0.15782932052756427,-0.25865983681196647,0,0,-0.5157519208557245,6.873270147129995,1
-1.3981211443151838,-1.916765775912253,0,0,0.34810942656663457,2.0847162697464228,1
-0.9626196351039163,-0.9252393305418929,1,0,1.617038660067867,12.153841926947438,1
1.502779086872228,0.5608723938581948,0,0,-1.141162336254586,0.9675180112632613,1
0.4508821546813288,-0.25289187694615933,1,0,0.8102812618503494,0.7901579347007864,0
0.18931797884626214,-0.23536658444930803,1,1,-0.19197884175021204,13.36656174965532,0
-1.2477994082388408,-1.1663717293212374,1,0,-0.1939331439618468,0.10779296280816199,0
0.3777154765838894,-0.08673117366762545,1,1,1.210876678750921,3.804817120544613,0
0.41344925510845204,1.2405740222257673,0,0,-0.22729989691895489,0.6697209614785572,1
-0.24559099803771373,-0.5196266162999388,1,0,0.33168511817130986,2.2594840537337006,1
0.02427200930415114,0.08828496434299979,1,1,-1.570977232423572,7.990669458754462,0
-1.075025088010896,-0.4771639006730559,0,1,1.5270958963274155,4.464198338488738,1
1.3222080401137566,2.145279462299664,0,1,0.34845161584451223,2.835016005489591,0
1.1557342973869895,0.20013961596055085,1,1,0.39298980729349875,11.701801682432695,0
1.1648531745326114,-0.05699631048007192,0,0,-0.7019407317347541,1.0453395273846886,1
-1.0571401230929358,0.03436677890422668,0,0,-0.8620911071970497,0.9388161234243652,1
1.4340830990950115,1.5275513013709883,0,0,-0.2528622611201804,3.5857875326958797,1
0.6219998191007554,-0.29076666228182657,1,0,-0.4567303290239958,1.7080119733388226,1
-0.8758340869471836,-0.17265895977663803,1,0,1.5703112511169564,2.9240895799982054,1
0.5178743833511086,0.09632444785265823,1,1,-0.46895354662050337,1.756526886795958,0
0.44208019880259625,-0.061932809537701056,1,1,-0.8266480841415752,10.973175832030776,1
0.7834088638474492,-0.35072685716061347,1,1,0.9428593942001073,2.570153446868062,1
-0.05891514834204426,-0.998986136395327,1,0,-0.14818698453980803,0.16337137445625421,0
-0.2089184880372667,-1.0289898650489344,1,0,0.1186402819216093,3.082168455355614,1
0.23170536121133195,0.9837836149299474,0,1,-1.2858429905486533,1.0694059161567855,1
1.1078953249865247,1.881300640838059,1,0,0.0814712889981739,0.10211603172744314,1
-1.421596285433132,-2.757740189203189,1,1,-0.2623876751972484,6.92097174434374,0
0.06486594852245701,-1.1292833474099817,1,1,0.07956201265562507,1.7144798609605283,1
-0.40607217047639005,-0.08448176537067831,0,0,0.6298237060329386,5.122681544162333,1
-0.3287566137680617,-0.5467753709978932,1,1,1.673653148363065,1.3361727430795631,1
-0.603175180968083,-0.6503112993507363,1,1,-0.4177175654150244,8.641214420048001,1
0.9249657813927358,0.09069423882400002,0,1,-0.8532835768453286,1.6969377252583704,0
0.11908546260387874,-0.7596734750136985,0,1,0.5186387808010932,0.7860357523895801,1
0.5360581160162157,1.0798735284363086,1,0,0.03583496627513864,1.8538555130362513,1
0.3783663874937976,0.27295096263261787,0,1,-0.12368350208885301,0.15386389568448067,1
-0.43570680345085655,-0.13279112330908976,1,1,-0.21666263620987591,0.6944287977762508,1
0.4937403733144875,0.7788896378838341,1,0,-0.35247306305979775,4.215386075278124,1
0.34251217024302316,-0.42984301958499627,0,0,-0.8775710906657606,8.072767980667553,0
-1.0269383202727465,0.13632939152662293,1,0,-0.43836590761164407,2.717952540997616,0
0.6820812935467409,0.9227709489852478,1,0,1.8529069609175184,8.652291384485963,1
0.2571490258980205,0.4703703381607076,1,1,0.3289456018479836,4.42993079389756,1
0.3345152830580421,-0.5800869422110599,0,0,0.11645135343761251,0.8930346812121571,1
0.2975582904089898,0.8023124645540808,1,1,-0.30062769635404474,7.033658918905986,1
1.2300764812806524,1.1152948949098582,1,1,0.35240520559922206,12.340163786358396,1
-0.5718597585909642,0.11703135212829002,0,1,0.3350067329122415,3.329142240266631,0
-2.7396692317955247,-2.1486515035564304,1,1,-0.8187052953071281,4.500778624787927,1
-0.6802380202168345,-0.5013798355215833,1,1,0.4968881113938152,2.0310033345595,1
-1.7182784677277687,-0.9088182358285775,1,0,0.7455266826980202,4.925422432898751,0
0.15109420492954698,0.14969907989051706,1,1,-1.1305605383848203,4.292186485448232,1
1.8368618491240787,0.26148123640824206,1,1,-1.955690092893209,5.136301302506278,0
-1.093625124485846,-0.9185763013309778,0,0,-0.4388973124728819,38.34212636365057,0
0.10074400254155198,0.47123072524948756,1,1,-2.0494244144601246,2.9197208161582706,1
-0.3631056984496475,-0.052764069339465536,0,0,-0.7209751232661002,7.4594664509952775,1
1.4692902551892675,-0.20288343107769624,0,0,1.8007693638940285,2.989395366360744,1
0.4187293164907204,0.1594467749762491,0,0,-0.07284879396749494,2.9033375050251684,1
1.2700413112874522,-0.08518920532720053,1,0,1.3924415098547234,7.309307343907756,1
-0.039295299741958126,-0.3086906511905431,1,1,0.6889770946384632,2.1930581414154355,0
0.6971697204856808,0.35987605661244104,1,1,-0.1381684261015269,2.6529903834064803,0
-1.1083109152112,-0.1364085519609879,0,0,-0.7814415604015724,1.0187226658066115,0
0.03714063615982207,0.22958768935893284,0,1,-0.0717322403355487,1.4984850228453677,1
0.4307037409435531,0.5078047911828643,0,1,0.6400552465129806,5.830492553953924,0
-0.5984178242948238,-0.6052055865045003,1,0,-1.70962083587506,15.26383202910966,1
-1.2455698313498407,0.14034273530802044,1,0,1.6880114167797036,33.175388271722206,0
-0.08337933164983916,0.03845744150673461,0,1,-0.9326454966190825,7.1445689688350775,0
-2.4673142668150865,-1.6734801440204108,1,1,-0.8548464456642959,0.1752319900939862,1
0.8410829999750775,0.09242396853576779,0,1,-0.14477419744289405,3.411677951759251,0
0.21281680107127268,0.3991458887308658,0,0,-0.2173093173860247,0.46884893284489715,1
1.7443275228507211,1.8167212104243713,1,1,-1.148294733918013,16.707308061962532,0
-0.45205846596869176,0.16366755452769402,0,1,-1.1275438773348192,10.40487476027084,1
-0.33181011535136984,0.028316402744554436,0,0,0.11356452393389856,15.492944556837553,0
-0.7721751844509885,-1.4451121825797726,1,0,1.0673506507281683,2.918107396302124,0
0.1620782394035982,-0.1500415698754607,1,1,-1.7610672304675092,1.3960531232691273,0
1.775045370180512,-0.7017877140517632,1,1,0.45017520697567553,15.284099289447273,1
-0.7417050482945888,-1.0733796223516736,0,1,0.3648050264479932,3.350946194647501,1
-1.1388613449688108,-0.7301177694093414,0,1,-0.054073486087111516,26.95007202042489,0
1.2745651332243289,0.38307176136409593,1,1,-0.16007882072961677,6.064550966552248,0
0.1004768462744366,0.5142165557870284,0,0,-0.26968352169961746,0.4726147660065064,1
0.7395233129006157,0.5873436339042517,1,1,-1.620544960882742,8.649117256181352,1
-1.6185084347096448,-0.395353111630367,1,0,0.1276465362340846,4.1798135614953935,1
0.24096584734296067,-0.054081314027339955,0,0,0.9841540304619555,3.6197660141624515,0
-0.20061708051588628,1.275977668457389,1,1,0.85931596342866,4.070664939051957,1
1.7984828297815207,1.1889357469240576,1,1,0.6837592480182051,1.433384726378986,0
1.5804081124406342,-0.04072154191762711,0,0,0.5742305040419023,23.944207152759432,1
0.2530096440189948,0.6674949863612516,1,1,-1.2793504791663093,10.949554488023225,0
0.26114156543739486,1.1879056387144853,1,1,1.7863655009966726,0.5539031164314125,0
0.9224400860787597,-0.31209062331696374,0,1,0.5002629939810084,4.493962259342274,1
-0.96344463653761,0.06223744879890275,1,0,0.7394838215862727,10.217055538319153,0
0.38582749674184846,0.2816458405664254,0,0,-0.5130888294905984,2.198436318603494,1
-0.2635061767592294,0.7608253169458565,0,0,1.2447054812903957,2.3869759830025337,1
-0.10074990562576847,0.29757975477419696,0,0,-0.04757959378895042,14.733675633788312,0
0.7167139143951852,0.9254613041425366,0,0,-1.3530914141767736,7.07567055519432,1
-0.6519657770405614,-1.3795685299995408,0,1,-2.3909298555126015,9.313360500420236,0
-0.6615034204129837,-1.6182319682188204,0,0,1.139402514949298,4.103179345838726,0
0.512357614438885,0.1857308762343336,0,1,1.1823508369661073,5.192779652619114,1
1.0654139328615253,0.6111506150630905,1,0,-0.7222067866698743,1.417300498801151,1
-0.3570771238409387,-0.6000336077060341,1,1,0.10768065273169714,1.8768310680454667,1
1.4707545492383685,0.17131481003248739,1,0,0.07289228707210924,5.6672990244502826,1
-0.3214388995539677,0.8792838862289897,0,0,0.20163746701334137,2.744478957417111,1
-0.37185630487081417,0.2463482367177142,0,0,0.01466448248000448,5.258199180208436,0
-1.4269093012956535,0.11782315106308106,0,0,-2.211610847475798,1.100359673406869,1
-0.9573301416699067,0.4589970285696876,0,0,-0.07919915053330434,1.709955099158275,0
0.35694291526957816,-0.34948903507772766,1,1,0.07994804635186478,14.188989375328227,0
-0.4052230591397954,0.3290540937936274,1,0,0.6987425206240515,0.5954571799921962,0
-0.3996945209404381,0.05835387041301332,1,0,-0.5495069187882972,3.670544701162726,0
-0.42585330628908696,-1.5025212917484227,1,1,-0.6270624437169942,5.711654538754374,0
0.1867380206951416,1.1072076323259614,1,0,0.05279524402994081,14.599184287632708,1
-0.9095850856889087,-0.9162549248949763,0,1,1.6327948991176844,2.1568314676793916,0
-1.3990930436745332,-0.6688885144368083,0,1,1.0094862742509279,1.2245305037746828,0
0.25918343282039497,0.3560532999973286,1,1,1.479769189354229,7.1165962451672575,1
0.9924899287169815,-0.14078566598220865,1,0,0.8817362570731159,8.444707961218233,0
-1.2068793794985,-0.596774447838448,0,0,-0.8958427431452833,6.813802819581073,0
0.6215957130607072,1.0587421234594045,1,0,0.6467594068494775,1.5037487804268799,0
1.8474316516399074,0.9357111733793141,1,0,0.44782713184941575,0.9806314948946239,0
-0.18951896984973696,-0.5862319062942442,0,1,0.3439330934153259,15.014027818958168,0
-1.76710901128845,-1.708329590133956,1,0,0.8218419716739487,4.786286041295777,0
-0.5322204380948382,-0.5528204579198741,0,0,-1.421044376222213,4.70534119134148,0
0.25782733488242676,0.44771882874440194,0,0,0.18467363145654564,5.493739452989152,1
-0.016340199233201045,-0.7291257886914395,1,1,0.20484012389192396,0.15956936792160076,1
0.6549374731035349,1.016344044444186,0,1,-1.7418016338915143,17.048250665808922,0
0.03381937386704802,0.7922197436146654,1,0,0.444422790438916,5.762510766120007,1
-0.19483545364725158,-0.18628761006866595,0,0,-0.41769374508042534,5.116020488397529,0
0.7453894645375512,1.1547523780803346,1,0,2.5233444124275746,1.9726709229871633,1
0.22252460708797597,0.9798650442971725,1,1,0.041477487751217956,18.19513603008569,0
-0.9481877558762272,-0.8518170752418079,0,1,0.6892733602491484,0.8526313838409646,0
-1.19388981977687,-0.8790129964864877,1,0,0.5326227425807308,1.831654630620863,1
0.7030120860903909,0.42833981029870205,1,0,-1.9560999209430052,17.12754281788588,1
-0.5092682668331324,-0.6760115146003269,0,0,0.602062444823656,7.957811435955367,1
-2.1604275620742257,-1.3835099435427327,0,0,-1.3667377946476527,8.381216188853088,0
0.33406239154255146,-0.3520913955685398,0,1,-0.08437990351330876,21.978744537450677,0
-0.017819203263837208,0.059681554370744,0,1,0.6673676138709074,3.9830467624900243,1
1.2621992974665468,2.245912420173143,0,1,0.13154568787794924,0.3631016549964746,1
1.022891764219296,0.03838293353955352,0,1,0.6476522802174258,17.50173783393055,1
-1.9376465604994604,-0.5473104069641556,1,1,0.5857062663186441,9.515806256132924,1
1.0010566855089613,-0.2426905072269745,0,0,1.690607287104269,5.243303533643484,0
0.4329675723016212,-1.3573633401641498,0,1,-0.4629806567124549,6.553175253443521,0
-0.7756090274827192,-1.5500035977623088,0,0,0.9954003468656466,4.156308566840987,1
-1.7251424205231531,-1.2604428094828648,0,0,-0.4665362032142429,1.538268003302316,1
2.3267290404339382,0.5785205423700278,0,0,-0.07047933336389252,9.086047780039513,1
-0.697410881533659,0.5615481045146824,0,1,-1.8266479002495821,0.28917564001555246,0
-0.7925638506517799,-0.8967436928549195,1,1,-0.21550561127060133,8.361671724937958,1
-1.290845364945547,-0.8958605888478025,1,0,-1.4091442088967592,1.1925038998015225,1
0.6341264022658404,0.7423603138980603,0,0,-0.20929748653483074,2.1598229184746742,0
0.44382653997662486,0.7578476387688563,0,0,1.0179748146984215,6.318224469405018,1
-0.7598515662969955,-0.16848291264978613,1,1,-0.5379287443718525,13.995734058241252,0
1.6287336513220385,1.4051832627078955,1,0,0.17697786708255936,4.948712540014337,1
-2.1991551793690283,-1.3922669611760141,1,1,-0.14569171044415125,7.478959392406148,0
-0.10284162034526911,0.3349280222863768,0,1,0.24807581990334276,2.6440354452158017,0
0.954685514184373,1.0494465167202147,1,0,0.6614638988147167,3.303606831845925,0
-0.5538474839605865,0.09986861448013418,0,0,-0.3308794689754175,1.975509167338411,1
0.3172759018860658,0.47405237096366215,0,0,1.4221407205758674,2.639670677793523,1
0.8427779592241278,0.5273797910059165,0,0,0.4387137953634058,22.10707768382411,1
-0.05890075659629905,0.8006805168011889,1,0,-1.2985141874144894,11.978382455023509,1
-0.5037467195980332,-1.0190469516109457,0,0,0.766630306123144,0.8273553762895366,0
-0.6026822969011667,-1.8909163956837651,0,0,0.9534948322533616,11.833960487588952,1
0.3034921221899123,0.8458341976529455,0,0,0.2701790986522947,0.7799540392416819,0
0.33274918231887424,0.39754950814275314,0,0,1.0122123621755965,10.257643833406371,0
-2.1033706368159106,-0.9919319417795947,0,1,0.1971928096940301,1.0551824613299252,0
-0.47732995236507275,0.3305009754295001,1,1,-1.1849047029188564,14.476236979708279,1
-0.6018029525157439,-1.2077250628457248,0,1,-2.1387239441785546,4.147467416866372,1
0.23942501492357515,-0.18546597100530016,1,0,-0.527836554780335,0.04252292097362497,1
-0.8135244611433663,0.5334192027116834,1,1,0.46243806766111484,5.176563188433647,0
2.1764195183679726,1.034387394215407,0,1,-0.24255695687791615,1.3202202659843318,1
0.7135298674521824,-0.10283777551389434,1,0,-1.2977660848325432,2.107504999016934,1
-0.23438799457883408,1.4509011885173888,1,0,0.6745437308505502,0.035451099587213666,1
0.4625683531077024,-0.6496515788417008,1,0,-0.11473781034326508,4.285963252186775,1
-0.2004406792480287,3.862453230278756e-4,1,0,0.7207262459185373,14.332122026955876,1
0.5261918176791008,-1.0668895613775884,0,0,1.139097209515007,13.980910243123231,1
0.3083908045948195,-0.0037577706389352594,1,0,0.4345355854173195,3.7860792634698255,0
-1.25295721358049,-0.48851838186501234,0,0,-0.22245735951717535,0.9131151034785376,1
-1.0648762628561295,-0.20269713871306183,1,1,0.9386212389052475,26.03353323895773,1
0.4176507507925557,-0.24520452545899538,0,1,-0.32690895347998167,13.533681459645633,1
-0.5588962973503538,0.5958097416770982,1,1,0.3032688783868077,11.599952431937261,1
-0.23041094586893354,-1.0482098219425833,0,0,0.44874046120954575,1.0046432144008577,1
-1.070637561198934,-1.0838979427191116,0,0,0.0820323741891716,4.29927814208592,0
-0.5209492295712467,-1.0763691901190575,1,0,-0.5831465540232965,4.8468666345191505,1
0.35541592318427034,-0.4253615391920543,0,0,-0.672805656739621,7.388863106839461,1
1.0283497808106357,1.4643958808206043,1,1,-0.9790330107518467,1.9947638135025116,1
-0.12935261640210413,0.6964855858417901,1,1,0.25595975521862824,6.675330952701571,0
-0.594873821114068,-0.5521933774305836,1,1,-1.2321227682867348,7.133681590629222,0
-0.8716567496114687,0.14544553259398396,1,1,0.12707614241615917,8.418570303318504,1
0.1365358740347919,-0.048743982987128634,1,1,-0.14159199980711895,3.53876140434295,1
-0.18498629214032591,-0.6230485808824389,1,0,1.6562217515825046,2.822246363696953,1
0.17542106700529134,0.6393230316095677,1,0,-1.1381304886448742,4.712965079428008,0
-0.9244444808641458,-1.6703515840171623,1,1,0.4556750889235721,14.409605983080032,0
-0.7056556098690775,0.655873862319001,1,0,0.14677113335039202,7.689964670027397,1
0.6389367510373434,-0.2736390695510512,1,1,-0.7679995038079367,1.314748435591658,1
-0.3369006114446299,0.35140729541148746,0,0,-0.6934943470943221,9.340022492648274,0
-0.06995340841017257,0.0780009158976781,0,1,-0.931665471993478,0.28296222832674783,1
1.0699842580558443,-0.6257375173518359,1,1,-1.426765757425152,18.26376618804639,0
-0.014384169299789527,-0.4994951240379981,0,0,-0.36417542384333074,5.476802870786439,1
0.07256519831576205,1.237307091373232,1,1,0.3638701572146869,10.019165300414068,1
-1.0307971094696557,0.07966680735171294,0,0,-1.0808351246929426,0.25170904118567705,0
-0.668036940845671,-0.6216959086537109,0,0,0.23613898116938312,1.8028760910965504,1
-0.2949125846130734,-1.2330673407804427,0,0,-0.40944267555192093,8.338447737467888,1
-0.2793378233051308,0.11048963699879838,1,0,-0.4578173816916178,5.366672509505103,1
-0.2727465363636275,-0.8076644105276884,1,0,-1.0610510471734733,3.0000020788672073,0
-0.7885199658878603,0.7671927771744218,0,1,-1.8830925588342813,1.562849358500292,0
-0.33093654554275403,-0.7047810591719618,0,1,2.5370818212980994,0.16977535948778194,0
0.7655642592552796,-0.5993909735130037,1,0,1.682980885748357,2.893349329232518,0
-0.8555406791248953,-0.48392684604565495,1,1,-1.227884209247779,3.607860797395309,1
-0.27920290445889717,0.23631191666117107,1,0,-2.044657193465863,29.799885810138136,1
-1.1909300964501148,-0.9540924590204783,0,1,-0.6778615476787954,2.204172076502194,1
0.9754456685184044,0.3724867541345512,1,1,-0.6341458749818824,7.507338475396337,1
-0.6705545218157181,-1.5369846655474864,1,0,-0.43830860025849167,3.152503868720184,1
-1.7751691938285517,-0.23614769977604932,0,0,-0.5636644290569408,4.479210649151355,1
-1.3065766254385611,-1.080215352976059,0,0,-1.513976216198344,0.1475030718040565,0
0.23813119502943378,-0.815585198289037,1,1,-0.5109115087469307,8.464869142470363,1
-1.3071884480496019,0.09280265227686302,1,1,-2.1861597877527967,1.47579060626024,1
-0.22617055692306973,0.013761996539651947,0,0,0.846790959965627,10.887695447129547,1
1.1322846925182906,1.610950110430503,0,1,-0.32650917282621755,8.471156836719697,1
0.621059985972721,1.1011921217336271,0,0,0.015721050030026853,4.8727887372175855,1
-0.7352090711179814,-0.6818412513788925,1,0,-0.8695395350443318,3.9152515974516673,0
0.05705288277969027,0.03758824143252635,1,0,-0.06334625459584374,1.9613407564315597,1
-2.1622028863644047,-0.35118684207352846,0,1,0.7438421710186127,9.91649903610143,0
1.0077354873451612,-0.024959128696706356,0,0,-1.506905829089723,24.281558330943593,0
-0.7009721845801776,0.7537889490074083,1,1,0.5858298480074982,0.13722113411252698,0
-0.0432398763116352,-0.10279637377781485,1,0,0.2371227559829675,16.511684469178523,0
-0.4276213982464032,-0.5609369283631646,1,1,-0.8697472527918961,2.8727089947399995,0
0.6677757117830408,0.4569502364298768,1,1,-0.8741255615047273,5.655844560002666,1
-0.3439222728687304,0.002790937085623141,1,1,-0.39432060713089934,5.415555093592654,1
-0.2610673350609393,0.30892924069524474,0,0,-1.1344423163485804,7.580998741361103,1
1.9259698376345566,-0.038339212996250094,0,1,-0.7734087323967793,9.23265683584919,1
0.3821460658015475,0.652222665546384,0,1,0.4446361888546209,6.2555509227862975,0
1.2597111973636461,1.6940746360337502,1,1,-1.451007581907946,1.3956045551830603,1
-1.3749856602319055,-1.558760438856813,1,1,-0.15996646853838212,2.3781691755478582,1
0.5000460847604616,0.3070308248916325,1,1,-0.6535162782987126,21.82507892034233,0
0.007600912999052223,-0.17053900879629486,0,1,0.31281264516750934,2.932909658799569,1
-0.24899256121072327,-0.16024113096039833,1,1,0.18964705905087012,4.417957706997792,0
1.27417515998121,0.39408887092868927,1,0,-0.7961319619700918,8.208432758564278,0
-1.6940727203212411,-0.49463469588183895,0,0,1.3924570801180582,14.268618588566984,1
-0.19612450995869007,0.33099538584950716,1,0,0.9197384052327614,0.05308032822122454,0
-0.2128656684699512,-0.5296392734310469,1,1,0.3330197168965882,8.156343682739866,1
0.8221340424961037,0.7038695825381623,1,0,0.8005067335403113,13.40098241274079,1
0.9332560742379142,0.37316262314028203,0,0,0.8352635403056531,3.1757572006123764,1
0.07014322340361612,1.6551216052393385,1,1,-1.074539245777218,3.677329393879821,1
-0.8159472723709662,-0.27394489730404764,0,0,0.5718772876906837,2.8187687353541455,0
1.2400647741631994,0.27090873092522116,0,0,0.3479611062207249,3.223798905188839,0
-0.302655741757942,0.5502688655293545,1,1,-0.3022832100495085,2.554051826397578,1
-1.1105112146678269,-0.3774942534393128,0,1,-0.03127925907546837,9.642684676644805,1
-0.8478477874300983,-2.348706707227734,1,1,-1.2475669510489784,7.728084758505327,0
-1.0737162075611297,-0.7845193691515837,0,1,0.5805493769898905,4.439246355711172,0
1.382284539848992,0.30757217400042713,0,1,-0.06501942067513203,6.47043073514859,1
0.024700656957163968,-0.2329217031660086,0,0,-2.4023714265903853,6.744832948741915,1
0.10818886977446153,0.6810577592581514,1,1,-0.33002025373715377,11.654739632111578,0
-1.240283363603676,-0.6896100006062933,0,0,0.7866894658849354,6.0996974814907725,0
-1.3973050432631202,-1.7204599206567615,1,0,-1.3573933207364253,4.098526240947346,1
0.5551017881012866,-1.029037892718543,1,0,1.5072693539479491,9.442195435635847,1
0.6112547794440069,-0.0900899316678404,0,0,-0.5102192892387718,5.185315109944592,1
0.709453728292857,1.5743536775447793,0,0,1.1473531587841297,12.433034165653174,0
-0.6792527599274563,-1.5446360416135443,0,0,1.0732211092611015,0.25100912510727846,1
-0.6585027518825229,0.35301699153346305,0,0,-0.2270883047651207,3.874010239572575,1
-0.1450356707547328,-0.6283762113640835,1,1,-1.0680929865281685,0.10881268729766211,1
-0.16030078748454113,1.0540933000777892,0,0,0.07637834840227493,2.071942773181945,0
0.6943365128468163,-0.27932481138786275,1,0,-1.0989201427346267,19.948020267258837,1
-2.300457248858132,0.0596567267455006,1,1,0.15690309337570157,0.1622153820182016,0
-0.20334528842935354,-0.7247592740645379,1,1,-1.706184647686099,26.023529991663832,0
-1.1941464527539483,-0.8951505041487995,1,0,1.4627533982015861,32.133578678084426,1
0.46748889784719705,-0.10481525346579962,1,0,-0.3669985850220989,1.4697305082033079,0
0.09451390699489759,0.2698215151061345,1,1,0.7482557258103105,2.307119265928454,1
-1.8608376149663601,-0.9056462415458548,0,0,0.2939537227982899,12.896290003034295,0
0.6500273472157869,-0.1476286010415081,1,1,-1.3974537617909732,5.58516593494763,0
1.0355026396092781,0.41562688459446745,1,0,-0.8288242992259411,16.862712939501012,0
-0.22784841917936277,0.2243297758387335,1,0,-0.30033441127493365,1.0003945052934191,1
1.5167945395473583,0.014122899443656745,1,0,0.6485055474556554,8.851850040217343,1
0.744425249908991,-0.11323736065991552,1,0,-0.3143539100236072,6.4932085252938805,1
-0.14035442965428327,0.5351787500530404,0,0,-0.3760811886087359,23.803975348421723,0
-0.3853782839251564,0.1561695757664721,0,0,0.7184085297291645,6.4469509056062515,1
-1.3357427670368307,-1.0311954617008154,0,0,1.2946438213467333,1.9642082780289154,1
0.34462887784244783,-1.006423655975258,1,1,1.1698752832531636,0.6584798764698918,0
1.3924414846077902,1.3225294091701516,1,0,0.5396533426720931,6.650502645681403,0
0.6215034547206273,-0.14969477815285653,1,1,1.4060675820132769,0.984424997069029,0
1.2032940201877425,0.22709535590010893,0,0,-0.5903308991042633,1.0867268545553088,1
0.9837657497907312,-0.22333919476407121,1,1,-0.6704321136286835,3.513389938355734,1
1.8704233518064888,0.6278192870028352,0,0,0.1866821866911856,1.129303714854995,0
0.3647002642086085,-0.263653599440691,1,1,0.15154002402541394,4.760870694493255,0
0.6486521805691747,-0.5052463941728844,1,0,0.547279644360889,2.624020838023474,1
0.6658858725739243,0.5593268601099158,0,0,0.634184853945659,13.912010549177928,0
-0.3288123107033079,-1.1957535402889725,0,0,0.3675974630777445,16.332181154360576,0
0.8938724756928008,1.1216766000513352,1,1,1.7453925345462762,3.918342884148589,0
-0.4442436816030902,-0.18035067963142493,0,0,-1.3039222080010102,2.1475236128773054,1
0.17842846433681495,0.34008921034039447,0,1,1.9084589235596565,1.0762227543940148,0
0.6137894703087391,0.9924036380762926,0,0,-0.5898686932199909,15.471789829974576,0
-1.9473833081341048,-0.5628904764289704,0,1,-0.4294090060120184,2.7204501442611217,1
0.7508438205009058,0.10055314611097893,1,1,-0.5204534188132369,2.5182899010057254,0
-2.1562613589834343,0.11984527477300566,0,1,0.47730382166157087,2.002423949719199,1
-0.43797354473513483,0.5364623025963726,1,0,0.5375208610169874,1.1056939023546875,1
-1.7962347088889388,-1.330112731303101,1,0,-0.09094109560118786,4.954799493619552,1
-1.8087752488010902,-0.3517173913799593,1,1,-0.21158724188711409,8.9529399135685,1
1.952910759342295,-0.5705773348851386,0,0,0.08383769204791838,7.479217663678131,0
0.48059466287647457,1.082868432503746,0,1,-0.5088637722570308,0.8688080551413199,0
-0.4976768900698273,-0.7216520208552137,1,1,-0.24084826475116736,3.2812127882304294,0
-0.8898535859756418,-0.5810514059804979,1,1,0.23163833089927227,3.0736755773735545,1
-1.358700965056197,-2.0645224347930884,1,0,2.019176036675705,14.767962988386754,0
-0.1909953722852395,1.476747142836968,0,0,0.36724632334250307,1.6231934617583952,1
-0.7032376131973493,-0.946209573036346,0,0,-2.6005500179237817,2.752030237267415,1
0.48713538481121904,0.197252925083889,1,1,0.11138126516256286,19.787444437114203,0
-0.006959701614379299,-0.07432126618543176,0,0,-0.1866699148096779,1.6111334599847553,0
-1.0138100163165802,-0.8230391291825778,1,0,-0.06644843401430765,4.695240017492223,1
-2.0327896349349985,-0.7873560482427074,1,1,0.21578628264947786,5.650874095348021,1
0.46469407305990806,-0.5995647812197833,1,1,-0.3265871964606019,14.267847670783802,1
-1.743551979884805,-1.3236194934001917,1,0,0.4552454814392316,22.27328064125558,0
1.6523288334631972e-4,-0.22248301833850267,1,1,-0.10562442869061721,0.4719125068125626,1
-1.2035512890611249,-1.2935294110020525,1,1,-0.9931060606544095,1.1782679202345512,1
0.915583205489263,1.0533120263933884,0,0,0.9450213600551077,4.511658168242624,1
0.7512550594357805,0.21850307727007995,1,1,-0.18139123507255858,2.27420470625421,0
-0.17949242638777496,-1.357416306809032,1,1,1.4343800983275576,7.484332060842679,1
-1.3662420116458567,-1.48684442689909,1,0,-0.6645959222466469,1.0099245895010731,0
-0.408787513945333,0.5172852910475786,1,1,0.3109260465845256,4.361681085235129,1
0.0037167422868572475,-0.31130380379286904,1,1,0.09144147505685168,3.7990180978504835,1
-0.07163287237027408,-0.30405214696025196,1,1,-0.8114377379840046,10.834528218294286,0
1.469976232063305,1.311032996865706,1,1,0.559284138458427,4.512438476861766,1
-0.4245807104457768,-1.6131811436413968,1,0,0.7312287093752423,1.0119085394156477,0
0.06571177023175961,0.04910718760328039,0,1,-0.49995480728788066,14.793866188125158,0
-0.7284473899249279,-0.17305508700715028,1,0,-0.7274827667356311,12.549141421213948,0
1.0951750635132382,-0.828155984670439,1,0,0.85773169113161,4.262921215091744,0
-0.3660826809244316,-0.8560590107221286,1,1,0.008833248774340182,3.457417393413683,1
0.5336043813081461,0.6608715269846759,1,1,-0.12199321812075083,5.850861950737836,1
-0.3405676519088877,0.3496886068544865,1,0,0.5481895874751402,34.33406109125715,0
0.17217954617537015,1.1872118095679074,1,1,-0.19135970327794133,0.46631008929883444,1
-1.2846849840078611,-0.5122626221698402,1,0,1.3471779822204344,17.295793800225066,1
1.058486033133156,1.0671914675828762,1,1,-0.4130448091003533,0.8902979433949836,1
-0.17523383837581147,1.2851499913330866,1,0,2.0568833444630243,16.269899872983697,0
-0.5993427082373404,0.0014411217950729416,0,0,-1.2294114745576097,1.3863449334166944,1
-0.291033179991573,0.8222746835969177,0,0,-1.538300802849885,1.423377861590785,0
-0.17350549923893113,0.8308630074670962,0,0,-1.2433110279107304,8.663590619770627,1
0.5350256086796247,0.2905256185342161,1,0,-1.0275697198127527,8.75813996694744,0
-0.8559539750641527,0.23592894931264308,0,1,-1.327072186126531,12.466843378961288,0
-0.9229321665133783,-0.7266643153584801,1,1,1.1219767988666531,10.0793037327231,1
0.7958182710037078,0.37007435819398754,0,1,-1.1027441294724705,3.2478450137811405,1
0.286011181603914,0.10255753803326083,1,0,-0.8658750348445154,0.2658174734064059,1
0.84120531198145,0.7542639990012929,0,1,0.2885967133231,0.11317131122628733,1
1.344795053109532,-0.11316068394536438,1,1,0.35583829449117704,6.028184233278514,0
1.1550071835053675,0.5464351590621156,0,0,-0.31891996805583706,0.8959244121797384,0
-0.9363237825817036,-0.5370224018341618,1,1,-0.6014993155496934,8.010728473655687,0
-1.7622087217898597,-1.4781026547903588,1,1,1.5522993316643385,35.526312544083204,0
-1.2051169473145948,-0.4272107517713508,0,1,1.017821688935819,6.656624744858262,0
0.12682102977339377,-0.4340512066572467,1,1,-0.5215761200001094,9.015670853006446,1
0.5462193439843569,0.38564814951767806,1,0,-0.28944512254275423,5.767808974875758,1
2.05734037264283,0.13530074447736884,0,1,-0.509561913354189,2.8751075849868357,0
0.22882014039558865,0.7716382444166585,0,1,0.6080381490331992,5.658490257337689,1
-0.7637943434208821,0.3322105094141456,1,1,-0.04582261406562966,1.6914068915260336,0
-0.4042619171193654,0.3226912360515769,1,1,0.2342242952617805,5.183513617763917,1
-0.4065242194574508,-0.45274384592749917,0,1,1.5666431598157202,0.8241530940430551,1
-0.831828740595071,-1.8288430534438485,0,1,0.43122622315943693,4.981647165075749,1
-1.4254822047874198,-1.013939810927424,0,1,0.47323666749818794,2.5807056692428887,1
1.4416660879329914,0.9313976049157249,1,1,-0.02157054382121827,21.87734393608352,0
-0.9663206707175847,-0.29363611437669146,1,0,-0.08490639248891316,1.2838879038735447,1
0.09242036578157187,0.6783545441892466,1,1,-0.6159798771126782,0.07435695345823964,0
-0.5116911881155265,-0.7722102662546495,0,0,0.15196283583946907,1.7144072412823639,0
-0.3588220083992177,0.20915976514978954,1,0,-0.2532493390223753,13.115103697324995,0
-0.3033908723878455,-0.445967351764341,0,0,-0.10886109089165853,17.46028237581235,1
0.22541096452159778,-0.6593130084752293,0,1,-0.4042898770920877,4.755535946848492,1
-0.11089862243747017,-0.30012970439254705,1,1,0.21327213391243566,12.240150957826,0
0.8806000391808362,0.5802323107190037,1,1,1.2611858239632785,4.252953990716262,0
-0.004567903563725789,-0.20251533657370693,1,0,0.8586309755345832,4.545733840980878,1
2.129265699682722,2.858925704104535,0,0,0.40660264969725096,2.083377567275117,0
2.08867562350211,0.9142390703465848,1,1,0.53884245218208,3.8913834801254175,0
-1.2157037600190932,0.4952996765079615,1,0,0.19727576384534595,1.5889054668756823,1
0.8553353762523833,-0.3371981305222506,1,0,-1.9143712222316076,6.543856230214339,0
0.9595525214910938,1.045595466226565,0,0,0.22214496924597196,2.1103390919355056,1
-0.2751537332384697,0.9703833448094089,1,1,-1.5605099363034094,3.6751069191630767,1
0.4173356696029175,0.23847465594466008,1,1,-0.6849496793214853,1.6902151362349591,1
0.13381553574096658,-0.43386716843557166,1,1,-1.2407950698008454,4.635581891655454,1
0.3417705328591687,0.7001262355836807,1,1,1.319817007378145,7.569539383635027,0
-0.026327477623158315,-0.2533731561748936,1,1,3.0530285468512957,2.1446268268239996,0
1.0818128819100372,0.7904967577332165,1,1,0.2086148733262864,10.48308193338176,0
0.07960625691896293,-0.6638041043830237,1,0,1.0593334604520124,0.8409538158606917,1
0.2234471129827383,-0.8358562339136099,0,0,-1.598361898810792,0.9264143604068955,0
-0.01885911640391795,-0.007730419253889168,0,1,0.5078892603965192,12.927536681215171,0
0.984445609778903,-0.23294865319855257,1,0,-0.09324564758790396,8.387449274731281,0
-1.5415233338804042,-0.4993699784082356,1,1,0.3273167343700332,2.3824381409212947,1
-1.2113733310555153,-1.0880483394047942,0,1,-0.08909142809993174,3.2915370926881833,1
0.4799955305667002,0.6202349408584737,0,0,0.34608454876409867,21.23463704766612,1
-0.47211793775919714,-0.07035022614557396,0,0,1.294212203699751,6.150046052682004,1
-0.9549370001631353,1.5385822666996654,0,1,0.3960552885344841,14.59364085388204,0
-1.31792880043441,-0.3015143063638621,1,1,-0.639414485521371,2.008478355128318,1
-0.9640573797069627,-0.38280564141565765,1,1,1.404112162886692,2.1342928185392727,0
-0.44377131523785135,0.18454266695024377,1,1,1.4180371028057617,23.852512744132763,0
-0.3835750872269444,0.2789487053137085,1,1,0.4771677847343319,2.780671394430101,0
1.3451198878552906,0.2765124588848776,0,0,0.9367816767226065,1.9043519821328423,1
0.9563264022113092,0.9707807628991174,0,0,0.832381971137431,6.910792520540557,1
0.5650310349258778,-0.5959777606323674,1,0,0.5300685781250402,10.620221673781776,0
0.0020670219796643198,0.9755766521874513,0,1,-1.0215108512438975,0.9344000020064415,0
-0.4274386528451414,0.37149715880101414,1,1,0.8273942779222384,3.0582544743083417,0
1.4799903348321473,1.7231254686993585,1,0,1.1272815935386562,2.678362480681426,1
0.004173746143546193,-0.03694636088610476,0,0,1.5609133006563725,7.977341853487254,1
-0.9378492358562462,-0.372177834883115,1,0,0.09518060927908739,1.5771420905366542,1
-2.799513663297374,-1.3161524291366207,1,1,0.05396691079416579,9.888771520254256,1
0.3470332357761753,0.49653987687354817,1,0,-1.0741661335152688,10.57469206051042,0
-0.8303719211498298,-0.3392814817627092,0,1,0.49800738780023757,7.150181661941213,1
0.02451047926908395,-0.7167067329413874,1,1,1.1678568317058642,5.5245734596004095,0
-0.9311060322788478,0.008453798751882124,0,0,-0.2407996872629045,2.6484728713209433,1
-0.71297487929646,1.1328872610542626,0,0,-0.31309993671968545,6.169733107980372,1
0.8001318231817468,-0.18103321353330032,0,0,0.6546335397897137,8.670164101096594,1
-1.4269750805110122,-0.6310984794138716,1,0,1.7230077430212691,23.500569597969857,0
0.2100718415539604,0.3429298351145634,1,1,-0.9609335961100509,6.909236620300929,0
-1.1254691578761689,1.343914384389325,1,1,-0.32793372348415273,2.8841564354176326,1
-0.8354966544586601,-1.1801789719487115,1,0,-0.1352191188253863,8.145283255376023,1
-0.06613866803459355,0.4068508576264141,1,0,0.37996621024426186,10.572418693311556,1
0.1959595406312562,-0.5864017245085659,0,0,0.0695765107729916,3.842999797780067,1
-0.870533883998389,-0.3457278227350068,1,1,0.14300393312136478,2.684164831104378,0
-0.2235035259599679,-0.8019790496929065,0,0,-0.8047225852250657,1.7636357331824573,1
0.13566428941489134,0.028080304995630856,0,1,-0.7347211697674573,6.943363001177018,0
0.9582012372166054,-0.05933140757627081,1,1,-0.4904981245273021,0.6224510395535399,1
-1.1300172101144719,-1.8812606578461932,1,0,0.667998588212108,0.680252187885344,0
0.8407811011385768,-0.6888563268500203,1,0,-0.5998085002109478,2.1554783374692006,1
0.6473157519663825,0.3122845893439898,0,1,0.7453651668298511,8.062371308565242,1
0.853016191792222,0.7639911444737192,1,1,1.2367352153452158,1.245740952435881,1
0.7294232150900932,0.9715607508320471,0,1,-0.22462745838622367,14.011589095538064,0
0.4032674693782385,-0.8343738188480387,1,1,0.5046308321038002,3.664995555300266,1
-0.5100724566157291,-1.040442718350846,1,0,-0.653594588156358,4.756834000969927,0
2.1167918383320705,0.03375427634259953,0,1,-0.06550422494688853,1.6978079452676786,0
0.35775066355689555,-0.7871573730244013,1,1,1.2248324889144793,5.469602602533996,1
0.08802617788381246,-0.2005010006716173,1,1,-0.7122657344633134,10.183842549681765,0
0.5865511465488864,1.0620714937294509,1,1,0.34390069904883686,2.665242863747912,0
-1.1053237156190858,-0.4254801258259003,0,0,-2.160892034355854,5.857805531277813,1
1.5170599969076226,1.2473734976014654,1,0,0.08502786229497564,2.1867634573330483,1
-0.25043247708774496,1.3409235343213632,1,0,-0.46842974089694717,5.827660371203057,1
-0.3910814930454188,0.12693827156802814,0,0,-1.0918878591073944,7.397822125972557,1
-1.1892272309602037,-1.1308599941217534,1,0,1.1174725640720233,10.43463463394354,0
0.47397178037560483,0.5922580522444235,1,1,-0.38953543906550575,10.807266512846056,0
1.0710456255444012,0.021127497664640615,0,1,1.3030867180872745,10.289678473917249,0
-0.7074524477976386,-1.5373760326326618,0,0,0.04600916016921495,6.701704867144527,0
-2.2496921581114457,0.40245395855571875,1,0,-0.02023338275297094,9.74073771662772,1
-0.7270803044997902,0.21791077582711815,0,0,0.445015581917055,3.439380469111105,1
-1.1880885879191054,-0.9508442680433368,1,0,0.16745382005872736,1.0772046183108162,1
0.46100186155112965,0.5351514807880655,1,1,-0.7651518515357143,9.175327272425198,1
0.33654036474208504,-0.03968494094993494,1,0,-1.69725034432952,0.6305999704636633,0
-0.3517173560278687,0.9919688596163632,1,1,1.4534183985359355,0.7857798870342474,1
-0.59091660718529,-0.6686364021658938,0,0,0.9604126335147966,7.227694095383189,1
-0.8515061915244441,-0.33950032417479786,0,1,-0.43197887401956986,17.47250573915025,0
0.23752917387284586,0.7834165914555842,0,0,-0.506502905433551,4.147919286818555,0
0.09389568360102088,1.2898829820964586,1,0,0.05285375321535785,1.6658265471340326,1
-0.023363107003697887,-0.6657131652184054,0,0,1.1769465554848408,8.131241045231722,1
0.4439083072308377,-1.681026383540062,0,0,0.8854334299518053,10.632978697578215,1
-0.02523341727715383,1.1055038493485096,0,0,-0.07782568750659147,1.9318861558818,1
0.2824780060015664,-1.2033800598828597,1,1,-0.5620168460519275,0.5161490912238758,1
0.15642578426031112,0.010063333912831998,1,0,-1.1932259238476783,5.080909716586272,1
0.3829924798288268,1.6243769446627958,0,0,0.40667494030216317,9.862724248901111,1
-0.6852635178001594,-0.9869128320179595,1,1,-1.4083722216530175,1.0077299998433187,1
-0.507718770463855,-0.5313649496068631,0,0,0.5136117043566567,10.54843733983497,0
0.7980533412468314,-0.24025612180774814,0,1,0.11849509129957124,10.267395556864741,0
1.2316130271853096,-1.7092047419841712,0,1,0.520759449818901,10.727459176403883,1
0.9283029051420466,0.42158318291799646,1,1,0.9848705077156512,0.3684319827395181,0
-0.3400690585649851,-0.23416920773110764,0,1,-1.6135041408338207,1.038126896375854,1
-1.3084088479177034,-0.6995404648007131,0,0,-0.7241876644715084,8.524598755213225,0
0.7676549733321613,0.21087900062989384,1,1,0.4016979799952593,0.5711973119629588,0
-0.6840127173776788,0.22660801248544965,0,1,0.8318798252655593,12.27000383590182,1
1.1169768664518915,1.1242527089073033,0,1,-1.2013288325289206,13.498687044948541,1
-1.5538528426212121,-0.9462453055462703,1,0,-2.105512353291402,4.070228846588483,1
0.9703186610487066,0.37115302345255896,1,1,1.7033103279250796,0.9074282501959356,1
0.29239090054436484,-0.06322393121025335,1,1,0.16794599120944578,3.6507863551378255,0
0.10394093369682153,0.03729099461154092,0,1,2.565601843417371,13.494948700611992,0
-0.21407559298911516,-1.618038145892954,0,1,-0.27383394105491626,7.059845475069002,1
0.7240306506401829,0.15786594362339834,1,1,0.2711041476443573,5.31581030615295,1
0.45598009048122135,-0.8175363525515182,1,0,0.6492623489546138,2.286101629336675,1
-0.9198615509771856,-0.19770897703597196,0,1,2.373354849971513,1.0700435106021664,1
0.9271374144934329,0.1943728333758699,1,1,-1.3729791514561247,9.422828280016882,0
0.6333042932389948,-0.23065947203186438,0,0,1.0582584821873606,29.037171891391036,0
-1.2455022561354125,-0.2606583456855158,0,0,-0.9181421425899751,4.606775733797501,1
-0.43064097472299256,-1.4694194701044476,1,0,1.602373069600941,30.28361688564148,0
2.2437310838004305,2.782925351693393,1,1,0.5868147333193422,0.7329773447455297,0
-0.05010024639744668,-0.6613130190994218,0,0,-1.0967545664735108,1.1025048699856348,1
-0.5364996638570605,-1.2220548659727204,0,0,3.1625981449994773,3.9829051083264253,1
1.45974792761284,1.761767263400453,1,1,0.9566608623495158,5.15446012141183,0
1.043822482046628,-0.3739035870026719,0,0,0.8637036872948627,17.03765547453881,0
-1.8639042810887405,-1.8436836977951394,0,0,-0.12071484882345195,2.4560254144792757,1
0.36869905435524325,-1.0718429201902304,0,1,-0.503043911650383,7.340037768046162,1
-1.2084670274134224,-1.1855701445251727,0,1,-0.3335298679589541,14.888533138168453,1
0.5049403384348372,0.6853938807440495,0,1,-0.2548002811954504,7.432029458033643,1
-0.717822721844044,0.10564669399060722,1,0,2.015541054273657,4.349616674395899,0
0.9500679045460364,0.6370317917584282,0,0,-1.0475640582906178,1.345832603030921,1
0.3916897321289987,-0.10258442814860275,0,0,-0.5599998661591491,6.013209418974918,0
-0.3087890555251709,-0.4263181471439541,0,0,0.014882304918532457,5.429184029344469,0
-1.4857976288990467,-1.1716451088494684,0,0,-0.026111547296719686,13.195436102584459,0
-0.12168434291623521,1.4884200865711337,1,1,-0.633909290535187,0.5984057749932011,1
0.6338329785673292,0.45441964462646023,1,1,-1.0508643167960794,4.579268570523709,1
-0.6009535112592532,-0.18880016195134625,0,0,0.2547129474846421,6.538110691703957,1
1.3526838014367124,1.4991487829376202,0,1,-0.31529749561381326,7.553826520490251,0
-0.27543958799877877,1.7103885580664464,0,0,-0.26996818321270566,2.3144439794123173,1
-0.5878140995633673,-0.5619330417772069,1,1,0.5250780353972578,1.4238169321163898,0
-0.4871421041093794,-0.2847234476850026,1,0,-0.5655830709619517,7.405948317782912,1
0.5245308656331744,-0.1167454355176441,1,1,-0.005347801121178185,11.84097897765844,1
-0.7959905450817019,0.24621359843555518,1,1,-0.7509705312170932,3.139284098243492,0
0.15858783604358254,-0.9978093468798828,1,1,-1.0497755010786405,1.6918800661718065,1
-1.2528990796206843,-1.7817930444733432,1,0,1.1830043476574061,6.167283816844326,0
-0.1440474609202537,0.9349659088665035,1,0,-0.29734663492538915,0.016376198886412414,1
-2.662403696121424,-2.3356619600475517,1,1,-0.010455484693081834,11.668364165019607,0
1.173429827635821,0.33669400863753074,0,1,-2.185249439610827,2.5342053229299686,0
-0.2250162569411201,-1.7404711094080034,1,1,-0.40847465580454956,2.4463476923604808,0
0.2912588894045504,-0.5476790462415295,1,1,0.12343083270681285,6.6677289700981,1
-1.9675421483959081,0.28986997841474904,0,1,0.21185515883024456,5.4126211907714605,1
0.035571909705140466,0.07415102580212779,1,0,0.4751622523783073,1.8335390059898298,1
1.2655507737750245,0.7571594905191784,1,0,0.35442241114504286,0.5001599682323572,1
0.16843350904140125,-0.6135716235114406,1,0,1.1175431675319754,4.383814192255576,0
0.07334801029312052,1.3445159232483157,1,1,-0.014184890575304093,2.803467509026329,1
-0.7999436459937843,-1.0971886514514413,1,0,0.4548068497161823,2.357715341107299,0
-1.0019580296403265,-1.2710825292310468,1,0,-0.0984123747099952,28.01299150893133,0
0.6882508665101251,0.49623604827358103,1,0,-0.5405135622090584,18.99019624001563,1
-0.47150118913905364,-0.4361474813866093,0,0,0.37267602195126287,12.388782745768829,0
0.6924994819944592,0.11891521574959352,0,0,-0.3944967675013529,0.7390940856957877,0
0.16257171207675722,0.22202389494648161,1,1,-0.7233928220488529,10.96015043987344,0
1.085981563105801,1.2531564309448462,1,0,-1.886016215070578,1.7736672307364645,1
0.1448372702457367,0.8020924888318745,0,1,0.9268236409289125,1.79949525045231,0
-1.558684292807416,-1.3990170980857801,1,1,0.2460602886223262,12.065982290153904,0
-0.9107023101301182,0.17111984687973614,0,0,-0.9113353938183957,8.836738966676199,1
-0.3788652895023217,-0.4198454733953936,1,1,0.34972943364160575,8.5361305310305,1
-2.855735374848556,-1.6952411753149415,1,0,0.3862203914122144,0.5631678925202888,1
0.5966252430275751,2.064795463018958,0,0,0.6450443770109192,0.5935448982401321,1
-1.3134867963905166,0.07344537599948264,1,0,-0.8158839139423235,6.846580038505963,0
0.11420355737359497,0.24610298186876672,1,1,0.4377914596843867,1.5989122514822531,1
0.6237709851136186,-0.02435333646304999,1,0,0.4965660164092772,5.788441467680138,1
-1.7501068973999194,-0.596977983109027,1,1,0.26253997363198567,8.834083808931764,0
0.0012046631782923797,0.4921846032836084,1,0,-1.9092201291623465,1.634181244298816,0
-0.145124473673031,0.5822390345703243,1,0,0.08689752761979708,7.775589969754936,0
-0.5673071249836712,-1.0409764667199637,0,1,-1.9750531749468423,7.861033756867153,0
-1.0234281654080857,-1.732738693231505,1,1,-0.12540746223165672,3.7251645388702554,0
0.8561111915664935,2.0225685045203887,0,1,-0.22900718693629316,1.5046186206574261,0
0.17009434030571308,0.30080355337098674,1,0,1.3330400478436257,4.855654345980535,1
0.11101701443025176,0.6119819933329073,0,0,1.572500436383912,3.823251098704835,0
0.22663493186603495,0.900835047381299,0,1,-0.25081067923656925,1.4884384397453685,0
-0.6190917874881302,0.04516600227009815,0,0,-1.4862789159052965,7.029265902275942,1
0.24978216621726135,1.2684510473728465,1,0,-0.9005585983352183,1.103275810449982,0
0.6414563749050478,0.3188327660704836,0,0,-0.06336766642487487,5.434262605073552,1
0.4168638776954243,0.5346429412410851,1,0,-0.22889810745054193,13.668150484040332,1
0.38722002236103786,-1.0678777906559596,0,1,-1.2231749367527052,37.68653275421524,0
0.3232187582680473,0.4777997185223425,0,0,1.1330854040069094,4.777425104596963,0
0.4606211132918502,0.4117006162729283,0,0,-0.7652161774843194,4.269681855415305,1
0.23235981692256397,0.8012474335667475,1,1,-0.5593736132817599,3.756538188705842,0
0.5979792584698396,-0.013361067585932418,0,0,0.22842170315610627,7.906731698932848,1
0.5342796987305134,0.42505088448594674,0,0,-0.6772632630578819,1.2125823724394045,1
-1.183502889924338,-1.5319289553300988,1,0,-0.1700109885332822,1.9524101012696824,0
0.0345253075290986,1.285815968177294,1,0,0.7323093612461852,13.613437298966451,0
-1.8767673307768877,0.38145888058961175,1,1,-0.6776443398370281,1.6818503771598141,1
0.5269219234989873,0.23988165306893933,1,0,0.30915658615271613,2.8904484972978635,1
0.5850166658380923,-0.724928725804544,0,0,1.7239845997220897,8.415549779503595,1
1.8469632288327125,2.0254918506704724,0,0,-0.9611220392912635,30.570222854726524,1
-0.025929327510558896,0.9544977707226285,0,0,-2.1222142198871463,7.045308033206467,1
0.39105889373364056,0.4986569042886217,1,1,-0.17320392536530901,7.26572123010715,1
0.5034029697683114,-0.5030224066932834,0,1,-1.52974426795936,7.609160903801622,1
-0.1779044590303074,0.7148483935402938,0,0,0.21618485458503353,5.347277006755273,1
-0.04229216586073122,-0.0029599486055099794,1,1,0.7729714439555818,4.134660117172947,0
-1.1508025863392082,-0.6052937936835073,1,0,-1.0751912013195575,3.141236254790177,0
0.6124356513101155,0.769442628289656,0,0,-0.903681110527267,1.9330854992634847,1
-0.957020422612283,-0.49707051337919456,1,1,0.29361637014471337,0.017445699238875925,0
-0.8013692965271347,-1.3339174959621507,1,1,-0.724441895748404,5.558732734061778,1
-0.6460549235920174,-1.0910377808089262,0,0,0.236648707772555,8.719473098985953,0
0.4330840118565209,1.7724535250408353,0,1,-0.1780122136642514,17.72098654799084,1
-0.9538265489501212,-0.650136002298499,1,1,-1.2437229085765167,0.9514831472188235,0
-1.6308676917691574,-1.4276114034421243,1,0,-0.5007210220594546,0.2713950040439765,1
-0.6193178250263828,-0.5730633832172533,0,1,-0.33032289587908426,0.0978354597464204,0
0.3491509123964434,0.5912641493746424,1,1,0.5505083892882331,3.969432510590802,1
-1.4699697141022945,-0.5797039943055854,0,0,1.5987645837212812,0.07393258264400364,0
0.7526637785267523,1.5477832223992185,1,1,0.9455931392659469,1.4061803012489067,0
1.012679198473413,1.0468050830149447,0,0,-1.268283133012646,1.6517300277003528,0
-1.6047652357713555,-1.5771607261021794,0,0,1.656131318330739,2.1282292630833886,1
-0.20236654266452264,-1.2681262269103857,1,0,0.16776550054123623,0.6983933285853234,1
-1.28649635048837,-0.9980939147509258,1,0,0.8406894696133745,16.333283529848064,1
-0.8441327283026796,-2.2139577506514247,0,1,-0.8695258095107229,17.330133824245948,1
0.210648509072142,-1.3734474885427532,1,1,-0.5519214087785738,4.051198409901854,0
-9.87143002203347e-4,-0.08992155360883872,1,1,1.9219426759540779,2.4067680700682104,0
0.7269502552375201,1.20154191891573,0,0,-0.47307806297652827,6.1742272723600715,0
0.6575206123630225,0.6308891439808191,0,0,1.6299870015776408,9.201234973803464,1
-0.358834791956634,0.43123206852252705,1,1,0.676308854305122,2.3056822052846355,1
1.6475759199619222,1.681290190154118,0,0,-0.6671802450008785,2.121670264750719,1
0.22286850423686644,-1.1677779910599926,0,1,-1.92681614773512,2.423333077846716,0
0.05616704387287317,-0.912267586381683,0,0,-1.381882115291246,1.326569619898995,0
-0.6578713097775826,-0.7298135500918544,1,1,-1.2964678253654631,2.8024507252585047,0
-0.7936864556768309,-0.6204653355020224,1,0,1.4009410038423402,22.319186834809983,0
-0.6450943765193747,-0.5054368711513961,1,0,0.8610669064484809,4.0891220249856515,0
-0.1552046107341494,0.5050662627264383,1,1,0.21460290333594623,10.178650845423443,0
-0.09255680058758109,1.0659719808044592,1,1,0.2278749664960247,19.55267810157717,1
-0.33547090272935215,-0.6733569090968783,0,1,-0.5560190916207881,2.184154395008425,0
-0.30015326478799303,-0.6793841050587329,1,1,-1.54553178916494,0.9178029215290959,0
0.47365272128020064,1.6781020191746068,0,1,-1.715039613795185,6.332026764851874,1
-1.7469584099180633,-0.9413217102527915,0,0,0.37538245691948824,5.262482049874961,0
1.322387004632203,0.9490622960294066,1,0,-0.40746368013967776,0.21947053629584473,1
-0.9014295357698436,-1.4394765141484887,0,1,-0.35297997956069055,4.220346539003526,0
0.8112366028051897,1.610775716089318,1,1,0.9363170520608413,0.8041853446556414,1
0.4899216972114592,-0.2854070974383596,1,0,0.2837146215013866,4.1514196911925225,0
0.2487063030955921,-1.1089723562236473,1,1,-0.12494213455188634,12.175207726052124,0
-1.4731918111345004,-1.0657673241024836,0,1,-0.42628605168254996,14.679542384962444,0
1.3312535338519915,-0.8555926363701113,1,1,-0.958003710552289,45.36242821629664,0
0.23605297785879265,-0.45316819320010054,1,1,0.8193240225479536,1.1378058914410059,0
-0.9819944769221864,-1.0742284784200955,1,0,0.7965049558057397,4.1255492755832774,1
1.1850709903129968,0.4350095340829256,1,1,-2.1208032984416834,7.528213240477047,1
-0.7793469629802986,-0.1888851981707646,0,1,-0.8072195615271964,4.1497205616906285,1
-0.259041274385927,0.43712117719019894,1,0,0.3539731595933696,0.19377385628595745,1
-0.3846898867395704,0.7623788593837102,0,0,-0.8085424378035196,3.291862279487153,1
-0.03723044059407966,0.05221757204012831,0,0,-0.16872433796110922,5.878619096512697,0
1.0105767186830583,0.10674564596903569,0,1,-0.5742839333922247,4.976391670762297,1
-1.258806768265244,-1.2128071240773117,1,1,0.5226330045307509,3.6910958860211944,0
-1.035990695471812,-0.9532235136718572,0,0,-0.2602820157136949,6.854257671644431,1
-0.46748802600690675,0.5992633138736728,1,1,-0.2100365820082254,5.397173090993117,1
-0.22063354571795074,0.2426186883653755,1,1,0.26241293922062786,10.700017329886657,1
0.6342055978999765,1.3308630461123894,0,0,-1.2295014851132893,6.536204636463022,0
-0.8342298699121211,-1.045050140776647,1,1,-0.4671032180113204,2.380389138124883,1
-1.0080562565438034,-0.8527524206389341,1,1,0.9204840551451121,11.358776897773248,0
0.1580469610801903,0.318820547154321,0,1,-0.9612241032604942,12.306540676002903,0
-0.6436338954512847,-1.01683016406846,1,0,-0.8834526103049614,9.88632909297705,0
-1.5742673098484268,0.7213695737692327,0,0,0.522951969578837,4.531052805638562,1
1.7618057464564707,0.46606479787027355,1,1,-0.4892212907069179,20.51791531549673,0
0.1459434037985683,0.5310805193557052,1,1,0.4388470545934074,15.99197584450638,0
-0.3604866841334515,0.070074061688322,1,1,0.039966837397819845,7.664616653966508,1
0.8705045002421229,0.37930763565084763,1,1,0.7920152559989366,4.600826879808059,1
2.3662088814439897,-0.16380549487699714,1,0,2.4825960778980605,3.973297386740645,0
-0.9911965988412436,-2.126011308938391,0,0,1.1744606864657425,3.607131772098416,1
1.7470137517115902,-0.2672841423630976,1,1,0.5999001010225576,3.5367597088528178,1
-1.5279185012374827,0.0933331160741504,0,1,0.6669285196664204,8.203307218905296,0
-0.12284875715173578,-1.74331973091892,0,1,0.10424636643078776,6.02045026973507,1
-0.0043484598749198525,0.05923303134818755,0,0,0.15225571852921105,15.471525712816968,1
1.2522580605705755,1.1488574474553543,0,0,0.7378983567519662,1.0986248264089227,1
-1.8874074349140788,-0.03304522783092567,1,1,-1.0578428221125475,2.523544865349929,1
-1.9520511283408368,-2.6991188598610223,0,0,1.2668604934362724,13.412079008556818,1
0.07713365335146725,-0.03280827260031175,1,1,-0.5952305705750197,1.4507613338840506,1
-0.6695859871502284,0.9203538661084492,1,0,0.7398402138753519,0.02409599409235096,0
0.06792755380206279,0.7102587179677835,0,0,1.163159659319848,4.603535309433937,0
0.6732940641041016,0.2696646878249498,1,1,-0.7135066637569445,7.939897787717583,1
1.1289888059250954,-0.6179947048179194,1,1,1.0044081493897656,15.309547166571225,0
-0.9652335030707571,0.5184388912309668,1,0,-1.2297073844618458,1.094731210889288,0
0.4356523129410441,-0.5224685900378986,1,1,-0.7379209486166358,9.897409029886228,0
2.3476784517742164,1.9206910841159128,1,1,1.2826341113389574,7.854039881338777,0
0.4753647341310282,0.901107051476173,1,0,-0.5094940630596312,0.6599114664519827,0
-0.002665332878119946,0.2540257475914997,0,0,-0.13247506185780206,6.638075884391966,1
-0.7395158397022512,0.0521271640413431,1,1,0.7342945178389959,5.8195802079974595,1
0.9111059779302376,-0.7795286764806479,1,1,0.3621300090299258,12.139598636498256,0
-0.47022738460086516,-0.4162253305836857,1,0,0.04090124037269815,3.726228241187831,1
0.15518437054744877,0.38223187264893876,0,1,-0.6850921963874859,8.457521441973848,1
0.657051207120099,1.468759764538616,0,1,0.8219223978946606,0.9051821699055533,0
0.7140057783586404,-0.1933025220595792,0,1,-0.038044116869319224,1.859132927630364,0
-0.20553567988585902,-0.1626562433289382,1,1,-1.7921541895420687,12.581399651452076,0
0.843579309328827,-0.4781933987849662,0,0,-0.1913807477486953,14.357491162836755,0
-0.8524608161602257,-1.4896768834110523,1,0,-0.05381518544962105,5.948191194363224,0
0.18458104856783225,-0.37930934049217047,0,1,-1.491348249594796,1.5623428742401302,0
1.647232001311743,1.0464182148433057,1,1,0.17810911513303962,6.389459253995696,0
-0.19658821441080737,-1.2606503818756385,1,1,-0.660045448890658,17.54093600021581,0
-0.16127334419804354,-1.184841735957427,0,1,0.8283937843727562,1.6838078162550454,0
1.3943792088002187,-0.2206738683019276,0,0,-0.38899636520228487,8.798634171231866,1
0.3355784933418545,0.5304497342489801,0,0,-1.2258789389077398,2.8195875075956187,1
0.647856854032941,0.010845357684424461,0,0,1.0008923111607613,12.537794311141177,1
0.6018546812115486,0.8532669921284511,1,0,0.6873345064719738,2.6547004585154355,1
0.39893891896198036,-0.6479737381331945,0,0,-0.1588501989470881,2.145152892141293,1
0.8577103540407809,1.4230097281787746,1,1,-1.4684636357837562,2.8705689474008977,1
0.6464886891654346,0.3447563422794005,0,1,0.15046052138945584,1.9435451598837974,1
0.28760812516518974,-0.3832868091169624,0,0,0.22270631756460188,0.017695730396856867,0
-1.1686331497102191,-2.197605604356102,0,0,-0.5305230541606473,4.277115477898301,0
0.05052300740741046,-0.5803393208534002,1,1,-0.760760048126442,3.9856677448066575,1
0.5641259460971478,0.580332378944343,1,1,-0.3206521735450799,9.086321262913549,0
-2.105757743925518,-0.8293727040686201,0,0,2.0747018438297493,3.4942862771761916,1
-0.018717486313411413,-1.2419008823377928,1,1,-0.3404062282657565,1.1485903565518674,1
-0.7213384561757248,-0.5222989266893281,1,1,-0.5921889025366458,0.22704781026490467,1
-0.4019176634642564,-0.3052140800522102,1,1,1.3702028221362221,6.284557228247426,0
2.225038557712588,-0.1383334590322014,0,0,-0.3685316634380991,22.40407573885501,1
-0.8317123237145057,-1.0216831687419288,1,1,0.8811858194767302,17.83669398490628,1
-0.7774751651206968,0.197973783433245,0,0,0.8728862456735607,1.303715823134032,0
0.30971228642484133,0.8005802373279519,0,0,0.23604212954344997,6.827547276663385,0
0.38091578734123727,-0.9154175664635146,1,0,1.5822533890476653,13.743583535990012,0
0.996445325190845,0.6590199093238133,0,1,-1.4895486937703224,6.91471126053369,1
-2.108920411925995,-1.373823193516425,1,1,0.8595075126044621,6.819426787977519,1
0.22895470979796273,0.18370713407595163,1,0,-0.45810322879532284,18.73685291502578,0
-0.3955513342672895,-0.8297462882424675,0,0,-0.4594546305222983,38.6138746572435,0
0.8194893516421924,0.21462855789889912,0,1,0.5784550011212246,10.57746364544839,1
1.1630730619136853,0.33205306461478057,0,1,-0.0919116851561876,12.470976169452273,1
0.6327910806635508,0.1332526461138924,1,0,-0.9175460425849159,7.7806005501997095,0
0.5348597243930071,-0.7542755246883502,1,0,0.3080413184038903,8.553585425290072,1
-0.2684128031339621,-0.1180284167285206,0,0,0.005632517329129236,3.904045020074894,1
-0.5379688976804756,-1.1610889746724589,1,1,-2.620694052310981,1.5295332569318514,1
-0.4342621762734731,-1.404419100539419,1,1,0.1120105210329934,2.4421136659676885,1
0.22525119033893368,-0.6832552133211378,1,1,-1.8149773704958845,3.028787625953555,0
-0.7261326564410725,-1.0163912331881142,1,1,0.3361853044405414,7.42275156528995,1
-0.019716381181347074,-0.24424599168584013,1,1,-0.7223921610995391,3.919366914002846,0
-0.5125195415798924,-1.151571860535145,1,0,-1.3337205016612685,4.160756105557084,1
1.0098028455639676,1.6209007397552204,0,0,-0.09169195459508395,0.16069120805089673,1
0.4247914910380301,-0.8933879546838202,0,1,-0.026303795187202095,6.935818649932414,0
-0.7270275437907251,-1.0955727840181682,1,0,0.10853024585733502,0.4242907964293525,1
-1.1069978812179317,-0.7761964535013238,0,1,-0.4921343482816293,8.73331293273479,1
-1.0564573173727794,-2.3031417789638167,1,0,0.03061105726674721,1.1711690807715058,1
0.1914531655248137,0.3555732822307503,0,0,-0.4796771822326899,1.2223097612150013,1
0.7053684273235169,0.9973169999680496,1,1,-1.6564962537539032,5.630569656689962,0
0.36890321610384186,2.343661296253921,0,0,1.9039853167625587,19.009579869047798,1
0.1766552731654417,0.8470149818953562,1,1,0.2235775390579427,19.50082954224726,0
-0.5860223942293528,-0.2688954597713077,1,1,0.037193140002132564,7.24117014677336,0
-1.1425862962692415,-0.19290957281855936,1,0,0.820694239649047,6.742999244677582,1
0.2979928419390836,0.8076439629658166,1,0,-0.34736791476040796,0.5397784714692789,0
-0.7567492806190518,0.47474191441698216,1,1,0.4794213627342141,1.807612592043976,0
0.9645212167932069,1.1866975884520508,1,1,-1.1076275419983987,2.667714178096503,0
-0.6509971471729488,-0.9212379342446828,1,1,0.5028062597313643,0.6319181023476025,1
-1.4287807602836902,-1.0932313882357931,0,0,1.907473814400624,11.046831759584549,1
-0.5928000100025678,-0.08551976808006478,1,1,0.466431168677192,13.488324047918324,0
-0.45064523795011224,1.5734500534079967,1,0,-0.6241051291163925,9.63977081666152,1
0.8089407884881556,-0.09662862834698827,0,1,-0.9917410665449283,4.517334525007755,1
0.6126433349936118,0.43914315689213357,1,0,-1.908131745831242,5.81139275613934,0
0.8319005660575898,1.1066618547333897,1,0,-1.1174364825535388,7.311853634153905,0
0.2912161671135653,1.324502019273111,1,0,0.41495545362801756,1.7928730881319304,1
-0.08795337391425181,0.44990600745122217,0,0,-0.8708106968293627,11.570108324210052,0
-1.0751946107739483,-1.2156883699624077,0,1,-0.0811040628076483,1.354847673792392,0
1.583373787965499,1.337155017305526,0,1,0.1619827769049124,3.1645004753954713,1
-1.2418041584753083,-0.6681014636287113,0,0,0.27904052056667866,17.0492211504978,0
-0.8080680708600108,0.2979345112337617,0,1,-0.9382718695590925,15.81559305319707,0
1.4334502494265011,1.3308150586868077,1,1,-1.0850274733977323,2.0363878187102578,1
0.2381435522568951,0.5370891571553588,0,0,-0.9721258378013482,2.120491429543245,1
0.14381310138973627,0.2927719605124833,1,1,-1.9424236100993113,17.757698204633204,0
-0.7904916806558228,-0.34724059463516044,0,0,0.09733485743151439,6.972387471507094,0
-1.198631824281447,0.31328135435115534,0,1,-0.4429614811838928,6.3672371437997635,1
0.29949066653836875,0.31510562941696496,1,0,0.3013626022365432,5.106052247962604,0
-0.24960018064657508,1.4507892577677686,0,1,-0.11056559270572418,4.009234474506229,1
-1.2102887766785513,-1.5128509387339655,0,1,-1.0756019779410482,1.3921414328948536,0
0.6567581564926417,-0.03355030273953441,1,1,-1.3709789409491802,0.21291280298283916,0
-2.5453775943698367,-1.757770543162778,0,0,-0.9248569191382285,1.2930922490105945,0
0.34205411058326557,1.6110978308863613,1,1,0.531667815028989,1.7302601442982755,1
-1.6802286799533155,-0.6159252449024692,1,0,-0.7882966339857022,0.532469522052755,1
0.5060202292249283,0.7024057058624954,0,0,-0.8726908657667436,2.5222557325226567,0
0.10994793030693639,0.7992448985167825,0,0,0.7143285141495954,1.9004343310371044,1
-0.12879480532620238,0.22582309388873162,1,0,0.16860982238643782,12.6241463084291,0
-0.1362119942555989,0.8939269465459895,0,1,0.3385559087257365,2.5396258492643637,0
-0.731028548603011,-0.6093753889090464,0,1,-0.2693333028356133,0.22060214870330336,1
-0.6959856890838252,-0.6694963131292402,0,1,-1.1472725768869914,3.2615081174299125,1
-0.7298883633255444,-0.3891895671413501,0,0,0.8831470690680524,2.780085064781209,1
-0.525558386587172,-1.2441083848218968,1,0,0.41335318403184473,8.316991066520513,0
0.33050049738072834,0.3086185779452135,1,1,-0.7551345368363769,2.7691358506369097,0
-0.9271443844539158,0.11135357240550947,1,1,-0.7167594014061851,1.2507775978912177,1
-0.47762420985954607,-1.677030158250771,1,1,-1.8376025791528234,0.9384676307374905,0
1.5319620008606403,0.13963235130406548,1,1,1.362526058931878,8.058961635726295,1
-0.019255504669003325,-0.26068626247889415,0,1,2.38685454960262,1.6108455824986143,0
-0.8672588769405872,-1.3503764493809527,1,0,-0.7330037263972902,10.424667922387092,0
-1.457346177525072,-1.295689087999809,0,1,0.06642069601295762,4.331224939475457,1
1.5032549589709272,0.746366023146772,0,0,-0.6487249053949553,2.35370691818442,0
0.3364862194841012,0.11405243863281785,0,0,-1.3696553153395334,3.242716891691089,1
-0.5045688882214242,0.17234840571354038,0,0,-0.5897897648414497,2.22339106646056,1
0.3489806916250395,-0.33029683451485004,1,1,-0.01330502300861815,2.5168555749890706,0
-0.4552908282693771,0.29958457848678244,0,1,0.5303210627815999,2.671685756649822,1
0.9369314736927432,0.8433150655011851,1,1,-0.11461031637876308,1.0066202104402087,1
-0.4125723388186158,-0.1447534688394485,0,1,0.6860945806014099,25.241771773587075,0
0.38692873512689757,0.7462410355117357,1,0,-0.12944521019988461,14.457016887684865,0
-0.4915825723179301,-1.0573569158163632,0,1,0.42432705829715806,4.793349211104214,0
-0.2410790952599805,0.5477348060073137,1,0,0.15454205727270362,0.9252054849639536,1
-0.7520045537979109,-0.23608785930989734,1,0,0.11731094281442446,19.04864455468238,0
-3.0644832367681394,-1.4075895191317596,0,1,-0.23336780874863647,9.861712165137234,1
0.7553245694095332,1.2662079978725709,1,0,1.3220278189258479,8.25065814041563,0
1.4907346204865561,2.6595759378087234,1,1,-0.6303145770659881,19.740539431142615,1
-0.011489663125810342,0.49820575076798723,0,0,0.2735733031792066,10.206700224700176,1
0.7464017591360357,1.1291008625223606,1,0,1.5152848414808349,5.42462916734318,1
-0.1222274157392093,-0.7596812807719044,1,1,0.33648069186367807,1.156487960022637,0
1.9092620017896023,-0.20142237321340772,1,1,1.5656985446927085,16.15299386415487,0
-0.5588524074097128,-0.7127237510889871,0,1,0.9414545939699415,8.766013360232217,1
-0.014205993560480072,0.8222587317567327,1,1,0.28199714036074713,6.5709352256954725,1
-0.46834246074908054,0.900422305723551,1,1,-0.939671859625469,10.912059348036948,0
0.05854401000504482,0.8487976737772528,1,0,1.0905293685030957,5.042404669802636,1
-0.38588827150233457,-0.5558033642548219,1,0,-0.904178221189338,0.0310267332661961,1
-0.2233673168716354,-0.7025968946958238,1,0,-0.24378078261814468,14.930332218527997,1
-0.6774902128583048,1.936654537086694,1,0,0.7480934359553558,10.440583697480562,0
-1.2040263867108145,-0.5281446453622787,1,1,0.21927312503485197,15.298086978415851,0
0.26648518757238665,-0.8315952957356877,1,1,-0.057293997567421706,2.4016709222147865,1
-1.7533435097017993,-1.3282373419931557,0,0,0.566598383986906,2.6515600775989396,1
1.1764900504502451,0.9247043986135509,1,1,-1.3494208531894136,9.431801363475723,1
0.4566679519173994,2.4535894092114763e-4,1,0,0.3372184839808022,0.5742538816403735,1
0.24736127414807527,1.1762660853747655,1,1,-0.3061926235340521,6.762353496309253,0
2.1462623110789885,-0.6301517828267098,0,0,-0.19664259230951237,3.6754705516311033,1
0.098450241068859,-1.3411522701084826,0,1,2.1979136333845317,0.8072108488913808,0
0.13954992615407927,-0.056260841929832286,0,0,-1.1030962952116325,3.3291590283624832,1
0.6116155164638503,0.08514161840217718,0,0,1.8694980877531662,5.571737419813871,1
-0.866274545025251,-1.7870008952836833,0,0,-0.4026004413166632,18.541039044228995,0
-0.34906861555797597,-1.6850844242812764,0,1,0.152603110186019,1.509979933810731,1
-0.6571538540680529,0.1410253590627802,0,0,0.2371921417927344,10.125944918292367,1
-0.03440139943669123,0.11729356384934153,1,1,0.34053556286316516,5.110702430829406,0
-1.444408542213544,0.21319199936468192,0,1,0.383333606596898,0.6268074018891766,1
-1.6377624789208423,-0.20116626350978228,0,0,1.6087257283794067,1.3634307944657897,1
1.1487222616455646,0.3707019124510985,1,1,0.13742741141715784,1.3054781800708624,0
0.855715841585371,-0.8186923493450667,0,0,-1.4823000056814193,0.4627288895409166,0
-0.5813654150900568,0.364102068723355,1,0,0.2708555860529667,3.977794095408172,1
-0.4016805763139483,0.6622644661867457,1,1,1.2692373512210606,0.8562782391284903,1
-0.0015288427094649587,-0.35019271914974825,0,0,0.23288572406473654,4.349818348418921,0
-0.9892826324825604,-0.18205234182261765,0,0,0.6998105707020347,10.986932638372087,0
-0.3269985376361946,0.7368436375342952,0,0,-1.1519005152286834,2.817803966657569,1
0.3589500802403789,0.1951859408035139,1,1,-1.9988856405132633,11.182763559083247,0
1.111004806175248,0.3386807100737616,1,0,0.5712021973220388,0.4988099724539872,0
-0.2588223029190589,-0.9933256329807069,0,1,1.2954047170714218,3.1352969895427427,0
-0.846797354588316,-1.030369000719806,1,1,-0.022711514900536172,1.3536699329011208,0
0.32239336699021154,0.7866220353532012,0,0,1.1823722253804543,11.51444135043532,1
-0.6513049238407258,-0.571750667899604,1,1,0.7666456744207127,7.560347152213357,0
-1.584670631424984,0.0068957626086315615,1,1,-1.0404194253009085,5.4849183225693805,1
-0.31283407017084447,0.9553003005186546,1,0,0.07780234026094053,1.5206061336975238,1
0.9997090078772795,0.011693297122969848,0,1,0.3797390592123595,6.396627604326055,0
1.09870903806177,0.08949692416787897,1,0,0.8059825967548623,1.0960027704284534,1
-0.6375033899646717,-0.6640784567617413,1,1,-0.5275027437617932,0.6062934640794992,1
0.5683023637809357,1.06058253241784,1,0,-1.3135450727038678,1.6014936612918975,0
-0.24785504448952797,-0.7884031434222474,0,0,1.8064623668891202,10.542308771632714,1
1.5307218703009349,1.7768332563746143,1,1,0.3803785983930458,11.89268825816135,1
3.6963463234606277,2.4036306430517724,0,1,-1.1120700925053943,18.28848966667285,0
-0.8222235641160427,0.296043150569855,0,0,-0.09962561237104144,18.023146985217057,0
-1.376038926118098,-0.5233880215461278,1,0,1.436924240588056,1.9818555912934246,0
1.659939594533572,1.3463778340580834,1,1,-0.007673318346675161,3.1911234468646317,1
-0.056795503902967386,-0.13300144199566435,0,0,1.0853564823675623,5.983159892531834,0
-1.7911371330755592,-2.46663192067565,1,0,-0.3714096845327516,4.09042671478043,0
-2.2033398116451446,-2.1429186225155434,0,0,-0.838822199426537,15.206818384803,1
-0.823476688033616,-0.41040198696027697,0,0,0.007385552324518774,4.809585407686731,0
-0.5270857392380305,-0.33647221194034316,1,1,0.30678020324215566,0.8149478438000591,1
-0.7292247892716285,0.23926830413582073,0,0,-0.6146260077556677,7.324947781200311,1
1.125810830014491,1.3312735646370024,1,1,-1.2063699172727724,2.8975899253661437,1
-0.6274449456726354,0.0441254118972379,1,0,0.3484727351717173,0.7093236892433437,1
1.7340723668440434,0.18406346879244495,1,1,0.1530553400114958,0.9911504768145581,1
1.4157391624972369,0.9535065020243141,1,1,-0.30322205130473434,34.87876417781966,1
-0.4441753706157454,0.5367284878347964,1,1,0.18488519287959249,16.49185732557893,1
1.3418676346054972,-0.8472222841742387,1,1,0.9600884850733287,4.702379977485786,1
-0.06899485310150238,1.072977366858675,1,1,-2.9740479944571145,2.929084476393958,0
-1.1611890303679606,-0.6476146708015037,1,1,-0.24968039322168034,8.427283151966932,1
-0.8710279695083479,0.16048899343608186,1,1,-0.26178779764487675,5.3802384839703645,0
-0.028879900356293876,0.4199877310329335,1,1,-0.287380646274055,14.15291327602685,0
-0.21060639067396505,0.11621924370803403,0,1,0.4067141466896276,9.176547149777514,0
-0.8573799181656504,-0.3073363551490287,1,1,-1.0222726938683881,5.108850166046372,0
0.17860078348761968,0.19028618103838374,1,0,-0.47776548234447225,10.45246409062058,1
-0.5302849622167747,0.13572021985091043,0,1,0.33409761023096934,22.598607231743937,1
-1.13061174150097,-0.9078127284713876,1,1,0.5800152387856874,18.48361114866317,0
1.1640732683634223,1.5864023218760397,1,1,0.5057178992060636,9.101269626639885,0
-0.14073461018336164,-0.32231260423817354,1,1,0.6128214520634979,0.9086234957205365,0
-1.8027055168406192,-0.7253748387636378,1,0,0.06980018635461646,0.2149122456709544,1
-0.701575764011211,0.16793393651556832,0,1,-0.7720152830352528,0.07800605768958728,0
0.6290912754336431,0.06566628631311672,0,0,0.28483056525833933,0.802114392317219,1
0.5243837647172649,0.43753813477256254,0,1,-0.18954650017985522,5.876934357258282,0
-0.747977004419276,0.5548686379221893,1,1,1.1046834859064893,0.18134289421141148,1
-0.03191465779879187,0.3958308378701032,0,1,0.08010883948555868,5.79011185064425,1
0.8169024469689218,0.581834913016235,1,1,0.00498375060779545,12.092316879501148,0
-1.3346238451277128,-0.9673370562491752,0,1,-1.6818951121283898,6.218808283679288,1
-2.358588955325097,-1.4610775622462016,1,0,2.0560482787839685,0.5280185818841578,1
0.19044258000797212,0.26948367940933304,0,1,-1.2610703334909654,2.221744666652133,1
-0.7626795679015439,-0.5059303655233806,1,1,-0.7793904741085328,10.312378801986677,1
1.1932838303933244,0.27238126940014906,1,1,-1.1877528536143787,11.99461808358153,0
0.46246928460219994,-0.9790886878237168,1,0,-0.10931391915511199,1.3962846870223682,0
-0.15949454925238515,-0.0823910574989432,1,1,0.14211890296252305,12.262566572296441,0
-0.8423843381008583,0.3050802148923167,1,1,-2.6962647651739684,10.090182457390034,0
0.06599936515096948,-0.6223667361995059,0,0,-0.2279878015569278,11.32583708156904,1
-0.33876866091675584,-0.8244024772827971,0,0,-0.7061260086921273,7.450954778701169,1
0.0024956779922278203,0.3514324583024719,1,1,-1.2090281570768775,33.65799416612885,1
-0.18593874293324586,-0.07625500537704386,1,1,1.6011047104661682,0.9572806626354947,1
-0.7948385543385299,0.16475898956428725,1,0,-0.3714719528143867,9.73406436352442,1
-0.4867131848479969,1.1780497916867898,0,0,1.1523923720377083,0.41168276996662223,1
1.4000007184455099,0.3307865111759272,1,0,1.4143252687087422,1.536821717551599,1
-2.379372524510658,-1.2208510360006288,0,0,1.2678437498696473,4.939607321874038,1
-1.5246096358017847,-0.6907439363434823,1,1,-0.5534136664073255,6.183662699806295,0
0.8849298950412344,-1.1176115258546333,0,0,2.158703862262247,0.6743185183343788,1
-0.5180769400279209,-0.12134519353096274,1,0,1.3927424249636235,0.07777685920397441,0
-1.060284578039535,-0.750292708746926,0,1,1.9601287237843519,2.3538218811154366,0
-2.0337715344945693,0.11698506132310271,0,0,1.265209678001063,26.02845653308876,1
0.4108656322103981,0.11515065502105644,1,1,0.6281186932075848,5.054768139962107,0
0.7570233504902713,0.7292940407851052,1,0,0.16115188980209072,0.20450953549395007,0
-1.1393522081105065,-0.2110708218258568,0,0,-0.4119518022103009,13.886080464268927,1
-1.3674761129808264,-1.1208570778725222,1,0,-0.4603498974001444,1.7736434385222424,0
-0.7821464248432016,-1.4784920212241701,0,1,-1.528211124089875,16.92644258270185,0
-1.0910191611061912,-0.6545602126712093,0,1,-0.08943443376081173,0.19785728412529932,0
0.38440402295968146,-0.45824730618574583,0,1,-0.44134310473977717,2.4162584178460143,1
-0.4551587900512128,-0.10935245020034587,0,0,0.5040440035511213,7.116118894683532,1
0.7508233320079888,-0.4232505564579248,0,0,-1.1389278285995932,0.20854766259889668,0
0.8583101020932361,1.4952678720450931,0,0,-0.23790978109904623,5.395838075007002,1
2.0245031927288717,1.3190773559325821,1,1,-0.4895247934739943,12.355165916069062,1
0.24308360912494723,-0.9548611355993479,1,0,-0.9072116485889625,10.039345236765945,1
-0.9424050809163443,-1.3848270581766304,0,0,-0.28337507312568005,5.797403010500076,1
0.487200295647747,1.4364680333519357,1,1,-0.9675983591784588,11.360742865401113,1
-0.18939517160984592,1.3349033484143045,1,0,0.7309206086724606,8.273338407595714,1
-1.7015772420402162,-0.29321622460785535,0,1,1.0809379245942234,9.228036785148186,0
-1.6159056647013372,-1.8261064368695454,1,1,0.3325491881065331,7.0405827157961856,0
-0.12337051494664697,0.344012861645921,1,1,0.5395430320499323,1.5939413531062505,0
0.8026271115611779,-0.40242092852957273,0,1,0.1853872215228335,0.2458628245197654,0
-0.4913116966175052,0.3579695167239793,1,1,0.5929970782845129,9.076039663476351,0
-3.435957951443704,-1.7156513727675502,1,0,0.9589501676557391,16.259310083384516,1
0.3446469069999794,-1.510633990462752,0,1,0.3595590755782629,4.831080581061542,0
-1.2986274435448217,-0.1889431623706752,1,0,-0.3328721443442874,0.32751973485574126,1
0.6373952731619305,0.10526293437011225,1,1,-1.2757400340842389,5.014633511503538,1
-0.8160217681461563,-0.220099852445539,1,0,0.0020038253619935244,4.777043068315834,1
-0.4656331693140649,-1.270990553736921,1,0,0.763384578053356,9.499417571000857,1
0.4203004910874483,-0.9430902470803834,1,1,0.5267675372795808,6.308242580430374,1
0.8186173779728876,0.0740981975808036,0,0,0.2965337424011558,5.095351968581478,0
1.198275097977045,0.6875731153616214,0,1,-0.6971239874999837,4.300800757482648,0
-1.2768461393112753,-0.21750458576370085,1,0,0.8182973256040664,17.557153182295764,0
-0.38936463491306256,-0.4673740890913791,0,1,0.423689697343809,2.169478153033803,0
0.01784018031500913,-0.14986182178833368,1,1,1.2472653181107087,10.04291576453557,0
0.4272606137072562,0.09021753992639134,0,0,1.3599424100387432,10.291657899217974,1
0.6914515704850986,1.4931327862462218,0,0,-2.320004403455479,0.5820938580048581,1
-0.12016811615738367,-0.6545703179491649,1,0,-0.9014327883814529,3.881565919922044,0
0.2537282269250454,-0.5599438004939441,0,0,0.4275342902467957,3.9687743255247674,1
-1.055938889754376,-0.2457116117790652,0,1,1.280073424632475,5.367703006292383,1
0.9168542279810096,0.31759842878950345,0,1,-0.9090852766728189,9.305873701994505,0
-0.7857630466930539,-0.8781472647854138,0,1,0.12603736917450103,1.7268186646470056,0
0.15594267109745458,-1.3812037904570647,1,1,-1.1520417294665914,4.107021361899873,0
-0.28763769147839446,-0.369514053880394,1,0,-1.3914616868046408,1.7163689044872705,1
0.8649746394217311,-0.29051362464851044,1,1,-0.5865801063941074,3.742010615921269,0
-0.5110033157575552,-0.142222680235992,1,1,0.707425748859069,7.77502844540785,1
-1.104672947658383,-0.5070771320169847,1,1,0.17122390898117296,1.4360363556382558,0
-2.488200269638017,-0.6907056429688538,0,0,-1.1166441492147876,13.32793792019638,1
0.7128103587633525,0.18202078842152966,1,0,-1.1064180950694422,3.268748440820229,0
0.7321174481687341,0.9003545774922352,1,0,-0.8533303016538464,17.018055558125383,1
-0.17944074449076805,-0.15463538348681638,1,1,-1.8373905483305282,0.01944657803202669,1
-1.2740551409351364,-0.827117487705451,1,1,-0.27638357774969236,0.04235360160735453,1
-1.0296623743633075,-0.5698218541596659,1,0,-1.9547115917686921,35.66271678024094,0
-0.09034408646486218,-0.6844948144837836,1,0,0.13227246310292426,0.13774971788128218,0
1.6033448204346252,1.0493570570087858,0,0,-0.9439494009944036,16.33300925534984,0
1.594398155433778,0.3792830951112024,0,1,1.1901481750620635,10.645051789119941,1
-1.0460382777175024,-0.21094383610013406,1,0,-0.27649654546439917,11.680397521674507,0
-1.2142942320145835,-0.2762824226602291,1,1,-0.43811075156035295,10.336971298130953,1
1.016791946645737,2.1487523644373816,1,1,-0.15960187996598876,5.147982792307934,1
-1.5453713882989903,-0.7732714459023585,1,1,0.02784622576428547,5.989839842503371,0
-0.6839406631753671,-0.01487635674322263,1,1,0.5369443688170707,13.055058536971812,1
0.20287127196471177,1.6230372868640106,1,1,0.6221138454658076,4.319810312396537,0
-0.4699653682564633,-0.30034096938290245,1,0,-0.13134676465897774,1.7165832168987485,1
0.1898325438362009,0.8422370104976656,0,1,0.1621233816661607,31.791921873999645,1
0.4296197500400987,-0.19228717435561773,0,0,1.5559999473768524,16.651466860667075,1
-1.2493853230771805,0.26508447697221904,0,0,-0.9606445248770085,12.181090128218337,1
0.6455255973598797,0.2718188492114743,1,1,-0.38783396340277876,3.4285686754932008,1
0.7493028797192002,0.724454473803056,1,1,-0.9642236141001618,7.591300324626908,0
-1.3781026513324213,0.2561076877951951,1,0,-2.057706171008525,3.0394320531437797,1
1.0844491051297696,1.326955975598707,0,1,0.43970244575648376,41.99412404314499,0
0.8918611137891214,-0.38259024023297045,1,1,-1.132795181720134,7.523230509935729,0
-1.8092435146776245,-1.8232803051008557,1,1,-0.5648937996586599,9.054020000271601,1
-0.3881556358717206,0.059133050202625964,0,1,-0.5910080531448888,0.7234752116829386,0
-0.047581301694414296,-0.8206203328984898,1,0,0.7336623886930088,5.8392615350616355,0
0.48576319532426154,0.7361713863846187,0,0,-0.5928843669016659,19.100345747736895,1
0.23286655017252242,1.1188436492162277,1,1,-0.3539109334604551,6.766706402063471,1
-2.026441167908089,-2.173642181267076,0,0,-0.7648687788162314,2.9170123545313253,0
1.233042387764487,0.5444444263697044,1,1,1.1712141710154333,10.967409540549022,1
1.996231936477645,0.7884017247066579,0,0,1.6217369681480438,2.3778642644174397,1
0.2670970757666637,0.8039501736980866,0,0,-1.3888542846674867,5.783883648519258,0
-0.3518728674997198,-0.44632598677986113,0,1,0.6051401528006117,42.2668838383339,0
0.04787603125425097,-0.34197477978582436,1,1,0.09544857354781042,4.974777003129324,1
0.1409494289821865,0.9518374359714938,1,1,1.4708968316121733,0.17629808280617,1
-0.6297543468902643,-0.002663312686184971,0,0,0.7578390703399573,14.611657959866555,1
0.16545570376010638,1.1828975664112278,1,0,-0.5139354305994365,0.7290854079959294,1
0.6120131439330228,-0.9585576801112804,1,1,0.6726244716962801,3.6515397174904747,0
-0.2300358053767499,-0.9190413106516454,0,0,0.5051991838929024,1.7118248772427038,0
-0.7051818033952594,-1.0529507887908165,0,1,-0.4063325302386836,3.092413946675758,1
2.1027525550442734,2.6371162135420936,1,1,0.9285556782891367,0.1709493963668744,0
0.34629955837250354,-0.07259544812498905,1,0,0.5475944621870023,1.6679966162579756,1
-0.6450050912191739,0.099682594261773,1,1,-1.4665502081415385,1.781361181444178,0
-0.12699990307459466,-0.38686916449411884,0,1,0.16920965894765233,17.510885277087546,0
-1.113746648464684,-1.7412662351710912,1,1,-0.653855722124575,0.8992043867086371,0
-0.454996419943672,-1.1741827133262572,0,1,-0.15778353254275487,0.6589786421197157,0
-0.4673209589947586,-0.4270212659310805,0,0,-0.29649136615847915,4.142321762628853,1
0.4730993408150471,0.3642729813611568,1,0,0.18351417144993548,14.850518882816239,1
-1.2464606606299025,0.058558463952214534,0,1,0.6452859993207515,9.392403457743429,0
-0.0395518896477588,-0.8231945787108854,1,1,0.98732810307908625,2.9486277024261653,1
-0.038549987299461255,-0.019981933844982747,1,1,0.14339710100525677,6.636140034728349,0
-1.134128615146289,-1.6002658955624285,1,0,-0.8264279307618886,4.358519159723073,0
-0.015809241801628293,1.132409388982054,1,0,-0.42291225948468236,9.669507667072219,1
-1.6288765889430254,0.45363232664838393,1,0,-0.990429822237039,29.457871044522495,1
1.1919884361078796,1.3532550503981757,1,1,-0.22162117767081152,0.36661620691111496,0
0.0020951171591539228,0.8411151909763503,0,0,-0.34299492069988724,15.997640368759836,1
-1.4202433002821906,-1.7239704458275118,0,0,-0.06434515988108892,8.989203418254954,1
-1.4838076695563802,-1.36925796366116,1,0,1.3093010550313176,3.0780420638620853,1
1.038392712871292,-0.12334114930232343,1,0,-1.303919646857996,7.087544871454539,1
0.6484565938319621,0.8364182978850143,1,1,0.8177637793379402,5.913595293476056,0
0.28179510348094805,-0.0864894810292447,1,0,0.09280716137626599,1.091004893744105,1
-0.44390338091172826,1.0859297334537577,1,1,0.21629375988036406,3.9131998666562144,0
1.3617326865376345,0.9650203357384842,0,1,-0.685143056130359,0.2055986241127054,1
0.678409227535014,0.5614780826709004,0,0,1.5437975263393156,21.059584135381186,1
0.32280377536182253,0.9443875963402237,1,0,1.33160885685729,3.1852271136206887,0
-1.5963407852573355,0.1221906040156413,0,0,1.6853849891770518,0.24404966330029393,1
1.000982427104174,1.2055310195257478,0,0,-1.2727477717906073,0.799352540198518,0
-0.6418053092490708,-1.2765766721668004,1,0,1.455818908813747,6.699790533592405,1
-0.39182874534892803,0.1551568279911286,1,1,0.580996837841821,1.0956031541960936,0
0.19005844358356108,0.4498228333580815,1,1,2.031629396482136,6.316414616596583,1
-0.13885840231630026,0.1615501466961343,0,0,-1.2472982501160252,5.206898254497598,0
-0.5030975756626886,-0.27412046519873057,0,1,-0.2031679598627685,2.4309916030633683,1
0.046035076516518315,0.7089955078462933,1,0,-1.7897970863130617,5.12791428094109,1
-0.16638414711204036,-0.009579455349827903,1,1,1.6034820043982723,14.859128773754044,0
-0.23151789853892035,1.4187206715359484,0,1,0.28457332797972246,2.560130592125158,1
-0.4243951175348508,-0.8244099310371326,0,0,1.0361750724594418,14.8838680540971,1
1.1004732981143273,-0.4435480717424236,0,1,-1.6556368105466872,3.7815365125425164,1
-0.8045326597248978,-0.7584997258370155,0,0,0.5622295221059853,16.57751309615394,1
0.7255445702436141,0.24948850894433452,1,0,-1.007216378301331,10.49787494474163,0
0.13736609551798468,1.3203248808286847,0,1,-0.26238755423583615,17.94108177146512,1
0.8289448670133235,0.5457502007871807,1,0,-1.2949117921780982,6.501655924404762,1
-0.20207133007940808,1.3781780332975593,0,0,0.6297022882169411,3.7042745893510682,1
0.48537345459729164,0.4252285355860634,1,1,-0.5442398169044426,2.191151756172379,1
-0.6349762061532803,-0.34718266873294823,0,0,-0.35261027166882175,3.2956506746510668,1
-0.15305086359275957,-0.4632097776579162,0,1,-0.010809025807742267,5.9913036324921105,0
1.8867306781792408,1.5182759751794244,1,0,2.167730545852001,6.206679925903779,1
-0.31323599958268133,-0.9146916916205408,1,0,-0.911923323759063,22.68294969779035,0
-0.5790257570904453,-2.0092789239845605,1,1,-2.313592871295657,9.072986493157947,0
-0.14015061570561052,0.07293331376053812,0,0,-1.991370323928684,11.703957973589702,1
1.1659865489656749,0.30214556137227266,0,0,-0.35098888721093785,1.3096888821261625,1
-0.09686782135962066,0.6493758619870736,0,1,-0.46668568309841907,6.581874713022088,1
-1.726452088679955,-0.9469921511086761,0,0,-0.9051868004440103,6.583394454494491,1
1.1052402290915122,-0.058940900969263854,1,0,1.0617935706922594,7.219142280168933,1
-0.5748302809412686,-0.5325259707500385,1,1,2.3166737523354293,4.580598716468861,1
2.054573287182374,0.9790820924755059,0,1,0.5317166956331758,0.7111379949578523,1
0.22322463861567265,0.5304025503009477,1,0,-1.026578620634979,22.240970732835734,0
1.741074074133053,0.6746423134123356,0,0,0.8256161947586729,4.69508955741374,0
-0.5728182620978665,0.7417599403054371,0,0,1.6120684267550134,12.66428978733242,1
-2.546018982117032,-1.4525507771711565,1,0,0.8522917180621887,40.43005894038639,1
1.5002910704281796,-0.5326823533908618,1,1,0.2729809903732624,8.385076485573776,1
1.218237063612506,0.7558850891355939,1,0,0.9832288410486212,2.278434492958089,1
-0.005870947353055989,-0.4185354130410912,0,1,-0.4991622706120347,13.367497361496293,1
-0.6870089551081398,-0.8758979168187286,1,1,0.9854084696097944,4.204522628181925,0
0.7462431686397415,-0.7301838295900811,1,1,-2.09312126544864,0.21120844176039102,1
0.8148739685883745,-0.27751204605707075,0,1,1.49550557728901,7.984056002018607,1
-0.8179112756466264,-0.16533578752677475,0,0,-0.4069510200772302,2.56684078354418,1
0.05221281811076195,-0.3839888032744212,0,1,1.5193332719207653,3.406158857779179,1
0.1750395484709425,0.5306168580990585,1,1,-0.3248513192310297,7.667779976462426,1
0.7404893481741296,1.136816478186936,0,0,1.1960841229386407,1.0878446026909454,0
-0.38466203440509655,-0.6373111186744812,0,1,-0.43450596590341023,10.852859601714668,0
-1.3609510592630047,-0.6516117673396788,1,0,-1.3965581771165536,1.9889788739019867,1
-0.8253042563920562,-1.201115287130904,0,0,0.5211216429572916,2.1339945558701965,0
-0.15556576769947036,-0.35588281390952237,1,1,2.1803639881588994,9.825110186783078,1
1.0903770514301894,0.9141099998906239,0,0,-1.4542184226410482,6.688520467179618,1
0.231892901721221,-1.2727360455733707,1,1,0.9090869502774814,3.720693410529445,1
2.1679761548925263,1.8598533946768754,0,0,0.431447430685019,8.875032426548541,0
1.1151080148672474,1.1721121423187741,0,0,1.196208179261966,5.149997615565857,0
-0.1602140725566754,0.1692192310256948,0,0,-1.9957870475947985,8.32566187492785,0
-1.6154597743321026,-1.3676541949298209,1,0,-1.7220132714267031,3.644538294368734,0
-1.07846429899639,-1.0247006919277148,0,1,0.6597403937799727,0.4722511810478243,1
0.9322057035265826,1.1889315536150127,1,0,1.5975774369160887,19.46341300588628,0
-1.311599284681416,-1.717332057289909,1,0,-0.2264319083730454,6.575658870367592,1
-1.0760033294937354,-0.1376507212567054,1,1,-2.184274608169725,4.759286382856469,1
1.5065147531016898,1.299073163442571,1,0,-0.377413158180291,11.272017944564524,0
0.7316391891297577,1.1764766718258781,0,0,0.9309321183433577,3.912694705650211,0
2.0160637442099003,0.42982878217893905,1,1,0.2253217155199542,11.107450630165738,1
0.29418709696838746,-0.033497012038019885,0,0,-0.8405283491440602,11.687166724274759,0
-1.153738527540458,-0.9546963430301003,1,0,0.9344907473360098,48.1786676100405,0
-1.2943771747438129,-1.0867715181918653,0,0,2.107939016024385,17.606086258467357,1
0.22186126838544726,0.8032358706943514,1,1,0.5609226063783685,7.269594570997043,1
1.4680897258552112,1.471434147303254,1,1,0.8172832347109381,2.970381364381562,0
0.9496644175611608,0.5650443366726122,0,1,0.6536567402170306,28.49798910179775,1
0.303438286146386,-1.2877987338595174,0,0,1.254189576807339,0.21689831434438628,1
1.9612232934450395,1.4588875431591155,1,0,-0.2316698127962323,7.350222641872964,1
0.5461812988009859,0.5544389533005771,0,1,0.23341418812173656,8.039360423222286,1
0.02685685720759534,0.6997772291375483,0,0,-0.9631690074340865,2.4825831525959074,1
1.7044959669883226,1.0872841303687069,1,0,0.9048102910018538,0.15155063566083832,1
-0.43390662581151707,-0.48947338987222094,1,1,0.2686184171288149,4.854119654434423,1
-1.0809609947697199,-1.0213424388890049,0,1,1.7165633343699829,19.279873804145094,1
1.0321152715706976,1.87067379794822,0,0,-1.7474489576241212,1.3235248586473367,1
-1.2672825553931102,0.6125353386000948,1,1,-0.15296104132655255,10.061231837257845,1
0.21066459150911773,-0.3072554813787451,0,0,-1.3939685493082923,5.7730729031997425,1
2.4182775895562414,1.6690939323051472,1,1,-0.4213900079251785,7.030070541697345,1
-0.3164406464543805,-0.11095336873635889,0,0,0.2578620359745353,7.284415155919991,1
1.1090811317855462,1.6227906000280943,1,1,-1.352287744484815,5.119987592721979,0
0.6078659048767447,0.2292144413820058,1,0,0.2963774659546431,2.6918392392413972,1
-0.38582957689818576,0.19586815460476076,1,1,0.7952497121306485,17.70620595540063,1
1.19656116476026,-0.15093428968919964,0,0,0.6885698756006252,17.948754767147506,1
0.08672662208750467,-1.3165500600972986,1,0,-0.08441675276324956,5.109845850771914,1
0.09107142451934953,0.4020026624601979,1,1,-0.2897115844433604,1.6325229158004126,1
0.557099456930467,1.3250174947655293,1,0,-1.3994301904697808,1.9511045811018508,1
2.0651710286013736,-0.3136347998762039,0,1,1.8050180587217561,0.792911082195739,1
0.07982295834464495,-1.0099821123356305,1,0,0.8773972729933014,19.412180133666382,0
-1.0880781270238178,-0.3519599090289075,1,0,1.1085606865208255,12.733034457931248,0
0.00514531878012674,0.09588980907793275,1,1,-0.4354449588824875,3.778457600899958,1
1.285594716254208,-0.5702189156996067,1,1,-0.4174958302182736,4.960971744731069,1
0.18055035162540922,-1.3278184469002712,0,0,0.7069089905167726,35.20339297715422,0
-1.6939680964018216,-1.5731395365234055,0,1,-0.8167645087494639,1.3405569596216083,1
1.9612995372504676,2.368054948532875,0,1,-0.8685884877834041,7.11653043946634,0
1.0153662234098075,0.7016816923916376,0,1,-1.0363025139506854,12.60154219274243,0
-0.35405937507640944,-0.8550844802643431,0,0,0.16829211161881613,1.7954425870811843,1
-1.6785907653993346,-0.2722045196888172,0,0,-0.3660344339074253,9.045101178850938,1
0.852800913607933,0.1341942413802651,1,0,0.252216535967221,2.1687470965710953,1
-0.22581743341945773,0.300686573020533,1,0,-1.0010424364003896,3.460841028330227,0
-1.7866621233769517,-0.06922456161388835,0,0,0.01508474967441676,0.9561621937650504,1
-0.8809234610974843,-0.945772734416974,1,1,9.682298075517397e-4,6.161379565445187,0
-0.6794589938422323,-0.0537949253231948,0,1,-2.101989568486555,7.716951680448378,0
0.16736133584193746,-0.01406863668019337,1,1,-2.5166001362642074,20.084365844297217,0
-0.04210714196157621,0.8928232101406849,1,0,0.44497764554517266,12.630558416788979,1
-1.1735671303569088,0.7442329562989268,1,0,1.1507668817273407,0.5278851520532157,1
-2.1143519565708364,-0.22666543162421504,0,0,0.4084525859477814,5.776644699546299,0
0.11639918258196365,1.6114580686544695,0,1,1.1656712589796738,7.852905639097196,0
-1.5349758590568938,-0.6268850661575627,0,0,0.005253482107544342,7.256485987104577,0
-1.1203724862152833,0.4825067997110115,1,1,-1.0440347832473782,0.23168243157366913,0
0.4812075177597754,1.3668388883337297,1,1,-0.6190075577314953,2.8854496389006576,0
-1.660051314104027,-1.6281433373091034,1,1,-0.13251432939475874,6.548458241840909,1
-1.6240677310720082,-0.24904441545450406,1,1,-1.1885612017907061,2.5465309794225863,1
-0.4929943174137894,-0.0638515036769714,1,1,0.7569048975303896,7.893890949236951,0
0.17790758737344012,-0.49096665096916825,1,1,0.20266917317730118,11.116860542717182,1
0.7990669607632297,-0.49883240198952583,1,1,0.2324585257104662,13.402495874012713,0
0.3438813359549169,-0.011877488681919485,0,1,-0.07327257058344304,7.31348850884547,1
-0.022920886618792144,1.0436393184413006,1,0,0.9090895620363975,16.37701317597946,1
1.6092262352144786,2.0962799254090645,1,1,0.3453588582284848,0.07936884530874681,0
-0.21321840704312012,1.0176556765912699,0,1,-1.675933767879781,19.57250437683085,1
-0.47000827776770293,-0.4339903358506934,0,1,-1.1911355819024423,1.1127350847959487,1
0.29868951897068335,0.6749527634834638,0,0,0.06418032822240623,42.52508122539343,0
-0.31332243840585583,-0.3067688644669212,0,0,0.7731478369943431,3.3282138756476347,1
1.7014063096812364,1.7415860729752173,1,0,-0.0034905431537376862,2.1297751731860144,1
0.9327852755898449,-1.1751983099356296,1,0,-0.3231721780296319,2.795266763617595,0
-0.5150075577646409,-1.677257176657897,1,0,1.3548004795563997,0.004958318701634805,1
-0.46893767942771136,-0.9133190232606072,1,1,0.061271494683364826,3.3374051602246864,1
1.4819096176019806,-0.5874380652064972,0,0,0.8207741891726483,1.6083448853654168,1
0.20835921117533412,-0.6674143505509349,1,1,-0.07367491181496735,12.683430031072076,1
0.4462107397791018,-0.004162305221159485,0,1,-0.7673310184443426,3.211424865643619,1
0.4349367805654511,-0.15047510572367043,1,1,0.44563677838916604,0.2941574366560635,1
0.1621811152211275,0.26225766318178734,1,1,1.3925857798240355,5.241656831155221,1
-0.9711781289789744,-0.3567208733131253,0,0,0.9737065548819004,17.253614123210514,0
0.8271427834381221,0.052112007714103015,0,0,-0.047508326406965944,7.323930008607707,1
1.5246659074348332,-0.27043650596388313,0,1,-1.2699995763273115,0.04261329439021002,1
-0.13207154795980136,-0.2202423324985947,0,0,-1.0437767305734111,5.7876017251586935,1
-0.6833357438055402,0.5001418730288325,1,1,-1.248806679593455,4.096073308028281,1
-2.503750152254051,-2.181315952459102,0,0,-0.19537486808200027,0.44894176535308367,1
2.088502968987438,0.6410368713200303,0,0,-1.2706368881208556,2.765694221792122,1
-0.695492119608646,0.6431733476925516,1,1,-0.5360529980336446,25.621403317739972,0
1.113299535039388,1.5121236831050822,1,1,0.7558611987222402,5.791916132949225,0
-0.6131410768077308,-0.21920715391335516,0,0,0.34962002611546406,5.166535956474642,1
0.8224332198014058,-0.38883506543275653,0,1,-0.2736327167524919,34.02467275173765,1
-1.2179454990024279,-1.86636550602954,0,0,-0.8299160941094887,1.214878587052226,1
-0.8605393568666836,0.21513324001801254,1,1,-1.4856562364130586,6.541225171728319,0
2.110970810223937,0.8687020759431273,1,0,-0.5265919874278461,13.169664803112001,1
-2.470041802587155,-2.689227154174265,1,1,-0.9109349771005881,4.415062931366265,1
0.1978981314157375,1.1161815183349713,0,0,-1.0897998819207353,5.4653196362778544,0
0.0748131192072956,-0.23840552602643955,1,0,-1.594957868081919,0.07355884493639073,1
1.5394327336517666,-0.5554998718083657,0,0,-0.6230811434679694,12.649603575388793,1
-1.2944060372536006,-0.30037691536822464,0,0,1.4619521812363074,2.2865225560963154,0
-0.6161447071630416,0.529317940282575,1,0,0.875744796231183,4.030904274744293,0
-0.06439273812075208,0.2979452149681145,0,0,-1.4222034445427483,0.10241513034001891,0
-0.7833256915067338,-1.0815836366346274,1,1,0.23102331637777665,10.424192497777545,1
0.40469608360529447,-1.2955625930965193,1,1,-0.5555735849820534,5.616008587336789,1
-0.9072963328134203,1.7014620328927887,0,1,0.14847232412553688,5.3479658827806515,1
-0.15534216844797244,-0.3819318068534073,1,1,-0.4695217575746527,14.98381576120377,1
0.3759672466752468,0.8570005560416462,0,0,0.45040851245717817,0.2817511951797523,1
-0.8875375256973093,0.3801936177506502,0,0,-0.07409862647061775,1.456002964793394,1
1.813896274458228,1.0360552717341986,1,1,0.8037403979241358,1.385242398828268,1
0.17481519194592107,-0.8824991100835307,1,1,-1.6245765934480643,0.004118638268361489,0
2.0627392419444486,1.7770078025678226,0,1,0.9971438763375005,3.2315709550554557,0
-0.2155794371524511,-0.29685713890909016,1,1,-0.2833286404585997,7.177028533031645,0
-0.5625373284548952,-0.003032916836428201,1,0,0.3792451691495113,10.303799559322599,0
-0.22812763664826546,-0.3730007382001128,0,0,0.40337220798126244,1.9735483089968016,0
-0.683930398590301,1.1180129828254164,0,0,0.8918743126385527,12.285105203172353,1
0.005978441000002912,0.6501275460150744,1,0,0.042126475830932444,12.125536907384996,0
-1.7868930676028159,1.2154562585845707,0,0,0.830736977641661,3.0072501860558987,1
0.0477347232801085,0.5809717571152682,0,1,-0.5091412523383876,0.621713113265661,1
-1.748015155955936,-0.7064785083806783,1,1,-0.08244344830632572,2.1860742941498756,0
-0.8611242483003403,-1.4395337095055307,0,0,-2.1717548329518643,1.7825852769116561,1
1.0142503378196543,-0.28742392394183314,0,0,-1.3079402703200484,2.741946854318182,1
-0.22609790200461252,-0.10905758777405836,0,0,-1.7167416601425904,15.332468629424973,1
0.8116189631283819,0.16693098172190704,0,0,-0.5809632623169212,8.20157766151935,1
-0.05304270181172783,-0.15695236686681033,0,1,-0.8607763651363363,14.001441218500538,1
-0.7972837767772711,-0.7258424725603256,1,0,-0.671284824697217,4.2363576202963795,1
0.2599615468647373,1.0203692775606092,0,0,0.40010150930865857,5.205524278183779,1
0.8644170831804057,-0.047932340101247806,0,0,0.9374900441688251,1.1350434661532443,0
-0.6918141871956704,0.5360259900529415,0,1,1.3271573538064636,3.5317075089551513,1
-0.6692745044362952,0.7722355884427072,0,0,0.6052342969382553,4.672942613251507,0
-2.223604988086299,-0.81836247219122,1,0,1.1121436031089105,29.317928757082736,0
0.37734506215029,1.37799985930219,1,1,0.30817680446225115,0.02514779579065424,1
0.11943418858728654,1.3607578650732142,1,1,0.006033516659641882,5.926397147548797,1
-1.1239573352707368,0.546821269003438,1,1,-0.5986161485067386,3.95371081082031,1
0.7211925128698796,1.6657988142318387,1,1,0.4348230820173895,4.305938091905167,1
-1.6956207496318747,-0.7323784920485794,0,0,-1.2183016513179294,1.148656860459596,1
0.7691822676719338,0.9053434340311223,0,0,0.1595956888705097,14.443299390917225,1
-0.8019127457099182,-1.2466808070686866,1,0,0.32989962315027993,1.1371334626649818,1
-1.7600579770336016,-1.7205117668117045,1,1,0.6292258607213711,5.508051017144075,0
-1.2727897540627802,-1.8510765460637721,1,0,1.0300838727560155,7.456425949581069,0
1.1986103549487122,0.09540762692367111,0,0,1.153892003082806,0.3124390767576794,1
1.9076833099744204,1.4851633888524527,0,1,0.7187833784296218,7.461695628821952,0
-0.3379359825823554,-0.17641936054836352,0,1,-3.050309738082989,7.2457002782797835,0
-0.5289183171844647,-0.044681961803703235,1,0,0.44671289247306656,4.925967919795464,1
0.14177954079158117,0.7840984580802434,0,0,-0.4662844579932474,7.595577383274105,0
1.7635193132166387,0.525083644821036,1,1,-0.6676942340720518,2.1472873515449464,1
-0.10731093982135465,-0.5330482464608626,0,1,0.771004922112834,6.811276490016309,0
0.30124077772816266,0.31690944659981735,1,0,1.0950290240860994,2.364110286621111,0
-0.5262750903461971,-1.9296245135928694,0,0,0.7898188653557666,9.918124624177915,1
0.243620144438992,1.0602357094949104,1,1,-0.819599733250598,2.7723967369335396,0
-0.4603951775334122,-1.059997601961888,1,1,0.2274307542850642,3.1020608226147792,1
-1.1816172997727477,-0.9769913240551623,1,0,-0.052043278739954596,5.400969355832785,1
-0.6409524903854511,0.5702289086657379,1,1,-0.4931434594018627,2.2320014696257813,0
-1.9945134247970242,-1.2451812945745857,1,1,-1.6703435513771225,2.3298416588641815,1
-0.32018730344606827,0.11211060820419932,0,1,-0.5725141542620423,8.767855229127013,0
-0.1416611313225532,-0.5216719641658835,0,0,1.391186425845106,0.7468177781750759,0
0.8158126725894473,1.4220479389224638,0,1,0.6116857541678267,0.9206949810807904,1
-1.9345854154377695,-2.2371403068421936,0,0,0.4006390740630567,2.985593319560091,1
-1.5189897393268113,-0.023692262777383566,1,1,-0.7198645725870768,0.008968764450401068,0
-0.19453877354992874,0.3441225016325801,0,0,-1.263808756048224,19.071597458148805,1
0.7414367308547262,0.7926726750165206,0,0,-0.6463633075170511,19.063508462973243,1
-0.260476480071668,0.7325897571586986,0,1,0.5696886593579856,2.377192524727434,0
0.9395921308066291,0.8421947115120203,0,1,-0.6926619475006626,17.10624818930547,0
-0.8700407661965168,-0.19545714836603043,1,1,0.707479871546096,2.3614057611363632,1
-0.14417110319098955,0.8429544501587636,0,1,-0.07559116071105054,17.30749988858422,0
0.5563177643978169,1.6699458075653082,0,1,-0.2413263455332432,3.4436596091836695,0
1.1787019660961928,-0.07589863020284182,0,0,0.2766304617196925,8.197272686589754,1
-0.29084826971045075,-1.024071781244574,1,0,-0.14323354555755727,1.2881499171877901,0
-0.7461768773317502,0.016268701691506182,1,1,1.168480429859812,8.6388508940961,1
-1.6830473080263149,-1.2929959272851992,0,1,-1.1086694822485197,18.41718516949176,0
0.6754186959781707,0.4790096570489327,0,1,0.6264005233312949,1.2102855796304843,0
0.32211637832537177,-0.8302968591340921,1,1,-1.0977765628818228,4.514065120990078,1
-0.08984416682242083,-1.0141898587310683,0,1,-1.619893728145654,13.099881643038215,0
2.247859759978768,1.8891891177320714,1,0,-1.0716047082591387,2.1216943083951874,0
-0.026034910017226045,-0.7106818018891646,1,0,-0.05511696714825054,9.025809059811237,1
-0.4189072484536318,-0.8121969893454458,1,0,-0.5687334191814136,7.438966036672003,1
0.06014630538254498,0.4715955069249518,1,0,1.9456102828959663,1.9887800056797764,0
-2.238736068953358,-2.047937799000834,1,0,1.0046048457228123,13.203567172631823,0
-0.4974636405703774,-1.9055379900349656,1,0,-1.531065250614715,5.590544043419262,0
-0.26372044736788125,0.1248061620781214,1,0,-1.6493868527437328,5.719807274484387,1
0.019990465668148466,-0.06321858040184215,0,0,1.3427936937815173,4.495071809894095,0
-0.4585450174062295,1.494804720232264,0,0,-0.7759823844256283,8.330392706356525,0
0.29382257460875755,0.7743368372615318,0,0,-0.6967270934628254,12.600927678045855,1
-2.70032538180452,-1.5420381360546283,1,0,-0.828706351536115,2.2260420284394753,1
1.1590344943373605,-0.1330570215940431,1,1,0.7917821895986727,4.12884584456743,0
-0.6574003719930765,-1.3247657775549433,1,1,-0.5083630733619908,5.494847206864506,0
0.23436412975863685,-2.290937749167271,0,1,-0.4068767654949393,11.35688316973309,0
-0.4093715565568094,-0.6948177981590347,0,0,-0.7160045697460373,3.3494218221878986,1
0.962783411098984,-0.19086268326685213,1,1,0.9321989678633205,3.965962208652248,1
-1.0483248623829653,-0.7808344162721449,1,1,0.16222634464389288,0.41110372691229685,1
-0.7472141065105844,-0.5807648517331299,0,0,-0.4593918520146828,2.851423539686948,0
0.7239185549732022,-0.4668603548680991,0,0,-0.3537264143526154,1.1560324025820357,1
-1.261511354788327,-0.9523565501809219,1,1,1.7850093199018773,4.868981692319116,0
0.25679886562133514,-1.4504824549617163,1,1,-0.1690329981011633,6.363984546274048,1
0.5306078624517304,-0.664615342393394,1,1,0.9005665813218191,16.101736310790184,0
-0.004268495886900913,-0.06370651554636735,1,0,0.3484336458174263,3.8058953012852585,1
0.37191947878474096,-0.5556384864761879,1,0,0.48766400553088335,20.832859615055526,1
-2.474030887091948,-1.0002236412026644,1,0,0.42965742389921563,0.9722562551239812,1
-0.7915950847520011,-0.5589788816273262,1,0,-0.13699677160309362,3.743904281683613,1
1.041432436911082,0.9477856067014718,0,0,0.04281621094501402,3.804982115980238,1
0.08193587086990489,-0.1119889812021804,0,0,0.8016728456731775,6.916306019553895,0
-0.051091887313392696,1.0498808168399836,0,0,-0.5965121056342748,5.0235393379504485,1
0.02420808150523362,-1.0577850517377805,0,1,-0.644754579563935,4.494221869390458,0
0.24160591888682464,0.7897672225218137,1,0,1.207610829746507,13.116697035029732,1
-0.8012794500362764,-0.7000585788052314,1,0,0.33187584976327683,28.654621415923444,0
-0.48089969352848383,-0.8306630754177335,1,0,-1.0591790914521435,4.5542356713364525,0
-1.629597097218271,-0.8784739650719446,0,1,-0.9471751257823499,0.48178782065709436,0
0.9320877700684528,0.23986404068511052,0,0,0.7755439756362679,4.225780570413917,1
1.29601260295793,0.40551607069821616,0,0,-1.067637052329269,7.917181712535622,1
-2.1219430303456104,-1.0528881088637603,0,0,-0.22196906433997346,0.35707357261950773,1
1.7632362706067288,0.07831200427990626,0,0,1.068732863448087,13.1226575460734,1
-0.7118935065375284,0.20935037985634636,1,0,-0.11764279262979399,2.150822194137921,1
1.3592072139133047,0.3451459419959444,0,1,-0.9413937167849592,0.1256715115760218,1
1.8782723271746091,0.9995163414666606,0,1,-0.4135195837107131,1.2805203475933906,1
-0.21715693730921132,0.19458524533368513,0,1,-2.227566733195866,11.136548407025737,1
-1.5043608544806921,-1.8013841353174709,1,1,-0.31287785795314366,4.60101308223481,0
0.45291166310089964,-0.40835147296065977,0,1,-1.751070744346248,5.275940522551537,0
1.0273889287997986,0.22907982832188084,0,0,-1.522646623202482,3.424031974282116,0
-1.1897398226880362,0.08964228281154518,1,1,-0.2669681666025321,20.65858621508556,0
0.581329468622388,-0.7003761442387527,1,1,-0.6593952329268992,1.62432852278774,0
1.1913857139131272,1.5967004849805235,0,1,1.1286265339549446,2.1455335042749843,0
-0.5775887785710176,-0.79638798602739,1,0,0.07728656229932993,1.6433341909763823,1
1.7678525192430037,0.34564893350383374,1,0,-0.5074979141891219,3.181389505819728,0
-1.2006400844005685,-0.49702330127019345,1,1,0.98723746842038,1.9893108326029763,1
-1.6373145877506725,-0.5962402306828122,1,0,-0.05885411075591773,19.947847490080004,0
0.21739875103085998,0.18208027948021827,1,1,-0.7965323541197183,1.8095734684417646,0
-0.669732239012103,1.080399502476979,1,1,-0.15860529449899316,1.519670473256459,0
0.28285182012307514,-0.3561057347676395,0,0,-0.25463071049909625,20.14106755660753,0
1.8231960831278509,1.6905129881472472,1,1,0.6052347190188525,9.134221088255087,1
-1.1371994006756212,-2.038466480873644,1,0,0.7395396613516231,3.784036729484797,1
-2.2624494408652294,-0.7438060416492596,1,0,-0.008048189934111456,21.685531019725143,1
-0.7470572943006308,-0.39671929225059843,0,0,0.4823045883775203,9.562760668767098,1
-0.7976956168357223,1.4301805078409062,0,1,1.4258989983055776,8.008047782776357,1
2.3413802230736365,0.9609565197320116,0,0,0.920436781994902,6.0396454809376845,1
-0.1216418286471695,0.7125444768321871,0,0,-0.46314028954603326,0.1514257417993456,1
-0.5967622602816052,-0.6889241429650309,1,1,1.0295865604019838,1.3822957832107674,1
-0.6024459064410802,-0.925766877653718,0,1,-1.1645310681004453,0.12731822983672222,1
0.9226655314093648,0.6365404711625434,1,1,0.6382741662473902,6.57049028633545,0
1.2411998270773743,0.45139710228633534,1,1,0.26969568785547804,0.44277105059290317,1
0.04992382900481938,-0.2905625933644724,1,1,-1.0543760596488443,4.261937574483454,1
-0.037807453863950714,-0.5932391344546597,1,1,0.3905516853895615,11.906910006825896,0
-1.082279346266862,-0.9162592865373771,1,1,1.7144521811337832,1.7725884099490943,1
-0.5588045679200753,-0.16087185718468772,0,0,0.557176962763974,7.497505501804354,1
0.21531310465709144,0.06428831687133604,1,1,0.67346482437635,9.214708031246698,0
-0.5224550453657839,0.07037901495662913,1,0,1.215500964252176,2.758502636297217,0
-1.7474818930608051,-1.5837696174585927,0,0,-0.03803367732746351,4.091121477540582,1
0.6660321326129274,0.37686070578610853,0,0,0.49098385428411095,0.7250884509024521,1
-2.5837303034751375,-0.8374034731255721,0,1,0.4228506174446238,9.000876522272927,0
0.24674356072675446,0.7562668507789518,1,0,0.48522555425816194,0.9894885685754458,1
0.640913535459859,-0.8050269433769144,0,0,0.8136189233239028,3.4900234003240866,1
-0.2707765136715901,1.2745747247650598,0,1,0.0961321840006392,1.8248029286041858,1
-0.40485553036237104,0.5438347816790439,1,1,-0.4771269999844499,6.988691740008793,0
-0.3219954797938631,-0.5394407468503828,1,1,1.437308814286247,12.584767909020387,0
-1.2064556476791866,-1.2558862123326402,1,1,-2.2053327812920416,8.119639956869815,0
-0.19524027853971493,-0.4966139751859746,0,1,0.06292159284094075,0.11450703411052625,0
-0.2703158734674624,-0.4491012446099967,1,0,0.89959196256468,7.754391960826124,1
-0.13077356192900755,1.640928614654926,0,0,-0.3361379766859373,6.584039531437038,1
-0.682439787903066,-1.3814305161004434,1,0,0.08023855956601242,8.218179735561655,0
-0.08013956044990385,0.5650247333327035,1,0,-1.5092576799043151,20.80520638159693,1
1.22021120417931,0.3001735460090731,1,0,1.218124041563486,22.19436492976328,0
1.7880553444184983,1.9169736929667662,1,1,-0.5905736396053104,5.52905301641052,1
-0.9695718162843477,-0.825734540706013,0,1,0.5326339442091825,3.511989178756873,1
-0.07613207565076907,-0.015439992910445312,1,0,-1.3042672308749454,5.511791837246468,1
1.5785871459479681,0.33654282845249084,1,1,1.072123936184131,0.6524235274698666,0
-1.5675588845642106,-1.1336931061148365,1,0,0.5284902687378873,6.3577021567161145,0
0.493913103980575,0.6902413991656784,1,0,0.7404640398949142,26.962042225987123,0
-1.1579456337086715,-0.07344834083768537,0,1,-0.9918548106967647,1.6987471957691016,1
-0.7950661533659285,-1.3232232383433955,1,0,-0.7097168474031922,1.7328402764784794,1
-0.21238886914269425,-0.020368508842909777,1,0,0.6229124143673741,1.6645386862736609,1
-0.6884339716161325,-1.2710120130227842,1,0,0.889672132066906,20.573448838857615,1
0.9694408901881847,0.3810350515001182,0,0,0.22197611705878897,1.3809281711777053,0
-1.9300936280777923,-0.7601844218660324,1,1,-0.933629711768796,1.422944866741697,1
1.4731158658538617,1.775616692826821,0,0,-1.0430952735023113,7.903555632839701,1
0.13312489554872198,-0.15228457761058056,0,0,-0.37180148835726207,9.020308479120404,1
-0.013819630870553417,-0.7813565583670847,0,0,-1.0701599722737176,16.149972580294016,1
-1.0743441207417106,-1.6893401623741289,0,1,0.6200239545388813,11.630520736098491,1
-0.04260236764650604,0.843965024105278,1,1,1.1927217804082966,6.9968790982372235,0
1.715015023745836,0.5553510220331648,0,1,-1.8301253287915267,3.4600087842719804,0
-1.8243643778050251,-1.864332189818802,0,1,-1.5055898066522009,8.358361695853475,0
-0.3563693042372305,0.1884440098387469,0,0,-1.0377998447203245,4.2010293691419065,1
-1.7051151931594584,-1.3176451235797273,0,0,0.3715433663700734,8.90306662940899,0
2.3426230162046107,2.4523050489901825,1,1,0.25418330260632555,4.666641176057359,0
-0.1685361601663876,0.9623006181939434,0,0,-0.1225093232803203,5.628450595152875,1
-0.6613562119652943,-1.68597066396938,0,1,1.3059226738423855,0.7485792118435105,0
-0.47123153781923555,0.3934654150782839,1,1,0.022099276639076598,1.3184226506079237,1
1.1225599983702381,0.07423037464321058,0,0,-0.7040281291359598,0.2115060814040266,1
-1.0821736184785646,-0.8395277594424724,0,0,-1.0114740049984088,17.31956124546151,0
-0.3097051779251311,0.2850931794896005,0,1,-0.5820404259198961,8.973018995446566,0
-0.8063234132003173,-1.2891826498041912,0,1,-1.933271402282237,23.674044197887586,1
0.10425625596149832,-0.1402074579185436,0,0,0.5711378752074608,2.0751189479293926,1
-0.2738684122997847,-0.7944776418153148,0,0,-1.300112893916117,16.439549717351998,0
-0.4155653541294431,0.16874840278391015,0,0,-0.05778377814405318,4.136824584566057,1
0.10905421176075591,-1.3244403410689531,0,0,0.65225220113985,3.0038204781400664,0
1.4784086268994663,0.5072093525474322,0,0,-0.4150322842122105,24.845297012319573,0
-0.8292015210763407,1.7036157898041004,1,0,-0.41030902009811465,5.698665879511585,1
0.08561334018418941,-0.03512188334960719,1,0,-0.013084950354610766,5.120514255637924,1
-0.6036861598655997,-0.8184738287909072,1,1,-0.7042328772607193,6.409859069760472,1
0.16789476587456023,0.4342909960247899,0,1,1.2884254743420276,0.5053825250276457,0
0.33763210756144085,-1.2611594807990407,1,1,0.2665544378015456,0.9830685332417489,0
0.23438103705748772,0.41836580074188073,1,1,-0.5800791202834854,0.26642900581161183,1
1.3056915419915722,0.6282316882848904,1,0,1.3113674464431049,27.650119487037667,0
-0.5175667658430881,-0.3683128658924006,0,0,-1.27173765829052,3.6754437567045293,1
-1.0672631986986463,-1.1335014035675939,1,0,0.8943862437568842,1.3263229785176616,1
-2.5265611236195,-1.4848647039045442,0,0,-0.6873157881890478,6.991532382515671,0
-0.532484228336047,-0.13804034903180135,0,1,-0.9882202335297638,16.990741388172115,0
-0.7566217730054837,0.5594948405817444,1,1,0.7742430191861445,0.8666732445586581,1
0.573113783103048,-0.4097615244692351,1,1,-0.14957603124308988,2.4272802751511335,1
1.439384577591904,-0.2877261662461985,0,1,-1.759473960650129,6.426792777724665,1
1.761632822485661,0.640048140245208,1,0,0.9460116813998354,1.8448598333634438,1
0.24647498950706326,0.158015376848678,1,1,2.742493256115477,1.6528183477930727,1
-0.4988314208072038,-0.5395866795391357,1,1,-0.7694593983245335,7.953360669327149,1
-0.5672761921809202,0.5722446064817839,0,1,0.6820341539502637,2.5474245427176356,0
0.5426021725638023,0.6392992835515301,0,1,-0.44053790934584874,10.718330849232876,0
-2.451706387846126,-0.21091763524345297,1,0,-0.49360146299187224,3.4517272142693405,1
0.19052566610738272,-0.46169564735880814,0,1,0.30526167018663997,9.202362425896132,1
-0.852644847550341,0.1647357465288264,1,1,1.3257475069836735,13.002181549166842,1
-0.4313655640373612,0.6120040888404294,1,0,0.3472231197812304,5.428263428620994,1
-1.3584572535631987,-1.1267599762710532,0,1,-1.8154296867964843,8.360223666904165,1
-0.23653558047231266,-0.9887713985730336,1,0,1.2950269880138419,5.76551331129546,1
-0.602536963258249,0.1977461776764124,0,0,-1.5390265521006004,21.990088791467553,0
1.26185800244224,0.05920529912613559,1,0,0.9995622541709637,20.805087886321353,1
-1.73146240191425,-1.2611207128902033,0,1,-0.21695978154097215,4.734155225257079,1
-0.9592617352740302,-0.059370800020330905,0,1,-1.0750016333042574,4.092761823752275,1
1.2651854678517953,0.4422034425291175,1,1,1.690576840355197,10.978369770422733,0
0.8116377093162542,-0.3781651560108223,0,0,0.41782319085901176,8.282936976805358,1
1.2653766210132682,0.6611332417927427,1,1,1.4241073246589757,0.6028114226763039,1
-1.3298953587138511,-0.7122157981233534,1,1,1.0895658900840857,2.4498928054603653,0
-0.9551493225827152,-1.627603492275844,0,1,0.6173164327876759,1.9366831138398362,1
-0.17593827021311134,-0.31127890585751755,1,1,-0.02225305110100362,7.629897577027581,0
-0.6591276564935137,0.35773854386776865,0,1,1.2013015004508045,0.34988592869577767,0
-0.6960835445380386,0.7867724569159305,1,0,-0.23356389262259286,0.04851786129222084,1
-1.5424181386834173,-0.25892643597007625,0,0,-0.38195315996144524,3.455875934256862,0
0.37292447670535084,0.4670462202026029,1,1,0.271051652017265,20.53511057254454,1
1.0009721917708028,1.379789796930272,1,0,0.500914260234842,1.4591997695007761,0
0.3775012232067826,0.15621338746664667,1,1,-0.8824911300121749,2.7672540357646844,1
-1.2010918793294485,-1.1811219486266737,0,0,-0.004924628373002736,6.378676893626002,1
-0.8186930114168178,0.6357863498154985,0,0,0.12543193703928862,0.6699190115704222,1
-1.5026539941071106,-1.0614531070178777,0,1,-0.4934589084874239,18.164701743242944,1
1.234211800526064,1.3264726213955358,0,0,0.658697792202259,8.223749169108869,1
0.9812008220130091,1.0123135956181117,1,1,-0.4122765441708328,17.247757765074777,0
-0.6617947552661769,-0.37691840246417374,1,1,2.1099691831509295,0.9316966054029764,1
-1.2578837730133674,0.2137533365647798,0,0,-0.10549985178801372,6.514711708722117,0
-2.0160776194766767,-0.6131780176723551,1,0,0.90926351330664,5.463990398372213,0
1.2312528472905455,0.9460771672217256,1,1,0.798143306563714,4.320159690299382,0
-2.8158102348788567,-1.1121396157199441,0,1,-0.21062182053926756,8.220630449203254,0
1.021899932577438,0.995669118411542,1,0,0.4246598257947725,2.8238861743981643,0
-1.016433992800633,0.4196615111410711,1,1,-1.4462938749668481,7.44296158628921,1
0.8661563281224127,-0.29256365458770095,1,1,0.43112553297078465,5.707231400689731,1
-0.08698966088885937,1.181929031084253,1,1,-1.7568530090825294,2.128701716858513,0
0.115996640796548,-1.059027583761795,1,0,0.9276110792635696,5.851070475202572,0
1.5355322391928914,1.1780096961943238,0,1,-0.1574868522273171,2.6420889073051512,1
-0.7684142483659173,0.0034797385246208568,1,1,-0.4444111077963335,19.656556169025613,1
1.261481829054439,0.5756038042796121,0,0,-2.008328041603467,4.426502766242872,0
-0.22309908289331437,-0.2542744203140736,1,0,0.24338704482622653,1.1706236303317923,0
0.7625905780529655,0.2611072335699307,0,0,0.0019229998884195889,6.173831068871023,1
0.06517196249732624,-0.549239233057649,1,0,-0.3251365006733447,0.9760369512495833,1
-0.3964966233673454,-1.7699982734030237,0,1,-1.856747281384472,13.819762350858104,0
-0.04757748007673928,0.32734432645389006,1,0,-1.0881943265075371,3.851416532415897,1
1.0956926066932209,0.6952450970936755,0,0,-0.8218747680342047,18.017439774447524,1
0.5784717622485255,0.8338777201438259,1,0,0.07962417496269608,1.9371370789395161,1
-1.6508740580588757,-0.572135620632344,0,1,-1.1439329390824173,7.591915262202523,1
1.7555929077943146,0.4094228519139437,0,0,-0.027866771672250906,1.115425750937191,1
-2.000576321262706,0.40936516954366864,0,0,-1.260862588542852,7.276200097400694,1
1.4684142394114041,0.27248781775807684,1,0,-0.2676860155188851,0.7279178979938477,0
1.5791471111840203,-0.2708745420373647,0,0,0.19549468233845513,2.860487505092235,1
-0.10454705255207614,-0.6027217322480432,0,0,1.7099319126840107,7.359477582890125,1
-1.2965291831910513,-0.12254587450512544,1,1,-0.8745224929195928,12.722678280045791,1
-0.5152445585999438,0.0626520377522552,0,0,0.5481556535729218,0.7778632216433353,1
-0.7098968621865528,0.25174570087694476,1,1,0.23191393909662975,0.16045449301600456,0
-0.35883986712564325,-1.427993321237057,0,1,-0.02699415426199867,10.615784255437655,0
-1.0797256088290008,-0.8606222127084494,0,0,0.29970330317977795,6.314001085019791,0
-0.3689197784431158,0.14934023191480342,0,1,-0.39677270744617604,16.55707751951635,1
-0.13504752021838076,-0.30161457081325005,0,0,-1.4532742703086794,4.743018831747274,1
-1.5961601945992496,-2.686351667852797,1,1,0.7589357166129508,15.038126721898918,0
-0.15654676672595996,1.7223485667054983,1,0,2.1512776586997613,5.741834985868385,1
2.3385255619571423,1.0640472624781192,1,0,-1.1957673915726064,17.436426892447276,1
-0.7887768257841354,-0.20806050858944014,0,1,-1.1135297361412069,5.064982226273666,0
0.11579158682203848,0.9959060796260039,0,1,0.7855968211683079,8.138440207538606,0
-0.08946210725706555,-0.3935103659467044,1,0,0.2544059634540812,0.31420942276105507,0
0.9420270790685629,1.2542910745371276,1,1,0.3525633917083093,4.69404667771111,0
-0.6054893627094469,0.19031562876789831,1,1,0.13062609854357568,18.30299107778739,0
-0.0693269707030474,-0.2602409197505241,0,0,-0.4710008637932066,19.155528969633387,0
0.8995548880841198,0.30199580400519616,1,0,0.04884990832439038,9.779085109902027,1
0.5752124300819306,0.42553101961163997,1,0,0.061864885988320274,13.909998571941111,1
0.3181391814690054,0.5158514104433379,1,1,1.3525451779916317e-5,1.8346988246776166,1
-0.4768532060236322,1.1360372590414323,0,1,-0.905587117263938,0.1212300396940419,1
0.3962413388754743,1.6869123277737543,1,1,-2.5843701878813627,4.221460533638796,1
-1.519768014738252,-2.0415524318404135,0,1,0.27228163814451206,10.837792201238477,0
1.5386670572615142,-1.3409395239208979,0,0,0.3670577521399683,8.486917932788634,0
0.35052776440194566,-0.9136929658074782,0,1,0.4423883073070374,10.560825296017134,0
0.0171020943843651,-0.31775906727340336,0,0,0.6219851844246764,14.822058922221466,1
-0.6331651102278787,1.553682987167819,1,1,-0.2715651984836005,5.395414575468749,1
0.8112898322159163,0.28601967524845817,1,1,-1.287734341400015,2.176813315600157,0
-0.9180991900369369,-0.7551854583295496,0,0,-1.0339888785964082,0.8523431539955997,1
-0.7551000930108909,-0.6074773286940308,0,1,1.950597750160865,18.170566157318955,1
0.09542895711003117,-0.9963899766893943,1,0,-0.4992804261671867,6.258333682924346,0
0.5364044755062083,-0.1846664093918623,1,1,-1.726354644581821,1.4112955036883554,1
0.5098701941154029,-0.630514250355995,1,0,0.9507251442933068,37.07042550458075,0
-0.295468490468003,-0.6392844339022049,0,1,-0.13681039160233932,6.294127398130896,1
2.077849275528227,0.9789151538472418,1,1,-0.6865882376450728,2.21527327861016,1
-0.05408768327320913,-0.08087338994032384,1,0,1.0465015989177646,2.115069713909179,1
0.3882245344334907,-1.1722637276674073,0,1,0.9311964472268881,0.3521730372796335,0
0.63330929381642,0.7043839121460869,1,0,0.561600328000544,16.42618489692132,0
-0.48431987464715737,-1.3255715673474502,1,1,-0.4808400537428171,7.843553608243766,1
1.6887353934223839,0.9401160406159492,0,0,0.769807128873497,6.444624567059713,0
-2.2613798335362443,-2.6595485376027925,1,1,0.6170934818928719,5.86484486667822,0
0.6363784330344557,1.1609047284665595,1,1,0.583242169590318,0.8025378420321801,1
-0.09351927642035364,-0.6021332239459961,1,0,-0.2506285380908345,1.0632880764374963,1
0.040201062954570155,0.6649632343147212,0,0,1.7908899941583272,9.285137646791938,0
-0.4182533662558347,-0.14000236677863928,0,0,0.35371567000389875,12.829082908650442,1
-0.6057533204637838,-1.1994647023394749,1,0,0.9961792371424971,0.6687913245211046,1
-0.2397258065964339,1.3262479118323085,1,1,-2.4229651828151892,3.6387481180065344,1
1.0755732881197542,0.7452020095230103,0,0,-0.29617234935009196,0.1191509150279065,1
-0.8316130544838718,0.020605035731819987,0,0,1.0412878165711428,1.9206941658100738,1
0.36913396694597267,1.2851938212437768,1,1,1.4741923410560018,12.706018454878965,0
0.5118128350298986,0.30773587536849,1,1,0.8036125136926673,9.886255363273227,1
0.2847965951476937,0.7878616479169857,0,1,-0.71060227490453,5.446886779585233,1
1.3580742528217362,1.0611766962042581,0,0,0.7451345449482893,13.731673193050822,1
-0.7121659965214903,-0.2698615170431006,1,1,0.48626421776929496,4.145803627147031,1
0.3049013801315852,-0.4890487914481304,0,0,0.509640856910077,10.97247524979326,0
1.3693383006163715,1.3791706577176215,0,0,0.7015744746378291,5.460199934896082,1
0.34296604739201136,0.34287101756231664,1,1,0.9096006270047886,2.2091656302412352,0
-0.20159154954727818,-1.333435821617842,0,0,-2.1986164941943835,18.115604052521423,1
0.5287175783028252,0.5389133277697211,1,1,-0.4033873946867699,13.723533693000878,1
-0.12265944622456877,-0.535797997754563,1,0,-0.5182909391618207,13.799761592020793,1
0.30572915242635856,1.5315211551730903,0,0,-0.2607329130859274,6.625978593176226,0
0.8198178517387086,0.7637874756130301,1,0,-1.8430353786421632,11.265037394709987,1
1.7644902768275526,0.37299336199027167,0,0,-1.42362037160861,10.828427372460666,0
1.2736086280707153,-0.693069516644609,0,1,0.044308196705926305,3.723239530033122,0
0.03655027538718248,0.8241813579854793,0,0,0.9922566748122883,9.69670959587936,1
-1.1525752332418073,0.5413270442129561,1,0,-0.9364154401379354,6.83737908610215,1
-1.0430103412419627,-1.3793096676112746,1,1,1.0928602520677353,5.3681534714996815,0
0.005979585201683431,0.8720994314489781,1,1,-0.3371403604126993,1.5935983625240626,1
-0.7216665858665918,0.5550002848619687,0,0,-0.9391972632715394,10.843065698901915,1
-0.47316398947012994,-1.147595153509383,0,1,-1.9973092770330838,6.860653605582915,0
0.6542491070189345,0.7274593151870156,1,0,-2.0496735186328725,8.557460076446437,1
-0.3512312164222815,-2.3967634333930667,1,1,-0.5419023777450727,17.025880514875258,0
-0.7162664278914546,0.2533342281264801,0,0,1.173657467573899,3.794946145111074,1
0.6345112305064363,-0.2772853748402379,0,1,0.2726644839200934,1.6000314615666869,0
0.7649045593114647,0.3879679566348112,1,1,1.192035598048907,0.5294246055806677,0
-0.6936747331165799,0.7251090361028492,1,1,1.2698414751367917,4.7616612787048025,1
-1.1846821985769305,0.022115916224046184,0,1,1.032393617061742,0.5584095100251337,0
-2.2339569273221667,-0.5973115032558209,0,1,0.35310338785713274,0.5197530689959725,1
-0.9771228030904555,0.708004643406893,0,0,-0.8816572652008209,7.312520543852221,1
-0.9569812826563702,-1.3532529121917487,0,0,1.9739940918979717,11.29819243180017,1
-0.5020573220347281,0.3420137755936738,0,0,0.6699380242140132,12.692576739236914,1
-0.10535772195108895,-1.0352661490022583,0,0,1.1486494520210913,2.6725735748186707,1
-0.1440461758153386,0.21382463379537076,0,0,-0.7403226753638087,13.033084291264617,1
-0.8907814730095948,-0.7754589268693489,0,0,0.958432728543961,0.8648404588132362,0
0.3334024771262225,-0.6510680770887686,0,1,1.8240121355358332,9.03346852322292,0
-0.05959610495488032,-0.7222645153318623,0,0,-1.3486183992924798,0.673363604067062,0
0.32609701697799737,0.1958517017340084,0,0,-0.10965184699142999,6.362694866361765,1
-0.21097416680201542,-0.9251580394716188,0,1,1.2452674255624017,0.7887106039561332,0
0.20874685378113206,-0.5803849817689672,1,1,-0.4214667737767992,12.28400080705206,0
2.3365568925494755,0.577947056533267,0,0,1.6533818673558167,1.59759751314442,1
0.8326990274162266,0.498215373337383,1,0,-0.9665114667372935,5.8571999190599735,1
1.4491428861859461,0.3233530477013239,0,0,0.4195816898734542,1.0582113129782942,1
-0.6171786762377764,-0.5700519498922294,1,1,-0.6736232601188546,24.899974224070355,1
-0.49014110757779134,0.6979405552055139,0,1,-0.8917131386872129,12.104624509111249,1
-0.10999436998171509,0.01194155150637146,1,1,-1.3997632614304074,8.929940755128962,0
0.8170273795484632,-0.3079263056860036,1,1,-1.4861338058005749,3.9614528107146425,1
-1.0305718628464136,0.09738858529935435,0,0,-0.29563274915721777,1.0103381722347484,1
0.9794420855253564,0.7490839749994582,1,0,-0.3136377937952242,3.309121491232266,1
1.7965379577865794,0.7929607964910346,0,1,0.248921111872044,4.000702363578708,1
-1.0053488128181713,-0.15013627582193922,1,1,-1.387439874909248,0.22238654557511686,0
-1.4482641215228156,-0.3970824790604285,0,1,-0.0848005804015804,1.7079800250940027,0
-0.5446353565746458,0.9448285510570713,0,0,1.4212809055831137,5.997166642569106,1
0.1189089242738815,0.09997759439536255,1,1,2.1996562979827936,3.1261197276538613,1
0.473178684247113,-0.5652561153616761,1,1,-1.1977394536015211,7.170736459954058,1
-0.004776041728050709,0.020486661228211096,0,1,-1.2528026236618641,2.6104264426976442,1
-0.03604752459297627,-0.0373313368961154,1,1,1.6219508576958819,9.03439088689546,0
0.5603649517194309,-1.048998149596029,1,0,-1.3215345351118721,7.330654025659067,0
0.06316611922114292,-1.1952063809627644,1,1,-2.72119295616558,2.057767636142671,1
0.6387917388561573,-1.234493066121877,0,0,-1.1011882025306505,1.400771899170758,0
0.8155431706517111,0.8198293490036899,0,1,1.3023237334654316,6.922173560494835,1
-0.3768039187351422,-0.571724214959413,0,1,1.1202912407016405,0.06772559335123621,1
0.1730696738536173,0.10097257239559963,1,0,0.05938188654920414,4.650874944248548,1
0.17963404218991752,0.35099775047435683,1,1,2.0724671359157787,6.800401932209832,0
1.0843940657569846,0.26970126655026194,0,0,0.22034715836726113,8.130495958972476,1
-0.8246336915986621,-0.7527034925965802,1,1,-0.5881373417589864,1.146990293636918,0
-0.4866738300258211,-1.422320603044523,1,0,-0.6087186086496463,0.3794119693338871,1
0.10485366415256453,0.7913697560319245,1,1,-1.1409697236450618,10.675403444367253,1
-0.10547789750226218,-0.10925562666409139,1,0,0.716022401698121,3.548651452486714,0
-1.302883000676039,-0.6309444452675639,0,1,0.9036174262465052,0.9797425383753726,0
0.006254759344918767,0.03769679471460371,1,1,0.52034605160373,2.521820680703968,1
-0.44230472914648494,-0.3832410002786277,1,0,0.9827973827709356,9.0490619105201,1
-2.042083560319129,-0.6348409885131343,1,1,-2.4102926514515466,8.29298153174182,0
-0.5001810632135465,0.2658539620379154,0,1,-0.21708280050091067,0.34184575288259306,1
-0.767687296154994,0.9779300533325295,0,1,0.14219757459090404,2.861732989549637,0
0.23601326158535618,0.8132796353535048,1,1,-0.07927298925274377,6.6898887895893075,1
0.03234893141448359,1.0263428873733347,1,1,1.8808286449974212,33.367402772220984,0
-0.7171893809208164,-0.8837001409249843,0,1,-1.7287890964934558,5.665400721287976,1
0.7230011024037956,0.726854440756303,1,1,0.7190479568690198,2.6088942230368657,1
-1.8114148791047358,-0.1705013828494759,0,0,-0.987623088676487,45.829195169764965,1
-0.8194202184658086,-0.7150329121364218,1,0,1.2417039801035366,11.905145091922485,0
0.489640332892828,0.31492488198130764,0,0,-1.6555920703988152,15.741046237990464,0
1.0114754814344298,0.9329497459709462,0,1,-0.7804105260570867,14.30209451285025,1
-0.9196879458986917,-0.22531296663101358,0,0,1.3512383133954537,2.083383384912292,0
1.1378158525738669,1.478618826623084,1,1,-0.49422383655662966,3.915851679630578,0
-1.7424300803409063,-1.3351777602872366,0,1,0.20590943947414483,2.859291160798603,0
-1.2320269623600089,-0.18453756585909842,1,1,1.6623725413086603,10.59474875960261,1
0.12357557292809647,-0.22031374006360185,1,1,-1.256097617842293,1.128151535158929,0
1.0952726561213895,-0.9650664442202191,0,0,3.621092342491431,2.701667638029903,0
0.7541733066080819,0.9177271193220422,0,1,0.035907166927830345,0.1686408353748324,0
0.9405590866527903,-0.48491452102798277,0,0,0.04435740682888879,0.7980343522369827,1
0.07986384526377142,-0.8167315075988767,1,1,-0.7745776768139393,22.088341770885194,1
-1.7345046132681123,-1.0717984707148134,1,0,1.3209551319491002,7.771048227465797,1
0.3867996973730695,-2.135408361143914,0,1,-0.42477561428439287,1.4411565026397837,1
-1.5789074707736586,-1.8140699390193196,0,0,-1.4519863768652144,1.0763096137775003,0
-1.0524162662831946,-1.0416833079769057,1,0,1.0297458202942034,12.794833070829712,1
0.17939692350755423,-0.7325562306119396,1,1,0.18912359967701955,8.296684674055943,1
-0.5012613295015053,-0.4714436629611759,0,1,-0.46334020909005713,17.46270642510832,1
-0.5682971087232727,-1.1649078799432655,0,1,0.015285171175180249,4.568408592604101,0
1.699422685253165,1.432185130308919,1,1,-0.9834551508088603,13.932758460362955,0
1.1134726020264398,2.218721351493539,1,0,0.425795958588509,0.3038855570554185,1
-0.48262808501866705,0.09839125360219653,1,0,1.1357963302007885,3.6462796269678117,1
1.4405802523703553,-0.9151456335991232,1,1,-0.43464047536176925,1.9362915734139583,1
0.6706240322373608,0.6030644684681998,0,1,-1.6045196686977785,3.8123279227875178,1
1.5104877833673747,0.9279616543876312,0,1,-0.7972458714349857,2.3277039833677313,0
-0.10437641218960307,0.5715234475232698,1,0,-0.5733289045996557,5.637861419624339,1
-1.0968059874949014,-0.666364928661523,1,1,0.15052473252629728,0.7983179840569695,0
-1.1510045428077322,-1.4175203029419177,0,0,-2.2270131313206587,44.35198891973318,0
0.17952659577783409,-1.1246302142710483,0,1,1.1248954409742309,5.069541189974795,1
-1.4180206442653398,-1.1776007496883687,1,0,-0.5056160109326308,6.439249706104499,0
0.5349185087510857,0.9208798996946884,1,1,1.608241949660816,1.005788636393845,1
-0.7530148085338378,-0.2793063640646595,0,0,0.33735375533730344,8.327797334291143,1
-1.1118879286524201,-0.18145874119781225,0,0,-1.1096923953676654,8.378823287434978,0
-0.47211263077268795,0.37757188003721665,0,0,-0.5356027166556523,6.233582622021538,1
-0.5231652976602277,-0.218805379409448,1,1,-1.1236088539845,1.920484774746001,1
1.3906521946949675,0.4940426754358107,0,1,-0.3312776388116284,11.266509264667931,0
0.24204744429940375,0.2162962801809039,1,1,-1.6900714144982414,11.29391213533541,0
1.5056765543260382,0.9533055925179788,0,1,0.9082894172185234,0.4906688700430096,0
-0.794544596544557,-0.8889418904275277,1,1,1.1375427755752001,0.2354753048469623,1
0.617820713077633,0.7179483265539812,1,0,0.6634308324116237,2.8671426853785915,0
1.2031347606120675,1.281726062217956,0,0,1.5744930128091819,3.500177257228643,0
-1.8269180179711477,-0.6050010449355929,0,1,-2.0541255720760536,1.6995554013798635,0
1.005181404307447,0.08097645459624925,0,0,-0.8725886523437993,6.3200890051373255,0
0.6673720979411629,0.401201967065022,0,1,0.10907824968764965,1.6051571156519155,1
1.2624026597030398,-0.3813196374236213,1,0,1.0679724468021363,7.686411852489791,1
-0.7624584971912709,1.3465371148419338,1,1,-0.6582289800341095,11.491226451121372,1
0.2525150464771931,-0.6439329776636769,0,1,-2.879182533678449,3.858008918662866,0
-0.8668448117519002,-1.0954879653379657,1,0,0.047149765365175594,9.318369758761149,0
-0.5831038481306495,-0.7079345840746845,1,1,0.2717635780638961,2.1989489129434032,1
-1.768868766070908,-1.9015105761638418,0,1,0.052633632409060424,18.545922868766194,1
1.5666244946384658,0.44966277778407565,0,0,1.3398266351499828,0.4801530182088142,1
0.23875542162314106,0.7915467359728083,1,1,0.009008896624387187,1.8229596549645068,0
-1.5695527166352339,-0.7317872808066009,0,1,0.9496102002040863,2.9104243498295546,1
-1.730315072682468,-1.5631220160503885,1,1,0.5643833610371635,10.07876108986398,1
-1.047413024129923,-0.3557516369651834,1,0,-0.2505872726199175,12.197471874997222,1
0.3827938670161384,0.7033050841122744,0,1,-1.3539134132885131,7.241655730602743,0
0.8469554329169268,-0.009506956330767868,1,0,0.003423488554061079,1.5748552589987717,0
-1.1325086271101357,0.08678790249312784,0,0,-1.6500223419702993,0.2664580624759336,1
0.6580918516968255,-1.1525895323606048,0,0,0.7006520903430847,5.709174469423791,1
-0.650357408270101,-0.08875522962387508,1,0,0.991355456455836,18.017505123781962,0
-0.04099383681584236,-0.5635609644767909,0,1,1.07215455844976,5.229173010836045,1
-0.32703751172602996,0.33188099265171234,0,0,-0.49833961121908404,13.619962225278421,1
0.3031134739632311,1.3772642842224336,1,0,0.6684672707875742,7.528015388757092,0
1.3041540691060576,0.5790577789511424,0,1,0.9239014007225688,0.9869920594307284,0
0.2989690399781181,0.026164588951117895,0,0,-0.7690236934891161,33.704304988297835,1
-0.8132639311740406,0.06747532665661315,1,1,-0.7913330443833675,5.225235561374575,1
-0.9766434955732478,1.08562411915341,1,1,0.36852343630945045,6.272661918424171,1
-3.141650682439505,-2.072213157813275,1,1,0.01804422267647651,4.25881469855085,0
0.6568076541303278,-0.7082677698217765,0,0,0.4507059926735537,1.8035654133806627,1
-0.9950926350740059,-0.49339342496536537,0,0,-0.5613470320959115,4.8530669494842495,0
-0.5197044833119783,-0.5920204521126247,1,1,0.6747918331497194,7.570648933790258,1
0.5545250497805384,-0.08626357353076247,0,0,-1.6867798244592134,31.72507240882815,0
-0.36515339045332285,-0.5907977760369962,1,1,-0.22695872017493277,1.0372815099387835,1
1.8630855936833368,0.1074249878724457,0,1,2.0463889917246907,1.9743550064352653,1
-1.417470303370878,-1.2787824781344974,0,0,-1.2546650922861924,5.405339707310001,1
-0.5931783115576755,0.06672986466162062,1,1,-0.22019426948561327,0.794941637496558,1
-0.6889985718008824,-1.3902476750837518,0,1,0.6528993512464546,7.741763854078018,1
-1.4775954258573907,-1.2845119164621812,1,0,-0.885409687412017,0.7645216576444607,1
-0.21224818930844122,0.16055656271033347,1,0,-0.1565974510922412,1.4236436768745384,1
-1.48308413199281,-1.9021165954386667,0,0,0.9434940975177843,3.975153912324459,0
-0.9303316250480211,-2.0964183116346136,1,0,1.6958099429789002,2.040833863429725,1
-0.36225988629742173,-0.6654732915512945,1,0,-1.3223844562913052,20.04397202488562,1
0.2191433905684455,0.5875957399393394,1,0,0.8572361998149461,14.029614269780357,1
-1.6447932614034009,-1.1037293569398479,0,1,-2.1022160712004108,1.9369772984646263,0
2.347433776227005,1.0971070872600497,0,0,0.9738547649261134,7.383794018023666,1
-1.6013777724951834,-1.8947633859812747,0,1,0.9709378654682892,12.570037399251422,1
-1.1635354057183396,-0.02254044501111241,1,1,-1.1200481191488088,21.571279797273682,0
-0.10051813150750948,-0.661468193533874,0,0,1.0926002326392892,9.347127538012831,0
1.5376642702018914,0.10748431432153938,0,1,0.8599383384712115,4.627769776987901,0
0.6134224499383789,0.548522801758638,1,1,0.26906901512539216,23.707306694080838,0
0.6399823683144931,1.53179895141195,1,0,-1.0225177770327054,8.615591943224373,0
0.011603191324039676,0.018172974559897442,1,1,-0.10184729085815251,0.3933998398141221,0
1.3134110577520388,0.9915941411587795,1,0,0.8432837855713534,12.88973937361956,0
0.11663057832393485,0.9218587839000024,0,0,0.9681907434455679,1.191975362598896,0
0.6982845927746705,-0.576503560917069,0,0,0.5811582043837309,3.4087546130952737,1
-0.9522906290459359,-0.964219831761193,0,0,-2.0238204180511046,13.073152976829293,1
-0.6113413029436837,9.309125963009035e-4,1,0,-0.9972229745983296,1.0395144772094986,1
-1.4617361466581562,-1.0301793427565706,1,0,-0.7117162086573906,3.8860819768160586,1
2.1775488230830216,0.5271377989309344,1,1,-1.8058069412382198,1.6428473754785957,0
-1.2305501689481215,-1.2507902357203298,0,0,1.1678833747198907,1.6936100746490232,1
1.6790746511834433,0.600660715524394,0,0,1.4343545608226507,7.910022077111008,0
-1.1188852655319728,-1.6852927577402892,0,0,-1.7260555308862249,1.8165276696284614,1
-0.27536372367663264,0.42023835546044963,0,1,0.545473459536746,11.635521717946888,1
0.7408950289303705,-0.5064706888680992,0,1,-0.3926378377269624,11.859227811159785,1
1.6801306554842,-0.6985416391083463,1,1,1.1670484944625377,4.217789527804902,0
-0.18505834339578056,-0.8291489472882572,0,1,-0.6626300705366914,8.103864864717028,0
0.7010965994548691,0.750727951634355,1,0,0.35324778869176365,8.373756267676754,1
-1.001648386604279,-2.193358347656243,0,0,-0.4866645310688328,0.8893768683137272,1
1.6850819171561118,0.7523023889960854,0,0,-0.9451435854345878,11.341673694200916,1
0.5745348186861192,-0.22811162280294361,1,1,-1.5436440381746261,2.516904624644667,1
0.12357183011045475,-1.1167509895916192,1,1,-0.13384690406100588,1.67908484969909,0
1.1466439350112827,2.0204596429915354,1,1,1.520124956750893,10.0598472167031,0
0.3216241114591348,0.30125437933402677,1,1,0.47125853182947824,0.3981701564043761,1
0.08898295908420983,-0.6823165247164249,0,0,-0.19157002925004857,2.1468371075267596,1
-0.7010591776925282,-0.19340633962505577,0,0,-1.0630375767107552,19.43639940477193,0
0.1386861704625371,1.0635305827448345,1,1,0.0048976090747957345,1.6254092799499633,0
0.8121279520352849,-0.4330109826081231,1,0,0.41204826270755096,12.115936989506288,1
-1.2203677028265822,-0.9570680638853524,1,0,1.4213701014514402,7.265033207794132,1
-0.06876567715860805,-0.40122759787631723,1,1,0.1333758369627977,7.942516317551436,1
0.12100487766355754,-0.7211681557912808,1,1,-1.1680714728548787,3.3174830139614646,0
-1.0558104931566004,0.8534623925668826,1,0,-2.3164294732456088,20.82773616121988,0
0.9170453955442308,1.1018195895632348,1,0,0.5775495858587986,21.076509960808163,1
-1.5342663783048809,-0.22912171351373845,1,1,-0.573146164664411,0.015150359831750395,0
0.48633338270078613,1.02365054120615,0,0,-0.9726102047611584,11.966117016024196,1
0.6764978453987684,0.8718053076473437,0,0,-0.331014174053435,12.939340806797349,0
-0.05961533904548579,-0.47723223962596806,0,1,0.6848999076582136,3.5661474064302943,0
-0.09299757309832261,-0.8229605760704116,1,0,0.5196548517685167,0.7553841596495431,0
-0.010212983295774164,-0.61686498047422,0,0,1.0754737931094658,2.818978238223809,0
0.3119947323658258,0.5325489467818695,0,0,-0.35781691955500383,3.6136642292452357,0
-1.247185530092983,-0.5229767690325244,1,0,-0.2918925836086517,4.887205162775016,1
-0.29859671912403896,-0.10779881293863006,1,0,-1.2556895626131952,8.917211694292826,0
0.5264886294533047,1.1592396537408665,0,0,0.589951854370991,8.236454698527954,1
-0.3949553826717402,-0.9403353053053036,0,0,0.7925580735992082,12.722668496057382,0
-0.7390596368097938,0.6853500190316224,1,1,-0.86009480182521,1.6664675398108861,1
-0.11964859755289313,0.0676608479662415,1,1,0.27896843323851184,2.6301889052835103,0
1.135254214445974,0.18617138879250378,0,0,1.1711315949894838,7.288556193586806,1
1.697270150716299,0.5054532511175192,1,1,-0.3356735016219287,0.9598270563098292,1
0.9905440157948355,-0.2507627465394685,1,1,-1.1772171469348887,2.516102839923881,1
-0.4342380547960182,-0.5967709698742245,0,0,-0.9344179399187299,1.5365557395853102,0
-0.08966601604159606,-0.3810005421102789,0,0,0.3448158465999875,3.2766847211557133,0
-0.2745717622297257,-0.5410932718780851,1,1,1.2657158383673333,6.585329716364644,1
0.42628065293070677,-0.5414434506937579,1,1,1.2645192199839634,9.200613191571303,0
0.173658857407533,1.0183945925225752,1,1,-0.30446263307852145,0.8843551855534316,1
-0.31066184085649595,-0.3912767874028811,0,1,0.3522311404210579,16.85202216349066,1
-0.01181093829890141,-0.31072685904953984,1,1,-0.5369950511999566,6.0291637152633815,1
0.8244504298258362,0.7492803495956847,1,1,0.07148997376908899,11.415794786336624,0
0.38020272309360154,-0.1883165969093488,0,1,0.9301473649540537,1.0594441633050642,0
-0.5070465558320097,-0.6384174666082403,1,0,-0.6432385384658467,2.8096113371347573,0
0.5795297168107528,1.0237214961261736,1,0,1.2301708285340376,8.009528546864889,1
-0.15613176761489703,0.7054159325375647,1,1,-2.486310311997772,3.6832681034721104,1
1.6617075562167236,1.2967824774822976,0,0,-0.7249711067263436,4.089213973687341,1
2.0867789519969455,0.9842758940696966,0,0,0.6260824050423659,3.9483472510861857,0
-1.2323078886597127,-0.5940388583645121,1,0,-0.631591768425621,1.435300102705763,1
-0.5441159227702905,-0.4704993237717822,1,0,1.0732319610250232,14.660574929709439,1
-1.0274272333299133,0.2658013500592814,0,1,-0.919625916187593,15.604021632343734,1
-0.30063032161264563,-0.4487699039562091,0,0,1.1112065614464997,7.391682802349431,0
0.2902681841355271,0.8968546789441854,0,0,1.9476092353967156,9.576274950948957,0
-0.45085128061535856,-1.645563172642964,1,1,0.8027421241517914,1.1473700016116104,1
-1.0648011164369813,-0.3871797854599807,1,1,-1.0776539013307147,11.220414090241098,1
-0.014614819026185544,-0.8851616449307532,1,1,-0.17882082272626437,7.924353664701285,0
-1.1705775191144054,-0.2466020221195916,1,1,1.8496539543898947,7.024068648887279,1
0.050806932403721174,-0.13987208322954228,1,1,0.5146318534485658,41.13287864939194,1
0.38071747588345706,0.8065642427651215,0,0,0.6599676321146731,7.627992695653718,1
0.13616271270345176,-0.697537773338392,0,1,0.1395059383306575,8.088662296493949,0
0.11289771974874123,-0.6384550776056213,1,1,0.4024936099453287,3.909044204435001,1
-0.12355817152744183,0.22128156214008565,0,0,-1.5844996743399955,4.206560695699106,1
-1.3909384825877826,-1.4944472111804146,0,1,-1.3832474198873972,3.348081275665512,0
1.5225317117409083,1.1539741032315167,1,1,0.17713033263749434,4.561799834482372,1
-1.0096071755008296,-0.6986651647408777,0,0,0.9228311864630673,0.6625030694218974,1
-0.6544184112649881,-1.0125205484364377,1,0,0.957703702572045,0.20524574986969432,1
1.1092405552532894,2.1361040139256136,1,0,0.32007750535983603,4.029663116671145,0
1.1546260261406307,1.2209298857563895,1,1,0.18606816639251927,0.9282688673501396,1
0.47438386546703976,1.5288367415101842,0,1,-0.44844621541356905,7.5016248590412715,1
0.14853014678276263,0.31667189669433127,1,1,-0.15863413268575463,15.279319664384131,0
0.35304960678859454,0.46429636330177865,1,1,-1.5969439504329843,4.336753654448937,0
0.2242236705848118,-1.2954204060124632,1,0,0.4339538770404547,13.060082561078438,1
-0.30987903391023824,0.11727830952713134,1,1,-1.0907443041741107,2.710777447403719,0
-0.315939892134732,1.6326297971819221,1,1,1.1250195700366972,12.811381788224184,0
1.914339012992694,1.6044224146771087,0,0,0.9076336216331992,13.09388233278712,1
1.167524976025555,0.02090854820780741,1,1,-1.9083023748268706,1.3876457783853047,1
-0.5580306719428243,-0.9670074065741268,0,0,0.7958824718758168,5.416463525034487,1
-0.08784647824161901,0.3944128982586085,0,0,-0.7782575302738235,15.66712736702979,1
-0.2524679991624185,0.5821982831970757,0,1,-0.707620023849734,0.1880463862059168,0
0.23953796847294237,0.3785257781214253,0,0,0.32538305204343543,6.794832879327339,1
0.2853301543575704,-1.0002315574379936,0,0,-0.7440181433649606,0.5265841933818359,1
-0.6483909279395857,0.05387806536726397,1,1,-1.710412373781493,6.170121362703643,0
-0.8630577714058498,-0.8194046461785642,0,0,-0.10366429518212981,7.1199207330347125,0
-0.41784297853117874,-0.886579059407701,1,1,1.8439536656791589,10.449053315716588,0
0.520597338609401,0.20873582452663267,0,1,-0.41729675259747434,8.065302712190466,0
-0.1570331710004755,0.7027025329638776,1,0,0.6857501660401175,6.428613684100511,1
-0.1316316913611033,-1.4885293002079703,0,1,-0.8275410559820667,4.087766869148861,0
0.9698099226572816,0.631751204679118,1,1,-0.5235597816669081,0.018151884954046894,1
1.3676622881823883,0.5006897024755507,0,0,-0.7538213823210018,4.980145926432064,1
-1.0891549777713032,0.19298010773924978,0,0,-0.31917279396744563,6.688692172018292,0
-0.06302646801526839,-1.0898174028964636,1,1,0.4502127372386303,9.066711653839048,1
0.5246806088896606,0.39838194288487205,0,1,-1.5492924200758729,5.60067321251457,0
-0.4554423020409195,0.7790080324398669,1,0,-1.1974418152989252,3.391175057428579,1
-1.7192171665792084,-0.42625762601421124,1,0,-0.12948083331901822,18.897490815729704,1
0.24613893773454856,1.5032951336783296,1,1,0.7826561699419814,0.7416242578377327,1
1.7305301433412006,1.983968225164009,1,0,-0.15380072266402706,0.4485074003847937,1
1.066499163188415,1.8525342078298803,0,0,-1.1604353829435043,11.179822768355512,1
2.4357939311212435,1.7717412061138478,0,1,-1.3833288412040146,4.5296057903518285,1
-0.3661688660732876,-0.9757919468118007,1,0,0.7395219392699895,15.01401940601091,1
0.13202825190998488,-0.6860363612430489,1,0,-0.6095952540830117,2.0654489567050898,1
0.09380504402681927,-0.3123442589580063,1,1,0.2856135763390186,6.72036605696887,1
0.7374909275165188,0.8767847033958824,1,1,-0.10368501610449148,1.5450735848086576,0
0.28204997015115674,1.0256103768741909,0,1,1.4085154383740632,6.724790460080009,0
0.1264629763828693,-1.8909434631114863,1,0,-0.07053346050262219,6.370015853355429,0
0.2791959570827491,0.7989863774372863,0,0,-0.9721210614855023,9.143155805106067,1
-1.4213448825529127,-0.7777271417615388,1,1,1.5556128417151218,9.713287247615659,0
1.255489413815165,0.5847248943462914,1,1,0.32861914400516695,0.7293553716567048,1
0.10291604152051045,1.2047233700452393,1,1,-0.1257157650654256,4.264837775068979,0
-1.007737544392328,0.6623804602334179,0,0,2.1531928392207234,0.1617870720413824,0
0.5454068799638904,1.4544611104551604,0,0,-0.4932774951806829,0.3087428825286528,1
-0.15716064464523077,0.04029345370074783,1,1,1.0782079799858957,12.909452243939244,0
0.29235468707335927,0.4883432506348534,1,0,1.1606993018146932,2.62836713412605,1
-0.6878869720998062,0.3929073820771949,1,0,-0.4116037187948821,6.29316935435941,0
-0.34145089950007845,0.9372791073963209,0,1,-2.229892537346466,0.696860804843406,1
0.7163385201051503,-0.06644235717033686,1,0,0.23845761996346498,3.2113335250566406,1
-0.351051091539698,-0.9809723141361704,1,1,-1.2829279174122674,1.4626836890525037,0
2.0610544732942193,1.4088663902286456,1,0,-0.2099283078784477,11.654427277763299,0
1.3348184525246618,0.22026064084485047,1,1,-0.9248498587175019,12.664522062571045,0
-0.3451209492484655,-1.4028078592199336,1,0,-0.7682579443939987,15.540851232227109,1
0.6226857518280965,-0.845772993665356,0,0,-0.25387210918405134,7.7653413867802445,1
0.6527218799563254,1.2244632640995556,0,0,0.42749450485530655,1.5178115495170157,0
0.5496432204971392,0.468929537297943,1,1,0.29361163770798593,20.03424029381852,1
-1.8737688848816472,0.14681896269809225,0,0,-1.1206776550713005,20.822800112723964,1
-0.10058006258877576,-1.9816261471962782,1,1,-0.029017388075842948,6.23161845209195,0
-0.7891168211231658,-1.3736617246135792,1,0,0.6055895620029604,5.6693860911764205,0
0.47452931892730904,-0.7576708835675774,1,1,0.496683175008618,1.2093633631124778,1
-0.121660467194021,0.8025861931231236,0,1,-0.4233355730802767,7.354668944627273,1
0.25422625057064724,-0.06391611243014325,1,0,-1.0549171142988598,2.0689919367733403,1
-1.9601842025278002,-0.4343323445951861,0,1,1.4457201997412719,0.12141387572239483,0
0.28437688207888,-0.3494009837529914,0,1,-0.02181222570613644,2.6013966688575847,0
0.6153216956420825,-0.7360604627417626,0,0,-0.38612331508891407,5.353628331795335,1
-1.3772427543335901,-2.3728961689379657,1,1,2.600806476927357,7.073919979194901,1
-0.5841222609197684,-0.04831901601801836,1,1,-1.1894578504132303,3.9569798662948115,1
-1.1567055795075856,0.8335028506924242,0,0,-0.5700346491214624,11.473016805286312,1
2.003075814808347,0.5401457957626948,0,0,-0.22559569779176375,2.4726673727855086,1
0.45027889620195044,0.1955940632349242,0,0,0.731466063231668,7.896869854341052,0
0.31828292407405456,-0.09252633929788912,0,0,0.023016819283760908,4.793935936565201,0
-1.3677319678275388,-0.10589137971166085,0,0,1.5472673534661328,6.2496422840554295,1
-1.2276372920152592,-1.2832140216083863,0,1,-0.21824837827665428,2.7824828440013034,0
-0.42289965376415,-0.7935311083416067,1,1,1.1510662797386333,3.6982542869105597,0
-0.06007825543691622,0.45403071805360146,0,0,0.002871227402356071,16.234742026696804,0
-2.288389018176591,0.03865269866515497,1,0,-0.2505315254025424,19.593934015252,1
-0.39633478037675984,-0.22007532555021378,0,1,0.1087659585067294,20.105464336343413,0
-0.7710473954611804,-0.03185163485016146,0,1,-0.27801654726287767,6.706393520397854,1
0.018858548815358846,0.5171310190374576,1,1,0.8825966999816072,8.799867758487764,0
1.3780384608749319,0.2734394015302177,1,0,0.35918083936976847,11.027368708784484,1
0.13844938568486326,0.4472115208186892,0,1,-0.5571947649213296,6.236622226074439,0
-2.399414024403834,-0.8050607305094819,1,0,0.940571561707212,1.4762203364322584,1
1.5301979693536143,0.4911652366940709,0,0,0.10215548785613471,0.4005133565937651,0
-0.6766203493591113,-0.5819056603957091,0,0,0.2909134400301507,3.355287942880144,1
-2.8549064372993485,-0.7225650807999285,1,1,-0.16014275500281905,5.788050459658208,1
2.00076349608853,1.7297425317167048,1,0,-1.607370863711251,7.114081208554508,1
1.1748257294493658,1.4552129068668513,1,0,1.4346265559400255,5.312523276855549,0
1.2985954696317112,0.35704603078540037,0,1,0.16746725227617407,0.026976305525749925,0
0.7538962865274184,-0.19018072161497057,0,1,-0.6730596883757916,2.085277484729886,1
-0.5230962349509835,0.4365044873420734,1,1,1.3865770145864085,23.837452070008126,0
-1.0918884272362133,0.18341942935745348,0,1,0.7624245962427166,5.170062250302484,1
2.1276375086481387,1.2979950471288664,0,0,-0.1139673368535513,9.576948452390832,1
0.4681249691226166,1.780722183319468,1,1,-1.8301374307184737,1.3446735955464344,1
-0.14310246003130267,-0.7867705898435714,0,0,-1.0206198758763416,4.354405985213816,1
-0.7723190692946951,-1.2258840432318405,1,1,-0.12055007090704441,8.362844702437622,1
-0.3552677735896989,-1.0259462569002202,0,1,0.24534724843176722,4.0547647086593015,0
-1.9129774982183232,-2.1523798167232058,1,1,2.034787333380377,7.566129757362209,0
0.7175874489563393,-0.2416456523968354,0,0,0.10527202319263657,5.6469697078379495,1
-0.26452554740718454,-0.44110837440687267,1,0,-0.0702433633647871,2.2833714417511692,0
-0.19405591992999424,-0.28641940883568523,0,0,-0.9269035175573017,12.237081492069958,0
0.9829209308248632,1.0305281688039343,0,1,0.5284084823548254,3.3514131326228385,1
-0.06148258488852819,0.5371214638868489,1,0,1.3860683236483735,3.6905712991332016,1
0.6212212345496528,-0.7218217970207097,0,1,1.94704450007953,5.52556523665165,0
-0.8829759301703691,-0.7053736972578051,0,0,0.07533529292517749,5.650339066050947,1
0.17470807604299365,-0.28767742418798375,0,1,-0.9196071385707927,18.568803663867516,0
-0.352664069925634,-0.21832657938491223,0,1,0.9540353326176488,7.215663261627403,1
-0.6489211282258733,-1.1284356347399538,0,1,-0.04528531235558683,1.2096731225028634,1
-0.7026556252693866,-0.1625990743771993,1,1,0.4204555210231734,0.5326408732229646,1
0.02650690636654087,0.027296838799062948,1,1,-0.7545560456312751,4.728601135623952,1
-2.120152196466432,-0.6674160401363552,1,0,0.24338688812488765,4.954234673641622,1
1.0713415925303582,-0.11290557967271786,1,1,-0.24863728268494978,7.249562147033813,1
1.8285955894094177,0.7098827725539549,0,1,-1.4550754284065206,5.605988805958381,1
-1.3986174110652227,-0.7453802353191968,1,1,1.045568544419039,5.753092836433401,0
-0.14850296687610115,0.4904402728697522,1,1,0.8964875439707922,1.043641213333162,1
-0.9515063449584378,-0.9299380426427541,1,1,-0.29108935784805495,4.062195487009983,0
1.3482250733806789,1.5799041424113343,0,0,0.5015156347805042,1.331176100062447,1
-0.9903110932758092,-0.6076317744848192,1,1,-0.9946255283549996,9.311055011386776,1
1.4149000579667066,0.5100957810855444,1,1,0.11365261205063676,3.597117576282472,0
1.1954716658603812,0.04117875748683952,0,0,0.39558846031511,1.95094442460686,0
-0.3251349075833205,0.46020054233672536,1,0,0.5967448441692027,2.1686468661452336,1
0.6030714286454075,1.0551877414046886,1,1,2.0134758089159646,3.5459007679795227,1
-1.8063967928566607,-0.5902492608025341,1,1,-1.282537765022943,0.6368303671479225,0
0.5028842649456409,-0.24950907059460148,1,1,0.17260243486608606,3.758188484547039,0
0.13121499599803604,0.6525846327312729,0,1,-0.9271448074888603,1.4852466300251195,1
-1.3031975684083734,0.4483518911837193,1,1,0.8101071473900636,3.4160411761452756,1
2.1763710070736186,1.2083814563607334,1,0,0.11513221088127251,13.300980119625564,0
-0.9660753431385201,-0.4066784369171407,0,0,-2.2069469401847295,12.1913806593922,1
0.5168778930151448,-0.7677265645489525,0,0,-0.7328662814824268,3.9655887211362524,1
0.23173360409964772,0.10179649396598928,0,0,0.7909109118893237,9.457812690757317,1
0.019148908404257658,0.14109508493497844,1,1,0.552422295689419,23.80329687008302,1
0.8992739690006518,1.0082521739470818,0,0,0.3679967904984223,7.317201718183057,1
1.3503320233578997,1.3877483229020546,0,1,1.2542284317999106,3.116391587081268,1
-0.4324857684008109,-1.4019211937178415,0,0,1.4429268832508155,12.40635908449213,0
0.27012683013231925,-0.7623125452079846,0,0,-0.5234457588112615,4.747509812780967,0
-0.8961012212232355,-1.2019924703023017,0,0,-0.22352678567485584,4.996866798804453,1
-0.2167610429203672,0.359495872066788,0,0,-2.100347448702929,1.1268129386049255,1
-0.7931951355256148,0.4239660648912884,1,1,-0.2283390418565481,6.290485422397754,1
0.6019316256884837,-0.10554394568729902,0,0,0.53067960135257,16.61523557198068,1
0.37385940623443953,0.15387412859323774,0,0,0.2845381441603471,3.529963351320476,0
-0.6865387254019145,0.49608152680327927,1,0,-2.244610442025103,20.996940243559884,1
0.7038222155422248,-0.7563768638049122,1,0,0.15566654094839205,7.36888796806618,0
0.29214144693505456,-0.6518715101184894,1,1,-2.210281500884752,0.7925895226704917,1
-2.626087497338818,-1.8445580940289712,1,1,-0.35165505893104515,1.0051950773534677,1
0.9684210029809925,-0.6020436060582521,1,1,-0.41786602077864965,1.7412816795210044,0
-0.3406281833845903,0.30733108882694704,0,0,1.7404550051921301,4.176346484261255,1
-0.9910555170414201,0.3040617016620042,0,0,-0.3127385848030403,7.37006682485221,1
1.5052949833079765,0.799706863664898,1,1,2.0912220628289835,7.764392858021063,0
-1.7431515920102367,-0.1201166735031759,0,0,0.5371128367814739,21.456188040045703,1
3.0088167874241556,2.154796667980714,0,0,0.631011213926084,5.378793602964531,0
-1.3419670198437001,-0.6787211641827412,0,0,-0.23674666884730328,0.5858364377041982,0
-1.4758303640424968,0.24186911861500748,0,0,0.64417804169907,31.336197131064722,1
0.640844543505996,0.6933255083136334,0,0,1.1305910840562068,1.4622693570951621,1
0.6190417314762963,0.1783968669732738,1,0,-1.7583082332512556,1.1570386161717277,1
1.5816789291618776,-0.23526478423932107,1,0,1.2378594549714412,0.6507622310891747,1
-0.3963582517826011,0.2923302137166381,1,0,-0.3385293728011393,1.9388625747524204,1
0.1907211488461126,-0.3904369104931686,0,0,-0.9808925159041023,4.321631179967275,1
-0.36496320728516174,0.8289502802614588,1,0,-0.8846029687234233,0.007311716520537933,1
0.0758472606183772,-0.7606352784573838,0,0,0.2943597883210272,2.8539496939629316,0
-0.539961769289632,-0.15535229358009756,0,1,0.10655501897245687,0.41747671236659084,1
-0.9057424738811157,0.16840682438276056,1,0,0.49027683174469894,2.3796705218652887,0
-0.2784288180351518,0.2234685449891676,0,0,0.6406115829240294,8.31075685529421,1
-0.1466759131355007,1.8631201744631805,0,1,-1.8291499392208912,1.1012006916654662,1
0.33802349351459127,0.7793792904798746,0,1,-0.661274781433093,5.252097058109939,0
-1.359151259816101,0.0308312252060845,0,0,-0.8489521055705022,7.090065457197628,0
1.6250729356531197,0.28636248627260064,0,1,-0.018348302565252293,9.656748175270957,1
-0.8626540634365024,0.04204732910464071,1,0,1.2292163136768397,1.4219246416663132,1
-1.1792444329412495,-1.4923137989374342,0,0,-1.423873396302911,6.886439529518388,1
-0.6474925687190876,-0.5122635276220413,0,0,1.8767715527745348,12.756701961701317,1
0.396536348119889,0.7297444388623326,0,0,-0.16307102694629125,0.01601492981545557,0
0.6049089655822436,0.5132906210301251,0,0,-0.047153253506463086,1.5222029488844178,0
1.0525255953076436,1.3127026040930878,0,0,-2.4106452651619628,13.056965399063293,0
-1.1699379642789334,-1.3134528395396412,1,0,-0.9836959742832282,3.0764857617517314,1
0.07761835319709587,-0.7345438600836554,0,0,0.22733691991784583,11.34283056758106,0
-0.4083731070130067,-0.5580929370433566,1,1,0.14718459570733758,7.479690888697963,1
0.07898311589725829,-0.5005427289884954,1,0,0.06139758606566465,2.541640351740872,1
0.37997926430765133,-0.12678145168460223,0,1,-0.2098447878607192,30.788257597670718,0
-0.7391679695375717,-1.8257237662271557,0,1,0.47612222807161303,7.617087692914011,1
0.5615800050653372,1.3048409546274145,1,0,0.7522440978306395,6.46511157163491,1
-0.661878685014877,0.4046040670529616,1,1,0.7748873176098898,10.281262942239744,1
0.8455800778785949,1.2103142910293092,1,0,0.8875595797158359,0.9849651173378031,0
1.918835275449685,0.7549622226605968,0,0,0.7532314656264208,7.7846031801861155,1
0.3756205444829445,1.1908242678168866,1,0,1.040476676546103,14.663425428713564,1
-0.05513617988719373,-0.19672854795495665,0,1,-0.7743035284336386,6.048124275441072,1
0.7054829509021385,1.1934873976168534,1,1,0.5955119054599426,7.4837026570837715,0
0.478065279094181,-1.1199954030686519,0,0,0.9741518140750138,24.168862835656014,0
-0.9300052891999802,-0.477386735323338,0,0,0.08688760301413263,2.542615542188287,1
-0.7645654564459956,-1.9703672094255342,0,1,0.9074656564277594,0.8905489966524344,0
1.8971073027300098,1.6602527355036756,1,1,-1.296755062469637,31.846217980099727,1
0.7672280958319813,-0.25454691566519916,1,1,-0.3118614430150447,7.39360708658346,0
0.07991412197634287,0.894920413858634,0,1,0.1307007049530385,10.56018007573744,0
-0.12690764758225337,-0.006447627094200069,0,0,-0.4456132443911664,19.120404480216706,1
0.2524519897455768,0.6099992739729965,0,0,0.6311423401065666,15.830835807989244,0
-0.12649288926962288,0.5436006200798372,0,1,-0.5793107112982822,2.331250331675013,1
-1.2833849712264311,-1.3530131654678448,1,1,-1.6170822109139715,13.308761904557748,0
2.788118816676846,0.9823687814308005,1,1,-0.16814228890358338,6.117011539279294,0
-0.7706108736942603,0.2557280640473628,0,0,-0.8955665998179573,4.952153229775528,1
0.4512196666940665,-0.0687052329169929,0,1,0.18223743533664932,3.953641470676909,0
1.2248109446085342,0.42291837554670675,1,1,0.4801388469053555,4.536540457047522,0
-0.5247380682367324,-0.4751213821755579,0,0,-1.0427589782584519,1.7240354907698932,1
-2.217533791283032,-3.1404053254042656,0,1,-0.6279265161181246,5.56241226537774,0
0.8650479016351826,0.8482081952101942,1,1,-0.10292259750532973,0.32703893569608533,1
0.2850787607462046,-0.09798931362382182,1,0,0.7947519359241625,2.905671244176726,1
0.14529979325301778,-0.5643848119832356,1,0,-0.6054419560808993,5.862025542697642,1
0.3220213768472966,0.7319222471858676,0,1,0.48120225930703203,3.2238002400845294,0
-0.014818193955424925,-0.649042170825236,1,1,-0.15677272693956748,10.271497466251356,0
1.4367144294480967,0.4834371695477211,1,1,-0.8793732042427875,3.4737950097174264,0
0.20977245161957178,0.5484393857405498,0,0,-1.3397185790067954,0.760679862772425,0
0.9124090684321632,1.0698757778220103,1,0,0.556668973535699,10.075396446471515,1
0.04911200414381202,-0.08355721433102892,1,0,-0.6029538726182472,0.8077502463092122,1
-0.12457005964837539,-0.9481828825590857,1,1,-0.8239171926849992,9.305878805888298,1
0.6721642316445257,1.0210925868110234,1,1,-1.3707809306498786,7.753702136337859,1
0.7367296885343115,0.3358894101663332,0,0,1.5312492600752123,21.912954234399205,1
0.2759428271845002,-0.29021822793312246,0,1,2.1110862456558523,9.158292218382263,1
0.9232014713404656,-0.8420522516481581,1,1,0.09818206782955673,2.4679274919707845,0
-0.5055179936077677,-1.2862652558410104,1,0,-1.251220667806196,3.9468267854924006,1
1.093529155417802,-0.3554740505353311,0,0,-0.5031625080112169,6.811324755000673,0
-0.09166986660089255,0.36548310772333525,1,1,0.6185221936442238,29.968012293292094,0
-1.0846121262042245,-0.11803389617523308,1,0,0.6880650224602547,9.82388555968563,1
-0.21867250603696406,0.47283158328770736,1,1,2.0741955694778262,1.4406222462033234,0
0.5491758595059063,-0.5985964775554837,1,0,1.4265522754043212,3.217860646353236,1
-0.6285335807589355,-0.35497721690351686,0,0,0.37683547377719484,32.52702173601887,1
0.4434627727637919,-0.7246507096345609,0,1,-0.11593174681746751,4.922719862467299,1
-0.01497013436491594,-1.1279189997895855,1,0,-0.5058526663940799,1.1417058584742221,1
0.5489222316051545,-0.6687390294842367,1,1,-1.02145414745588,0.5944000781118225,1
-1.0993760233809893,-2.6490718279958316,1,1,-0.3107939800981804,15.047177764818276,0
-0.20997967758929545,0.5953786530489608,1,0,-1.2883878599319876,3.4373038487198455,1
0.2510151675030866,-0.6103506848980031,1,0,-0.877188395056757,5.2107788777599735,1
-0.35525844846584537,-0.04375006986527144,0,1,1.3681984613391656,3.685629786923528,1
-0.6164740895763652,-1.6348714272841864,1,1,-0.5834536890702131,2.8149514459073544,0
0.026194810161843073,-0.485580044481385,0,1,-0.24314900967265252,5.895990107307123,0
0.2985171332110392,0.2095291006300805,1,0,-0.35826924310743125,0.017473714486961923,1
-0.31954456901412964,-0.8288154401227499,1,1,0.7357979164360964,6.379231377936111,1
1.7559787313269193,0.6307748284739239,0,0,0.11144714992321508,4.091285623144358,1
-0.8070715028966636,-1.4052742148042783,1,0,-0.560536153979702,23.341345351030835,0
-1.1856522546462553,-0.9251561324810509,0,1,0.9606867739455338,11.148612185341719,1
-0.6470413931524602,0.0025897156533903898,0,1,1.1071183955498138,4.857626572872202,1
-0.39244285060005363,0.7115171144282928,0,0,0.526400029373363,4.125918347078065,1
-0.01225938710922312,0.3342678193801307,1,1,0.5866057601284852,3.805586909099172,0
0.6195418672451627,1.778775853495392,1,0,-0.7162755387721146,8.55559071273241,0
-1.7578304063756003,-1.8447562922488423,1,1,-0.20773235646707147,2.2976864633771283,0
-0.3179943417467863,-0.5822720709647078,0,1,-0.9396777505708193,1.394351854931683,1
0.6669911627894808,0.0813808083935077,1,0,-0.5329009202122443,0.5657776491716504,1
0.12808251778576787,0.46808205864868857,0,1,-0.16263571454812675,4.3049306608736515,1
-1.144624050528777,-0.6747953787241759,1,1,-1.0053580923092678,3.7831044861056826,0
-0.6402704101400427,-0.05825191017301168,0,0,-1.057238310947285,6.295223072518115,0
-0.2737658688942927,-1.398973985237962,0,1,0.3281849277263177,3.1461268120134873,0
-0.39719908819219485,-0.8704051440898646,1,1,-0.6874555273798378,8.538014627643031,0
-0.36991435483472057,-0.00734000066326132,1,1,-0.7178170678650933,15.93892091504753,1
-1.0451614780600302,-0.5635723926486657,0,0,-0.023076464872294134,5.701110861264169,1
-0.3688802953991146,0.1431500468869883,0,1,1.572591289728523,13.149987491867076,0
-0.29604326984335655,-0.9947483319920682,0,0,1.4408648110169233,3.6901073530316357,1
-0.6227523326905625,-0.02896696900461576,0,0,0.11545312740340999,12.544484003026811,0
-0.8552290271301682,-0.522903185021176,0,0,-0.9842385557284309,2.0976987939017517,1
-0.6112178212148881,0.44464223828586763,0,1,0.2775935782090333,8.072278418856751,1
-1.5536271789252627,-2.402533155996475,1,1,-1.3733369925457903,0.7935408929673334,1
0.4356554786169356,-0.23261049431734035,0,0,-1.1132528786556384,5.725081579294056,0
0.5532424084815941,0.7116768686636558,0,0,0.6750905089130369,11.24392498715232,1
-2.0004308021371435,0.3548864132089051,0,0,1.9134563086255687,8.484015487266594,1
1.3994245714239821,1.4537045339874475,1,0,-1.284255338832357,4.664162635648003,0
-1.5621117266659477,-0.8177243452935529,1,0,-0.08007058138675764,2.958082073989014,0
-0.20926274258481928,0.43368454450580884,0,0,-0.48725690854284187,13.444392022446406,1
1.7186338478900287,1.183496095611183,1,0,-0.3193215322113143,2.383835623621361,1
-0.15498096694428412,0.3274041409517435,1,1,0.17645528951662223,6.276785830306611,1
-0.6793304250371524,0.19395775551982786,1,0,2.565337129473466,9.561614389181239,0
0.0905059782425066,-0.9515123327327004,1,1,0.43137634793261065,11.312928089211487,1
-0.5763785808652997,-0.27601008571793384,1,1,-0.4298767243115207,4.541039848922474,1
0.07901649280572119,0.7501860175595317,0,1,-1.2885520774971164,2.509711927268654,1
-1.1040096136041784,-0.8046201297114179,0,1,0.4517442614992432,0.26475200501178225,0
0.24414860422503812,0.9905284870132904,1,1,-0.33591517409870275,6.736226061319413,1
0.20485282513931585,-0.38466955210364506,1,0,-0.6778722135194337,2.2404070128686726,1
1.626829690561393,0.13226630349711144,0,1,0.3127015628676647,6.7859527573834875,0
0.8876124222541372,-0.6374564468809267,0,0,0.7194360720928268,3.0207773321308196,1
0.9829075132305181,0.29945709471776444,1,0,-2.1865354753016217,5.196427883480706,0
0.13356900945110317,1.2751160180895398,0,1,1.1851980025169404,14.12765464365006,0
0.4511693592907985,0.40971436148522006,1,1,-1.2811365009199536,5.612124816980213,1
0.5225297761891093,1.283726669604292,1,1,-0.12661079303021355,0.7773595629259944,1
-0.16366997039508568,-1.0311455942000631,0,0,-0.07834613499442263,10.674801460738086,1
1.0678884658211645,0.3162503996629887,0,0,0.09857765434794918,13.068263837367498,1
-0.35630743303924434,0.015674249912564525,1,0,2.051311384381432,2.7284883001508815,0
0.6342062144703179,1.5369574693036159,1,1,0.16105270581107725,3.0616155287488787,0
-0.7066716110291431,-1.3082196549634717,0,1,-0.6393788852166825,17.89004645826201,1
0.9396162792327228,-0.17900000625899098,1,1,-0.4593144146175565,0.6584261107559088,1
0.40728098101804233,-0.9060648781117167,0,0,-0.5744943299283076,21.893507380850917,1
0.020422301241921858,-1.033974544312201,1,1,0.8462347275642428,15.381076155151133,1
0.10264121247485415,0.17738714126718574,1,1,0.5464967685910939,0.7248447315456967,1
-0.28713122727229334,-1.590563405597259,0,0,-0.9010956785471183,2.943104501285269,0
-0.26670780988380094,0.4749710642922603,1,0,-1.3933384537869842,8.709121026243787,1
1.0953112103229272,0.48748190898339866,0,0,-2.2527603483808853,5.415645307706049,1
-0.24955142335703717,-0.2617387152985951,1,0,0.5979455661713585,3.6255500356977186,1
0.928271107984815,-0.8695426273448328,1,1,0.143449273844919,2.7232801464075846,0
-2.0669981524540084,-1.419932642150374,1,1,-0.221021103589913,29.11667033544482,0
-0.888758141431387,-0.048702776992665564,1,1,-0.9857477533782338,12.19146707956513,1
-0.08798901502664246,0.3602422047623822,1,1,0.3335130039479328,2.6620332306871815,1
0.8612495097509395,-0.8166323277929475,1,0,2.365707066686755,13.299856846451961,1
1.5091759811761796,1.0196572540122995,1,1,0.5477071156581649,0.5064699837627511,0
-1.3620285587709726,-0.29480933650211444,1,0,0.7205879276387707,6.708130690229537,0
0.11942453255766387,-0.06625032074553444,1,0,2.0246462787884334,8.507434487924082,0
-0.20744163889995584,-0.4182623703074121,0,1,-0.6762269537219441,1.2510583852417767,1
0.20056631595769167,-0.3583920171060803,1,1,0.06938460989929862,10.599814882772767,0
1.1860967038981247,1.599720891358347,0,1,-0.7075359234411714,5.477566337989023,0
-0.6855622283548783,-0.5193895270524866,0,0,-0.4889177781399131,6.397929146676455,1
0.6165616295490284,0.38146102584413455,1,1,-1.0212684234701273,6.0093196493487575,1
-0.31250817935089514,-0.5485190407869405,0,0,-0.4889110779901361,1.8170553608797493,1
0.1699690553098448,-0.8420127690174211,1,0,-0.06683566369167006,6.402851644039601,0
-1.0365762787360508,-0.9823209043633938,1,0,1.3766258375813163,17.39668184786374,1
0.14159210628499297,1.9322282776165804,1,0,-0.990695271151381,2.7248692233115435,1
-0.2935422803386248,0.04749266668921995,1,1,0.19065884220624266,0.6454966651896636,1
1.637918541236421,0.4532170826581785,1,1,-0.746371757853594,0.3578045909913878,1
-0.477794687753809,-0.1382599106910323,1,1,1.4204608630575384,1.4148627951120338,1
-1.7336030115278678,-0.44628455985320414,1,1,-1.059869558945714,0.9796035786469778,1
-0.3340900257323015,-0.994079806176549,0,0,0.06959547886216666,7.363452032479248,0
-0.11229884866069674,-1.3285350314659035,0,0,0.8508888247234704,9.889531647436423,1
-2.4527567846042015,-1.635454684191624,1,1,0.3158194737375932,8.17116616879662,0
-0.7714766477153812,-0.17912837032518786,0,1,-0.9134622886829534,1.6805426683276894,0
0.49258063753715314,0.5574446616042924,0,1,-1.0251417848847468,2.2828393887418015,1
1.0084363512656787,0.7694629879571828,0,0,0.9507106678978119,0.7365701526092987,1
-0.4350555335503515,0.8259047015434565,1,0,0.6772363856861525,2.4552147602662444,0
0.506871013780917,0.5384071098045573,1,1,-1.0492004871421288,6.049891467787426,1
0.13343798281397828,0.7498211887029079,0,0,0.49478049507486027,3.9631628935846193,1
-2.0219126497212483,-1.907051786561572,1,0,-0.6755993738721101,20.502984471802456,0
0.8091092519828172,0.13536147259115422,1,1,-1.8308740633890523,2.1281167554358644,0
0.4706925871659145,-0.3221731596080005,0,0,0.3308040957625954,1.7884381813928487,0
0.7961041381796904,0.1336200090485194,1,0,-1.3512263366584052,5.934412075277092,1
0.7567033734064851,1.214304923162476,0,1,-2.7524535948753144,1.3822210448173187,0
0.4016695827312718,0.3563987092615316,1,0,0.03230705017117122,0.1622633853306373,1
1.0294180904440746,0.14883378856045054,0,0,1.46616646851764,5.665584451829394,1
-1.8706726494880397,-1.6369459856820265,0,1,-0.7819251960007995,30.455860292030383,1
-0.8381609913606307,-0.7660721098222253,1,0,-0.4251170742459238,8.157015343157054,1
0.4565122891467711,-0.08036729357252287,0,0,-0.9480198048272599,12.610754664908056,0
1.0262814718449458,0.9190301580925047,0,1,1.0999619520657866,43.498573092776745,1
-1.2058426994409108,-1.1410584931344503,0,0,1.000317376893104,6.7329442492332205,1
0.24371711271242424,-1.0170003448093783,1,0,0.12670342358635295,7.932243185388646,0
0.8570694249242943,-0.3364349966843837,0,0,0.6372976736169279,9.02343832068809,0
0.9577708084889933,0.48764042577961864,1,1,1.0025092528755075,0.9276343975216151,0
-1.0483667133924421,-1.400128336690034,0,1,-0.22921238103371921,5.049744729573528,1
0.32574482840003083,-0.660923059050981,0,1,0.6916901029020264,18.71638432196816,0
-1.7404328049482696,-0.5607488736741243,0,1,-0.4165215311305939,2.3750845617285457,0
-1.813362499448212,-1.9325708195996008,0,0,-0.2846181664954951,0.26816816922898096,1
-0.28427719958224107,0.17577375453809985,0,0,-0.6260404804374272,3.712157262953749,0
0.036753068963447884,-0.7793427660182746,0,1,1.3471914929632725,0.04388802785215786,0
-1.277155794787399,-0.5278911051589671,0,0,0.8580476709279315,2.7817517053335905,0
0.5369707890441169,-0.7485997023822373,1,1,-0.8272517480183105,5.819556893113833,1
0.021936187848254102,-0.5532077467577251,1,1,1.6191866798687349,8.442091421494984,1
-0.499723579212857,-0.4430622345738038,0,0,-1.4811587982052539,3.0474048045800943,0
-0.022348007784556922,-0.927545447697868,1,0,0.2096022894550601,3.112065923034375,0
0.9116525777285999,-0.36300425523043905,0,0,0.7821754622208394,6.650952456653514,0
-0.3834737588946912,-1.1614546260451641,0,0,-1.3297634926073916,15.911364430482392,0
1.173053763509791,1.8466306696766992,0,1,-0.7087878127482171,4.838183654161791,0
-0.642889204090377,-0.1835569781193133,0,1,-1.2556038299351335,0.590837331643949,1
1.3689504701869832,-0.03122831785237412,0,0,-0.13744032840746923,0.6109643413372777,0
-0.16669250318888842,0.6297062606605414,0,1,-1.9816879965563146,2.8366918209940195,0
-1.0137283278647684,-0.745053218332695,0,1,-0.6030182203079112,13.40003451761941,0
-1.3394569265059393,-0.9882892772702517,0,0,-0.8804459495896511,11.188212781794471,0
-0.028328667956785,0.6919057781962539,1,0,0.14812136165138484,1.5921387627410393,0
-0.7654211986298269,-2.016379122052982,1,0,0.24767756203710112,10.809243570973578,1
0.44664818394764705,1.0424390873939986,0,0,1.3537949470986772,3.005792565333347,1
-1.9891933484050395,-0.3696675915324982,1,1,-0.5389640540876102,16.281373425618018,0
0.6421590308319535,0.16474680528731445,1,0,-1.4790943385161957,3.9978811168111865,1
-1.0963756169927075,0.3124921859937212,1,1,-1.0413948933215496,9.840192420368496,1
-0.6233943333026881,-1.5980894940162926,1,1,-0.0947777560320838,2.0542939232351882,1
1.3093812397338394,1.7421875580202162,1,1,1.2172772307607815,3.666275902651251,0
-0.03379005906271353,-0.9294508629454883,1,1,0.1316451199351352,0.824579173543801,0
-0.587249727239617,0.2010106217268906,0,1,1.0011434838157884,3.49340233193035,0
-0.3765599033731657,-0.46279688957662835,1,1,1.927256153798705,4.0965489111840725,0
1.894631667983375,0.6905393662425057,0,0,-0.19122383419101574,1.5191361448096183,0
-0.6276225880892166,-0.5802130476979316,1,1,-0.06419509004920945,2.1825838057945175,1
0.07295203938677997,-0.36711663807148787,1,1,-0.1705206521134556,1.2943284072067918,0
-0.6775591606844938,-0.04069851077579095,1,0,-1.3413129847703344,1.7359421594807007,1
-1.1744398631501094,-1.3430622182446186,0,0,0.08212469162649078,4.126704197066526,1
0.27223834950989345,1.2152925869312292,1,0,-1.6424363620534561,3.589649533387274,1
-0.2287448430421967,-0.48484907515201586,1,1,-0.5425954456762788,32.466944581355655,0
-0.13293008471235088,-0.4501933485481332,0,0,0.06857490820796448,1.402737246826291,1
0.45850076898453596,0.7410468671998341,0,1,-0.9849632013795159,12.408507443885211,0
-1.2365927000006613,-1.249446818624044,0,1,0.2628334462817873,0.1652689223798613,1
0.14423104944831291,1.1609947572282648,1,0,0.9983784935296924,15.410083826552038,1
-0.26691658681393293,-0.07238788242745359,1,1,-0.9222071275933853,6.595507776014608,1
1.5163860789908306,-0.02529319770516003,1,1,0.7855500778222888,14.863923486242895,1
0.6490308718501745,0.7070559887915238,0,1,1.866004467969736,2.432593897295495,0
-0.6634502339259316,0.007393537017577778,0,1,0.1734919823355906,1.7856092425063255,1
0.1865334846153843,0.20765304938939716,1,1,2.4957600591581937,0.10529030360599916,0
-1.3187712304695627,0.18541936222763733,0,1,-0.4974102225532737,5.116622266359627,1
-0.13686500464281517,0.013513134128647117,0,1,0.44033522420731647,0.4627200993886681,1
-0.27665082701098564,-1.1026714622855007,1,0,1.4812834498541758,9.159857988938791,1
-1.972636621803573,-2.002480421543059,0,0,0.4596827110887648,0.18846950648973387,0
0.33718267097528204,1.1952773767067102,1,1,0.27133779373334127,15.474032144293393,0
1.0318340240006603,0.9486008805139619,1,0,-0.07330016001761402,3.47462115654101,1
0.9924117796907498,-0.2594862940666774,1,1,0.6123456020272796,5.060265947876622,0
-0.14166080893608132,-1.18757022629512,1,1,-0.4262547842610583,15.588117343604768,1
-0.7699396128269431,0.7400119730749551,1,0,0.4665471402583085,2.8233860891001923,1
-1.839089871551027,-1.3063138070731273,0,1,0.5517159763613598,8.922576539178792,0
0.09005451717226251,-0.19692267245128198,1,1,1.6112280741966345,8.5898583984227,0
1.1089374732126969,1.4135081991293341,1,0,-0.6651674136514906,4.24773370811734,1
-0.45240417420665924,0.14868271431378544,1,1,1.327591806167574,0.7888638093775667,0
0.8146882010755756,0.4752379279841639,0,0,-0.011299889533114614,23.646473200212327,1
-0.20704429496945628,-0.35396523257109924,0,1,0.7273881014047819,1.5041442711731638,1
-1.8935832610740344,-0.6115498476190759,0,0,-0.1995796354695992,0.3544470760971308,0
-1.094979211041016,-1.124788136205479,1,1,0.9996070676279577,0.5344220126668613,1
0.16740161101363685,1.1030179271521716,1,0,0.8222071287471232,19.757371255077725,1
-1.4330675939099002,-2.3298397819553425,0,0,0.9826270645515424,0.964596502793332,0
-3.1633340639798435,-2.4869205194750643,0,0,0.3539456109852268,11.019427313429716,0
1.4908916311720357,1.6530837788542696,0,0,0.1923606042946447,0.8218381592693429,1
1.4884844285612255,1.0442086285599834,1,1,-0.9001064020151288,10.132806848694983,1
-0.3551555199679134,0.009012796661325817,0,0,1.2195548318558624,11.199571680858833,1
-1.0106707922123754,0.6502019289465517,0,1,0.5157026316494807,27.841910159677674,0
-1.0701262385705792,-0.026547910957882226,1,1,-0.23442281846137897,0.24368747059876722,0
2.3127879299019,1.2561506886377358,0,0,1.950166045803234,6.677848628061614,0
-0.8839710014926199,-1.8667633708706854,1,0,-1.1328181638120431,35.95168779704532,0
-0.5528814151683618,0.873724282936144,0,1,-1.9289038869118695,1.241603773087263,1
0.08631565163144209,0.4000465952116904,1,1,-0.9941158281049579,9.462522311406934,0
-1.0044550131606829,-1.16038976916638,0,0,0.9551809119813881,0.46797217413162195,1
0.6873620784350604,1.5124428909601249,0,1,0.9853825573442476,4.449168068822473,1
-0.4334665371984162,-0.3001430026529622,0,1,-0.19221969401173086,16.214252138431075,0
-0.05816030868137122,0.7157949850389106,0,1,-0.7256594347885743,6.673988903869043,0
1.3145663385356718,-0.004990118996494264,1,1,-0.48075720519872667,5.249066876394137,0
-0.04650164994383806,-0.20415332410378448,0,0,-0.9835377188751976,1.303355526413148,0
0.3003235758312793,-0.3858469896929928,0,1,1.064314546582767,1.4904164786761007,0
0.5825175543833098,1.795053134431684,1,1,-0.3835417168605063,0.46418098888049525,1
0.771603466528063,-0.10478986599542955,0,1,-1.6319883910694934,3.7974576777160443,0
1.0446892433467796,-0.09870298992887783,0,1,-1.0350316077440747,15.500664946481573,0
0.9325408824796566,0.4027145999839151,1,1,1.7634816357298424,19.03661503936597,1
0.5062221018226682,-0.20924917216889716,0,0,-0.05090278349712501,6.366208950283869,0
0.9189827575523521,0.3996971793849955,0,0,-0.9980881130671996,10.004662621105814,0
-2.077917304931893,-0.655945830303912,0,0,0.07127677273756376,0.450785787931333,1
1.1668600081299605,0.41836670620635386,1,1,1.4826887232488573,4.623620898928493,0
1.4536282782120487,0.07353923789828232,0,0,0.05622355169583947,2.2927871338337074,0
-0.9259503962890009,-1.3532976496580362,0,1,0.43913199077056325,3.6759820422978784,1
0.16401119661147723,-0.7135770855064144,1,1,-0.5043729097655811,24.8558518719546,0
-0.37627624102053076,-1.0389056285782114,1,0,0.6321647673981681,3.1719892435684502,1
0.13852943301096737,-0.27016154202079323,1,1,-0.5635578262720482,1.1638808180578053,1
0.41101116382431496,-0.8671350886761956,1,1,-0.8301606053356242,0.2316404926698216,1
1.7533405698040239,0.7166398263370336,1,0,1.5344444069736904,5.468786612618715,1
1.0112563713965874,2.2771888958707667,0,0,-0.11812314164259984,2.9206826584413648,1
-0.8959927714459711,-0.07757243867142377,1,1,-0.32816249581251505,3.023936851726224,1
1.4289484489470925,0.5589957995256604,1,0,0.13338138188775137,33.312628214670234,1
-2.2114690208589467,-0.931111270353584,1,1,1.9495689514327692,0.1552100603779157,1
0.43312081626869897,1.0080985459691347,1,1,0.5614989371310644,0.5408023949712515,1
-1.3963585675674768,-1.747096052736673,0,0,1.001073607533991,4.8433291260153055,1
-0.10746441748203202,0.20402768706723998,0,1,-1.1053382878071065,1.4252827236259036,1
0.11822469876554291,0.06460798522350301,0,1,1.631933047732749,1.7767793925789497,0
-1.0199883923168436,0.6350688962534508,0,1,-1.0957719730342041,1.1067904842396579,1
-0.46639060149682915,0.784251179866556,0,0,-0.43580455382327377,9.442516446553668,1
-1.4981327992484272,-0.7819907263588692,1,1,0.2556232492433921,5.387634799505274,0
1.577149871968901,0.7374429513396137,0,0,0.4343639704529678,4.363930163284143,0
0.6633973913741877,0.10942116074350422,0,0,-0.0894546606899906,29.262810535080682,1
0.5827345818713149,1.8866796241747703,1,1,1.204909121384683,4.5483423784996075,0
-0.24809856855408643,-3.482201301238941e-4,0,1,-0.2631605753735482,7.982835049080453,0
-1.9857972595471214,-0.28222996301875103,0,1,-0.5179159595551095,2.369802953520169,0
-0.6562160738485937,-1.3394486957525849,1,0,0.8888101124934661,5.565757863223553,0
0.6378936112320994,0.5672072479484602,1,0,-0.35862560436452384,3.9091406234850488,1
0.5538188725946761,0.35147779548194125,1,1,-0.43020454705225564,1.306881526640306,1
0.07725717402730829,0.04204499075721246,1,0,-1.2516570159178533,12.490508709273863,0
-0.762675200115428,0.13652822750589932,1,1,0.4763728275979602,9.616892621502382,1
-1.9073244660623014,-0.4991145188460267,1,1,0.5497728211863075,3.646308897684018,1
1.9728529430976225,-0.3864481324971122,0,1,-0.9083521112520346,0.6921786976699922,1
0.7083045350483872,0.8395540782190392,0,0,0.06470772436738896,3.2864866855864725,1
0.43972296629894053,0.23209519383836022,0,1,-1.0473118024815165,3.476238104502101,0
1.1076649552081859,0.32073867616521656,0,0,-0.6411032594623131,0.47969559945078455,0
-0.17533227504222412,0.8634780595761524,0,0,-0.4587074890798141,6.114837601215874,1
-0.685735393809067,-0.7146946859267291,0,0,-0.6982575701763699,3.0643226850467427,0
0.6513236852744131,-0.5164855713647004,0,0,1.3969944219416852,2.24563399485002,0
-2.2008824308634103,-0.8341405639238875,1,0,-1.9502101017351061,12.474308736543064,1
-1.042622175964521,0.43386250264478243,1,1,2.3867978786286512,0.3658609625708333,0
0.48365664924894763,-0.004049802900693844,1,1,-2.3620701263427817,4.917003707184146,0
0.330577090792456,-0.476052170751944,1,1,-1.5754460620719208,0.5735424750912017,0
-1.3227960081246222,0.11202255323758559,0,0,0.3003554925556838,3.343234684628745,1
-0.2801907748262112,-0.4290611474912208,1,1,0.49241246240777736,4.403964457257341,1
-0.17221882246995474,-0.19104041719982862,1,0,-1.460177678194431,8.506748576053122,0
-0.4371620014127945,-0.703318917623907,0,0,0.5647076660984539,2.2338102416445813,1
-0.10707200054915464,1.629590801657258,1,1,-0.19583936763017065,5.157043959479779,1
-0.01832143107495436,-1.712651998800176,0,0,-0.5855121912486387,12.97506138922791,0
1.1679394311401168,0.2785696192562362,0,1,0.569999607418141,11.917202049787049,0
-1.3380899714799337,-0.2477414884749759,1,1,0.21777035944073408,2.3129944573156536,0
-0.8276014167135577,1.1539301574840617,0,1,-0.2648010739865197,2.3653225119536123,1
1.4025263512154875,0.5785487651270318,1,1,-0.8676099499551468,2.778075480212768,1
-0.379639659917494,-1.25663127813065,1,1,1.7062925467057768,8.135171591264607,0
0.2681898139669797,-0.07693868056269904,1,0,-0.16598077965611774,0.26360389762003217,1
-1.335991583180765,-0.9269443047852508,0,0,-0.18375258177835796,3.1031560812455914,1
-0.5832296562086917,-0.7932876377335787,0,1,-0.36111419780472465,1.6899458210294447,0
-0.5507661871550084,-0.5448672454449748,1,1,-0.28029132043034727,0.9645140885065,1
0.7715981502029389,0.583211960381007,0,0,-1.3830718948036715,3.33558472727115,1
-0.22354045278996418,-0.843177194327973,1,0,-1.3393299583940097,3.2720370450988416,1
-1.0777458200976875,-2.7734470868348136,0,1,-0.14630828376376392,10.146372508838875,0
0.645573687638337,0.10596957448579747,0,0,-0.1909201210712417,7.1926187276331905,1
-0.7639712849642332,-0.4049032751110746,1,1,1.4917817799144164,3.592412183379992,1
-0.8007002126663905,0.12019397035582913,1,0,0.041269359722335995,4.053413961082697,1
0.03701248396370628,0.9067725983649046,1,1,-0.8833566417006206,4.529972649955502,0
-1.031943844999802,-1.4018740486790096,1,0,1.155624114387499,3.2576209128213427,0
-0.4769762047532421,0.08312811911266643,1,1,-0.5271994464325351,9.037573456724587,0
-2.6818865727748533,-2.2126127959137656,1,0,1.442017937835549,8.521208591683237,1
0.33096317717346685,-0.1437797637584796,1,1,0.4266064844002829,2.278287355632832,0
1.4614616045347641,-0.045274864392962466,0,0,-0.4763354068431577,3.427951616079857,1
0.20653442368925765,0.38172229407206243,0,0,1.1772908279282026,10.92718939727555,1
1.4313170097504881,0.49362989546098146,1,1,-0.23009951809329823,7.151578277402279,1
1.7519507817738502,-0.7324517865025463,0,1,2.7295575044960585,4.809626987359176,1
1.1800173920772403,2.2292184061226092,0,0,-0.7735802887273946,12.599790545722051,1
-0.5049022764415158,-1.2380748456650112,1,0,1.113809236053103,9.758752263004997,1
1.3718020979434817,0.3387179195394802,0,0,-2.974768197922304,14.091629658435984,0
-0.05044255347700851,-2.0226156348692115,1,1,0.8763335504414604,4.915136696460347,0
-0.10474333662056612,-0.8133960060027385,1,0,0.3456918212975476,8.935522706829113,1
0.7000310011492079,0.8705602012929956,1,1,-0.19387980653226536,6.343119424589332,0
-0.23703842194329924,0.11688773448852234,1,1,-0.3916146306388295,0.3023286466486752,1
-0.8945266034378314,-0.3012607425699799,1,1,2.6578019525754373,13.373358979650153,1
-0.9895719013348863,-1.6992121467504058,0,0,-2.0431445745852486,6.35875884098073,1
-0.3724718792535576,0.09921523748956723,0,0,1.933738164038975,4.525028949137777,1
-0.8222823186795191,-1.1922438770291026,0,1,0.08272821950813611,3.5455777620275817,1
-0.5993320826624358,-1.1983732246438041,0,0,-0.6961556704207619,2.6682873411724968,1
0.6489575149592347,0.7569036188454237,1,1,-0.8243717875339512,1.4281842875218678,0
-1.8999669864020432,0.06033770277602857,0,1,-1.8236460520154507,15.478542418227333,0
0.593747243795373,-0.23295870149496511,0,0,-0.06481229392968729,0.12162130248422424,0
1.2505956126332525,-0.4455246303041137,1,1,-1.4201549339390522,0.8708360178085666,1
-0.5989625960300721,0.16714905220135318,1,1,0.0891094012674541,6.5083655034347405,0
1.0929792746848086,0.3968887579188719,1,1,2.1398948283930523,0.7063594605456626,0
1.3263075515180967,0.08721297982435183,0,0,-0.25842007765731995,6.387538993055552,1
-0.5556897693410037,-0.14285253980806634,1,0,-1.6971623296186489,23.832026768468385,0
-1.1959020274579704,0.1332648529773286,0,1,-1.92551882444542,4.757194783693801,1
0.012586364958245224,-0.12938286484160147,1,1,0.5206192397429109,0.7521539072816571,1
0.17723985947567286,-1.426063929177963,1,1,2.289667306061638,2.378441416658461,1
-1.2288859959579044,-1.0708503813003905,1,1,1.2328430332759037,0.9187382658140484,1
-0.3427212707700459,-0.8855370559084799,0,1,-1.3040445981132534,4.028851725161076,1
0.7791045100046134,0.7105912542722044,1,0,-0.20746345274819727,0.4846976332676908,1
0.22306578621896328,1.6616172509433327,1,0,-0.03719115081628147,2.6495923831438026,0
0.2062710134127826,0.7158516295139392,1,0,-0.5661303113450689,6.272296712007369,0
-1.1191434671833873,-0.8864119719756212,0,0,-1.052293879925297,13.150946422711216,1
-1.013402897649505,0.29741939701977704,0,1,0.03132611447074809,11.905747387478952,0
0.9223213202986579,0.15480672411095797,1,1,1.3850950413651886,6.524195989334938,0
-1.7189782535560867,-0.37518141400099037,1,1,2.3869254861321347,31.007484753263977,1
0.19193164731187876,0.26626436379538104,1,0,-0.42152882468365793,1.8337835130902629,0
-1.1658273337458234,-0.5220672204664393,1,1,0.1906959854657777,13.940009746748439,0
0.13087281634396247,0.7467714885384686,1,1,-0.10495498764928815,30.4164006512493,1
-1.8703865687098389,-0.733946802001034,1,0,-2.0420929862635826,3.9129854606774948,0
-1.2535423087473894,-1.2318188142847113,0,1,-0.6353147466435212,8.077973693569602,1
-0.41794722060194833,1.0458253191833524,1,1,0.28135969152173324,3.532902345371743,1
0.5948583161594049,0.9892586658129161,1,1,-0.24419743253693696,27.220687204923554,0
-1.5563981274745013,-0.39921047859229597,1,1,-0.8367787319559523,4.272563833122453,0
1.4147537553347709,0.7289237996265722,1,0,-1.7949114456967958,4.607578658033162,1
0.9453339228085936,0.17135521154742,1,0,0.28110175575174173,6.150745204299789,1
1.5535167950673014,0.4720042636068137,1,1,-0.2429660254650975,5.1510937938777115,1
1.056569169611727,2.0375222408253935,1,1,-1.1942383369396656,8.543538883909685,0
-0.28415772048824606,1.2488404973487788,1,0,1.2769761575772713,5.138284988546124,1
-1.2096473635199725,0.5107440267514364,1,0,-0.07956994201101174,5.136161165622374,1
-0.35875716276958297,-1.0259579802115015,1,1,-0.9936031063302285,5.749046212683122,1
0.05770700497675234,0.047445745469931376,1,0,0.6536478656943071,7.128330585452334,0
0.6420780822212385,0.9091941708582463,0,0,0.2584816274712308,4.586124839261174,0
0.5905026789488902,1.3904957984220638,1,0,0.8686243553359808,10.139755035090053,1
-0.0395660766325168,0.45636913712903715,0,1,0.6345703012959577,16.089564793974365,0
-1.5630117267601336,-1.362712528981648,0,0,-0.7383675429515071,4.841576532150309,0
0.14853840499383889,1.0037901855338267,0,1,-1.263005795305646,5.958972607078753,1
-1.3399569012337826,-1.4188741702968573,1,1,-0.048658057115129986,1.286362949758768,1
0.4109499817117266,0.8528525938617562,1,1,-1.9993270833943437,0.7170347070011001,1
1.4353305356895492,1.2672523510098366,1,1,-1.0697903656467713,2.533865758838753,0
-0.8149125493668957,-0.48135173651857804,0,0,2.706472783941962,7.127976896139344,1
-0.03139397389408939,0.7893174250281689,0,1,-1.4239620053378894,5.41707620335122,1
-0.28700706508340706,-0.6064769920474139,1,0,1.9647330060248587,13.489711035584612,0
-0.14202008037317104,0.036392839309474276,0,0,0.15149257399793953,2.0412309211678803,0
-1.326418889254993,-1.2378238241382866,1,1,-0.7132000102807304,11.525532098447385,1
-0.3559031799641123,-0.8362268792807285,1,1,1.1705897154098102,5.731552047654986,0
0.28311484143446336,-0.12160045456268007,0,0,0.17533798453524418,4.444622191314864,1
1.3419024541056639,1.6529645464637128,1,1,-0.7847264447592389,1.094904790321986,0
-0.12727201074327604,0.5060743347192281,1,0,1.4858429273109404,8.633471898741623,0
-1.6734886683522185,-0.7396124197198064,0,1,1.201841752587517,0.189771200530231,0
-0.0793697017481656,-1.006444388705748,1,1,-0.3575862250489044,0.9543118828553153,1
1.791835764801484,0.20367548439634953,1,0,-0.1613689131581355,5.033985959986846,1
-1.5922919947389873,-1.1346777649787556,1,0,-0.48686185279933836,0.8511547076826295,0
0.6700000352639752,0.5683383994034847,1,0,0.2629287253528996,0.16332574662649024,1
0.5857196600513711,-0.7779798043619315,0,1,-1.5963210736186229,0.5502179378980916,0
-0.5611188325927826,-1.1116491300421647,1,1,0.5852966562581841,1.1516816137979429,1
0.5308905443049651,-0.8850713867131632,1,1,-0.5010438185952824,14.876623466531639,1
1.3005730900386758,-0.22929695915570825,1,1,2.0418611150704242,0.7123953848146292,1
0.04609334127407326,-0.5393233071760536,0,1,1.384914600128,0.8106133546339713,1
-0.5521370497644978,-0.6529794131204856,0,0,-1.3124891536899628,3.588926733937115,0
0.07390369200717045,-0.35363671483042847,1,1,0.4707999620414134,0.12470163637772204,1
-0.11206895521933105,0.24569540066842832,0,1,1.2911627986518779,5.407439781508098,1
0.5587528331537728,1.7106281430331818,0,0,0.08983577306659274,3.5951489910961265,1
-0.08626498888489263,-0.3933685666995815,1,1,-1.3201650516637604,15.760508442839189,0
0.28097129278808225,-0.11157069679070261,1,1,0.1728439706719847,1.9739572424441578,0
0.19589697856888652,0.2733156682628229,1,1,-1.64055399198514,34.21935232491594,0
-0.15335134517928886,0.016202504316795138,1,0,0.6985465847247263,20.279931224918514,1
0.8397790644465731,1.4685227063719635,1,0,0.17217083023856092,20.023298529953156,1
0.4529956310219716,-0.5491640096198191,1,0,-0.18432131572615282,5.021840151554595,1
-0.23178344624460537,-0.22956817176549899,0,1,0.3911056131461014,0.9701396416251858,0
0.144552534704554,0.3799237592163165,0,1,-0.8401559920602976,14.918376888549004,0
-1.3331348084509504,0.06968135165041434,0,1,1.18326860444864,7.175663999281827,1
-0.9665807390425747,0.14920832862838462,1,0,-0.336930785106596,0.591605882913038,1
0.43495996223431355,0.6064797193191558,0,0,-1.2438413459937188,37.11231327870476,0
0.4199868760130259,1.2728410141392648,0,0,-0.37000783068550763,7.095487230583903,1
0.1841039626982747,1.1166190659800532,0,0,-0.6387923586822762,0.08546237089668625,1
0.7852975184798634,0.4285490517526479,1,1,-0.26584242965265176,3.1212569136793418,1
0.3705775701974069,-0.7348206994590729,0,1,-1.318187094150954,5.99928067496429,1
0.8077924314530913,-0.41806832217806844,1,0,0.6167676033556841,12.968035864254041,1
-0.11855088874710752,1.2690639930869916,1,0,0.0434439687604528,10.92039310183138,1
0.11341268838433005,0.5979211561893899,0,0,1.6060603721387463,11.244833802764717,0
-0.5135393309732184,-0.5991597525727504,1,0,0.6348183006451903,0.038026917415360614,1
0.9025544037360388,1.9192540928880881,0,0,-0.3851129449833417,4.21210996961842,1
-0.42518216780559664,0.4469819779200338,0,0,-0.9831851104413035,5.852344891272241,0
-0.710506853408601,-0.1691877868400859,1,1,-0.40760959160136156,4.05906248141638,1
0.28028075858208085,-0.40724055724303654,1,1,0.20922473902630997,15.139023149399454,0
1.2864740596976225,0.3781242735593923,0,0,-0.49069304020544857,10.577299499844614,1
-0.30395033549698636,-0.6249632135664542,1,1,-0.828244672134045,16.480782410050633,1
-0.023505415181679253,-0.16366584295562644,1,0,0.6953590524578671,8.855958274836444,0
0.1495854143924958,1.38647802105184,1,1,2.823925915664866,21.02379902781825,1
-1.182403808029863,-0.015102953540707675,0,0,1.2246914794308321,1.6730462961851131,1
-1.4533120957216712,-0.5198474404006991,0,1,-0.2586193393042197,1.4910078258253634,1
0.38240505555909166,-0.7122696150837903,0,1,2.009607218494513,1.6148047996767914,0
0.1292937931833784,-0.3073268582537455,0,0,-0.32513664616247695,7.339283234244394,0
-1.4194491815386336,1.7184511486624048,0,0,-0.15963231783590937,2.044909435790032,0
0.25269178758888566,-0.3643810156527997,1,1,-0.47108487054186043,10.859438388568762,1
0.7735471661919412,0.11384039754011227,1,0,-0.42964913909415947,0.20065004549299678,1
-0.7042044894286095,-0.4510522090037547,1,1,0.04390381526818658,1.2524560598346095,0
0.364855452203618,0.03564918380693932,0,0,0.13367681552616012,5.6992767805544045,0
0.7138259624442991,-0.42355282085105317,0,0,0.9893878707205174,22.457226069835627,0
0.546657275989934,0.3302072067579522,0,1,-0.2768609009095194,3.6000124101216597,0
-0.30956585972639994,-0.7018123347900639,1,1,-0.6762916208679303,2.222339209081943,0
1.092981488435814,0.8554920976373429,1,1,0.578227497693378,22.16845100330095,0
-0.893637584557156,-1.014535329946429,1,1,0.6286788828064267,1.9430996850132944,0
0.14261150713565574,-1.622867631065212,1,1,0.053571413141772016,27.691129841993657,1
-0.5347649341334046,-0.7879083707128939,0,0,-0.9267265480855849,10.546122545336786,0
-0.28254201277811414,0.09542501843039378,1,0,0.12226841280113959,10.335501453799608,1
0.24480911935763766,1.354969269369037,0,1,-0.5355406300346076,12.73235234672348,1
-0.5086069739980723,-1.3009896239800076,1,0,-0.1603490692713949,8.950665546231074,1
-1.9433167656431123,-2.054532676302748,0,1,-0.5296750029167557,0.1330931180814238,1
-0.673838067503816,-0.43871238247271066,0,1,1.0953370051889793,3.577424585819245,1
0.8517561196151555,0.2807977870110877,0,0,-0.7772644223910016,7.846266907910607,1
-0.2339139616972414,0.4800843322390783,0,1,2.602225921587249,7.868334293636284,0
0.15215845647321863,0.2184658725945486,1,1,0.16601115851781323,12.229981301731355,0
0.2545962019925113,-0.8773143515341029,1,0,2.02143125469308,1.4369876550820968,0
1.2238060941301498,-0.650148590083428,0,0,-0.1518937791850011,1.5385283584085605,0
-0.13388448203644,-0.06109762875278818,0,0,-0.8994780371302008,0.027904433799767134,0
0.3648166896030351,-0.6585675024906495,1,1,0.6132760285768335,1.2552540322455268,0
-1.4566804614456943,-0.36264029962725275,1,1,1.9027292050783402,1.4542613931095398,0
-0.8636523819696058,-0.15448208768005545,1,0,-0.19902198191451098,7.610104690576694,1
0.812995036201629,0.1532363458616825,1,1,-0.12357028770209934,0.8208813431600448,0
-0.8882154688801907,-0.5754695606276533,0,1,0.7940489887592103,1.1181145167594113,0
-0.37574299977033393,0.02296746434385516,1,0,1.2190491716663805,0.012542264240780776,1
-0.30444066533902336,-0.5028965572293593,1,1,-1.0713845080102342,4.4984309701249,0
1.0818450864428395,-0.28822275418104204,0,1,1.2872150412575187,5.387286593516668,0
-1.7045840316808816,-1.1842010181560405,0,0,0.6513780918020183,9.423556478169424,1
-0.4640080110993971,-0.10608337349900712,0,0,-2.0233860508268244,0.6126100818316143,1
1.0223348445470115,0.12581439142342182,1,0,-0.7306152447719426,9.712959228043857,1
-0.015206225981924648,0.009643947668558656,1,1,0.300675881796932,4.312849768056021,1
-1.6883184981669568,-1.8453291053323368,0,1,-0.6394558404037339,3.695259316887894,1
0.04616108091555537,0.5815839487975275,1,1,1.0641796173511648,11.609550420992656,1
-0.11254901944775153,0.5813983734450054,1,0,-0.9560404732596797,3.126226253031443,1
0.49381274511260925,-0.8863948129989122,1,1,-0.23682931929533121,4.150712125313779,0
-0.8690929740721323,-0.4273200819533625,1,1,0.057823697866616494,6.001026881726925,0
-1.2839044927011969,-0.16144957176097108,1,1,1.2420657901393612,20.839280463325785,1
-0.5481765433774624,-1.305332852498583,0,0,-1.2855748289144844,1.0867769865189136,1
-1.5411647651382294,-0.14932294295090853,0,0,1.3580240926526563,2.951974840834737,1
-0.8858937219441363,-0.5951602196938093,0,1,-0.8608372002989884,1.2629671653423196,1
-2.4088743410253564,-1.053961102318957,1,0,0.47667239791690247,3.8791856922519705,0
-0.5357347909152133,1.027621088380323,1,1,0.28101368215515427,1.1856307495566636,1
-0.8300111705903586,0.05452944481739941,1,0,-0.0951694975640375,12.322874340951962,1
-0.8299784187848364,-0.03704517910697974,1,1,-0.3959595265588424,11.062485219871107,0
-0.07692559937186166,0.5893849515701294,1,1,-0.6362907876688265,17.131783719405735,1
-1.6454684272775317,-0.8644253128145986,0,1,0.6887074498955994,2.4381222436204553,0
0.48554523009032247,-0.5422940989045877,1,1,0.062100403242994,8.469383326672004,0
0.15019238601961638,-0.9799590913528953,1,0,-0.3173405771006136,1.1729584579976897,0
-1.7516066699433788,-1.1095694363098796,0,0,-1.4012383006689686,22.85094306078335,1
0.1927127912685722,-0.6828096831754558,0,0,0.16460703837923946,0.9452199214138092,0
1.4707042861330168,-0.507464807793359,0,1,1.2728154242637626,6.934455688141524,1
-0.21129266515073827,0.39118303645758656,1,1,-0.4636473975738656,6.874571557484518,0
0.34001576368055353,0.4950078033971715,1,1,1.3957678203066475,2.7789959489988787,0
-1.0377713171011913,0.17534870510882472,1,0,-0.24540917750665184,1.5323074107679229,1
1.309561152792013,-0.12015686247972146,0,1,-0.6449378886943548,1.9909587682786138,1
0.3146656094035965,0.7897944748639277,1,0,-0.7391739446498645,3.652370224396388,1
-0.05921836817911736,-0.6842750526577135,0,1,1.1410565801507522,39.66335421218039,0
0.9007474469726974,-0.629568736455357,0,0,0.7202940196850927,15.376390345315341,0
0.2806473274804911,1.2495068499686102,1,1,-0.6035099999001079,6.54201957366849,0
-2.0019081498810727,-0.915594520909474,1,1,-0.22852308765697163,0.4532331911226114,1
-0.4957150594304879,-0.8877937238196825,1,0,-0.22445232790874015,11.588102112755381,1
-1.8383281226179435,-2.162388416434781,1,0,0.07944365608581792,16.26897790709592,1
-0.31999282477017127,0.21926508240379064,1,0,-0.9746492669960889,5.21499861109381,0
-0.6412137165239721,-0.1999479753128887,1,0,1.7946977185689816,5.540529254358262,0
-0.4204568409805905,0.9431425463941397,0,0,-0.2841360836202952,1.5337588731199503,1
-0.5279722398181231,-0.7391839314497313,1,0,0.5059377290170968,9.326622541643781,0
0.6143266296875156,0.4517874671936343,1,0,1.0026713448727598,4.425590837910545,1
0.5826813317983659,0.38354509596069675,1,0,-0.49710325802314953,0.1322726020589471,1
-0.5449315802949964,-1.036628693524849,0,0,1.3823078793514514,0.9333181854647895,1
1.0425385010689387,0.6599857203670246,1,0,1.2126753459421578,16.36269187174261,1
-1.4089869365128806,-1.5291719467124243,0,0,1.6810348347805348,7.466186986265185,0
-1.010192484367355,-0.05734779906447196,1,1,-0.5468109708451253,31.665046288798806,0
-1.4538098468132885,-0.9824973223426727,0,0,0.6396937094615196,1.4588335684190195,1
-0.6013564001087377,-0.013359426019243448,1,0,1.0381872583333709,2.1209272439591587,1
-1.0685889048757335,-0.4270430048010732,1,1,0.6966167889355528,0.10978855813543002,1
-1.4581893588811135,-1.4094206659324118,1,1,-0.4320974022419141,4.165225561397771,1
-0.008583454757251238,0.25010696053771675,1,0,0.9620439206444144,2.3588503272976427,1
-0.7748200310795549,0.18996959757711934,1,0,-0.8805365599798137,2.9521109885536134,1
-0.36076404146862945,-1.5276631184237601,0,0,0.9531508662019608,2.7532788744871777,1
1.4072202477997018,0.6247048536069595,1,1,-1.5399345878672601,10.110094157318377,1
0.6268405017966509,0.42309039461556236,1,0,-0.9537106847049592,7.844763396268191,1
0.6089642095029448,1.0170593655851157,1,1,1.396596599089381,14.23395954312901,0
-0.19263951766785783,-0.6875254197087849,0,1,-0.6263863452922722,1.3595812295953367,1
-0.655736923999962,-1.386346833738024,1,1,0.22664719593833707,2.8812020516127284,0
0.32679492378646297,-1.6922464296742745,0,1,-0.41882218970023016,4.509805608540773,0
-0.5246916713488238,0.3583565124166505,0,0,-0.055170832217270004,10.96307099761824,0
-0.9324937695839807,0.4053627910009087,1,1,0.8551326756172909,4.524035844951868,0
-0.31764823910007,-0.3554228105400773,1,0,-0.2698784765667622,18.340838715004725,0
-1.3981677642223573,-1.4013103306883226,1,1,-1.2683960436493837,17.082641831830347,0
0.06910810676622908,-0.4307607337357906,0,1,-0.24330962249913035,15.984257635891641,1
0.404521855599341,0.14607723525083732,0,1,-0.05229864050453298,1.195447740610689,1
-1.1079605403091362,-0.4540212888420795,1,1,0.941653641910625,7.3150279831969,1
-0.7493743206624813,1.7592766923761791,1,1,0.7271046415321848,4.422957072404475,1
-0.06771040017127551,-0.4913862528490874,1,0,-0.10624344190739135,2.7858225733882254,1
0.6269484813146085,-0.16397753434933449,1,1,0.23966207372610587,1.644974774179201,0
0.031986052014296405,0.25234646968077684,0,0,-0.7114040008367712,1.3382333524835608,1
-1.089319290955061,0.09629404999129187,1,1,-0.49774309393896937,7.432512865286326,0
-0.7856080741083474,0.6216132892057813,0,0,-0.037131113433171374,7.207884383037788,1
-0.17622087814015147,0.03771365432296844,0,0,-0.3107571948389395,10.989775042630834,1
0.4545395164629239,0.17319430562491517,0,0,0.39688194625322104,0.2860470946567754,1
-1.0698798135407066,-0.9231712496129277,1,0,1.653695144025273,2.015889614343139,0
0.010270087740425862,0.13593066958146988,1,0,0.8348419739428885,0.21074612547333044,1
0.5326122079477846,-0.9748695778010841,1,0,-0.3990648215130787,4.517115749573956,1
1.734481931957018,0.3239229668047161,1,1,-0.10619537948111742,2.567914966493845,0
1.0261775592311824,2.6731901486159977,1,0,-0.44225825304187066,0.26338358875364065,0
-0.19356029653805493,-1.7827139459006949,1,0,1.4978540148479902,2.516132511664182,1
0.7055695639329275,1.0238614179728807,0,0,-1.0099402785696663,8.2850857091050365,1
0.5700446021436903,-0.3462690059144335,1,0,-0.6108441949856279,1.7695290463355682,0
-0.8300635258682838,0.455943569676483,1,1,0.002272176668224161,0.668533976810674,0
-0.3145891141932509,-0.6198487037670897,0,0,0.9994323394031651,21.59601445204795,0
0.3589866545425047,1.813661269876872,0,0,0.2895817239648823,2.728385707208266,1
1.194734046368591,1.377919304255761,1,1,-0.3797216866555891,8.145075322168509,0
-1.381133640569221,-0.7349648318308692,1,0,-2.0753963684200523,8.73280384077142,0
-1.95208999807267,-1.5311477706783831,0,0,1.577794497569773,11.011023625070953,1
0.4938511793540822,-0.6081355107545092,1,0,0.06577265552665514,8.128782268263501,0
-0.38364869436364984,-0.5735034935688881,1,1,-0.8218486307893603,9.989415209700766,0
-0.4767258189720374,-0.6611924637617247,0,1,-0.8215172327472303,30.099327782902133,1
-1.2901111392384244,-2.217942220684707,1,0,-0.506067781641404,7.225929021795692,1
-0.23573830642675922,0.6536182500726214,0,0,0.28009328880046097,1.753736753526329,0
-0.5730990297173871,-1.2130925420848537,0,0,-0.6862383583572332,16.758660226360167,1
-0.12078601595073853,-1.2306370495556824,0,0,-0.6844448254074486,6.813399266058334,1
-1.2633404969253212,0.7601169982548557,1,1,-1.7276885768523715,6.233341198203478,1
1.0754387319194185,0.2962752427026531,0,1,-0.47404389475529934,15.501053539530993,0
-1.0272020135030924,0.6110625516338575,1,0,0.324615876861369,8.143688077178568,1
-0.6614866384579702,-0.6050375190136876,0,0,0.7610789012419055,12.102914911305113,0
0.4220735174000239,-0.22927600838980886,0,0,-0.1797565767728814,12.471594019049924,0
-0.24536815399020953,0.18482366955323604,0,0,-0.5187438436214131,4.233741104447594,0
0.8889498282953074,0.04126238731324483,1,0,1.6254149471577028,0.05980887605498235,0
0.08777497433828806,-0.5760774735572072,1,1,-0.7842504104167848,3.1013203125136597,0
0.8398239737619365,-1.1229776440116404,1,1,1.0170586723828308,4.787716754556945,0
1.295997075443499,0.48616147414472977,0,0,-0.7526019996772209,6.388949066081642,1
-1.0044867416711722,-0.7106360864858012,0,0,1.2036569325349795,1.054842855470876,0
-0.7202912084521468,-1.601047546358537,0,0,0.36857614180465387,29.157405176773814,1
0.6711788182210379,0.1468601171685709,1,1,0.3193597107939235,0.31451311068627713,1
0.2817674163422861,-0.03915617380548539,1,1,0.4494940811926517,7.185826870444084,1
0.42439015085861276,0.16131322456000868,1,1,-0.39690064246637435,11.918072851916357,0
-0.20262250077686864,-0.40903899260787135,0,0,-1.0386841671237648,2.948175727700194,1
0.31360688793502306,0.867833629101194,1,1,0.9244986920312271,20.69343839046141,1
0.8620930456403995,1.5497949445333332,1,0,0.4121128986717818,2.2723154979757965,1
0.3914183767678978,0.3005136226799816,0,0,0.6516856587731108,2.146935694787377,1
-0.7904067119233898,-1.9198245563837364,1,1,-0.5623660876413985,7.505933057098683,0
-0.5769751139201376,-0.6339151193267,0,0,0.06599790324511888,0.4657961053084782,1
-2.823088668979405,-1.6684225608648808,0,0,2.3159575140586073,23.402336548855313,1
1.517850292974222,-0.2440522188545382,1,1,-1.4197747671061418,1.011014283479502,1
0.3166490929896756,1.4910667320201423,0,0,-0.47745627319690853,0.09000746455664436,1
-2.4260329722290495,-1.6005575673283297,1,1,0.2481655167582448,12.390405039305762,0
1.2141186299551059,0.8783975066556075,0,0,-1.1517586578204702,4.772851577339074,1
0.2779750409966876,-0.272370246933138,0,1,-0.6144156844690333,2.4404366112624607,1
-1.166797114314531,-0.5852410554198718,0,0,-2.05225037182335,14.436753947351528,0
-0.6229618412859104,1.3656496780578018,0,1,-1.188799063612377,12.750020534149618,0
-1.6356371494296424,-2.3617402773599574,0,1,1.2982234478821066,22.826809512642825,0
-0.451133870339582,-0.6158145127259427,1,1,-0.06885409609170975,0.65497800139144,0
-0.6139302524347509,-0.08713298522319157,1,0,1.6161397625072986,11.613901579977766,1
0.16721712671282662,-0.4374943490213309,0,0,0.07022209364133118,10.38538947045565,0
-0.423672065657242,-0.6352056322963093,0,1,0.6856742660714943,14.913792333175941,1
1.2179277062911869,0.12865585099954424,0,0,-0.3392553079190426,7.496362417064643,0
0.27105060436817663,-0.49186553136562816,0,1,0.48098374620991546,4.198986086218308,0
-1.200795016208934,-1.1148974657678368,1,1,0.05792484611605111,8.877059987706545,1
0.15006923071298112,-0.13845131094729024,0,1,-1.2662159145026655,2.131394895240331,1
-0.032062444434608234,0.8989332608926442,0,0,1.121643909677554,11.562987562991106,1
0.5257301721642871,0.7403234592796466,1,0,0.6214418484858489,7.242060739507379,1
-0.1418105425874958,-0.22337166313633716,0,1,0.1844675182338556,8.07098825427155,1
-0.2717052660351385,0.5564115981184806,1,1,-2.10011305059137,4.192066739778966,0
-0.2958353990780856,-1.7573358852136418,1,0,0.5495225129436085,4.039838983832548,1
0.7412228323031298,1.049940949176717,1,1,0.7243840122953198,1.2432706276566734,0
-0.8610590090926472,-0.44466719394242327,1,1,-0.6062010185137408,7.094827061168951,1
-1.1509167316082114,-1.434950120937915,1,0,0.15465216108563742,6.989322400612237,0
-1.2427859059008328,-1.3888047633949958,0,0,1.7923649577324567,24.374911001414464,0
-1.5122857368804907,-1.0958049263066938,0,1,-0.9655848605844997,6.9324740282794854,1
1.1801616126116579,0.6974193741780046,1,1,-1.1935365638202227,1.3176557297507923,1
1.341885399189385,-0.5118133281952044,1,1,-0.31283601117358606,0.8883993917455276,0
0.28695094705266994,-0.045968768073309935,0,1,-0.5540476485144111,4.763753688894212,1
-0.3048360745248818,0.3874113338984479,1,1,-0.2206511158445194,0.18113129772245884,0
1.3257605196263056,3.0467098084701507,1,1,2.6956023090940464,0.40629025917626116,1
-0.13529038577526223,-0.5562421698444268,0,0,0.9080043865158062,0.02285434554020564,0
0.013875303047017888,-0.3732344959365805,0,0,0.7563377688705385,3.3749699881643314,0
-0.8376354298704461,-1.2199240839028591,1,0,-0.656415800799578,0.0863815851820012,0
-1.6393085512703598,-0.3147503851862091,1,1,1.0266926375492438,21.67622063514372,1
0.9425010558132871,-0.12215689423953413,1,1,-0.5530205177241483,2.4512916648139558,1
0.47092983390507326,-0.18400508563431456,0,0,-0.8280989545070879,7.055947385999165,1
-1.079218551018246,-0.9729838498663314,0,1,-0.318838703635087,26.093995073030797,1
-0.1605228214946425,0.4733785389966228,1,0,-0.39120800255238486,4.502898897044361,1
0.8805892275277081,0.45134124704319256,0,0,0.14831257907646195,10.229326582474116,0
0.8535847129760654,0.5556620763079809,1,1,-0.07382071025248545,1.2381809763610363,0
0.5684140661087841,0.6009293650645324,1,0,1.934442938044843,26.103521882087396,1
0.30461092239152643,0.5609373262745814,1,0,-0.4451779997218296,0.9768870193511249,0
1.1483383016543725,1.2832492741859793,1,0,0.22215785323329731,2.4795972703335187,0
-0.5821182780078504,-1.274617960124433,1,1,1.3640652686096029,14.139198619793062,1
-0.5291833327710308,-0.15366156752188626,0,1,-0.9684684309970459,3.1677511675904197,0
1.749367724913796,0.8495655927696929,1,1,0.24802892255729045,23.268133648041115,0
0.8132930144704332,-0.8013870871614597,1,1,-2.090072442150062,1.4203774277120829,1
0.712922043068793,1.3973069361418018,0,0,-0.9265330458311574,0.818349020798705,0
0.09423899213125957,-0.18260889715929188,1,1,1.3954174195801567,1.671356746616463,0
-0.013008059064977612,0.7179222289947745,0,0,-1.4873278693869665,8.031511461633048,1
0.5148314105589468,0.5116400950141442,0,0,-1.0769151659027996,5.3104342698740465,1
1.1393260801593958,1.3935215446923053,1,1,-0.04694483278340944,11.461429608014825,0
0.9247770662248933,-0.814227123626839,1,1,1.5535559818655642,3.842636411233495,0
-1.9866224244688133,-1.657356262215576,0,0,1.0786767501786576,6.818248573569044,1
-1.752549121384931,-0.9788042603611711,1,1,-0.3067175368748646,2.3150674289132436,1
0.6951537206427189,-0.6210802954893004,1,1,-0.3721469460076904,5.5454682320763276,0
-1.0273805980867567,0.104202302778036,0,0,-1.7285106006458146,11.486059877050522,1
1.9155593779102913,0.67713205702593,1,1,-1.2575555545491746,7.5605066334432385,1
0.32221762032522744,-0.45573207016660144,0,1,-0.8229249745262235,1.3241159535634022,0
-0.2056344617158461,-1.8110736777581105,1,0,-0.5288311462888345,21.312266944167817,0
1.6638653899719402,0.6766343661737579,0,1,-0.9021687265074867,0.9867043712334262,1
-1.102012125133334,-0.6165221146076961,0,0,-1.4159358088700156,3.8803473852264387,1
0.18607070213318008,0.5965053122662665,1,1,-1.0375087443633848,17.49539871396337,0
-1.4247020161630874,-1.4391186907864428,0,0,-0.1415421627921775,1.5915694103265803,1
-0.5635286340268647,-0.5090878490860336,1,0,-0.5890343891781928,2.834073962344732,1
1.435214573633125,-0.20167525699659317,1,1,0.2945413443467103,2.3552882213455937,1
-1.9490418934402527,-0.7797251267850402,1,0,-2.496247742023589,8.186326414626462,1
-0.22808670005845472,-0.2527860248165811,0,0,-0.6206105289822388,12.732975525702242,1
1.0318933472497955,1.3684050560332073,0,0,1.1092619129151486,2.644694817719896,1
-0.8084557536083679,0.11485607395631259,1,1,0.8828336804153349,6.7303960101870794,0
1.1542599106499432,1.785297667965844,1,1,-0.9317974079564568,6.922091589890522,1
1.067988239163391,1.7444975066341977,0,0,0.10236408253099351,21.955072428601788,0
1.0367936188717104,-0.24226644562364763,0,0,1.253119043854781,15.16589275491258,1
1.9957898979650217,-0.052251585350918894,1,1,-0.8274020572188617,7.175196124822003,0
0.4629512414432469,-1.3499004931878105,0,0,1.2513082121426635,1.9480772976142666,1
0.8337764279845714,1.6391611484853037,0,0,1.400706385511128,9.384515136130256,0
1.1941155695640555,2.455173845162289,1,0,0.40743629677395343,8.335773413650793,0
0.007731069338622917,-1.012242456423807,1,1,-1.4535977697963378,11.120085504700706,0
-0.36165008131776416,-0.0012648250535879646,0,1,-1.5657903684922077,2.8306568778740866,0
-1.0694231508686585,0.6750764803088805,1,0,2.018191953370641,7.243889973663673,1
-0.43890520280442946,0.5284776034669691,1,0,0.13826965894449078,4.830557084642351,1
-0.05089198054216523,-0.4112902535843842,0,0,1.85232587637308,8.610322263983491,1
-1.055701725775786,-0.4230905383211362,1,0,-0.5946108092834765,1.7535027802770726,0
-0.7872276910336764,0.12814422930915126,0,0,-1.1415646320307646,5.820933263398808,1
-0.2815283932839257,-0.45991178418666756,0,0,0.09298202788349617,13.837899096230869,0
-0.35374793788775305,-0.41089785789241945,0,0,-1.250255394647376,14.401985688676639,1
0.7111979783390213,0.8616727409584657,0,0,-0.6770327325812819,5.2262980878974,1
-0.8401140874150995,1.121364924193473,0,0,-0.850718951655757,14.984177548979922,0
-0.345696723271032,-0.43237088901664045,0,0,1.183207790388254,0.40289199290176236,1
0.41208227488714183,1.1146613290906122,0,0,0.006156386882303905,2.7873556983346743,1
0.8702870057830999,0.3846864128661623,1,1,0.27833776910075575,5.947156195799611,0
0.3884450784331931,-0.5864646112875647,1,0,0.45771970149871705,7.812073407344622,1
-0.32270870109513927,-0.924207859259714,1,1,-1.6356266597758857,3.23721836709107,0
0.05806856708679096,1.0411711196937223,0,0,0.6723351327777949,2.2747682911964757,0
1.5470631626212554,0.5831130454207345,1,1,0.22061146762734452,2.522794840236505,0
0.33349598839482286,0.9851362030129458,1,0,2.034119565682549,13.415786731908922,1
0.8855400482565798,1.9156931832944109,0,0,0.5132993585550357,1.7611651603753369,1
-0.6468175942544457,-0.37783487460143916,1,1,1.5034630335923402,18.595319038448537,0
-1.8248958697584499,-0.05626326641204793,1,1,0.4931600243541619,22.924647525765305,0
-0.46521287629251235,-0.2456263241527125,0,1,-0.7595490077453293,17.90056288685451,0
-0.27487756193488894,0.38748301523002415,0,0,-2.146010862209174,1.8850655928337803,1
-1.1102782645975,0.5889723119032615,0,0,-0.9333095282677042,45.06680258925578,1
-2.1342731069598755,-1.854058343082765,0,0,0.7789962749434817,8.628226987046602,1
-0.02165720530850304,-0.9562987035199803,0,0,1.3402252041893559,6.192608110116873,1
1.2817214513354085,0.6694166078838627,1,0,2.330488830539005,1.643763358394305,1
-1.336985247690378,-1.011206164702518,0,0,-1.9598486322913629,5.030283999318878,0
-0.3555611510449642,0.7081607931610516,1,0,0.34402411928533166,11.174574571622017,0
0.7457649599829765,1.2691087261644107,0,0,0.21861627438766687,0.03674067556858063,1
2.9045071856438285,1.3474894471008925,0,1,-1.564188163222005,8.369534656365815,1
-1.4082080342257481,-1.3116366253247627,1,0,-0.07070474591853396,0.6013666624398722,0
-0.7647216740254704,0.6311465427282956,1,0,1.4552276525942744,8.669847046945378,0
-1.0488358366921793,-0.46639126146298077,1,1,-0.5337292624375753,15.580444463776317,1
2.5066677856642468,0.112376464645912,1,0,-0.76154171535788,17.681786096110386,1
-0.6094026946302308,0.16012741602398206,0,1,-0.09232897920091783,12.816403960729842,0
0.045188525602845746,-0.944365730001612,1,1,-0.06831642645730245,14.18879049834997,0
-0.6170128209743456,-0.3570110382726694,1,0,0.7236472188035531,3.834735769002388,1
-0.5545692248750668,-0.1016563960042246,1,1,-2.0350175172622684,6.235751040767475,1
0.32441430210680927,-1.5009588647354215,0,0,1.1200639538533035,11.80838122254878,1
-0.4257871783631864,-0.8985268624786382,1,1,0.21070199998662,3.050870425067842,0
0.8557053357232763,1.9706563216880237,0,0,0.06975786102925113,0.6851647102672324,0
0.688157749049697,0.6299179123620879,1,1,0.04691925391589899,0.17613457734476273,1
0.8174653963243824,1.424474992297987,1,1,-1.4279887216072802,1.3833177081930141,1
-1.4058288492676998,-0.3626520407502514,0,0,-2.1762162183942295,0.12755627299677263,1
0.7561752554611613,1.0141772807357625,0,0,-0.9243209093183233,3.067212346165131,1
-0.8153213379339044,-0.7934095136966484,0,1,0.662614408781833,9.280576819250438,0
0.4687671909108567,0.5759011626614712,1,0,0.39230901857214584,3.234143866785593,1
-0.6809301687452858,0.9896820706721339,0,0,-0.49395659478883897,2.3550695817296705,1
-0.07973872318681084,-0.5098413330254836,0,0,0.41705401175675394,3.849985539757957,1
-0.3832430743018977,0.14366493629820556,1,0,-0.37301476367751824,9.78886197130889,0
1.3070470410962443,0.9292911705063671,0,0,1.1579906330447796,3.671224502846942,0
-0.9404327396117242,-1.3377578729642625,1,0,-1.5240672560350708,1.667454776664575,0
1.0439990389834723,-0.31820056199792224,1,1,0.7227048810508271,26.59168218432904,1
1.1025268392692413,-0.8824245425163226,1,1,1.0578605381992128,1.4489617086457534,0
0.6011851162324828,1.0930764396668797,1,0,-2.6584419147579488,1.043824766141673,1
-1.0246544584627124,-0.5477987781006562,0,0,0.4083922100559743,7.572260133882465,1
-1.3510514106440055,-0.5173617607501366,1,0,-0.3015474734277385,7.5835820904847004,1
2.502347468666874,2.476300590378606,0,1,0.059747765144125345,8.34694077719626,1
0.03367395237728548,-0.03587725534255311,0,0,0.49601325047841976,14.435943913877214,0
-1.2144193968889598,0.27212858121942163,0,0,-0.5238939229322555,1.0205605114129375,0
-0.46160573110567715,-1.2004894901035144,1,1,1.0356640766875351,6.718163199683132,1
-1.3019198999123678,0.08030606887682734,0,0,0.6170864740241303,16.345223721658392,1
-1.6977902014630422,-1.4526417805352874,1,0,-0.3159191473624497,1.127747420820173,1
0.3417012763296978,0.21142398134777665,1,1,0.3344081071284539,3.3404890962520244,1
0.825827814777745,-0.9416570441569065,1,0,-0.7566018478523173,0.8979268890959197,0
-0.10600986304723223,-0.23081989482679777,1,1,0.05344774081923067,3.9504223115121326,0
0.27703736223762776,1.274977195637458,1,0,-0.7192160513608297,3.358976678767552,1
1.0747935465301368,-1.0507488905170945,0,0,0.5295721755293595,17.17772752287011,1
0.9959845897777508,-0.49477967485044105,0,1,0.2282340160383046,6.213598605015421,0
-2.597029818259955,-0.4656221967471641,1,0,-0.6368145685804092,8.677913465497497,1
1.9449348356177167,2.160250477792369,0,0,0.33238963417925876,6.906999228172106,1
-0.7263112846758617,0.2588632522712041,0,0,-1.0917188801277709,2.7207818813622,1
0.08563851436496751,-0.16930740244351522,1,0,-0.8644327536984853,3.534550514693062,1
-2.3691195320457807,-1.7906035369463522,0,1,0.5795020733973403,2.503257462133964,1
0.912768375515769,1.5460686397953358,1,0,0.3596248611448857,12.350470929016872,0
-0.63773830218605565,-1.1297023438759268,0,0,-1.0323624114409005,2.10759798452879,0
-1.105583212745639,-1.0317474008673475,1,0,-0.7521864512687632,3.196773050935662,0
-0.4705684243671763,0.3244418979293054,1,0,-0.16565905448488494,17.406974467950864,1
0.4001297181425628,0.47990791977348596,1,1,0.8273278998159699,3.636688952489446,0
-0.295632276021494,1.735455545182568,1,1,1.1831853462194597,0.43336848805968964,1
-0.41281924414322135,-1.224578421434759,1,1,0.13553269624188286,6.162489267336927,0
-0.8930978429324814,-0.13833766398234743,1,1,0.16180021377982676,12.71339685896556,0
-0.5340188606318108,-1.0174037449888753,1,1,-1.0166772356735703,15.173183023850326,0
-0.8622919591267973,-0.8109787841084388,0,0,0.3678770911067304,4.600100118356447,0
0.5783872234611764,1.4203431466855567,1,0,-0.4881098323358887,1.5908750123344364,1
-1.29570734953739,-1.7240849975114747,0,1,-0.6974830325292211,6.503168306894701,0
-0.5386699593078985,0.5962265154586954,1,0,0.21277804694117772,4.356725783417376,1
1.6016055080096816,0.42329637631879213,0,0,0.0017617329574115834,18.61983023789307,0
-0.800736954349223,0.909108506632166,1,0,0.3231984137475419,1.572074613068253,1
-1.5924308794679944,-0.9818575691878202,1,1,0.08727548523581423,1.3107007812472746,0
-0.8776607209782983,-0.5256054555073852,0,1,0.8947485529041477,7.144378140773205,0
0.6859374064630455,0.04330776481292331,1,1,-0.05376744717057149,19.592903729956035,0
0.5370647562879113,1.505277594563557,1,1,0.6081203974351141,18.97927949410459,0
1.358939820998115,0.7369290436050527,0,1,-0.8613406349552296,10.173901177903119,0
-0.030345738267950534,0.1917154538908687,0,0,0.7998862237099141,3.239284653682262,1
-1.0442128666186234,0.1786960073181788,0,1,1.606720355570829,2.5514741045940537,1
-1.077278718940013,-1.165143306203365,0,0,0.6799847409998417,1.0270709438623056,1
-2.260172035771404,-1.4539142493461639,1,0,1.6108556052945133,5.21227017355462,1
-0.26223118587956173,-1.1170950969173332,0,0,-0.03272820252386609,13.834885243247156,1
1.0946842227542737,-1.59458136710519,1,1,0.2082349453532011,7.856562430620295,1
0.61134744350316,0.35441273339781854,0,1,-1.948048624489503,0.5861954460276139,1
0.6816150301692079,0.7325340575240037,0,0,-0.6977036358338571,10.195592511095208,0
0.03905900017273445,-0.050991844073393744,1,1,1.005995171009492,6.719646294151156,1
-0.9703593227619689,-1.337219242359407,1,1,-1.2517027189761054,2.9557623528004,0
-1.2869882231477336,-1.0329649992720744,1,0,0.655618568208297,2.378553089996179,1
-1.052684740815404,0.17938928875165672,1,1,0.10201019772522327,2.9495336891462407,1
0.13278064853338148,-0.248201633978471,1,1,-1.6311269401832196,2.385863499372189,0
0.13740531011593451,-0.8115464779985924,0,0,0.17503384899690727,0.5652731944185992,1
0.3104203575294861,0.3473116484265716,1,0,-0.17366001479162227,2.9873735426614685,0
0.4064459769066662,0.9070314537017842,0,1,-0.9148282878817988,5.883879408200683,0
-0.2509676489725264,0.20240034720813435,1,0,-1.5158540502212554,13.94524874069807,0
-0.24939197254788179,0.8222987604551765,1,1,-1.637232305859851,10.838962687450254,1
-0.3641352612310987,-1.0726649989792267,1,1,0.3338931454898004,5.775269311076651,0
0.025778033493741567,0.11024183161225148,0,1,-0.5726678416666072,15.717114942069058,0
0.6697474321137885,0.4000821864599491,0,1,-0.7179103967454465,8.045123850887121,1
-0.38070131627734516,-1.639280931005839,1,1,0.3423413282726363,0.07322591680576769,0
0.025817216867867625,-0.7836054870525793,0,1,0.3604275287260356,3.8136276843336723,0
-0.8953485057075042,-1.567094992652957,1,0,-1.627057576350202,8.948156322623396,0
2.6480975488899516,2.4756578689885416,0,1,1.342190605806146,1.936594885773957,1
-0.335481678300946,0.1040187351261983,1,1,-0.48123284459241866,7.514413309409609,1
-0.6333146725959922,-0.45969797601582485,1,1,0.7325179821682186,7.95276568546653,1
-1.0565038724044507,-1.229308750340107,0,1,0.24233476273220386,15.571094691674118,0
-0.11642682911578163,-0.4061595685050718,1,0,1.7271973587863199,5.015030627449354,1
0.2725574042190501,0.7178532331649274,0,1,-1.4107835000603648,1.1297628632746637,1
2.0494832104310294,1.5030150759883791,0,0,0.3743815418871307,5.153614604690423,1
-0.6201807565866854,-1.569161281817218,1,1,0.5123003539480935,2.2494380556357405,1
0.18423693339543548,0.7433421030789858,1,1,1.7320893893795002,0.30989107908681035,1
-0.21524067643208603,-0.6815142212160443,0,0,2.0684393941753476,3.810836141929031,0
0.9271067585488015,0.15142730951724975,1,0,-0.5143848574181323,9.148460238201025,0
-0.22392397001693973,1.090555344105317,0,0,-0.6486405398884746,8.626597552831077,1
0.052788485706528776,-0.3398420487629913,0,0,-1.379111486037422,12.318427642728095,0
-1.8576368343957588,-1.6872360706440532,0,0,0.24916084296919547,14.545531554689212,1
1.5417285865788133,2.445112273810362,0,0,1.3279163298926535,0.8193876870292892,1
0.8434335786515809,0.2799595494965106,1,1,-0.759676723564188,1.035829020353655,0
-1.1837705273879728,-0.17583632801925697,1,1,1.89035074904784,34.48626316598357,1
0.5719880051558527,0.03075357564310993,0,0,1.4581520360128701,7.4019456666808345,1
0.02496320794098449,-0.951051111079773,0,1,0.8742325248753743,3.5195402839841945,1
2.4508945771336874,0.850294537349385,0,1,-0.9138223342106524,8.747302267039919,1
-1.0496068814200394,-2.224301638225249,0,0,-0.8854281182828642,6.503483528542123,0
0.8358957255156855,-0.0955262755540442,1,0,-1.325760789827743,2.638653902492176,0
0.2965923707113629,-0.4689538445662157,0,1,-0.06404006341245262,1.1299114596719544,0
-0.5249807017796557,-0.774678797411167,1,0,-0.6840062423279872,0.5783956235864318,1
-0.09336217233563988,0.27700951184522205,1,1,0.26808308096146144,0.14249121692652505,0
-0.1987337410075287,0.7492419908972088,0,1,-0.47488950538744973,3.916554327588529,0
-0.394543443659165,0.3771899305159161,1,0,0.9608258664635521,10.519663282940888,0
0.29232915804135057,-0.6098102524352184,0,1,-0.5704057671120991,6.8919036141491885,1
0.6772624062997307,0.0217368388721898,0,0,0.22430395963209776,9.966234963347617,1
-0.2776353384719811,0.26902932865142387,1,0,0.5011485750961197,4.175074188970029,1
-1.4908107999127937,-0.0870129102936461,0,1,-0.5160592666273346,0.8191743943219384,1
-0.32993783520608894,-0.4512409486921367,0,0,-0.11496549718684108,10.742595030886534,1
0.31029693976235395,0.5009948136894415,0,1,0.269954248617393,5.324733179683487,1
-0.6749293459225445,-0.7677638689000558,1,0,1.2886374659716437,2.0818393831038398,0
-0.4325954786701375,0.033344559294092774,1,1,0.5736620225912389,6.404407492799165,1
-0.014766172152597965,0.9934477699697398,1,1,-1.0072563440402935,11.54510299640159,0
0.7549999921964725,0.06103926953882444,1,0,0.29956775428375376,6.158981798258645,0
1.5268071010588409,-0.885217145212177,1,0,1.04424921795408,11.712392497742227,1
-0.27565270116403096,-0.14215297081495815,1,1,-1.254957543875172,4.824322687151532,0
1.6869902131653034,-0.991987875755761,0,0,-0.5776089159990087,13.45750830687106,1
-1.3492781280520236,-0.3861217105299353,1,0,-0.7069448543411362,7.466184921833477,1
2.3005924308059096,1.0097492449024017,0,1,2.272911810180025,2.7163601543502027,0
0.5821387774267287,1.176246090193714,0,0,-1.0325778431358565,6.246913495744369,1
-0.21706022982688075,-0.7491242227928827,0,0,-0.3805794571473269,22.43658901708107,0
-1.568582343394503,-1.5327866131748662,1,1,-0.19198947876425698,1.2079355981566406,0
-1.0760100604709606,0.037782223889967215,1,1,-2.383991932951913,4.8046294949017465,0
1.814363099356243,-0.3627317714976812,0,0,1.027460939324782,5.205805184474836,0
0.5224015908767528,0.4935106072016764,0,1,-0.7098250224203027,0.6811365950852633,1
-0.16035435551905203,-0.04269430287754844,0,0,-1.4518497946166298,0.1811854657717049,0
-0.13737092701714526,0.6815155131154144,1,0,-0.3171536367181831,3.627560986205936,1
1.1725826013176945,-0.28543814177035265,1,1,-1.758534986441639,7.905371316048107,1
0.09209784167882129,0.23236995767743646,0,0,-0.16427603075304345,4.276721994392574,0
-0.2514701192163413,0.6838044455863946,0,0,-1.1266322441313326,3.263666267351558,1
-1.111187051223111,-0.9118495387699583,0,1,1.4124857445601395,3.193762968294323,0
-0.49920326135900456,-0.36574415692373974,0,0,1.0819772358538242,0.15898843724172645,1
0.5192589804293343,0.9360380584248815,1,1,0.48258374196803494,8.697057095937533,1
-1.0733830957350061,0.4855891152978612,0,0,0.26918926286503275,4.254797536866846,1
-0.4100229836340944,-0.2914122651684764,0,0,-0.9493352428680734,6.136771198012036,0
0.4371059393775953,0.5765688245505538,0,1,-0.5770868894136617,7.582159169289074,1
-0.6153062420195864,0.46991133223415843,1,0,-0.6087394376446673,4.278331878595054,1
-0.3298389450739628,-0.19855338882316365,1,1,0.3193538977436962,12.09663345098019,1
-0.8387154254118899,-1.0236828757977676,1,1,-0.6296988419902123,1.6059079905971887,1
1.1162511800419783,0.5896517180505688,0,1,-1.4936331965886864,6.072609190689052,1
-0.1271488301396825,-0.9712658275586822,1,1,-1.5905689242850674,16.493100113466586,1
0.40685498896869626,0.31032336029480123,1,1,0.25362524246486257,5.095291855589798,1
-0.13791457363149973,0.9567207138497859,1,0,-2.5812193429656927,7.718194198134146,1
-0.47865456365634457,0.36351057018269073,0,0,1.2082173581855815,9.398782610829027,0
-1.9002194471073963,-0.7638928614734457,0,0,-1.2270564224705791,4.703588845829169,1
-0.6095576006062325,-0.21160885824149295,1,0,-2.4837572273232666,2.6741276495158672,0
-0.43355133876852897,-0.985910658923801,1,0,1.3252339074251551,1.1953284575914345,1
0.4069558364457211,-0.3258566299314334,0,0,0.32606857132845063,16.58541215513667,0
-0.19931578598201785,-0.1714411605825676,0,0,0.3133865326173258,25.030294677177498,0
-0.4482647302048176,-0.6417475324669566,0,1,-1.070561220920146,14.767594572698279,1
0.30688687145412297,0.08283050800193598,1,1,0.44023269176192037,20.950640665646098,0
-0.7675029734967551,-0.5638217044743735,0,0,-0.2006333909353875,9.659578487858278,1
-0.5457497663243066,-1.5763738935845053,0,1,2.5898585538859744,1.243137941545773,1
-1.9692755752412834,0.5174260124051865,0,1,-1.090872060963842,21.799566145556973,0
1.0720731818517355,0.726983826165794,1,1,0.0027456251597910977,1.249425493337033,1
0.3534208057975624,0.9683563985479959,1,0,-0.37849026195348773,17.3394622115471,1
2.255202675393435,0.3343219181745982,1,1,1.099066841992534,3.2771072544467947,1
1.9518083168272449,1.1594882423157076,1,0,-1.1771052248975584,3.086299280890136,1
-1.2895540186142842,-1.7036234420235206,1,0,-0.5970915019623704,4.395011820209524,1
0.4944787200314167,1.3972957060440485,1,1,-0.0687991425889088,6.028631049789589,1
0.4228344627624459,0.8173687023088121,1,0,0.48390204719005203,3.8852381713998816,0
1.251375843359002,0.4277181076733051,0,1,1.4541012921750422,0.9230293682776393,1
0.16376433177749417,-0.12288853862085852,0,1,0.32052031436471484,3.382184049890687,1
0.4359922688563878,-0.2887198832305259,1,1,-0.27599239916303825,0.515042160016795,1
0.28490962044448553,-0.019609307258366404,1,1,-0.6247815150945099,0.3857609272624056,0
0.16829903816687627,-0.27167539953126885,1,0,0.5138618810563642,18.48934301286543,0
-1.4013968789461346,-1.0253853487790312,1,1,-0.9387374976860087,4.09385496362423,0
-1.019552197218385,-1.1551366177632936,0,1,0.33120204234363404,17.394363344341983,1
-2.524185208356642,-1.7806386835498158,1,0,-0.8947234177186012,0.3896719232822458,1
-0.4405221805616122,-0.07795088789954902,1,0,-0.5326764219585554,2.6728161688273153,0
0.05089985560933027,-0.02977433781470024,1,1,-0.809313490248304,3.328554111067206,1
0.7736421873842225,0.5287434406402443,0,1,0.39393490708229556,14.250176587097622,0
0.02599810111548165,-1.947608574911225,1,1,0.28043286604049855,2.2465373117787144,1
-1.4285455119640111,-1.812192698298292,1,0,0.22192203734162622,2.9036549269221723,0
0.555263516914979,0.28551493644991666,1,1,-1.5314870191835144,5.360083770938218,0
0.8357111119764171,-0.7553954284967809,0,1,0.11876908215506113,0.7173003590044876,0
0.9948388868711939,-0.4647298813598151,0,0,-0.760770988041589,1.8557474521609645,1
-1.0931849810023717,-0.9664899969423646,0,0,-0.8404526800552026,16.02498334094332,0
0.27593141455541986,-0.8039368150130289,0,0,0.5639066329107832,3.2898355857469146,1
0.8880761182262695,0.8606737074960475,1,1,-1.1078808113429357,3.457502857781947,1
-0.29193620646038837,-0.215223803806599,1,0,1.1135673844095257,6.307036894954842,1
1.101645316305515,1.172817561657514,1,0,-0.36885965039762086,3.1083551486966483,1
0.8887966461052327,0.9177649611666745,1,1,0.5804652661161507,10.253621166125734,1
-1.1695228686132737,-1.0443566176421344,1,0,1.2255325954149272,20.689643158448135,0
-1.10005480404529,-0.3020911560149997,0,0,3.3092470564523384,3.939025328322972,1
-2.721816164599475,-0.5654118866371991,1,1,0.8833948369180823,15.574867375771571,1
-0.22975998983949603,-0.47931282580363266,0,1,-0.10069655928230226,5.275126360356808,1
-1.7095831043864687,-0.4346622215986099,1,1,-0.5135834850748622,0.2836517329948644,0
-0.3879119035991734,-0.6592343076460044,1,0,-1.249106089113803,13.572111352578009,0
-0.544096379502901,-0.08347756568480513,0,1,-0.8433421755576885,18.2285838284272,1
-1.3089959364906336,-0.29203048600913134,0,0,-1.3340249970624736,0.19469591012845439,1
-0.7537462634853677,-0.9954969345524411,1,1,0.14014241672141184,1.60472052479476,1
-0.5887457239433654,-0.6179146549471947,0,0,0.37056466605789534,2.2878199078453085,1
1.2892775004123287,0.4016671154499757,1,1,-0.8295775059266032,5.357016126314799,0
1.812482421197228,1.5442046380852905,0,0,1.1904048680893575,14.889809116021002,0
0.004584533855266708,-0.3701060926924103,1,1,-0.7862952951074529,6.390557461068135,1
0.03609544642102031,-0.41325370682801565,1,0,-0.07649100880212505,5.011484771966934,1
-1.0827090987790051,-0.34955069529995697,0,0,-0.21541013656426178,3.389055061302756,1
-1.9548572686089132,-2.6312402913913893,0,0,-0.040507495391821885,1.5461434260942042,0
-1.0634887158656832,0.6081669552715112,1,0,1.0137023775786864,1.5425044189517698,0
-1.1231545987591258,-1.0034916630650783,0,0,0.20456402486646544,4.889869592928639,1
0.42168378957194524,0.54993042957344,1,0,0.6159285425346327,1.5506365820164603,1
-1.2779336537054669,0.10328775859929018,1,0,-1.635454673865342,12.38514990475794,1
0.9622133676303181,-0.10227493185750919,1,1,0.16785374670091815,4.357659001834691,1
-0.16901942197192904,-0.0011315840769484248,1,0,-1.332163664772537,10.059232241124016,0
1.277293685001148,0.5667342397234528,1,1,0.8137650269275855,12.501909660717054,1
-0.6610139843111009,0.9913961476328751,0,1,1.6864278652916445,33.424539784702674,1
0.04500385416943048,0.5604098047030182,0,0,0.7990513932319124,8.01516229562223,1
0.4843564209041322,1.233910923396346,0,0,1.3016082249894545,2.5597424944862723,1
0.8198135856635291,0.8219669059411222,1,0,0.4197904412110061,5.4437582109433915,1
-0.9488627677085825,-0.25530143993124266,0,1,-0.45376343501326105,4.296217691929391,0
-2.341102598665643,-1.175453323681545,1,1,-1.064319457165989,5.0340196428199615,1
0.2479731421366642,-0.2758793584607975,1,1,-3.593389952767125,5.6916642080371584,0
-0.011505442572664493,0.36344930925117563,0,0,0.0027546761330855727,0.8062010882211209,0
0.5258874601917217,0.13765496234736455,1,0,-0.9443726084423885,4.819014687867215,0
1.639598958969252,0.15841201982338005,1,0,-1.3501695564519138,1.7975572263821962,0
-0.3166079094562758,-0.15220304012093475,1,0,1.2637624290651643,2.4785839874918265,1
-1.1711442462587174,-0.658421080356824,1,1,0.6814457323078325,1.2720911103921633,1
-0.9036149132912362,-1.1660930588365344,0,0,0.25249258881965686,3.033703996334225,0
-0.6620111243034769,0.6553987083992974,1,0,0.6366527478324874,1.7928485144382513,1
-0.3847488522141422,-0.05826172051363851,0,0,1.3015266758251067,6.559611364807375,1
0.24591825565802136,0.7113149714495078,1,0,0.9803642535536369,10.58684298733632,1
-1.3278261965869866,0.14945265009157538,1,1,-0.8888565693910978,4.4772944413125515,0
1.341119323824362,-0.050181535355728,1,0,-0.03697352099302797,7.8790960752319315,1
-0.038465841820878026,-0.1381381659243716,0,1,2.5048476003441076,10.899372965057793,0
-1.8807193088240797,-1.1397109777282428,1,0,0.7958197851169062,20.302300386943227,1
-0.7380257170070853,-2.1780360721096272,1,1,-0.2368052551061114,4.304489846496533,0
0.45391150219337784,1.1643380986387646,1,1,-1.6999443205051097,6.127420467460385,0
0.8487774798239648,1.4851596935871454,1,1,0.6457299423065513,5.63633314644297,1
-0.26130497766002214,-0.7771297907100556,1,1,0.36342579747376774,3.313359901464234,1
1.7349773627146552,0.7725712511418803,0,0,0.752903655546377,3.5465571369665367,1
-0.7024526591343442,-0.020763598525929905,1,0,-1.5636468757303665,9.807477130514982,0
-0.8441544254207032,-0.6774857613278688,1,0,0.0906505330727409,2.456981875002384,0
1.489442996115043,2.098387086101255,1,1,-0.7623264190893712,10.075147426337105,0
-0.9925237738161593,-0.9308682297736983,1,0,-0.9772306776603822,16.48243238768995,0
-0.4444563740923497,-0.5795835116561068,1,0,-1.7318961570975258,1.4639446046203375,1
-2.16129719018161,-0.7601420651523694,1,0,-0.9141330544551766,2.616006275638938,1
0.5104798185875439,0.2993118650854339,1,0,-0.32964482215409985,7.842390588134629,0
-1.0649198469102559,0.07420436092990168,0,0,0.31604344681063357,2.083661501240994,1
1.7447235298012798,1.0396841529131748,1,0,-1.3800752356629387,11.721972564057953,1
-0.5144216958727329,-0.8959754112811602,1,1,0.07126083829749752,3.423472334786008,1
0.5127446931490476,0.4049364732012297,1,0,-0.9590678313867195,32.97753785561821,0
-2.718775542665663,-0.9069143383651026,0,0,0.11958409035365469,14.349832490529648,1
-2.7340473039004305,-1.574626139104035,0,1,-1.0865737108506837,3.417789951587717,1
0.7133196368046242,0.4412866024483148,1,1,0.3635295139431814,7.6787574058002255,1
0.0042712973022029106,0.18757076642110382,0,0,1.5972136640475079,6.054815170908266,1
-0.8386141919306872,-1.489049398087829,1,0,1.3777164692370494,7.505704016878564,0
-1.0114061092261288,0.38248670048216493,0,0,-0.25689729719199556,0.35515627823770046,1
-0.3023391002365004,-0.7059238463081048,1,1,0.16484028782699434,2.6958021374108894,1
0.636135909677599,1.5284069155393636,0,0,0.17107564968429853,9.665940437736714,1
0.25644984517339386,0.5410340105366299,0,0,-0.14182436662706122,32.64414300035736,1
0.007274999812655477,-0.22636678097017476,1,0,0.4475261019601027,18.161431520683553,0
-0.49014199522639906,-1.397290192820652,1,0,0.5394037813374236,5.915142230649891,0
2.593141987851916,0.6474110519909477,1,0,1.128387598748646,7.67959869276494,1
-0.6129198228421254,-0.2060536431792918,1,0,-0.39997535755390784,2.6450923294760287,1
-0.1551434607799114,-0.533709566507559,0,1,0.7361713088453672,9.192463531560712,1
-0.20228267609145484,-0.4751024664939498,0,0,-0.09118381606319266,17.32110941402138,0
0.7115954060735742,0.33483276845677257,1,0,0.44367909347109663,8.075613941379803,1
-1.3198897008469916,-0.5909231336670957,0,1,0.006384511575973671,25.049794525991288,0
-0.03547239557732243,0.44764411859585146,0,1,1.0520383155474295,10.149555427913967,0
-1.5669463325943986,-2.4172820531853167,1,1,-0.06986944928032779,11.108156238953375,0
0.8337354891090666,0.8045717735570379,0,1,1.5770883399169118,5.1411762212713565,0
1.3323706513233766,0.7491466978986906,0,1,0.7202975849613708,7.171893259160322,1
1.4228968414293321,0.15286329035927926,0,1,-0.5062179691540242,2.672798970403771,1
0.02721153846961848,0.7744485439310891,1,1,0.809519169322014,4.902089468669146,1
0.7800695217891754,-0.05396355899540212,0,0,-0.26193078824713345,12.29474381222483,1
0.21614186390553222,-0.39573618825261053,0,1,-1.515464952508373,1.7948583499347546,1
1.6426485844059788,1.5931213823246257,1,0,0.39010686301665465,2.2573419846594334,0
0.6337251892288938,0.09040612094158362,0,0,1.9264780059729136,31.03455084512139,0
-0.2726236069549188,0.843606562168102,0,1,-1.3849673705189771,5.97447759191587,1
1.5330316109326996,1.1211645072832428,1,1,0.1883848198327351,14.378464376474623,1
1.243530712454304,0.9029443613318061,1,1,-0.29587102635564216,10.525148423659408,0
-1.8700563578585163,-1.7924187383485355,0,0,0.5637131939695242,1.5137067336278658,0
-0.30970357391628145,1.2815430955029359,0,0,0.0252714398510112,5.961750074870985,1
-0.8611182042388089,0.7230163983326723,0,0,1.270928118985635,3.625072779444357,1
-0.0682082277927362,0.11493438115443902,0,0,-0.1915801376192216,3.2094260871720812,0
-0.7568696374910191,-1.0059184961473369,0,0,1.9316280371243653,3.294219311017847,0
-0.3650305481151811,0.15550219738932425,0,1,0.1280621093501727,2.188699599355459,1
-0.5217237283403209,-0.2206545172831283,0,1,1.5760371121729218,5.08333668888857,1
0.6239105799636796,-0.9694345048115756,1,1,0.9370617224113359,8.279531894267832,0
-0.8894180283399268,0.08876028955225396,1,1,0.7817575542214293,15.134726339871888,1
-0.8121447868699984,-0.9365625160186026,1,1,-0.1441336855525562,2.765718405134976,1
-0.12740097373757125,-0.6805882296101913,1,1,-0.031052191524763535,6.128612517544083,1
-1.3524400722514676,0.43659714996926047,0,1,-1.046350622004638,3.6721337429618903,1
-0.2277336965396656,-0.6793027017809397,0,0,0.13909703525954698,1.7748755983826632,1
1.9994446976285545,2.3163196561605393,1,1,-0.5297425524543673,1.0898228468967022,1
-0.29728695589832793,0.05974467766155009,1,1,0.7102360542451555,6.219764485283743,0
-1.366010677316575,-0.20148653581544668,1,1,-0.8384895144195837,0.33917273832462214,1
0.5061905103299162,1.0129338630133777,1,1,-0.44966553877049464,4.744393549238643,0
-0.19293127232883334,-0.24397136066656083,1,1,-0.3723461696329867,2.6138963190891795,1
-0.6278629779713675,-1.329658675277329,1,1,-1.157439637890998,2.431727643124759,0
0.9600310857411372,1.9656766505346819,0,0,-0.027547979150551957,8.580998827663663,1
0.8407170460398423,1.2747545101315998,1,1,-0.24565538832293707,0.4776132525876165,0
-0.21929356371336348,-1.094379855457732,0,0,0.7497820482073357,7.6609082671727755,0
0.9408967041337356,0.42276249894023926,0,1,-0.38219794082400727,3.9922587263087435,0
-1.9133631559191204,-2.02335526994189,0,1,-0.22763100766100414,1.1519492759058874,0
-0.3812712458497276,-0.3190023071893314,1,1,0.6178436756091971,27.548244159510144,0
0.8568691728097494,-0.09820843725758227,0,0,0.6791829185126875,12.46699139716248,1
0.15208888383394506,-0.7236190693131759,0,1,0.15590709276165488,3.1316000347336135,1
0.9556424399382136,0.598491723079404,1,1,0.8709719175135077,8.784917446745041,0
-2.9032895813927855,-1.08889685661471,1,0,-1.7145273683895093,11.368214793857414,0
-0.6744013063572123,-0.451750509598075,1,1,-1.0134825570642068,9.431822651957575,1
1.1766089347345716,1.2891191493936458,1,1,0.5898552327723339,2.313549847652515,0
-0.23833735758436117,-0.9564432018148995,1,1,1.776316204706744,0.40151920769049604,0
-0.2448465346117041,-0.7489753225227567,0,0,0.22952684458462178,14.475815074780892,0
-1.402474593126244,-0.22861140011201575,0,1,1.0035534860373605,2.775849439598884,0
-1.2877150155094221,-1.3421199742404535,0,1,-0.40289870936803585,4.089528839786964,0
0.42673651406404384,0.523179676799259,1,1,-0.04022812153728601,6.794640351668102,0
-0.3709090137153329,0.47206544822734436,0,1,0.8505637917750721,4.839706579999378,0
-2.3140208467453505,-1.9137234842400432,1,1,-0.517499815125173,9.016158299480978,1
2.499310500482083,0.7110326348107782,1,0,1.681942654028121,1.66058138711378,1
-0.1216778294447798,-0.8018204281221951,1,0,-0.26265637565556704,5.351960107994577,1
0.7405045276134996,0.6031422332898103,0,0,0.4333505084638519,19.020803690769082,0
-2.3336235223896806,-1.108469706015699,0,1,-0.9441258275453274,8.732534442688985,1
-1.6845924057781039,-0.9151419943191811,1,0,1.107719462175679,6.743622198350828,1
1.0056314692653616,0.5008021260295207,1,0,-0.32199624909958946,0.7974984313405041,1
-1.0472474900128235,0.048338178474893856,1,0,1.1519593918966855,1.6591021761505313,1
-0.07996039931081002,-1.0616539344872225,1,0,0.35291913683157083,7.943472064060571,1
0.4138937597771492,1.542353277311902,1,1,-0.3358901361348733,18.41861687226366,0
-2.2665879576695107,-1.0165204881531602,1,0,-0.7452330903931498,7.413429950430499,0
-0.9633577496637808,0.08354292317179679,0,0,-0.2172297259621356,3.7838880127916736,1
-3.0651161193577345,-1.8323359936061525,0,1,2.1478284620856685,3.2259521113398177,0
1.5596309307842648,1.7770444445118287,1,1,-0.17465402584044387,11.440021133010688,1
-0.7067587621288718,-0.07768522504660536,0,0,-0.47194240367695894,6.4621181301376245,1
1.7318975662808802,0.5584231292881451,1,1,-0.8734748022774739,12.37307679769417,1
-0.2191466983747763,-0.1011748689933113,0,1,1.3430867515523535,7.895762395384512,0
-1.0783837555549383,0.014075981242626878,0,0,-0.9534490048202922,7.053304145072999,0
-0.09642214148684647,-1.4926481237007354,1,1,-0.8851423400691127,0.6916464106461233,0
0.42734934574309386,0.024457173123626302,1,1,1.1242289725643029,9.559975168317658,0
1.7410749428189567,0.522046014364401,0,0,-1.572028222259583e-4,3.240798312860231,1
2.0012836215405456,0.1336932788146974,0,0,2.571696040754132,4.483871742166906,0
0.45264426387120327,0.29600114955823237,1,1,0.5584135359595958,0.023225574598958097,1
-1.5744175708945094,0.18141466460819466,1,1,-1.9218740579343807,1.7189280814630685,0
0.23437701073758552,-0.6190083600456011,1,0,-1.1635998481651932,11.837882571215456,0
1.3506550238650963,-0.4376461439331829,1,0,-0.8948241361048339,0.4720337494897346,0
0.18538488612473783,0.008273588912243182,0,0,0.17186903591759606,6.6827373768629785,1
0.24299150525791996,0.20959688585390593,0,0,-0.058072223388299336,8.259132732115965,1
-0.30076869281248797,-0.46720278086293976,1,1,-0.51340922129584865,0.14288713906987496,1
-2.3418807960867993,-0.3052308849619385,0,1,1.1291948214665866,15.205101250886289,1
-0.3300140891088737,-1.2143934251701431,1,0,0.5552129294189481,11.60463645421943,1
0.7574755618339343,0.5154877044633631,1,0,-0.45737220297823583,13.286373531972377,0
0.12553671478565898,-1.285106734246831,1,1,0.12706102914232323,6.704884197730449,1
-0.13887827159689703,-0.7307109651476499,0,1,1.7716370025720887,7.529690822546782,1
-1.3965970408706994,-0.7537746993256031,0,0,-0.933057457766609,8.237238647066158,0
0.2992052396345132,1.3956624567280305,0,1,-0.6703927195578051,5.273559289407379,1
-0.045861092386965174,-0.030168647683885344,1,1,0.1574149434986936,2.189822991510615,0
0.7986874404643367,-1.0492993242827373,0,0,0.11378023586178787,4.302743740845472,1
-0.68681134812696365,-0.44939528946291407,0,1,1.8337004604008165,2.7752452685187263,1
