x1,x2,x3,x4,x5,y,event
-0.21806286774461167,-0.47766521843655557,1,1,1.3877160422781607,29.637795340053913,0
1.3528463950228713,1.3679477943003464,1,1,-1.4318098726467205,68.40410416597153,0
0.6884041374278606,2.3484065513072405,1,1,-0.3437092729047347,27.24527808638179,1
-1.94808339060056,-0.9739576862281372,0,1,-0.05588274498599465,7.510720136522311,1
0.16888403255554915,0.42530980595025525,0,0,0.9166243489257582,100,0
-1.091609316834227,-0.06443975479782282,1,1,-1.0911331277730882,20.867182717508033,1
0.5729232160262671,-0.10453301260201858,1,0,0.1237847614293454,59.557168454366746,1
-0.6607318595604468,0.2624806020493955,0,0,-0.1518845265394623,36.956386077694006,1
-1.1314382616537182,-1.6260074680832557,1,0,1.171660837866185,30.475892810485412,1
-0.05595720011593702,1.372508367995924,1,1,-0.6274532976848086,1.0543541115431023,1
-1.8428077214510183,-0.7960769586567619,1,1,1.939968079757679,10.01264799405602,0
0.9518137739632394,0.675018487207478,1,1,-2.0693371071797895,14.918879063460468,1
-0.32587749872888455,-1.051672267628604,0,1,-0.7159399067864826,24.95595018120304,1
-2.2079197788046425,-0.2614406256954528,1,1,-1.1517690883015843,15.31967660656759,0
1.058739353215337,1.651776496362935,0,1,0.9015852072516373,4.701616911305998,0
0.14791421249769407,1.0124216671810382,1,0,0.2786577485149502,30.692954397057978,1
0.08755536848209462,0.0936669502528786,1,1,1.0362422534030966,6.3301213851810605,0
1.071679178574783,-0.8203709824950132,0,1,0.9042839599240929,41.07897216976136,0
0.015394462646807371,-1.7412010481412548,0,1,-0.9167357516075298,29.50763838611851,1
-0.8946213721659715,-0.5478322798412463,0,0,-0.2862331896259685,4.1654120340758105,0
0.09161627262581998,0.8542883471575692,0,0,-0.34171835371838943,57.39153203296815,0
-0.1901143127870734,0.7385628587193315,0,1,-0.7005460250132303,86.16575619150194,1
0.6950364974674242,0.22807164384050027,1,1,-0.9204257995322879,18.906427053312015,0
1.3516586491459417,1.8219014694125626,1,1,0.5584127587522146,58.967268415335084,1
0.14846848622737668,0.29680975869484183,1,0,1.363865100421817,14.684022919928877,0
0.9968786116850992,0.9478727528275459,1,0,1.7617568762273106,27.11883377808875,0
1.2014456404429796,-0.2798408125945573,1,0,-0.948400445316138,13.241401583945933,1
-1.8718013193383098,-0.6181174225505468,1,0,-0.5145032434757243,18.280113292523236,0
0.6656843784426875,-0.6255295019199327,0,0,-0.3656400088476151,14.137596060756396,1
1.296349456288942,0.36565023142575,1,1,0.3684667809745916,21.423988817020405,1
-1.0958353458020396,0.2681871353303993,1,1,-0.04332119544317967,29.14012765840907,0
0.8041343752434507,1.1147642405654667,0,1,0.7325717024155373,20.09956799121644,0
0.12817749316603336,-1.0501490364572645,1,1,-2.823845033546272,37.93396866972036,1
-1.164505645854363,-1.8376753845823588,0,0,-0.2280624579836035,46.92586366574583,1
-1.27084843378162,-0.9101461977984617,1,1,-1.7092943617035932,100,0
1.1296250457018162,0.38461549249089216,1,0,-1.7190339130922947,60.41961676856801,0
-1.3946706276448773,-0.9299559473976285,0,1,0.6133093644035973,65.7548744822146,1
-0.7910165733197267,-1.2612808219836198,0,0,-0.6048553050574137,53.771215540081414,1
0.20808655003426185,0.3059237864131584,1,1,-0.02579204214069077,58.41494953610631,0
-0.36685608929149344,1.1222878517704844,1,0,0.1205920654327749,67.87122130086667,0
2.0066609566877798,1.152605150156135,0,1,-0.759195940068772,19.163362715847683,1
0.8194294253091654,0.1091735574635368,0,0,1.112463701432626,17.58235061769265,1
-0.39039039255956964,-1.0547067197477848,1,1,-0.31317626839893137,21.013858416502018,0
0.3880793956168789,-0.5169338501500745,0,0,0.05947495044076402,32.20588212626816,1
0.8992405298877029,0.8624154949402234,1,0,0.7251518852115352,34.41638557921805,1
1.8063747695646863,0.33428592145510483,1,0,0.6149809814959492,9.158240225932522,1
1.491195595443676,0.847982830999358,0,1,0.7074903352740383,16.85405917037082,0
1.09015574548734,2.0014141071061617,1,0,1.2417461386096003,55.12661277594525,1
1.4819144302469298,0.16743466207146007,1,1,0.6750828795225663,1.493346892972851,0
-0.7591048960595869,-1.236677490688904,0,0,1.6496592471120268,24.76262095501709,1
-0.3316240917459899,-1.030121531099149,1,0,-0.765893670075695,64.3820012922016,1
-1.0204884731288637,-1.5320249510988577,1,1,0.11265105295659063,0.16987581844330857,0
-0.14970279939139322,-0.6271888351928662,1,1,-1.525090903585857,19.80489444922895,0
-1.5226759422210618,0.4347457799569808,0,1,-1.0857773296569697,7.916373890907815,0
1.4925381861671896,0.9552533871897877,0,1,0.21644889489340255,16.348166967365184,1
0.07310692568431065,1.429005298821384,1,0,-2.59104868704512,5.472615974691631,1
-1.7428825249491298,-2.9243178034618333,1,1,-0.8643128192808575,15.645102856437742,0
-0.20412058721478604,0.7890186568832834,0,0,1.9074920747808446,100,0
-1.4994172952787252,-0.605089223458072,0,1,-0.6032961770016286,2.1349514639138554,1
-0.5300890121602306,0.1803543578729796,0,0,-0.6144360558585882,100,0
-0.34128913458546734,0.19401571062490788,0,0,1.7335944427350005,27.3779619339285,0
0.6175307394375632,0.9305359099973971,0,1,0.7884321391289536,5.31766184878831,0
0.7348865925045732,1.1104370833803545,1,0,0.36889114682058566,16.881242344791925,1
-0.3198912790701005,0.12727884189829025,1,0,-0.6481245466406128,76.40094587490297,1
-1.0678145625173454,-0.76547807694466,1,0,0.05757491602034914,45.424248167687075,1
0.1664319167581866,0.011204452276722468,0,1,0.006275283005189516,81.40198110269809,0
-1.966306736878088,0.1261893814291749,0,1,0.34135502876244656,3.9977324770047145,0
-0.05283520643129983,-0.7450305017435469,0,0,-0.7103384573821616,31.783214375882018,0
-0.9246333850637004,0.05137592542070152,0,0,-0.14065990019173574,18.8780263087559,0
0.4040987323901776,0.13684416503378363,0,0,-0.1822464720714359,67.27785546179364,1
-0.9833742779866155,-0.3104902190640507,1,1,-0.9317646636672942,17.323951349551926,1
-0.3090538311502072,-1.140366087418659,1,1,0.5563155830527311,50.742129372052545,0
-2.4978633690625847,-1.173589493665724,0,0,-0.23538204278001842,66.66128843339139,1
0.738879977305108,0.6565771102706963,0,0,-1.0996263652158111,76.03669220745574,1
-2.625265938365314,-1.3251152015403669,1,1,-0.5317553836110986,19.26137620584663,1
2.392577159042491,0.7380055773932257,1,1,-1.2984713089128603,44.08202670607684,1
-1.6789499731725301,0.03215265740108575,0,1,0.7552577493908562,3.3257406331008283,0
-0.870740793773006,-0.5131967223769176,0,0,0.9102954705811444,48.54772756208905,1
-0.0906815952656676,0.657460529621379,1,0,2.53103435658849,0.4202341298445704,0
-0.2809651990434519,-0.7449462465807963,1,0,-0.18088684418288156,17.704175756234196,1
-1.0760804779147812,-0.44558197349030343,1,0,0.5513737135816547,28.364349547643975,1
1.4546723150807919,1.2959827891248932,0,0,-0.11885921609939372,25.16407854779834,1
-1.9354579927214783,-1.2127422718418805,1,1,-0.8452538797975803,26.906936609741773,1
-1.4483196073073077,-2.0927676549463676,0,0,0.4337999624100371,33.4554049406488,1
-0.14899782084354912,-1.3201945550778986,1,1,-0.6489205278470255,34.793940293754375,1
1.1320783448853848,0.765564951238404,0,1,-0.15064539254464746,18.537785872283987,1
-0.49110547412446726,-0.007731360955687883,1,1,0.24015035761501355,48.23481984856685,0
-0.8514176927263328,-0.9581130274387055,1,1,0.35269204680691324,7.749459776225825,0
1.0896675393773394,1.104904796837384,0,0,-0.8220973214579336,12.096586115186385,0
0.7057106499065858,1.3032573936917577,1,1,0.7118798740511595,10.802423535147076,0
0.08018668207741493,-0.3569669091054339,1,0,1.4988053613941517,40.553731712258816,1
0.8897244766207361,0.2819001375254926,1,0,1.6576344228536648,21.83942048900604,1
-0.07982620736695308,0.26680545109286474,0,0,1.4428359201099459,36.857863577584986,1
0.8203880737176675,2.3639176963314825,1,1,0.7365816545326386,29.953682554211245,1
0.8768902156533788,0.8050699380051538,0,0,-0.47883970721634156,19.681633483501326,0
0.9123448728333662,0.8166290891692332,0,0,0.3453877976982943,25.278713349368857,0
-0.8446488112051551,0.03808313266208707,1,1,-0.1275628040909354,10.795123186449509,1
-0.8099948336397149,-0.7945138167367176,1,1,0.23311625852450885,9.22633322282842,0
-0.6896523769123738,-8.756904466489801e-4,1,0,0.813860830953933,46.47627061909396,1
0.5026247518529011,0.8047335502990116,1,1,-0.6328998341701358,6.8582910192974715,0
0.13962737564027478,0.10967477199920496,1,1,1.0370299345528071,100,0
-0.019694876957057725,1.0727336176589326,1,1,0.40149857402525724,6.745284536452543,1
0.35638333302538483,-1.1507126495450892,1,1,-1.473686053021231,10.421363796750292,0
-2.1384763847300734,-0.9859076746514868,0,1,-0.028942373816406002,41.52734403907077,0
0.07169000428022278,-0.1807757078482885,1,0,0.7355635008380434,100,0
1.514745495209956,0.8231029781056074,1,0,-0.2968147078129804,25.850666051437383,1
-0.363934559321621,0.3407624812226897,1,1,-2.175800841991216,35.96331245933109,1
-0.4516299234962513,0.2817182605308246,0,1,-0.4961302023290847,9.499379938294489,0
-0.34784540737080955,-0.5111199164224304,0,1,-0.538451497176456,45.41048456683366,0
1.1233595606403803,0.9215468813171089,0,1,1.6765427064728744,7.532523587930388,1
-1.147591974987716,-0.3163488998620203,1,1,-2.087516755561381,86.57826600940611,1
-0.13188318231055965,-1.5222054067573931,1,1,-0.6017011940348597,100,0
-0.43641734027310086,-0.9925981029648347,1,1,0.7221797348765895,12.845251146748751,1
0.992573315590738,1.252447016592579,0,1,-0.4109472303054557,44.649055281930714,1
-0.16711845175709197,-0.08573395938340037,1,0,-0.9481988790967079,0.9756332666834213,0
1.4298569395149197,1.4450955233600575,0,1,0.3281441574806126,8.35558319142277,0
0.6170805772367081,0.7087028643580955,1,0,-0.431751932846719,34.976125585359796,0
-0.9681664853438458,-1.6859729123049547,1,0,1.0680496583025738,11.960312946266502,0
-0.743625661382031,-0.7778339217745296,0,1,-1.315515808717202,77.04046435625597,0
0.4866678191280923,-0.3427391435072034,0,0,-1.828028549677315,32.24249092120531,1
1.2799428523348026,0.4978054659567975,0,1,-1.0190173357965095,2.844140323681076,0
0.4765314045785373,0.9535526964721736,1,0,-0.8272829511848964,66.1975198297155,0
0.1967321710181028,0.6056339383478677,1,0,0.7717332628056471,12.438234559189022,1
-0.4143700011721197,-0.6298707413500348,1,1,0.18766346717542334,5.1879026274720035,0
-1.2131966623229549,0.5515050706362675,1,0,0.4352746300727802,17.649508465993904,0
1.2853938175353252,1.26138359668396,0,1,1.362295764497792,10.267507588057816,1
2.38124532073386,2.4673108082628286,1,1,0.1561242324420394,15.361873380704182,0
-1.253372564237267,-1.810276357565633,1,0,2.0696319500126905,29.853328848663594,1
0.3124466554544971,-0.04775876642378635,1,0,0.2672339451916852,23.946560927572452,1
-1.5504668026718182,-1.9422318525828404,1,0,0.3472138018473811,11.542134926546924,0
2.21205248159594,0.8066347108470713,1,0,-0.382264786863623,56.99153465213671,1
-0.8111518584624422,-1.5226303101586334,1,1,1.2087897785897848,94.45516514086181,1
0.3058845410720822,2.1513949256274576,1,0,-1.0950654855701754,12.52342406821554,1
0.925204212245608,0.22209104360147686,0,0,-0.3972952305314584,49.29382195125684,1
-0.4025123762821249,-0.8233632555156927,1,0,-1.8600020546177833,10.191611659118378,0
0.8203542956506503,-0.18783146764225073,0,1,-0.2632872161832557,5.978948653578206,0
0.6478756802755398,1.990687742941427,0,0,-0.2519604676207151,46.03817311734108,1
-0.6083926098236838,-0.4537060344764622,1,0,0.9252505144280506,61.503655412123706,1
0.7257998490809878,-0.7589482400174298,1,1,0.7039439271844934,7.93513306079107,1
0.9727207142141392,0.919156653233373,0,0,0.6613024029828627,11.146448849324239,0
-1.5393607715124134,-1.6333072542429177,1,1,0.9281869855414597,3.412039773353886,0
0.3320600725892838,0.3472124512339535,1,0,-0.6679386063627187,10.73028970756245,1
-0.6660930265055659,-0.025961977631392963,0,0,0.5293049905223868,38.84412072784583,1
-0.9440208047043245,0.07924591374907292,0,0,-0.45104712363227917,5.281177845316056,1
0.33874316234339463,0.5945172740064826,1,1,0.017948414497602413,44.31093910552848,1
-0.33637243245603066,0.38388002636575136,0,0,0.21055932923396206,40.34112605860628,0
0.7906346938714907,1.1421234978685373,0,0,0.5903970485185155,39.036280207866646,0
1.063804192804103,0.8882854175891775,1,1,0.10113598633370717,57.323115264607935,0
-0.49907265380039506,0.9440623361771217,1,1,0.10533388155101087,2.030219537157348,0
0.5139526845908698,0.45388052001973517,0,1,0.34370063755657543,33.15017255495741,0
-0.9360600006781664,-0.24538087216238302,1,0,0.43311191012656003,63.14853938379942,1
-1.4062228110967516,-0.6405657097428086,1,0,1.3821481523395394,5.812630671426352,1
1.157020559044705,1.5664207590929153,0,1,0.08657898533211462,44.11125513494672,0
-1.8871329495026743,-1.5174338753227805,1,0,1.1105771400566506,100,0
-1.278490929358267,0.5489757731046081,0,0,1.3919720390100085,39.104442635482656,0
-0.8443749254284496,-1.1213465492163759,0,1,-1.036975576616871,38.04882679247227,0
0.14652868256587007,1.3318812967382487,1,1,-1.2004554533198906,34.59516170369664,1
0.5973059349434777,0.476371675280411,0,1,-0.49372599437689785,11.376482129039088,0
0.1490877128764607,0.5431638147575923,1,0,0.7585959109714631,6.275971834376894,0
0.3535895136167177,-0.6912815404600962,0,1,0.1347161981879261,57.775154425364136,1
0.3785475260103318,-0.77819120145239,0,0,-1.263168000722825,4.219719890330034,0
1.7928216408772553,0.5770552057461953,0,1,1.726730923764675,32.36387720183574,1
0.13251648633097415,-0.2586245893214559,0,1,0.20373744744330274,42.55033385924291,0
0.059330547458801695,-0.7378946435931634,1,1,2.5611864187333246,22.043500915424836,1
-0.83698568558673625,-0.5229061390697984,0,0,1.7974782750395681,10.732237231009924,1
0.2614941885942054,0.16197385162525496,1,0,1.1022872164568707,64.20321899387632,1
0.6075964135315864,1.0407185219481239,1,0,-0.5029623499423876,48.62070710020547,1
1.6889625036535079,1.9985052872545512,0,0,0.09540717487752881,37.46319789127761,1
0.15010891412332453,0.8784075164470229,1,0,0.016102953638975216,81.96384562312238,0
-0.33607341023305326,0.4086410508599579,0,0,1.4031063764044611,22.345373441072752,1
-0.0985925480772703,1.4174416275697934,1,0,2.2141470276805446,10.464114053628359,1
0.4440502003089045,0.08376399464748335,0,0,-0.025778461843747137,13.35594570106868,1
-0.45520244033510393,-0.7259404474894116,1,0,-0.37524301201262245,84.18181898815138,1
0.6231271792390413,0.834351486770438,0,1,-2.0405315269025897,35.059166723864635,1
-0.8927747220811687,0.31081466841413846,1,1,-0.2424986471291661,3.4302293267515203,0
-0.041735059526140435,-0.0710261630365211,1,1,-1.0083979143061543,39.16957069864278,1
-0.06932076095668176,0.08800646840292145,0,0,-0.5053216927163183,23.89738862170666,1
-0.11197000309343834,-1.069158882764454,1,1,1.634807050427185,1.1467462848584933,0
0.8999134344618397,-0.24035917056493689,1,1,0.06405926444788122,15.993199753552682,1
1.230633899907547,2.0215161575543052,0,0,0.8085544810912624,4.562584441704475,1
-0.18394628278973688,0.8938145137706033,0,0,1.6841566929736966,79.45313971571824,0
-1.0284722914695448,-0.4881518597809527,1,1,0.5990343517026819,23.711965005362774,1
-0.22820967613409893,0.16430690106096685,1,0,-0.31715916152270995,16.649304473284705,0
1.8598320787473812,0.8231839943253012,1,0,-0.4566704738707257,5.917285802925364,1
-1.8377651144560625,-1.8095527366027888,1,1,-0.05546769958485944,0.12635227249057823,0
-0.7277721025293463,-0.64823091066874,1,0,-1.394228058416435,13.715471344375008,1
-0.23157630670674456,1.2557612855809384,0,1,0.8506052124971826,19.749038674045313,1
-0.8211530411882121,-0.9084756896257642,1,1,2.1743773577098384,15.20170174118017,1
0.4573956640281478,0.6464651014599065,1,1,-1.5788304802958748,21.822731833424783,0
-0.40717221302342976,0.8156118208070138,1,1,1.0018618851871095,1.8342104233779692,0
0.7382291582674345,0.7036848463176302,1,0,-1.7075062018748617,19.884808558266627,0
1.035914241208872,1.3253652431277465,0,0,1.3743535022970035,100,0
0.39251853668111564,-0.7001491486277248,1,0,-0.9208722470262803,3.9756731982495315,0
1.1381058406267313,0.11760617652040106,0,1,0.5167270535698462,8.755763601290022,0
0.4536904611033174,0.3602677663361737,1,1,0.06380042869376129,31.889162327048744,0
0.033209878351619114,0.11407661597612663,1,0,-0.10565782444625492,87.42231488808187,0
0.10904658560782078,0.5656772075295118,1,1,0.2936412794296779,14.56836563973562,0
-1.2616435025347141,-0.014258304024449497,1,1,1.2891633158539582,66.61398365104613,0
-0.3561369301007604,0.6850936115972319,1,1,-0.2425583070093439,17.345446001721562,1
-0.7584252092057256,0.7039676733622562,1,1,-0.507516705274955,70.1626482597782,1
0.2820207223108607,0.6432281032535168,0,1,-0.16605551842629113,7.863513294518258,1
-1.2272728810639333,-0.2771000427334716,0,0,-0.5975265796790579,45.39279063010858,0
-0.997379717276235,-0.8911646582146501,1,1,1.2833248034218578,44.13723586145812,1
0.09421156239625575,0.059499782799338576,0,0,-1.5634942280842918,7.076878787733822,1
-0.29384242855583187,-0.5156778293354858,0,1,0.7146893507413109,4.173136795808417,0
-1.1818429035880567,-1.3368720250395523,0,0,-3.1311514584394873,39.18972990449006,1
0.2454077817253229,1.2709162953599853,1,0,0.14091481376872803,43.89620961845163,1
-0.15575589689340397,1.5788878056623585,1,1,1.0892217819206322,9.345842291397256,1
-2.1017083727382286,-0.9787069345562049,1,1,-0.6997743381240331,59.95141183300503,1
0.615165645781401,1.4544335621474667,1,0,-0.9406434747887864,72.73766519605418,1
0.10232839256654856,0.82888633454625,1,1,0.24281852100814894,4.64007454542164,1
0.8468881343670643,0.04058866498248109,0,0,0.06710823371066635,8.797598428801981,0
-0.9667780731334166,0.9134544458202755,1,1,-1.7308483200806302,18.816629745413035,0
-0.45487935161543464,-1.831343497918455,0,0,-0.41591696788342647,4.847961004557481,0
0.28999211460426816,-0.42396372840748286,1,1,0.7671676947951168,100,0
-0.4674628922498904,-0.07877718010135698,0,1,-0.28029714596341443,17.463304266712115,0
-2.526612939224081,-1.008799081552225,1,1,0.016382133631175962,11.21601180992148,0
1.5804373583712514,1.256326953332031,0,1,-0.9703867532626334,13.057788653141028,1
-0.7223339459836406,0.6753420956282574,0,0,1.7181505704853033,14.07533161770103,1
-1.5311119267606585,-1.1055448897134283,1,1,0.274335405352029,8.674713125372671,1
0.3878540779163013,0.17513045544570044,0,1,0.6638744354048428,4.667484317604059,1
-0.17064843291382248,-1.581190805214492,0,0,0.4448070602233623,100,0
1.616745954196336,-0.43110764472269514,0,1,-0.6008647070455172,2.8730822328237147,1
0.03852909676375474,-0.7226967008117275,1,1,-1.004786513849872,11.131740108511826,1
-1.254456295263527,0.9703161602452798,1,0,0.9529518481851015,52.21130214030248,0
0.9525339196289843,-0.6332968000605537,0,1,-2.0377381980633227,19.952657982852518,1
-0.46749522609250027,-0.16240332568416066,0,0,-1.2963261684683545,37.306163934638285,1
-0.8404796072206577,-0.09819119528747328,0,0,-0.9894873600541733,27.950307005067994,1
0.8711357156185472,1.378496932670927,0,0,0.6273139735620552,10.048247091320691,0
0.42958171052077604,-0.4903570488466452,1,1,0.20172616586031347,10.361239699183553,1
1.2967739838668335,-1.0100551436360972,0,1,0.7265241371929037,6.552909739663059,1
0.4950545944263792,-0.5798786506129536,0,1,0.10791875571759967,10.944525829815312,1
1.8243830508935939,1.7312664609515878,1,0,1.9760693241612008,50.23856215588669,0
-2.5824547659451658,-0.561542535865377,0,1,1.771217254165425,49.02699679308818,1
0.6662871533021872,0.39389202422248915,1,1,-0.07454235221979444,6.2981708000593315,1
-1.2778236919111665,-1.0379315920428356,1,0,-0.15097029921482713,54.32276165996478,0
-0.11563854972786773,0.4244581513491213,1,1,-1.7852990758296068,7.367129162139387,1
0.909343614825932,0.6090013673420193,1,1,0.5446164263939732,10.949124535012485,1
1.4267025994315594,1.205892839363654,0,1,-2.4557029853308467,25.26498499117488,1
-0.2505387851176987,-0.42569320036389935,1,1,0.22123167761856904,55.89803636426639,0
1.5397220780397105,1.3778097513643992,1,1,0.35148742651090814,21.63061843954559,1
0.5525528545101358,-0.08788152375063468,1,1,-0.49370553999089434,24.132614592600298,0
-0.86507687622081,-0.023260504678621563,1,1,1.0658037271830263,28.20203677937694,1
-0.3745261347409537,0.8134650856138047,1,1,0.2785411908940526,18.751761330418798,1
-0.11662263765153794,0.36408546329459923,1,1,0.7850667131600355,5.049741247200518,0
-0.15349252247885117,-0.7208439507557325,0,0,1.7017383476063748,44.76232529084268,1
-1.230796063496744,-0.01627379935942108,0,0,-0.2677543381322536,100,0
0.25324858790617405,0.40070120578213964,0,0,2.818303320729377,3.724555123556894,0
-0.08764105934032555,0.0313158093613509,1,0,-1.6860018477769194,9.105883031875623,0
-0.5399650594594162,0.6080664704634806,1,0,-0.707776468327012,18.479581026971452,1
-0.9990919174965814,-0.07429228930373272,1,1,-0.2703305992191618,93.83890677221437,0
1.7540602373492922,1.1532356893519515,0,1,-0.3926889390816952,32.99610493732659,0
-0.05685635536104911,-1.494778371091188,0,0,0.47235827507435785,40.161314682987786,1
-0.8036104776648688,0.5970741213275739,0,0,0.5787380751516022,23.428335071037374,1
0.47296138961233847,-0.38266304959014824,0,0,1.4942864681917913,9.989550073240867,1
2.0302487581088484,0.9988291062907814,1,0,-0.09307378761086586,15.804522277761462,1
0.0438370852135067,0.8028063257408832,1,0,-0.7421298564031306,2.802817269470002,0
1.5430881061327517,1.6073972960562881,1,0,-0.2648638368090708,0.17803490694203708,0
-1.226287047766,-0.7530734807672004,0,0,-1.273108645583548,65.38269696413646,1
-1.0759851053788008,-0.3158875829063483,1,0,-0.07722704091362467,19.469065504273175,0
-0.07366656289023572,-0.7853859597207162,1,0,-0.670650968705479,11.790996554035555,0
-0.005890165683021943,-0.13578421156324486,0,1,-0.860164588335068,14.714450423207126,1
-0.734972074375183,0.7212665644387235,1,1,0.626712842813895,42.463715376038635,1
0.671612302635355,1.6080661338012998,0,1,-0.840355599087944,15.227113947256646,0
0.20620673526196165,0.331477778112257,1,1,0.006234986203548048,25.394530191255875,1
-0.4329983929863737,0.12602476329659604,0,0,-0.9065505499039315,77.31521372499317,1
1.8223148475865458,-0.43529636985886544,0,0,-1.5072136064458266,12.768842117265493,0
-1.7044935195951754,-1.5833592141056725,1,0,-0.24954576273566667,15.708098033577825,1
-0.7289126252077618,-1.6120098199676274,1,1,1.173046775303166,12.474668759416035,0
0.014560219667668902,0.5944018516260201,0,0,0.0978017430536599,36.47401918918402,1
-0.3626150869928497,-0.07276083241357867,1,1,-1.3521199521670826,21.42879703702452,1
0.030640154436236005,0.8029754912151669,1,1,-0.7628751363703522,16.398615100032693,0
-0.32596197814996136,1.11354035353547,0,0,0.14434421847004172,41.49058200831314,0
0.9978010837785353,1.1852280246039004,0,1,0.20448494647904503,0.13368527462485694,0
0.1412825631330139,-1.0816563227519727,0,0,0.4961642950285053,10.83099170722416,0
-1.226655806562171,0.17286831802536806,1,1,-0.8529585774682223,10.75060783008143,0
0.3319201695206677,0.170868881472791,0,0,-0.314080089360604,71.7023418175437,0
0.49737584055753575,0.40812024279190523,1,0,0.29379210361387487,3.729609125827976,0
-1.3814908840184703,-0.7329259740059283,1,1,0.9194036644522846,32.14660377111529,1
1.3355105578758595,0.07074971186701262,1,1,-0.4609583817013436,44.22431138445398,1
1.533524669146233,0.7777943941958991,0,0,0.6857405085692723,28.71429928294092,1
-0.5474539694311271,-0.6382189836957708,0,0,-0.8369639299559988,12.005722941526805,1
-1.5492132348730356,-2.0189580359317283,1,0,-0.8822866195155163,12.741593839180071,0
-1.1174348460182246,-1.072934815729584,0,0,-0.5183766948616435,44.56317837423487,1
0.10076137685548439,-0.9989434212777624,0,0,-0.2273333670191841,22.290538453744155,0
-0.2183522915762187,0.1369111907080106,1,0,-0.566059066589447,19.450033084998857,0
-0.149419968167684,0.09283191702289512,1,0,-1.020414941037773,100,0
0.8280480331892298,-0.307351962451516,0,1,0.19509396831036696,3.669442544034809,0
-0.5453050048135012,-0.6986677266462913,0,0,1.2325315662701466,32.32396425389918,0
-0.19104292709899784,0.08199561417455314,0,0,0.27399697025665737,19.021350137254036,1
0.3772276544498307,1.4028419523154767,1,1,0.6824690316850612,7.328895402439475,0
-0.30293989626099815,-0.7339361252967989,1,1,-0.8756519053676364,3.0381458921534827,1
-0.799077145968006,-0.3927608199131066,0,1,-1.1984417481726615,9.89271983450954,1
-2.1398258684263878,-2.637366377195142,1,1,-0.8228122917059862,67.22359142317444,0
-1.1755086384006406,0.49625061581622587,1,0,1.6732334044950183,24.491643060346348,0
-2.6398115930340587,-1.0150499773641695,0,0,-0.024363509049885712,79.02887568319153,1
0.48946803902636354,0.19852944495214642,1,0,-0.5832802961130199,68.61577510388373,0
-0.159775044012758,0.7431527527813793,1,1,-1.8081415639397176,18.7542841574251,1
1.171588058010954,1.2051081891254638,1,0,0.18976727424763482,19.32149600182178,1
1.0762671853748424,1.3887580604429326,1,1,-0.6395113476388832,7.821909225708803,1
-0.2994621062145191,0.5700880866467878,0,0,-0.9255431259953764,100,0
0.19957791222605883,0.26126877216361166,0,0,-1.610351869468407,2.988440408208481,0
-0.40432581882810137,0.7766955398843254,0,1,-1.9981598982232904,35.8550532511564,1
-1.2675939533461145,-0.1763095719105474,0,1,-0.569775070757528,49.956758238034055,1
0.8547203731331271,0.9165378425913036,0,1,-0.8523392938924059,23.80202499075374,0
-0.5481048614827534,-0.7133111441833995,0,0,2.0314254684800623,100,0
-1.163209383347426,-0.7700044945006412,0,0,-0.3507368058547829,76.72093307630206,1
1.2702474353653237,1.1207451831348703,1,1,-1.0176488097449694,13.645869547120773,1
-0.3822104364631071,0.8020711068926836,1,1,-0.7905899118125995,25.77558491370828,1
0.6955304423339302,0.7968404345177218,0,0,-0.1748556797347409,3.7455583651735096,1
0.10847277773917689,0.24710224343040585,0,1,-1.344262842611916,25.91170355444542,1
-0.49007675882859425,0.6441558174731246,1,1,-1.6740032919036323,12.41466464431326,1
0.4935186537045141,-0.28707292204919604,0,1,-1.500363856900744,8.79943869124298,0
-0.23119429450721593,-1.169713289365871,0,1,0.2545923636994843,26.80775166203947,0
-0.004186187893504039,-0.513869605412856,0,0,2.018338381450354,9.493386629450125,1
-0.7840862519887569,-1.3267726515520117,1,0,-0.32303423512938767,100,0
0.4432502917800962,0.7581976405045945,1,1,-0.8965652352154103,4.943240871650769,0
2.6441407150004577,1.0935769652305576,1,1,-0.1994237268235449,16.016835419178115,0
2.1302662439748707,0.8463100982304251,0,0,-1.3019263479612995,45.43219154596757,0
0.38374974897953484,-0.09554192202598083,0,0,-0.29879745956639303,11.420928055591698,0
-0.6598298517316544,-0.10695189422155676,1,1,-0.3631728835862581,33.613500967433005,0
-0.40668516422454354,-0.05658272412707807,0,1,0.47628370179087653,15.99669962685508,0
-1.2301696292648354,-1.4972980150144881,1,1,-1.1460339327467772,15.330526062201072,0
-0.1688913414231983,1.0107137850844183,1,0,-0.6149018199993747,100,0
0.396916315425096,-1.8571011947630085,0,1,1.3815962778010091,36.86240510298305,0
0.487275680060473,0.9806541079538929,0,1,0.10618509027702418,19.278105010186774,1
1.768637179506508,0.40153521759657357,1,0,0.1357573137453032,18.434823110891166,0
0.6017152102625735,0.47463483039796195,1,1,-0.9142987198598628,29.097062225668598,1
-1.8923489097589248,-2.096023954951967,0,1,-0.1011243789555788,100,0
0.8507188519220832,0.07609106246351582,1,0,0.440688264332905,100,0
-1.3079060775979845,-1.352709890035811,1,0,-0.5870374649795944,33.808037152497334,0
0.28282126797735607,1.0627919402585477,1,1,0.560458624040677,19.849221454690266,0
0.9010652983571102,-0.11856931392052,0,0,-0.6224660338702046,52.58112597384855,1
-0.343494734498172,0.2815066841387315,1,1,-0.33057705729695586,43.76448918881004,1
0.5196085305895035,0.10877253679526527,1,1,0.6127376703765791,79.90894538772908,0
0.7678451419899913,0.1751162147472229,0,1,-0.6191401429539262,100,0
-0.5846769290228923,-0.3889102767868383,1,1,-0.17196715210997726,7.2093806483725444,1
-0.3949507777378357,-0.18395611440274304,1,1,-0.8833550381838576,20.800250857599092,0
-0.29290530714534496,0.20064731807934474,1,0,0.6953893498087277,21.5063658768302,1
-0.017608857170782692,0.20409909081748975,0,0,0.5696845653291358,2.7893997657593186,0
-1.7043863253421798,0.018108925888194682,1,1,-0.535975353158143,45.19351132657121,1
0.41717484401955623,1.0113313032833884,1,1,0.7228909947284539,35.73560893390503,0
0.5598393058457751,-0.0442078048383035,1,0,1.1444671594557205,39.5834970402855,1
-0.2503590814181341,0.09647606953793689,0,0,-0.877855432600325,44.58528680355016,0
-1.4746579030320595,-0.39948632053649136,1,1,0.20233415514969424,33.01074463052328,1
-0.4422681230843777,0.3597549277485508,0,0,0.05493281922511257,37.714241240681474,0
-0.47291374402552805,-0.7120666633857918,0,0,1.1780775173512679,36.51131700251229,1
-0.26625630422052526,0.9394487458322615,0,0,0.08305420161182551,46.30069005765905,1
-0.03160814802099414,0.3001687212298763,0,0,1.361081105050971,12.711975563779749,1
-0.04751676081745795,-0.8748870159770977,0,1,0.2378100061662954,21.11179888554446,1
-0.9647356702402572,0.09663549146124906,1,0,-0.031046393414308766,100,0
0.62390600019446,1.3599531180003652,1,0,-0.5067661860039,100,0
1.8788593505855156,0.8517479937069181,1,0,-2.025948108556785,41.57513105127912,1
-0.09320003445864515,-0.32710137496264374,1,0,1.7218651645569378,67.58754383369288,0
-0.08985209407069303,0.14544109621859191,1,1,-0.8661162594694192,18.64690993896088,0
0.5153520571401885,-0.46245837221045355,1,0,0.07460197690253643,100,0
-1.071829175878273,-1.1535759550352276,0,0,-1.123844391281159,65.04328578714079,1
-0.9762627745641759,-1.044175620495122,1,1,-0.1404466656544613,3.3996751623678394,0
0.5377341230950734,1.1377296324130368,0,1,0.20675244497625933,26.09322426442727,1
0.5626112549641721,0.29398211858444007,0,1,0.1406761220024051,9.544585578872397,1
0.2996058751409855,-0.45075177524258137,0,1,-0.5984952011495559,94.23416277940626,1
-0.9618586410178095,-0.7467962212983175,0,0,-0.40352557741678974,10.65299871521298,0
0.05864343529563796,0.2501039525146137,1,1,0.9960703985049808,84.62684978747085,1
0.9560811535433527,-0.30839558814518775,1,0,0.6758589082255823,67.8952898071775,1
0.13212268104599856,0.9071250198360823,1,0,-0.6744476539797175,6.818069520903603,1
-0.8301683492225083,-0.013184300485819533,1,1,-1.301429932573513,43.04612986030759,0
0.5416690792114471,1.4257343357177064,1,0,0.08455476814173839,15.68837024726931,1
0.38664425575033734,0.6061579102020884,0,0,-0.7525183711026848,0.6308842335810816,1
0.33302872749718837,-0.08304566784401149,1,1,0.3766103220692652,17.227241601988403,0
0.9141329502769493,0.7208882917237946,0,1,-0.5870306625196688,3.3669627110721567,0
-0.19355856961985057,0.4323913687765484,0,1,1.3108835059588868,26.106859147078406,1
-2.2589990017633963,-0.18657905525617346,1,0,-1.4962388043972605,10.187891770708159,1
0.3066324018704879,-0.5718505922064288,1,1,0.7363619643870802,25.982104644577202,1
1.2672866238144236,1.1784545106076574,0,1,1.3981127052142917,10.105912383135783,0
0.9376463712986788,0.2999774371069447,0,0,-1.8826135726222102,26.144817467900697,1
-0.06348453292436758,1.544621082983076,1,1,-0.4527878314396737,4.4136439144221304,0
0.31906120663767973,-0.31163449131850673,0,1,1.4038694404169134,38.067869842099164,0
0.6304900791589588,1.5510214892600303,1,1,0.7680739638831647,21.472733117901797,1
-0.6348070430455893,-0.12618634007946325,0,0,0.04393178767950857,40.802406627619014,0
-0.24570764826016186,-0.9087044357472647,0,0,-1.081688460772254,4.311613639915138,1
-0.23639411202261426,0.10946902460976109,1,1,2.5602682018868297,48.7046415733112,1
-1.4746819227701617,-1.6006240989946694,0,0,-0.7843349015996128,12.811598741384305,1
-0.22215254389952654,-1.0204289113904017,0,0,-0.20456786212459144,65.2744262650298,1
0.9841149983759923,0.5843088703510491,1,1,1.272427959161432,3.797140876631303,0
0.4505625016625328,-0.34488497720564626,0,0,-1.8335054073773258,33.96352429280728,1
-1.3382312482767582,-0.684007842910192,0,1,-1.1676188819584554,100,0
0.4858564533525191,-0.31624190797813045,0,0,0.7816197899846794,22.64742308851054,1
-1.7239898344925666,-0.8877244332564802,1,1,0.7281295081577956,73.883283088504,1
-0.808700343670776,-0.4749605641985656,1,1,0.5728926150345741,25.17769920053616,1
-0.22757001369035879,-0.39489935516659996,0,0,-0.49162727180500765,23.446241513105942,1
-0.849899799346911,0.03319878237302537,1,0,-0.7637328680268081,81.7135177554977,1
-0.7812865379924858,-2.2762012493272157,0,1,0.25386426675833945,1.9160159936525816,0
-0.5994632732323174,0.1151666696947668,1,1,0.4651443409281975,36.43925078995149,0
-1.0151620992661705,-0.21615675877834922,0,1,0.4306397749894751,17.198612368980083,0
-1.3941640343938213,0.29321786428447083,0,0,-1.29367106980822,62.14596617500349,1
-0.27281962965297774,-0.2070344944442705,1,0,-0.30379790902139164,33.90723522023857,1
-0.18850456704077587,0.7200619766912155,0,0,-0.13377410928563088,4.252639532112121,0
0.31602885701886585,-0.5437375689127006,1,1,1.1333307712298533,2.057094796519499,0
1.2821030943993335,1.3400646135317487,0,0,0.3861691393152968,98.41899175809475,1
0.6884531921379605,-0.022838788564917833,0,0,0.7211798329073379,17.28039971931247,1
1.3004645560928534,0.6840166621827206,1,1,1.6395586110888953,36.72860973752398,0
-0.07734274259505335,0.7232085640607435,1,1,1.837777710120585,4.910126517154073,1
-0.4596849421289386,-0.06951871723753597,1,0,1.6823454431993028,22.47569451349188,1
1.645380596653918,0.5708830948629999,0,0,0.5133789971931102,15.590268170592264,0
-0.8980124738989329,0.15796179732234245,1,0,-0.3353869769677155,7.97813415322747,1
0.5370227180242724,-1.0096453810605432,0,0,0.28040630745256945,1.691433468097208,0
-1.2706182940575608,-0.23372627539989227,0,1,0.5688218883217646,19.964493762720657,1
0.015600424802643537,-0.9465144559347402,0,0,0.4376632775922791,69.66186225827744,1
-0.3355608174891297,0.4297421098356125,0,0,1.2426057058968458,54.59167409049853,1
-1.507656433774728,-0.4744151512780645,1,0,0.19788699396167994,14.351732539187713,1
-0.308818386872431,0.42535017702299416,1,0,-0.900678026803547,8.760099868296539,1
0.43320515690631756,0.13921337994523938,1,0,-0.504514902080229,45.92639176350092,0
-0.8876649326915522,-1.9622097505495888,0,1,-0.007387426689111988,0.18948511550946556,0
0.11943488625649462,0.2098299545066851,1,0,-0.19768198812369903,18.94901099547215,1
-0.8074267965521315,0.07727813359689678,1,1,-2.005422891503672,15.771945441155491,0
0.4909738540215929,0.2675911000068887,0,1,0.17175729866666622,22.313518047293044,0
-0.8649135397150386,-1.210579519724245,1,0,0.13615125222759247,2.01496294253695,0
-0.4689509262275464,-0.2229925845880786,1,1,-0.006676319593187403,40.15484800465028,0
-0.5264871549238362,-0.06321206190541206,0,1,-0.4414524294024348,31.204096217677236,1
-0.17496021329211076,-0.06853951787167856,1,1,0.7304300159781658,13.163565059414402,0
0.5853139255296483,0.5434075950933313,1,1,-0.04043565451869573,18.960703331162374,1
1.3214467816725544,0.8382866091803403,0,1,0.13121434599276946,100,0
0.7350655824546636,-0.264914207218129,0,1,0.01943506942211224,1.5859716216014375,0
1.3164856663732831,0.7889119186350715,1,1,0.4707696568563935,5.568128844853654,0
0.3030359772702983,0.955568552421971,0,0,0.8813413844899639,27.30265539106616,0
0.2633106746406454,0.38726036288330684,1,1,0.7151014149327997,10.046962278395164,1
1.9593570771456046,0.3211507593311115,1,0,0.5338910207019165,27.302647697455647,1
-1.0376064273175594,-1.0300094966512936,0,0,-0.33731196120647233,77.52156859000134,1
0.79054466395618606,0.2695056304854295,1,0,1.0973496087886292,7.779396226860508,1
1.2444555557064834,0.8404770046737543,1,0,-1.1568942863963543,21.661204867820718,1
0.3369186262285617,-0.558770312432519,0,1,0.924828793662396,63.35275211575199,1
0.039982843061331305,-0.8643760793336103,0,0,-0.3532561311751184,100,0
-0.8200386517775666,-0.07057682020953798,0,0,-0.5050957847822635,14.204729533296858,1
0.4749694236693315,-1.7644954879303003,1,0,0.3420522982547767,9.99895336519894,1
-1.27075880202867,-0.27369424469938153,1,1,-1.1838819565801324,26.781140926236212,0
0.7650639758660008,0.690302365659091,0,0,-1.2445037077612164,6.199487763041331,1
-0.3806587543551289,-0.2323823436128909,0,0,-0.40211664312116047,58.58777665495952,1
0.1543194331095474,-1.0853024382625207,1,1,1.010909503076207,5.820220915070356,1
0.6502378352494376,1.0340683435739266,1,1,-0.9521169789868723,67.12477163697842,0
-0.17873196082835904,1.4176669575742316,1,1,0.8993150883148001,15.1989653122819,1
-1.0298313208706489,-0.40001184090798325,1,1,0.6527417396849071,15.428526209459264,1
2.7181577192340516,2.258406774943806,0,0,1.4388955325500614,4.6373334021283394,1
0.28976466456217775,0.707550439426244,0,1,-0.6767691679724636,16.94113108199387,0
0.5905315104167631,-0.15882198500731098,0,0,-0.0199426440694896,26.202138324576556,0
-0.49070815110729676,1.4314710372074326,0,0,-0.7128723777357184,8.785024232279536,1
-0.8069816354142384,1.2203519948728896,1,1,-0.4936878641395113,21.373713972999607,0
-0.8201482617544806,-1.0040397975589381,1,1,-0.7897023943911903,46.05204840787375,0
-2.066307510934345,-1.0707123412661035,0,0,-0.5645306075146966,85.54664260573743,1
-0.7645255919063401,0.4876434963805488,1,1,-0.9119404486223093,26.945679893817136,1
-2.0203192708615445,-1.0932005828421043,1,1,1.7397857344838534,26.481280155044487,0
0.4201695935757792,1.732458547495143,1,0,-0.5221823211610015,38.01297615683642,0
-0.11029573422711973,0.44996436128563005,1,1,-0.4425693478085446,100,0
-0.4171011983512343,0.7847827410628185,1,1,-1.4846080450847405,12.278963236465964,1
-0.7996472639710034,-0.1590733744421467,1,1,-1.2908137956640855,14.048521477405341,1
-0.5374387653168589,-0.07338131390376473,1,1,0.7217768865338982,11.164583498423074,0
-0.06973793535550771,-0.08583149717388909,0,1,0.7911654401569214,1.2389814405998747,0
-1.129420545732086,0.581588032553339,0,1,-0.9698463052482615,69.85927253538658,0
-0.10103166173092382,-0.8151790650177568,0,1,0.14243348562626174,11.32895695652391,1
1.6327291856440023,0.716843330179186,0,0,-2.216179131717114,36.17319659109541,1
-2.516086113863803,-1.6603605183896257,0,0,-1.5625579712737654,37.343755432387404,0
1.0568014008880426,1.250761708317423,0,0,-1.1784427461096103,39.38222458821716,1
0.21278423266988836,0.18774014128602318,1,0,1.4226071153335833,40.72531260606843,1
0.6108446353363841,0.14754337644758642,1,1,0.7712244008085812,16.14758285096664,1
0.6413191277000532,-0.2972827488397295,1,1,-0.24014897213758013,16.390882160048935,0
-0.2790829786626827,-0.053546317460742454,0,0,0.1471132047114767,51.272234758910166,1
-0.6907331293601535,-0.5087320191024297,0,0,0.5117582437635875,3.3170440942859187,0
-0.43380022167695237,0.6908118049010985,1,1,0.7415796008961782,98.43217387268032,1
-0.3844496789172147,-0.6051226516621174,0,0,-0.5839793148280298,39.62694587631639,0
0.003757871110745327,1.0132520518300419,1,1,0.77291925878231,31.014058079492575,1
-0.13729392001321641,-0.514113775211588,0,1,-0.3297397220979683,12.173527217737538,0
0.24722664735129274,-0.19493988809617607,0,0,0.3597730568518667,81.41894201317257,1
-0.6730944151547775,-0.3713854635096391,0,0,0.4442891962776882,77.14245027927105,0
1.1830857245022035,0.9625036294769744,0,0,0.03275935731049439,4.649648621701796,1
1.0528375500576552,1.1689183992519094,0,0,-0.18663485118925463,12.3449957826483,1
2.3112258516079685,1.0243554336014138,1,0,-1.5336604433262306,31.644964230559555,1
1.0564673057240623,1.442808155284879,0,1,-1.3564228413911232,35.31830172453454,1
-1.1839014360336884,-0.79504716682403,1,1,0.9416876273225944,19.631469400171348,0
-1.4580638695357087,-0.49976118262240954,1,0,0.7384712336956459,20.045766222435738,1
-1.904673775382663,-0.8723211484880009,0,0,-0.5089374479889817,13.086986920333596,1
-0.2798560447541604,-0.3718940558402805,1,0,0.670801215650711,24.483867545995707,0
0.8849395625257908,1.551995698675312,0,1,-1.3497799322048163,9.73065095248942,1
0.03718908004731239,0.22982322618613804,0,0,-2.7295260961655177,10.98793280000643,1
-0.8903694789034512,-1.2665374944158474,0,0,-0.8364628841132214,67.7266092972394,1
-1.4362638763668132,-1.579977227783889,1,1,-0.5370603929064244,31.65756604904022,0
-1.013165889876643,-1.5529833919914586,0,0,-1.2447475023382857,11.76318594233825,1
0.17356062484199763,-0.5209511074483547,1,1,0.2828968762827705,19.076093108738508,0
-0.2867134847049723,-1.4806802610981216,1,1,1.2571432692586106,20.829532814698382,1
1.3524824938802211,0.8687074586428092,0,0,0.6475924855994086,27.451937258867687,1
0.7203348190684356,1.2099902331020413,1,1,1.456539460080945,32.31519584281648,1
-1.973991874642242,-0.5464185429318624,0,0,-0.09225713273896832,10.04650505832998,0
-0.9937580593719232,-0.820096558950799,0,1,-0.3794839953863335,6.315642481399605,1
1.4332012338260727,1.8710466883079109,1,1,-0.09832189762780866,26.21903035650308,0
-0.4626052349619,1.1925064530811988,1,0,-0.3135341173832869,23.975518158759858,1
0.3039732899199698,0.47964014837747704,0,0,1.3043683734391236,11.003612261850096,0
-0.269773562886097,0.20063362180857847,0,0,0.4416463836251564,34.68580486980306,0
-1.5686720939389018,-1.725022646426273,1,1,0.6683497220002296,92.86512304644806,0
-0.9834115069931882,0.13614938881493371,1,1,-0.7542965024634605,5.562650894275926,0
0.24121363633687026,1.9584967640243809,0,1,-0.4434725725387972,37.09732966949869,0
0.461470299168782,-0.027746396500622772,0,1,-0.8727278524868062,16.164278868237922,1
-0.6427014474059762,0.19391256204210217,1,1,0.6175752995363628,16.297875586576122,1
0.920117263676325,0.4689198588270131,1,1,0.4272929518867504,61.43385259583771,0
0.751133176891851,-0.034350405375935034,1,1,-0.09265590309240199,6.211639293538187,1
-0.050925762898623994,0.2633590548770366,0,0,0.3607814960049262,37.76524070590625,1
1.0956000985079828,0.47798816630457014,0,0,-1.8645241763533593,2.175034979381552,1
0.9138880827895149,0.2832875017881365,1,1,0.1628764924588203,56.16686965803804,1
-0.5742435358979885,-0.5876503704816085,1,1,0.65298334153314,33.7174024324845,0
-1.3691003684757908,-0.8036578114147189,0,1,1.2438310113456927,20.73293896680531,0
1.468210950461668,0.21180642446603848,1,1,-0.45431164723284717,7.140463320637542,0
-1.2456472235124962,-0.598328643678562,1,1,-1.324595774621145,27.806273324318344,0
0.33844810850938306,0.46675534214614756,1,1,0.5195886411261985,17.002568394861086,0
-0.05008267918571258,1.0341403893864192,1,1,1.1586291013239107,26.33910069204254,1
0.8103410702496955,0.47755949874153797,1,1,-0.844844954251672,5.998222963846264,0
0.10763599134714,0.08068515176324594,0,0,0.4263355492913548,26.25478285017634,0
-0.9960268734620334,-0.24553923289163138,0,0,0.4230492156958253,34.42758673310439,0
-1.6582641256550013,-1.121371065927247,0,0,-0.33078246243586573,36.1689097146683,0
-0.5922961413527836,-0.696033280334726,0,1,-0.8465514138597363,20.891528555710778,0
-0.593771385499118,0.021741027374480026,0,0,0.48825470945000515,86.8585866701714,1
-0.18724232341975564,-1.1779764409614648,0,0,-0.8948206206023299,47.15696851900359,0
-0.6456995298090279,1.0261859852392974,0,0,-0.6071331159846247,20.78020886870571,0
-0.29180993421863205,0.19530202798792803,0,0,1.653018383579967,59.784970004905745,0
-1.9976275778444568,-1.3193066549423635,0,0,0.6608512094365413,20.405693719567243,1
0.12819053974942254,0.31297389933409114,1,0,-1.819900528730708,29.34965811079729,0
1.3895735639352578,0.9651149393076988,0,1,0.7328098378950101,11.995772897000625,0
0.6925009636084554,1.0570974539501155,1,0,-0.582690877884197,8.084618854505202,1
-0.4418536636169282,1.1249491594333738,0,1,-1.9756278383043617,16.311185501676984,1
-0.7291787063529118,-0.8052813307195954,1,1,0.19465440028769868,26.62998628273712,1
-0.975801315005219,-0.5697774433285788,0,1,-0.14272560662672792,32.50732382518413,0
1.0059556161295198,-0.38652698786170847,1,1,0.37496722324935117,100,0
-0.6845510408852501,0.4928997689196826,1,0,0.20366745935637062,13.119633745993804,0
0.09317343484142879,-0.22306173454975942,1,0,-0.382387213484956,24.667098957812218,1
0.2839099857810972,0.8593643313989723,1,0,0.04605704922448586,26.703714234580268,0
-2.064053187023302,-1.3797301448023933,1,0,1.6001009150275307,19.957858226406554,1
-0.8628903191137134,0.1494114650560433,1,0,1.2433048010899534,100,0
-0.020369518890393085,0.08991585742214,0,0,0.7383193674090421,35.42427794238533,1
-0.2426097727612277,-0.3863751521980884,1,1,0.21631472501437782,27.941028328651196,1
1.0872470832009882,-1.0352676772793927,1,0,0.5645803569237433,27.19764818486894,0
-0.15146601093612574,0.49548041904591583,1,0,0.5752571177490539,83.59699808839655,1
-0.27932621836537297,-0.5867535245770539,1,0,1.3268597766818528,16.276331349345128,1
1.9149109303998564,1.5899409287672932,0,1,-0.6974301664536354,24.74385327725518,0
-0.966196771505704,-0.4399059433389705,0,1,-0.36839251946039286,63.467420907388714,1
-0.5747491631640834,-0.3887993219825792,0,0,0.7244828336714936,24.448283651687895,1
1.2146034364193798,0.3404481480348007,1,0,1.1821756753516532,4.5043377701905225,0
0.2539467925562142,-0.0689456488668444,0,0,0.17523723034381303,11.484563838853562,1
-0.18958266374715088,1.3453117113424533,1,1,-1.6916283518564408,1.4854643756213217,1
0.3173149041875409,1.0565992940898423,0,1,-0.35095804220409604,9.508201632670533,1
1.2080582132472308,-0.6658627421355527,0,0,-0.7065380698158232,38.93200464740203,1
-0.4985835566749677,-1.3885034120788675,0,0,-0.7497891368262123,37.21248259856089,1
1.7543026745329973,0.2969126888701442,1,1,-0.16699123659333584,1.7389204678491834,0
-1.0553536325922215,-1.019436337895894,0,0,-1.9378389212595255,40.28430519412989,1
-1.0848653463112954,-1.5479150893589606,1,1,-0.15037223316937126,21.66321897288069,1
-1.0235494637734646,-0.2232433110630806,1,1,-0.5934650879701951,70.53956754559358,1
0.2144613064273446,0.7089620223258322,0,0,0.7808616128095979,5.488980053832036,1
0.7286189337671336,0.5448744014000204,0,0,-0.7564370540824489,92.8692440719619,1
1.3581767514270444,0.1156349792650545,1,0,1.4088154044354595,35.48058449324875,1
0.4379374609277035,-0.3000222961411322,0,1,0.48202123791179685,30.475345324328423,1
-1.1613997842734434,-1.0743218093834357,0,0,1.0554185787019252,34.695928059157644,1
-0.729795224965255,0.10205548859182384,0,0,1.5781343218541373,13.868873807871902,0
-0.3063709826950602,0.8144440072782526,1,1,1.4884373893519312,4.863684200621297,1
1.670812618419172,1.3568934160628534,1,0,0.6313172931480463,54.24314076943694,1
1.9262081845015682,0.5621200712957772,1,0,-0.5789467139171579,100,0
0.9666940668475383,-0.13351192166427606,1,1,0.8605820343178753,12.358400089794202,0
0.802329082077643,0.14183557670352498,0,1,-0.14323741745886698,38.17576800778685,0
0.9660302912819325,1.6456565620703771,1,1,-1.115130051173527,15.726971694845949,1
-0.9389355884703963,-0.11086144970369899,1,0,-0.9750067934611688,17.90407396212568,0
0.39620376376355676,-0.8831375116438183,1,0,-0.24858246675668513,20.348693805268848,0
-0.026487731909408434,0.40173195690421754,0,1,0.5917054901013009,50.0312462090627,1
-0.7679019843038596,-0.2191040218846405,1,1,-0.20858444246195457,36.81236712561219,0
-0.7470985052591597,-2.0375596942320224,1,1,-0.10700410332108944,40.81472134338072,0
0.43820519253786633,-0.37877492734908114,1,0,-0.5297431415436581,15.818614294944895,0
0.5709556616520587,0.8978289041587875,1,1,0.7717243014023264,5.673649557003437,1
0.3098819110921995,0.11221870424264317,1,0,-0.979439778598137,23.25866756663441,1
0.6190189724776465,1.1739294587167635,0,1,-0.09161748667122478,5.9864931139202975,0
0.20733979772085867,-0.893368027917185,1,1,0.46000197040188706,6.770062340926216,1
0.5523886309721207,0.9353276270927589,1,0,-0.2377079871118196,11.09070893499847,1
0.5763151236582692,1.382821876492154,1,1,0.6444357932074332,3.7777825425431613,0
0.01113535803131889,0.610286149593056,1,1,-1.092711168342375,29.502818531522102,0
-0.890558271102461,0.7580847474485082,0,0,0.17052651188504808,36.16566391815956,1
0.6141542093432713,1.409446628091792,1,1,0.25885912125122,7.549942277093799,1
-0.04915239251655995,0.33756654885739656,0,1,-0.4595460461621689,22.46180357269378,1
-0.9395592544759633,-0.12954072345461953,0,0,0.08655929845419147,98.05637298802718,0
0.6712717176074008,0.4840067036306969,0,1,1.8105544730534928,28.780037393798818,1
0.2351549863452759,1.434981922786154,0,0,0.8171893515991052,12.00731265908848,1
-0.4234661378760353,-0.2688323267273983,0,1,-0.31841309679575835,14.48573815271775,1
-0.7195194123088169,-0.6262248690737094,1,0,1.1978981368925403,82.61857651839419,1
-0.22252856380828004,-0.6536473875798252,0,0,-1.3234389420743637,6.223786326358354,0
-0.7912098783887165,-0.3095432746104642,1,0,1.3234283302313437,37.47569618753309,1
-0.13092922691452402,1.1233013253272288,0,0,-0.6482595544657668,20.66197367909688,1
0.2988996199721933,-0.7460262444168955,0,0,-2.2792771642229597,34.08087177521171,1
0.054198728294082565,0.11315891872588044,1,0,-0.7686930867132993,29.36931531546215,0
-0.9077916415222608,-0.35653030507365735,0,0,-0.979488247204077,48.789897449340835,1
-0.9424844956003547,-1.4660067336041207,0,0,0.20470838644514122,100,0
2.069231439295056,1.0524678817465436,1,1,0.7201705974775958,19.489640903578252,1
0.3350679659698366,0.5125659589452912,1,0,0.30259685598125724,24.966840372080767,1
1.0753002872875812,0.35997242642176847,0,0,1.0250541734257754,25.673578716975506,1
-1.311389218933484,-1.08390557695081,1,1,0.09899979331637596,58.048884564069304,1
0.39254488712502106,-0.6838749577746768,1,1,-0.5066055579670751,1.9679490068401138,0
-0.017325561529169274,-0.5897749090289799,1,1,-1.8512665983629826,10.159352277673996,0
-0.28468121935506796,-0.13435326659943161,1,1,1.9639392557668005,6.9206711504152345,0
1.5037267318976968,-0.2828483780042089,0,1,1.761235004296563,41.676523158473316,1
1.2967803964690594,-0.31135852501762606,0,1,-2.7924618291418173,23.17129443311817,1
1.1571864555593636,-0.22713838590606417,1,0,-0.87118787464826275,48.593454115590816,0
-1.596397049043943,-0.4698502377586568,1,0,0.2237777585918194,10.865353330974617,0
0.8202636678170313,0.4631259620929824,0,0,-0.9111662970807761,15.57464063608902,0
-2.392891507614462,-1.0112545197970304,1,1,-0.2825919436055389,16.50877525733159,1
-0.27824299899607297,-0.6467297683453541,0,1,1.0702520755268756,46.31651814908495,1
0.30651534733661967,0.5744931715827859,0,0,1.0079073922377995,6.250562498034118,0
-0.3664149570449606,-0.33715569340365614,1,0,1.1284732043640366,19.476369255482346,1
-0.5212193144095348,-2.0098262700845804,1,1,1.2696737936882947,62.576049275275146,1
0.09666791523233327,0.5124731620465867,0,1,0.29135142539259035,20.263257639202195,0
0.3869986126746047,-0.8904491103881406,0,1,-2.0501984009700798,2.7969258587930916,0
-1.776052817692856,-0.7845547471139496,0,0,-1.6594117402357345,100,0
0.05656770619420015,-0.02737519521476768,0,0,1.937376472154565,16.285375401353328,0
-0.9511914042297973,-0.27280754611072783,1,1,-0.5624153040789107,21.978850461853376,1
-1.5113800990426614,-0.08184007453816167,1,0,-0.31494765999088525,14.743880518382234,1
-0.22059876862071784,-1.0453706105015017,1,1,-0.34359552184339703,16.82237829033421,0
-1.0663720163282013,0.1717621971173987,1,0,-1.2790317351530727,49.752795001713665,1
-1.5184712308483765,-0.9147962724002545,0,0,-0.9130647518499552,70.32486628604589,1
0.9249576696278848,0.8280544039482016,0,1,-0.722305143154257,4.647186282214171,0
-0.410554767440923,0.3705645000495555,1,0,0.7062787549514682,21.668577320758267,1
0.4434614930081669,1.23107194497648,0,0,1.1371384329499128,55.79436994183342,1
-0.10943730425567737,0.6626910265093865,1,0,-0.2855214682354538,100,0
0.002880341922464569,-0.1469036635933746,0,1,-0.40681250559546517,62.40197926349643,0
0.878718382355856,1.693613803998573,1,0,-0.2971844294533554,28.253418019213488,1
0.4689329394676013,-0.17845629927794676,1,1,-0.6466522734117293,17.204225599617747,1
0.717868676612774,0.6805260754516711,1,0,-1.0296785379126974,16.825136021062978,1
-0.7090718340540443,-0.619271127717391,1,1,-0.9359081044801323,22.78132369211351,1
-1.092046545433498,-1.212709827164384,0,0,2.489653501190507,42.36256737556015,1
0.21511581500608354,0.18724664234061256,1,1,-1.791586349997605,15.523626393890053,0
0.6335308351033707,-0.1343145664571293,1,1,0.1934982066773195,27.23096441101053,0
-1.3578356577377249,-1.1670980931788044,0,0,-0.011318541384976248,23.97295812668206,1
-1.5265433779263071,1.3722706235972266,1,0,-1.647717552674062,100,0
-1.975008396281812,-1.064521447402922,1,1,-1.150738524347263,37.732400078309816,1
-0.45915956949654374,-1.445001363446932,1,1,0.3279887731699581,3.8521536835909242,0
0.8435183454157302,0.6562259735417115,0,1,0.5487391965400505,24.13191655228573,0
1.1156931126355638,-1.0881387687442967,0,1,0.017631545443110262,46.88866472355876,1
0.2704879282747837,-0.07508037246321647,0,1,-0.6334767099536381,30.031611633816254,0
0.9216623575517435,-1.101356447676717,0,0,0.9462671316599985,47.75568960471449,0
0.8871331563073562,1.0195273422600846,0,0,1.8983637605670245,31.11670477164866,1
-1.8110449217971885,-1.0606793849205558,0,0,1.1915676625476825,15.23392574274457,1
-0.7603437861465775,-1.8433445738885272,0,0,-0.11814178247264924,99.4079446797985,0
0.32975088148841986,-0.0637657380679543,1,0,0.5770067542100064,100,0
0.8869774344055273,0.8452395255551575,0,0,1.5303351899022335,9.358680454239169,1
-0.16663410754743752,-0.7682307589886723,1,0,0.5561645086065092,11.83853119169673,1
0.20565072971019555,0.9716337370721865,1,0,-0.13928520462428506,5.939234758186547,0
1.5459596040760413,0.7377976320785161,1,1,-0.11142269982361995,8.541016841603703,0
0.36932748634987017,0.3190092987943083,1,1,1.5686867095202874,16.934545983361108,1
0.4256590650314066,-0.40760253105546934,1,0,0.21446099603184984,22.839587956820218,0
0.17926620004073907,-0.4567922507293466,0,0,-1.065898245199191,13.691738665200909,0
-0.6733648736392601,0.4872654997970055,1,1,0.11889510684299746,14.608284132315406,0
0.09062552523884684,-0.4883776689229873,1,0,1.2977669206752502,69.26103727772698,0
-0.7900745901809422,-0.005114711603389166,1,1,0.016124365717336303,4.261013524223618,0
-2.094105631091969,-2.2671670291051593,0,1,0.7834428905418175,1.704008017673903,0
0.4582261910398885,-0.30616964113106643,0,1,-1.8287487827762137,52.609799182195275,1
-0.19231527537228557,-0.43609783406910935,0,1,-0.12471121187670658,13.18632632624112,0
-1.4836300672905816,-0.5182187692449398,1,0,2.2703794591436215,49.1776487778367,1
-0.4819733975512559,0.13339576639129014,0,0,-1.4392502203869098,16.15349023918137,1
-0.13419327973680784,1.1358524807748502,0,1,-0.20761380893242437,15.275349121667377,0
0.3826219736852724,-1.7230841552057738,0,1,-0.2113620352816033,19.812214745398247,1
-0.8944518151400208,-0.6313907434565127,0,0,-1.365876999168311,45.349129666732715,1
-1.0616351806792932,-1.0151278086266335,1,0,-0.21939642070946266,20.422366807234415,1
0.20550585929812493,0.8065753301997934,0,1,0.560307212102706,24.87663537474309,1
-0.4635409725982953,-1.2701415394974456,0,0,0.4867976257197977,4.587421062380444,0
-0.8998711468401677,-0.46172892529994447,0,0,-0.7065853701336082,18.00141875762517,1
0.3264451820141144,0.04399114885506722,0,0,-0.5143365717909533,14.726448729845165,1
0.2450627999695747,1.2185022931239184,1,0,-0.1671292586191494,23.763746907069514,0
-0.2012345491887496,-0.12700113659871218,0,1,-0.33350697459417084,49.687545095035176,0
0.9633095546463036,0.029363644414939494,1,0,0.6526185417688809,15.670866880327901,0
-0.9229837299376098,-1.370223632416566,1,1,-0.7041838375397331,100,0
-0.4885882097855143,-1.0450180941152214,0,0,0.8007328886304612,45.625298083844584,1
0.814126954535097,-0.28780084499742004,0,0,-0.2779479149935431,11.35483313445528,1
-1.6117795301644435,-0.002526921561692541,1,0,1.1918426756467753,28.626088066316907,0
-0.2615306297476508,-0.35729799711193483,0,0,0.22959453558841622,12.550045105704122,0
0.4012372782433084,1.5680728917937095,0,1,1.2868053097386345,25.3701721941707,1
-1.135240563688284,0.6325494910811682,1,1,-0.34980838427782157,16.17362829918325,0
-0.1843595862457496,-0.4048107061025763,1,0,-1.8997200946332786,17.745097036172293,0
2.1456728681121624,0.4520342566172223,1,1,-0.3739139964777895,12.711553647842692,1
0.3572858522981366,-1.3893169084230899,0,1,-0.16009947437056576,92.41768625578612,0
1.6955644722032535,0.6997086167038649,0,0,-0.1983835400927898,20.458618109508194,1
-1.9303016806568392,-0.4278983407255734,1,1,-1.3937251534033557,36.833758824156405,1
0.6396420097882015,-0.523332602126326,0,0,-0.7598463472294354,55.031799457434495,1
-0.6372758026438787,-1.3652615613307655,1,1,1.242947270392825,18.22550075822211,0
-0.12368760631996964,0.2841116156253737,0,1,-1.187774892700199,36.47574462991015,1
-0.17033829509563006,-0.6160257464535723,1,0,1.2945816633648186,47.79630204379629,1
-1.0856132533038545,-0.5430715208154603,1,1,0.036440019569513815,64.84609982155736,0
-0.1025323807565831,-0.35325966245539264,0,0,-0.3950763782313965,28.972678017919037,0
0.7633129266065238,0.5091832959548198,0,0,-0.9109767850840076,100,0
0.34399401148138037,0.7679662811997304,1,1,0.48158095233102566,10.341163229728442,1
-1.6260961978786541,-1.2396279146683615,1,0,-1.150096851513498,4.137540567079354,0
1.3352358584307247,0.520776170755835,0,0,-0.5298652932136393,42.6246745600755,1
0.6067690571377443,1.7435921883542447,1,0,-0.5630005082209322,14.705027944610583,1
0.8455671039981217,0.17387921011188076,1,1,-0.48390867676376514,11.911554150153599,1
-0.12035878850416565,1.0569228415146417,1,1,0.9291024260246455,14.644288283819481,0
0.18274378629682392,0.3888980158474391,1,0,0.14042888142763435,66.95510437612795,1
-0.6071733826869419,1.3110154095156226,0,1,0.7375621935693268,8.359057055974503,0
0.9226240958079719,-0.3076901086845001,1,1,-0.3126362579186193,28.776691137831204,1
-2.432150722101504,-1.6218905470683112,1,0,0.5209708334873728,15.800408146794744,1
-1.0577320531208618,-0.20853627114930162,1,1,-1.5324740624938953,36.420139437889745,0
-1.505768008483157,-0.9867954601258744,0,0,0.0920275695434344,42.700758730338386,1
-0.9699133385292211,0.37704038329547596,1,1,-0.8071391083767131,4.052941657486824,1
0.4593304648450078,-0.502813703979335,1,0,0.6298405654797897,74.25274031071964,1
0.6682485191000312,2.0409355045410345,1,0,1.1178203017572723,65.6464136475017,0
-0.5668046612472054,-0.1474969484103265,1,1,0.3129484327426559,31.134526434465233,0
-0.030222122538333947,0.09321462376032401,0,0,1.8117900489660266,52.10456905182727,1
-1.6411991171984144,-2.1289862949578695,0,0,-0.1910978134693931,8.148600745936998,0
-0.36734745773338634,-1.213257502867825,0,0,-0.3223209122481098,52.95786796818605,1
-0.3229921897492323,0.15941456448537378,1,1,0.937845646116927,8.783564858294252,0
0.7214150905494224,0.727374284612851,0,0,1.3308548100272428,16.336067577947034,0
-0.02443325474929855,0.4140843582848805,1,1,-0.04377051732532805,72.23889234627326,0
-0.02835229265796764,1.8092034703206668,0,0,-0.507035464391938,29.231872812612814,1
0.18154584972487445,0.07961314260396395,1,1,-2.2778009391083334,4.248639919063631,0
-0.7312849518988899,-0.3910614066790122,1,0,0.6508618105222682,20.374781608543127,1
-0.6280301512064871,-0.4865869812839845,0,1,-1.2834951575132012,78.95673864607407,1
1.2276560645687722,0.0982814418570439,1,1,0.3721914071222169,34.69206038190457,0
0.3676937028103175,0.18910552316140797,1,0,0.13329820210047336,16.944579796626726,1
-0.6244289161610506,-1.3141771879112583,1,1,0.8128683947764022,27.009442097332574,1
0.5020502145731885,0.737502394270914,1,1,-0.21604288125045748,63.67499366588534,0
-1.2323695592434583,-0.12161833114805037,0,0,-0.7959527156080676,13.606634459463418,0
2.565287344918751,1.6813906948587931,0,0,0.5883643902368167,36.36609997582559,0
0.19820954348359038,-0.866071886157616,0,1,0.4129143437094851,54.772527836927864,0
-0.7083932889464274,0.20023581354970615,1,1,0.8186698807493857,2.873133558785886,1
1.1936102489786473,1.4955801957265236,1,1,-0.5804821661690444,1.7781848532827298,0
0.26568352501538933,-0.3367212037842976,1,0,1.4996518912026584,28.820368172033678,1
3.0631234245579098,1.6881054677467837,1,1,-0.8539840636126215,5.946987189641769,1
0.7667960989069843,-0.06518037568136176,0,0,-0.17337376645318636,5.710318189111967,1
-0.20711375080047742,-1.4348382283055048,1,1,0.36011722725106204,23.823727037164534,1
0.3010416946468229,0.40728303614121397,0,1,0.5524922255370625,6.235543438929778,0
-0.9235046920305394,1.0663579859858379,0,1,-0.4005178361641195,37.37541380037812,1
1.264743166027896,1.1959142266260658,0,0,-0.6925545790782462,35.84200036357545,1
-0.2744952504510395,0.1193986978693547,1,1,0.9882800036475607,20.76411279471879,0
-1.5447089616683611,0.5843329090881174,1,0,2.786439897402411,100,0
0.5646798546690937,1.1240672763763229,1,1,0.49519311758212714,18.243804946856617,1
-0.3007760160295372,-0.7296188701453291,1,1,-0.27977706445586004,26.196397611588093,1
-1.2536211111611295,-0.8484852711359856,1,1,0.8917533994820808,51.54519886448654,0
-1.4712902017937881,-1.1378319632370417,1,0,0.20640029601079854,60.6234996641592,1
-0.7171427124523732,-0.7865749391846646,1,0,0.5637211425457858,19.09093898935359,1
0.7844405052599309,-0.7971142358314938,1,0,-0.2924879035549232,11.001779786508433,1
-0.5814646950783549,-0.3323010511087613,1,0,0.08061637633324975,77.36563173305404,1
-1.7595802730436634,-0.8664799004847299,0,0,-0.8921928201022042,34.43751466398859,1
-1.2028464652336397,-0.2614905009069217,1,0,-0.6597151888417631,2.2084412322823628,1
-0.020482266410940524,0.05689074470864185,1,0,-1.0556278652222468,100,0
0.09491975761081144,-0.21333828901738658,0,1,-3.056224697415405,39.59141576286324,1
0.9197391773560591,-1.3562207834360998,0,0,2.1343085386258034,33.53731150898571,1
0.7729063092371824,-0.18734534406089187,1,1,1.9357216173827274,23.194003874708272,0
-1.6777316706835985,-0.624395745742574,0,1,-0.24400894982485727,4.8125364401689446,1
1.0513680310035385,1.880899573653967,1,0,-0.02567030822892528,1.71378263225334,0
-0.28816872588003517,-0.318357068777948,1,0,0.27044526440182454,2.053289228308907,0
0.8819484966374385,0.23920147221669597,0,0,1.0292225675906532,9.839553228302696,1
0.18824409373836418,0.9765754998600487,1,0,0.3579494862689699,19.802900040931462,1
0.15918776467116497,-0.34693992296356246,0,0,-1.0324183050081428,12.600475706793937,0
0.7643719874745412,0.4096843669683431,0,1,0.2732839533802633,11.578837024504063,1
0.04595095694662651,-0.6830363932977918,1,1,0.17816577354679136,30.908145236736896,0
0.7973879049233495,-1.0417613898105689,0,0,0.07292720269399776,4.2061925994644085,0
0.08872229771564631,-0.37524170211767177,0,1,-0.53904151941448,15.208677742704456,1
0.3667707373804752,1.9960375969007256,1,0,-0.5038963157499323,25.795509925066433,1
0.4876295419692957,-0.7698294677776656,1,1,1.0070619444724194,6.135778410051392,0
-1.2010280779634952,0.21843858526211501,0,0,0.1349041881087891,56.312346116838455,1
-0.9304768535548805,0.08609800434108456,0,0,1.5431943718063452,44.693094607460615,1
-0.6335261940297809,1.3869434592710237,0,1,-0.8520572073894102,36.61462573692176,1
-0.6657617255405421,0.0016140124156051039,1,0,1.4819031313192008,77.6011389267624,0
-0.21177975424512085,-0.2659306950835672,1,1,-1.2187293303913316,27.785862112440878,1
-1.3675868251324599,-0.867500969610675,1,0,-0.004583385933216985,82.08586146551872,1
0.657105983301959,-0.10567800471151417,0,1,0.12346057484071958,13.928514011663951,0
-0.4968050171702684,0.39947193713897355,1,0,-0.7941234558907461,34.9696476014099,1
-0.6023567628983062,-2.234850091909969,0,1,-0.0964573358601643,9.715690190827834,1
-0.4353418381438385,-0.14606156032103854,1,1,1.0221152931547168,3.14226698168826,1
1.5743950184795394,0.33349031372143906,0,1,0.7601432528960451,7.742412379171595,1
0.5289106779915488,0.759218538475098,1,0,-0.36643572975249067,35.70427670027964,1
0.7529629855465496,-0.4839989391773595,1,1,-1.6813683614723063,6.69484681200595,0
-1.9147345011181254,-0.5413457083014365,0,0,-1.1999390959005578,100,0
0.4121280339141916,0.2173284971198782,1,1,-0.4018264486790434,2.005475167882329,0
1.737092865883217,1.1843845707545402,1,0,-0.1573863761615858,76.03223215877372,0
-1.5279433257593567,-1.5487754164076666,1,1,0.930406340854769,0.17615656770926935,0
1.9789772342093526,0.5823877689789876,1,0,-0.8653956224752826,30.568111897198474,1
-0.8314044824438106,-1.5009333188842497,0,0,2.1599907256098807,47.73240023594056,1
-1.0183020225226198,-0.1353065576712938,0,1,1.8418525935659198,6.330101804648964,1
-1.0690678718673214,-0.4013948349344651,0,1,0.5118119447479138,24.063229745532613,1
0.8407517444915844,0.33463901151490083,0,1,0.7829983369786142,1.6277957227849056,0
0.8632881370018636,0.022474003052405656,0,1,-2.506129868447333,39.0155650452395,1
-0.5809515250954955,-0.17575494078500953,1,1,0.1749964840859603,32.03793950933099,1
-1.6169034029037954,-0.7326055136434818,1,1,-1.3498973140241466,23.41940532824616,1
0.11863936969566222,0.6950633640290296,1,1,0.9143325261800813,4.923570305271066,0
0.5289933642900995,-0.10631468430941615,0,1,0.9556441406636379,3.1511632771622202,0
-1.1386021686109908,-0.9422314986019158,0,0,0.44591697424611504,19.31061504432833,1
-0.464377662138014,0.16970738771974508,1,1,1.6900870463652988,13.957032710812703,1
-1.2535299711035615,-0.9328779779847973,1,0,-0.02252810535905475,28.410577428802565,1
0.44607541045494586,1.206851944540552,0,0,0.6687853574998115,26.269201192707495,0
2.241643815998866,-0.08743365181453555,0,1,-0.1234781252223779,4.930971755910053,0
-0.7815174078132443,0.20153324672043527,1,0,-1.9178157291267566,5.905573780400415,1
-1.5711870072187923,-0.6937193654568201,1,1,1.169041094233801,25.618657632805032,1
-0.7404917429537242,0.21108728326110177,1,1,1.0132407868986986,59.784954262256946,0
0.5437177293599531,0.6610905245856873,1,1,0.9106613971593795,38.03411695021062,1
-0.5383782455473587,0.1638640517568959,1,0,-0.22689921906489227,35.163508762606135,1
-1.6234364494986333,-1.045242512429009,0,0,0.5915888255738786,32.10653313559495,0
-0.8812235859873059,-0.49753316319822855,0,0,1.5480997591270538,89.52879006026933,0
0.16179148643859861,0.20826466858446058,0,0,-0.28572342879385776,6.639658458250011,0
-0.19308632090450442,-0.5910518512635972,0,1,0.35701064123137877,1.397921289793957,0
0.6391629494510094,0.891488693970139,0,1,-0.7251340703429298,1.3045646200664016,0
1.1625390559816848,0.20639595328921861,1,1,0.8062207283248837,15.855410752296072,1
0.4243326370777195,1.4124998624154887,0,0,0.8902994688430108,22.422069964915917,1
-0.08148548603009802,0.30011880148487025,0,1,-0.5776632357942784,14.061737928683405,1
-0.9057423374081517,-1.291624261707534,1,1,0.7935156313105882,22.279676035398683,1
-1.0929782107068544,-1.7639441458390408,0,1,1.7227846816426877,48.33814245325321,0
-0.43233330062117675,-1.0606115357783374,1,0,-0.22928714285406815,18.781801238097078,1
-0.41098333323991665,0.52266353325169,1,1,0.9859933745327946,31.519546431451218,1
-0.14597556812675985,-0.5231998500316849,0,1,1.5170969833805126,6.6485462816277,0
1.975201280219629,1.199748153402542,1,0,-0.508260318288129,68.09593691658372,1
0.0010718096755932824,-0.19123905200284436,0,1,0.9461579044379688,4.756580621546425,0
-0.6936604232979436,-0.5042094622288387,0,0,-1.5388072796133319,18.994869336609124,1
0.299221365381956,-1.2731020689838546,1,0,-0.5401066411599875,44.544239163300205,1
-1.1315220632688254,-0.654022901209093,1,1,0.25121252215052475,23.713752582211086,0
-0.4110400754954283,-1.1186848446631106,0,0,-1.2292085557653467,100,0
1.484342991096695,0.3182460667973249,1,0,-0.27605379144949077,27.157191439070424,0
-0.3505475722002305,-0.6002265343167695,1,1,0.3115665950004693,19.88392887267938,1
-0.5127677921094426,-0.5173214177329566,1,0,0.5723229609527141,51.13416690948521,1
-0.6601546464779081,-0.6290754752926907,0,1,-1.4544882317997592,29.140506139946865,1
-0.13442411139164703,-0.3228206146822266,1,1,-0.14517700857965182,30.99405546743661,1
0.717134016643736,0.5481323490190314,1,0,0.13496284442029213,72.76995108223393,1
-1.093382833585758,-0.7651692777469952,1,1,1.3375972180178914,23.28145310310461,1
-0.7613607441521283,0.3885061413101671,1,1,0.11369227107214264,20.815008746052126,1
0.03910451591821092,0.01135555711950913,1,1,-0.40334362108988076,23.502410079227275,1
-0.3732473755584918,-0.046418329352399174,1,1,1.3981172852180508,14.62736007648248,0
1.0801593485659362,-0.6085542829501276,1,0,-0.08511150766403386,39.06552510868048,0
-0.24681485499232772,-0.011438667042624792,1,0,-1.0879150376820585,33.89489589080243,1
-1.473430907591574,0.11231870918463538,1,0,0.9512895198270275,16.55933897760148,1
-0.28724416260008606,0.24450370075579445,1,0,-1.6935322975625986,46.20091101920907,0
-1.521436945773682,-0.38270043781845,1,1,-0.6911912160781926,3.678474043085658,0
-0.006331843296769314,-0.19067049667950353,0,0,-0.15571791897738987,90.48927869240708,1
-0.8964927082852071,0.6587379735397334,1,1,0.9727157529638456,2.198362940371521,0
0.8779061206419679,0.8394405768506044,0,1,-0.043962788842979314,17.502127130106977,1
-1.0344474367227778,-0.8470710413727769,1,0,0.11453786744204662,26.573514421994354,0
0.76496510955565,0.8464958306418728,0,1,0.2460678842027958,9.539503610712927,0
0.2963630431709803,0.12007051790501695,0,1,1.62797346505567,11.414368735878265,0
-1.2825454061728596,-0.15013178043108832,0,1,0.8652321739068877,35.132741981593604,0
0.5263864952270052,0.3773406536302151,0,0,-0.741359375802645,41.52287247731071,1
0.7442005921159591,0.8394756136985382,1,0,-2.270030256836841,29.465723035291063,1
0.6370356683633464,0.12111158347736767,1,1,0.35792388899338223,7.054988957805262,1
-1.9242255243610034,-1.5405064288827013,0,0,0.19390810825573945,20.905022661926957,0
-0.13863472324314366,-1.1594245099828464,0,0,-0.14743679346912314,41.41727564202253,1
-0.40025426102084943,0.21577835445835694,1,1,0.08794449209781245,31.76188600880381,0
1.0985069885609369,1.47191312815968,0,1,-0.8946306027317854,25.901705310376325,1
-0.13034865225597253,0.12010222339509882,0,0,-2.0423463325279094,6.167952572835871,0
2.1292675687000884,0.8187477746131275,0,0,-0.1746786640721693,6.446583127553441,0
-1.620606229752884,-0.09464002576917752,1,0,-1.1425879192467445,74.257258465931,1
-0.6395353944025316,1.4214920990249875,1,0,0.9035674499343384,100,0
0.681995797991867,-0.38139972301039665,0,0,-0.1738980032537523,58.73047542151179,0
-0.5340333100366248,0.08153543263972374,1,1,0.4061747024586598,13.733454212843489,0
0.46020075733578825,1.3304078480396133,1,0,0.11178607534187364,7.820420320785488,0
-0.7829022468858273,-1.489524713674065,1,1,-0.08014013661696816,26.859700582984118,1
0.9320630231061532,-0.12905339044012337,0,0,-0.8227374641728602,19.035728562995924,1
1.2302530991001166,-0.789121124219016,0,0,1.339184182595649,8.341594964647365,1
-0.6836379203504205,-0.5125971677098271,1,0,0.5635785809239271,69.54448650860544,0
1.2432612860330579,1.4887831766875221,1,1,0.18455789548894333,2.108864829664131,0
1.013886077972825,-0.02052693847737197,1,0,1.6040476653102809,37.21649454216262,1
0.3706080500327699,-0.027342501516052192,0,0,0.8023657973970673,31.34079963271354,1
-0.6543756256025278,-1.2244622344934952,1,1,1.5343921530498783,16.205292498165324,0
-1.4488840652675719,0.12452782968623377,0,0,-1.1666250402685843,11.405099846069726,1
-0.9680894133427074,-1.8952047752898622,0,1,-2.4903738968522084,8.163148226605932,0
-0.9959434665481101,0.7963534462444608,1,0,0.22590890938420236,15.435483593689572,1
-1.485984913136673,0.15693033038234172,1,1,0.3513047104558149,16.184781145001775,1
-0.5156884925199767,0.44008612857433693,0,1,-0.8466054699466091,27.055465199655846,0
-0.3283615596295498,-0.11703295718614269,1,0,-1.2015193209446804,38.702901549665484,1
-0.6758419825561366,-1.2926258381969362,1,0,0.9741812440394498,74.75180803576683,1
0.11783218364877206,1.4964534883666898,1,0,0.6078290763743331,40.145220628757976,0
0.10507996016468393,0.39455615146232237,0,0,1.0888269795136423,50.6943759946247,1
-1.5724728027025006,-0.9027115425839409,1,1,-0.5896255659415521,15.39478273993191,0
0.3399696503093002,-0.9159445681816127,0,1,-0.9019703830407388,24.645033931489344,0
-0.3374268616968133,-0.04501712634808999,0,0,0.2158244878078564,51.61959575118866,0
0.10072816129130721,0.8375025224703873,0,1,-1.2206527646586824,5.4585892466202655,1
1.6539528573909057,2.240647675374889,1,1,0.25772423616993806,47.47982459028334,1
0.7000116657901835,0.34843459847039715,0,1,-1.6351376473519128,50.470758653049096,1
0.0672432153259975,-0.9744482808798787,0,0,-2.522957302132211,37.80900715677951,1
0.010785542510292822,-1.0875535939423588,1,1,-0.5673326398568969,23.44378530118795,0
-0.5082768560681357,-0.5290514927988031,0,1,1.0121673949917094,4.395415537811007,0
1.5827097830778192,0.08275956793949979,0,0,-0.08438742514594068,27.941114152425968,1
0.1726513354070537,1.2092635859467074,1,0,0.27806001230764543,29.013924874988316,1
-1.0194364146206254,-0.28040781222893024,0,0,-2.244862612064584,100,0
-1.0159527874659986,0.05201122152068671,1,1,-0.2276049224354932,0.7468156808409568,0
0.49350400746233686,1.2830230419938036,1,0,0.919357885108441,29.462894332821914,1
-1.392996913295164,-0.12238560468401005,1,1,0.3721407686225301,41.04327300943741,1
0.8434288772888008,1.3685668826521389,0,1,-1.5591232998835336,14.081530539231983,1
-2.0137568870814486,-1.9427211715138129,1,1,-0.15478515525279907,69.17918336193618,1
-0.31026457076580327,0.6964606121079762,0,1,0.5840347588804407,74.84267734970675,1
0.5865216505362582,0.7646231813264098,1,1,0.2752758871682883,36.05543795377992,1
0.7963170529517822,0.5178721360057432,0,0,0.24612913761034524,16.744431504368727,1
-1.5744803365343727,-0.8374226304117331,0,0,-0.7985688584676846,49.60965902118359,1
-0.2634894924770334,-0.0836041212535043,1,1,0.19639965339523818,85.41901593958261,1
-0.3071903382583562,0.4167570751709114,1,0,-1.4941662084237872,48.517139363372024,1
-0.49352106720164224,0.5379153181342651,1,0,-0.2118357490543409,5.441278289739645,0
0.360754305918333,0.9806184728927887,1,1,1.439895786871389,47.59057330041011,0
0.06427083168844455,-0.3332168785945486,1,0,-0.3795395204643123,79.67864627609202,0
0.8291930066695957,1.3067421961574612,0,1,1.4525000679345648,7.495275426225191,1
2.4074805789303295,0.6566301317153457,1,0,-0.6991539321829544,67.41809827084406,1
-2.076606051078663,-1.3912200619471176,0,0,-0.015182333303343903,100,0
0.4872504534436948,-0.32400920475214123,0,0,1.5642588309274232,21.58851741602831,1
-0.9782952711036275,0.7645027411968278,0,0,-0.20893212626099836,88.60090521937909,1
-1.4466229746332804,-1.0849927558764425,0,0,1.967551516482576,43.502160843059514,1
1.0384975783571149,0.4261210905488694,0,1,1.3969164038256097,32.63532641968585,1
-1.3789518647348868,-0.7639075722509828,1,1,1.628038930737113,14.508025045055994,1
0.6636313891738589,0.09245892892557026,1,1,0.5145024373923467,7.325663848476766,1
0.21110672950018758,0.0871922366970232,1,1,-1.185747079873175,31.03759352141592,0
0.05274941402665821,0.009368984874551723,0,1,-0.14057254084720727,8.509015388815719,0
1.6811549557668157,1.8391134211910245,0,0,-0.4050451217392208,8.875394324833511,1
1.2114084918689558,-0.36255657875967506,0,0,0.9874716572616706,39.0181489980891,1
-0.9939233152317046,0.39241479009555846,1,1,-0.12050253793352173,16.909340233122922,1
0.8031261803218546,-1.3890962180362334,1,1,0.6655220610537591,30.072439155363313,1
0.9070725632274748,1.4374769723995642,1,1,-0.3880816524196623,41.53367437193344,1
0.8014636266591394,-0.43551239751686094,1,1,-0.20789451371953604,13.441461205504957,1
0.23652506710119903,-0.046617161244719235,0,0,-0.6143693230970797,29.3526518169031,1
-0.1324068544442345,0.2988270464017741,1,0,0.8631472136634238,29.755611538432454,1
1.0001142309944373,-0.25960814229680196,1,1,-0.2127746662814991,15.140314331368023,1
-1.1206503664995258,-0.7229519335766705,1,1,0.7037533045594588,23.50699395711168,1
0.9080750979195127,0.20273528461338747,0,0,-1.112413728692725,4.539692648203408,0
0.4129002777550143,-1.1063832323303462,1,1,0.453870539783727,13.837621221671947,0
-0.6314963019983061,-0.14969479427673754,0,0,1.9561652881132403,0.582985535808438,0
1.465168821286544,1.0873161268757232,1,1,-0.3807373260641889,21.272256712593926,1
1.4378066498563344,-0.08378374901286956,0,0,1.3259935801466596,4.065867777239427,0
1.4825592415861604,0.2943025520414874,0,1,0.3342862628188972,14.952914871545126,1
-0.4650073329371394,-1.6924459286200364,0,0,-0.3375535293259347,15.065373365196747,1
1.0969822639178082,-0.001098464053826076,0,1,0.3216663433455008,30.894587889273048,0
1.3353454160101605,0.12914293828840062,1,1,0.39513246323986256,40.14598268904265,1
-0.051820135653403106,0.44084048999056047,1,0,0.6915766612797274,24.40716778180258,1
-0.2744492352058114,-0.42397466542515505,1,1,2.120625950905805,35.83228223817406,0
-0.3368481445641395,-0.42301119487164435,0,1,-1.2773819397168327,36.41856349229475,1
0.46706267131464985,-0.9495288234504156,0,0,0.4580494866457621,12.23238805066069,0
1.2545862056306394,2.979681016438235,1,1,1.5824203088584499,13.199780413729586,1
-1.553651718808124,0.8426214866239496,1,1,-0.5940118515781692,1.133155750078161,0
0.13954907794341345,0.8712870979086945,1,1,-0.26793740164284857,10.957417590295174,0
0.2756042928734886,0.36139120921679013,0,1,0.6671071061732874,26.267425157100458,0
0.5763662805910592,-0.11094226723480405,0,0,-1.1878390108114607,26.89749338202902,1
0.5701785719898455,2.128230204840625,1,0,-1.3023503143915438,6.245213688893877,1
0.9567348349362443,0.3201216713583588,1,0,-0.655085700898444,15.786417149217193,0
1.2308305250003573,0.4067634421320097,1,0,-1.413902484677596,30.515688196834216,0
-0.3327183545454899,-0.8480496239021095,1,0,-0.6542763748018918,7.860171219502794,1
0.8731053815990523,0.7303999704453221,0,0,1.2388310201053518,88.52477406385941,1
-1.3788942765176044,-0.8287026841292546,1,1,0.6012889639062249,63.38087583856118,1
0.14672231246216239,0.10036683296919148,1,1,0.0652535182536382,29.682216608104223,1
-0.5318045343104294,-0.9194946312736667,1,0,-0.313989049368775,8.505276036906436,0
1.9986709136848484,1.5486238567436883,0,1,-0.1149979804382871,32.59748348219453,1
0.7727457782162701,-0.016984200331985666,1,1,-1.4351102223643197,30.755015774244086,0
1.5930381106992786,2.356653937148206,1,0,-0.6712281239413252,12.938283216313373,1
0.9092352612067919,1.0266681173641645,1,0,-0.37664549213664184,16.557420131643195,0
-0.5503363290334601,0.9274266941868539,0,0,1.4032277556051704,55.62584065552599,1
0.10943515822880588,-0.42515990144380333,1,0,0.40928525218651524,51.26109861844793,1
0.44823187017105526,0.23308799934467186,1,1,0.12893408510913565,8.587326965398555,0
-0.7001893583324621,0.18646959582411637,1,1,-0.36039983114135793,40.27644158322419,1
0.5133200855842652,-2.050227087137012,1,0,0.9296619309579895,63.4812888816496,1
0.1540967516418026,-0.9966644251648062,1,1,-0.6342019303314097,4.084626496696831,0
1.3605226696001067,-1.044889687272946,1,1,-1.1205284165438212,16.93574977564841,0
-0.36731243103753364,0.3877807380827814,0,0,0.2336240616311436,98.29817483658233,1
0.15039894184397368,1.0747171667720015,0,1,1.3423818001231085,53.598900380146134,0
-0.5987706004067552,-0.36478623447967307,1,0,-0.5413809823346382,17.73862334491031,1
1.0326675500868994,1.4436992925809957,0,0,1.8763634678695094,32.87058360515457,1
1.3060463846442119,1.5233078276282557,1,0,0.620981572631885,51.11078674204666,1
0.04228004395212141,-0.4471103067082125,1,0,-0.9960908111289781,69.43739467525047,1
-0.19153151942097754,1.2965744497580305,1,1,-0.3269803527109455,40.68037359232728,0
0.7378934540839988,1.3900207049069642,0,1,-0.23953537925227733,18.876219577439375,1
0.8665809407186821,1.0770448636595011,0,1,-0.8328899362033159,29.15011367286697,1
1.4714974524270386,0.021050423267225726,1,0,1.094632478024589,32.800360711618005,1
-0.10631104049105625,0.31421811802769506,1,0,0.8780904359482474,4.94573144947947,1
-0.1435690439723842,-0.05758349357940076,0,0,-0.8541516092993809,46.19898158372975,1
0.7649651105051729,0.5027145363329942,1,1,0.8718044027774715,19.459950021213213,0
-0.6095575287938172,-1.6541908989877614,1,1,0.5952105838711186,19.898566049870634,1
0.14880105266619623,0.681631362567268,1,1,-1.5145483340659989,38.91160291546249,1
-0.02010820406304976,-0.6576943308635387,1,0,-0.6018762712165222,22.039963735772123,1
1.2316915435244606,0.9659241486567547,0,1,0.19284812364636322,9.485506180616417,0
-2.224819292130182,-0.9064436983697204,1,0,1.267672841075084,48.071130623140036,1
-0.4029821510241734,-1.2135041471303822,0,0,-0.7303955787566722,100,0
1.2635862683571186,1.1407714202222106,1,1,1.1031483360939207,34.61092711736333,0
-0.10515868052329731,-0.6064904949341853,1,1,0.8820712208078272,38.67563749889834,1
-0.8373413646307688,-1.1744811018309487,1,1,0.010144339863183895,2.138084320582917,0
-0.5302901553179623,-0.5488353157013186,0,0,0.008612256569690823,28.200306935805717,1
-0.7604929674197224,-1.264152521814498,1,0,-1.7077879123543687,62.148517946627756,1
-0.33956838750831475,-1.654826157973392,1,1,0.68503634064853,23.506305442790758,1
-0.21856890991578878,-0.02434341031558744,1,0,0.19643770108762246,16.557620868965685,0
1.511642633931246,0.11574434917414689,0,1,0.03532467995170746,9.211486029420715,0
-0.6751309835900342,-1.0599853017785772,0,0,-1.3131459558041791,9.67298060919268,0
-0.4307866591152962,-0.7218231014080537,1,1,0.12473197987799914,20.272512889501474,1
-1.657825604499674,-0.5982745216991976,1,0,-0.07084471121178204,25.5211857386465,1
-0.39689638130179755,1.0669410384924574,0,0,0.5218598005812592,13.704289616296553,0
-0.8826502611363121,-0.3161767145353118,0,0,0.19963352548539606,69.28106553943603,1
-0.6091094580703348,-0.7633148344616496,0,0,-0.6107903414259732,44.50010084051093,1
-1.144313016069952,-0.73554494705241,0,1,0.6869831995543816,56.53933560702385,0
-2.855428096288089,-1.5910529385502767,0,0,1.4547218101136268,41.76949087074217,0
0.17107365041794928,0.3924982888494213,0,0,-0.16471196901760904,100,0
-0.48716348334209647,0.8639924691216925,0,0,1.1497068919988076,33.48611465800528,1
0.33057912105206244,0.6702968157253242,0,1,-1.0889523579035822,29.772704286594493,1
0.7872304589527682,2.0535063012171277,0,0,1.55864218997196,19.26315964364509,1
-0.29648725785527863,0.747329087859156,1,1,1.472521555876122,88.42627104660237,0
-1.3380693044060847,0.8912611136797108,1,1,0.6503716950037729,16.08223546898303,1
-1.70507783015598,-1.0733980254684192,1,1,-0.09435214161359635,85.7955917137391,0
0.6289966461127778,0.5071222548798524,1,1,1.273694456247898,14.495302389001472,1
1.0390550846762052,2.4900090645956157,0,1,-0.1621438701394169,5.6749548745215685,1
0.75089088418613,0.20179465701274563,1,0,0.6614508131804552,29.39160713439397,1
-0.9438431877099349,0.4293491529489257,0,0,-0.626622346531944,25.677633870380678,0
0.26779358274543275,-0.9445601242220235,1,0,0.6776623787043358,91.30731459194983,1
0.18661746659464903,1.3364908330333074,1,1,-0.7057155979817595,10.437528160776369,1
-0.11451396251907586,0.3275761084119485,1,0,0.2142380973318833,9.892215224942754,1
0.43204227660322336,0.32442102302552844,1,1,1.2952486669951857,43.70669899542605,0
1.298451273226226,0.22004328142240326,1,1,-0.2155595019281771,1.2961515076622683,0
-0.10079588143981179,0.41266080345624656,1,1,0.39504429957323467,7.241110002466352,1
0.12943355354711272,-0.5496470787904068,1,0,0.07678587475993157,79.0074003798127,1
0.074637809963734425,-0.15879770621665337,1,1,-0.0764990669630916,32.41325739282873,1
0.46963319827134975,1.0063436149245621,0,1,1.1161601491337199,51.941464355298436,1
0.051382447507268704,0.6969677915584922,0,1,-0.4941024422223397,60.127910041202604,0
-0.5656819805973494,-0.08240436668225032,0,0,-1.0229908860609866,4.8759910495030105,0
0.8486028025201555,0.27693721649940056,1,0,0.2633852789493221,30.383393874481996,0
1.726613392701204,-0.3312480396327788,0,1,0.926135733993589,48.43423666523885,1
1.8231170076165242,0.34862030486384255,1,1,-0.47929817649170564,22.525544109590232,1
-0.21748235296169033,0.15675318466723207,1,1,0.6780283319038732,34.54968293983033,1
2.0302324875119857,1.5696097079573212,1,0,0.9847709330913336,42.0643115500895,1
0.4932816780857141,-0.5757575100570805,1,1,-0.5244300547459696,16.683959917763303,1
0.5803348093155195,0.9394191940468102,1,0,-0.46679549043444835,18.618508326134386,1
0.15426623887277913,0.7735146798928202,1,1,0.17262647169312198,53.65990862496667,0
-0.021450733405051832,-0.6409239177370143,1,0,-0.6425046982385129,38.75499764758423,1
-0.6679349034538635,0.2941085627717357,0,1,2.299398648088874,14.753941088884366,1
-0.8714714120232278,-1.5047158410858408,1,1,1.3554306395750302,8.99314262795525,1
-0.9716164566964317,-0.9665299736133321,1,1,1.8744506460929447,21.435680684840225,1
0.5641686026836394,0.8425798200829255,1,0,-1.2413803389241476,14.066968206412215,1
0.7024606223890587,-0.16607879505736683,1,1,-0.308652524464366,17.361725030909014,0
1.8508395745116923,0.14703900132500136,1,1,-0.34102184881748926,27.329406112069133,0
1.7198081603723219,0.002399672577613088,1,1,0.37936681054871574,15.95028897720984,0
0.8227458060709316,0.6189007968133668,1,0,-0.6714153727379274,4.674893244909122,1
1.5589541541691598,0.7722466848252306,0,0,0.08003972963481942,10.855887163218702,1
2.031242518755249,0.724324396186173,0,0,0.88215369925515,32.919883171913106,1
-0.1940386593230277,0.24850965307884415,1,0,0.25471516976346803,8.505964713530703,1
0.47053741201343957,0.06289768663790984,0,1,-0.8772555777935216,41.18479116452774,0
-1.3143474215832343,0.9287087768747635,1,1,1.683061007314711,65.4618468415197,1
1.4805166742169225,-0.39967612780995254,1,0,-0.22408912747324777,47.95690759786524,0
-0.8066237615039538,-0.009304511939443372,1,0,0.6799699822304337,34.41795279017182,1
-0.5677070775350973,-0.45194463555300696,1,1,-0.48555678090959825,55.22488405009494,1
-0.5666998600043746,0.3690295593925735,1,0,0.9326662539895664,38.931541016942745,0
0.25905626088033695,1.3640486792783293,0,0,1.5347771273266004,26.091212029631208,1
-1.7235127782107769,-0.7404077821444675,0,0,0.8351687440842247,2.786609628419693,1
-0.30275915652477403,1.1995901037095889,1,0,-0.1419374412701691,17.28528503121954,1
1.3019141954731086,0.8335742509473845,1,0,0.5928695621133148,16.786557763698454,0
0.9109519301147888,1.2538250833948354,0,1,0.6794668980253494,0.2858586166680804,0
0.004310894195634708,0.00866843272055009,1,1,0.2542163673180374,44.48341660245912,1
-0.740718293914497,0.15995366154297752,1,0,-0.48686637817878964,14.70026330901108,1
0.47330958505250803,0.4243076313007288,0,0,0.3459945408664864,56.83571623160223,1
-0.065119863710335,-0.15282451675755776,0,0,-0.3476671574538494,51.37679082128281,1
0.3612139213950657,0.6395636718580524,1,1,-1.4383465132795556,19.01285281867403,1
0.3558475451142835,-2.1152697399183307,0,0,0.040953233490293596,21.596999241635128,1
0.53125703463987,0.40507095182270825,1,1,1.677949910538136,35.44032648743282,0
-0.574395605117807,0.4845886577328289,1,1,-0.1439135327944003,23.938490077817246,0
-0.540302200815025,0.9010896052816917,1,1,-0.11170882921674852,0.2992786766330958,0
-0.8671294660068537,0.8144681176103765,0,0,1.4545335855893273,0.8193136249143086,0
-1.0373532533625538,-0.21873223039208972,0,1,0.04337783456699704,5.658104052171241,1
0.6379752131699761,2.2909238241355183,1,0,-1.5825653682468674,21.57999743607352,0
-0.11956326735285142,-0.44192799521610254,0,0,-0.6241468526015066,38.27179112916959,0
0.529201042353521,-0.13387968116364635,1,1,-0.47622072372488805,4.5933411612044655,0
-0.6793321953946302,-0.2922386464967254,0,0,0.43214656855429745,13.12359491059231,1
-0.38240651907022016,0.6972707900607161,1,1,-1.751741132507168,33.26160427617579,1
0.3428284795701884,-0.8998267210204414,1,1,-0.8607399260301818,10.250999234919284,1
-1.551226711716853,-0.29534192746062904,0,1,-1.2391856144876918,14.017665989022726,1
-0.6933120484292508,1.283408166012916,0,0,-0.9688308830274396,19.470087084389995,1
-0.8611278393024034,-1.2121354946150569,1,1,-1.3670213955157013,32.0062934406446,0
0.8210639848412663,1.317316220869918,0,0,0.003534569519351178,30.116754777091774,0
0.5183356636995541,0.11068843837223225,1,1,0.09708454268174681,34.09708622028009,1
1.099465978734729,1.4917012764669337,1,0,1.276825487425564,0.8056973932919571,0
-0.5130335386067483,-0.7214340156802694,1,1,0.13673530016731034,20.48731096718535,1
0.26017478144207223,-0.7075130254808263,0,0,-0.5249575962480475,66.37101843039717,1
-0.3177622050763372,-0.44298499093732013,0,0,0.7803455534111207,58.22051301328257,0
1.178716281537821,-0.1247260566287538,1,0,1.709401236473464,4.753246404814345,0
0.500441852253593,1.9593304791741606,1,0,-1.4775462168224038,13.863572876913874,1
0.6189137823802152,-1.0052339148608918,0,0,-0.9743978079360154,65.59395640068212,1
0.8261007023866114,0.702805976364653,1,1,1.7944431852452296,3.038570284123386,0
1.4286576630298384,0.7409556271779868,0,0,-0.3146022827895125,42.875377852209354,0
0.4295022030759243,-0.5386573982115719,0,1,0.11228325784329556,4.576194185431845,0
-0.024046551011189566,0.12973819012507343,1,1,0.5514259949069777,36.27970740668165,1
0.2312625157493203,0.30849150500439554,0,0,-0.542811138741253,16.895060099912264,1
-1.1210321320045122,-0.22542668752003214,1,1,1.2404977436246452,16.501979500459544,0
0.7201468519732399,-0.7077163385214488,0,0,1.2847044418435296,36.777721169144414,1
0.12401586449430863,0.30980424376904797,0,0,0.8302225175218363,51.100969132364824,1
1.4110745118481245,-0.2673647753967858,1,1,0.8207294073462466,8.975703078360873,0
1.2252136819419222,1.867303493933554,1,1,-0.007326882390080451,18.146463812739032,0
0.4121827783279789,-2.2759832694302373e-4,0,0,0.287504495763538,29.802883458450548,1
-1.5445536505255952,-1.1122773672374842,1,1,-0.7531765484288943,1.5962619994620086,0
0.18294413101196252,-0.9671251747941938,0,0,0.02317345915505657,28.654529767947345,1
0.24521852214234063,-0.8789835803497549,1,1,0.8897340583356088,13.746315726570725,0
-0.4624539661000598,0.4965215114293039,1,1,0.6326158636419429,6.507137818318892,0
-0.3637488701122648,-0.05316300431817783,1,1,-2.56903941075057,0.5137965166669107,0
0.7670128138065436,0.39445744772204333,0,0,-0.43770797356318275,33.104187492312896,1
0.19947351107363984,-0.34730355741483043,1,0,-0.4105351215374082,20.75007197235319,0
-1.1809943620379943,-1.2979060765000068,1,1,0.24154692994052432,22.456801213911483,0
-1.873166034819236,-0.7727045262017286,0,1,0.4463505835610008,6.3499848000635994,0
0.444962429995168,-0.37188737398587945,1,0,1.0937031009283293,21.490360146992156,1
0.552810767743104,1.045938251585992,1,1,-1.3442014458994516,6.973387818443977,1
0.8171302601528271,0.0397905402487263,1,1,-0.275408369323181,23.430296977429173,0
-1.1593926164719521,-0.8935876584629066,1,1,0.489913490339989,13.960961896693174,0
2.03252048921788,1.14480285591916,1,1,-1.621161585550423,32.96181770316034,1
0.7184253057234058,0.3223242734207535,0,1,0.3256872417260857,47.19677880210248,0
-0.5635395550908051,-1.4430010425841813,0,0,-1.0367162552974394,27.279975615358794,1
-0.6132531332397646,-0.6410960684320004,0,1,-0.07044231927409984,46.557627881405736,0
-0.29737684372514805,0.20329211390478008,1,0,-0.20401336050847227,7.359183450825329,0
0.8443332280804836,1.198811405909375,1,1,-0.11999152823639148,3.059172580191108,1
-1.660934815953134,-2.0467956076409983,0,1,0.7224171429259972,19.718342635729076,1
0.8834550677925745,0.7570477257128091,1,1,-0.6406759498148347,73.31088254087264,0
-0.8315393789663896,-0.4029633271305978,1,0,-0.1123383280853243,83.05442243666583,0
-0.4945576458248603,-0.7905617422830515,1,1,-1.3304451919012918,20.58940368184227,1
-0.18841143737313662,-1.1033293856471968,1,0,0.14593876011640386,14.421979044379803,1
-1.4669054625429376,-0.670339241672463,1,0,1.0280118656596964,38.828353000719034,1
0.4850313547347306,-0.13778868920499826,0,0,0.5426326006667901,14.429439880083502,1
0.5189013027586356,-0.5867304908059687,1,1,0.7047335616239064,100,0
-0.3672856719449673,-1.0593133836881234,1,1,0.38747529115696827,45.70128892026576,1
0.6921423022533945,0.5665091697312612,1,1,-0.3100047050144272,23.975134742856167,1
-0.30885512342169913,0.5284398482989515,0,1,0.38514137695784223,21.98010955959278,1
-0.3866440474705625,0.6767149257579672,0,0,0.5159700284725134,74.06406419664926,1
-0.577644590347477,-0.779332122710185,1,0,-0.2992557624269181,0.2626956493070411,0
0.6497471463284747,0.17520342178856563,1,0,-1.1852446948271815,2.035275815832044,1
-1.2646692410193503,-0.4357090114663794,0,0,0.3443099323913997,35.06637803593864,1
-1.7223132750370986,-0.8927229684728057,1,1,1.7589184355459462,16.380441817459555,0
1.51567644860476,0.8454471255526892,1,0,-1.331076504430405,20.288123448614872,1
1.895822700547228,1.561021547551789,0,0,1.4220113850532243,10.668690301508418,1
-0.3975432807017584,-0.7402054959841873,0,0,0.3357887360518447,41.63423152979064,0
0.9082137988695221,1.7870440008869706,1,0,0.05636094070589751,24.238847641121723,1
0.5575556523202184,-0.6754770003906307,0,1,1.355212206418006,13.55170790339785,0
-0.5230771078424933,-0.2405609363337321,1,1,-1.3602021155726767,6.571391348017603,0
1.1870379457730766,0.38404650424710773,1,1,-0.5263294029423025,22.35451044493301,1
-1.2319673358629504,-0.2381301128798552,1,1,-0.3308045613034392,22.364953120222886,0
-0.34468495779662167,-0.24047522488846718,1,1,1.7416398292405304,18.06303848511296,1
1.1790494957538258,0.11662642691429359,1,1,0.02099624499190102,67.28987657151367,1
1.0421965136879578,0.31176815153765197,0,0,-0.7362473001882346,25.105522153874443,1
0.7626557671120153,1.4031348972300743,0,0,0.5145718547729174,68.751166002591,1
0.28006122325930544,0.7914069211595054,0,0,-1.7185952107297624,18.75403404686562,1
-0.05241325714535567,1.1001360611347513,1,0,0.04339162824552792,51.959313446900055,0
0.6888496147289952,1.1993767568389213,1,1,2.863832399078256,13.919094842964336,1
0.3162598139488546,-0.2877389524092193,0,0,0.33287161660121695,20.974594374666918,1
-1.8509524680252918,-0.8702501871527182,0,0,-0.7199879011295088,11.904791145406065,1
-0.33856892013295886,0.45514927532352145,1,1,-0.32804959950682033,4.468394566892974,0
0.8112102795770018,-0.8820771819677687,0,1,0.07851191942793566,56.80509950424148,1
1.3498941336841026,0.6524811759723268,0,0,0.9113305546645388,100,0
-1.4361057357832416,-1.3076877172957322,0,1,0.0856054255890571,59.765388878662975,0
0.10272360376864255,0.8007683786650269,0,0,1.192083059507266,85.88283684288476,1
0.461871122507369,-0.6742980125667865,0,1,0.7283991445178416,25.676966871436402,0
-0.8442847883772014,-0.6186731740075728,1,1,-0.5846937876165614,31.545129975814675,0
-0.44364340715273054,0.7454147307295402,1,1,-0.6529542241404229,55.377675344199396,1
-0.1283180736093817,-0.5467449377304775,0,0,-0.2816440943836655,16.17866916715565,1
1.62828746438914,0.4026900364498004,1,0,0.4111426074366457,6.780228547063233,1
0.8909611249579859,-0.12470192702936844,0,0,-1.3182892442925012,46.40150470060033,0
0.9178949778745662,0.273631823589213,1,0,1.1836466431259467,20.64795452918934,1
-0.2057869186529479,0.33148807163223815,0,0,0.6387589755728713,54.995163404645574,1
0.647435702890285,0.3964992396388118,1,1,0.04311085689168583,13.727979977150685,0
-0.35003861921308543,-0.3140483490860956,1,0,-0.9163871769989289,63.415412511309555,1
0.2653647584045774,-0.3034603241817073,0,0,-0.3569860219844491,16.858413576843343,0
-1.2913022530917466,-2.782353761503191,0,0,-0.4682092424838847,79.61725932594676,1
-0.6476188822576094,0.5296894259706505,0,0,0.40826166663453517,17.262806412066425,1
1.4997037042092047,0.37698761096756805,1,1,2.0780504762571423,1.6072729495577187,0
-1.6839320457896927,-1.130713754847081,1,0,0.29955146900926427,100,0
1.5438562119898438,0.5726154080797758,1,1,-0.2857324783991042,1.8487761842805654,0
0.6723476928818635,0.33485757997883225,0,1,-0.5834887571066699,40.71241729603697,0
-0.0053386137965773664,-0.9396679120613362,0,0,1.2389288914373464,35.44383788682879,0
-0.11190161570587162,-0.38673865905676547,0,0,-0.4117250523393277,78.32214621532017,0
0.1388226564599784,0.8712828016852568,0,1,-0.7130659677171602,21.23092371392471,0
0.0905475781366738,0.24259976581251658,0,0,0.0983393134689501,100,0
0.7861207930740406,0.0716910192228779,1,1,1.689180470034558,8.820845371982696,0
1.2261836757029811,0.9518535418089846,1,0,0.9447401624927582,5.08109234769497,0
0.03172908993404028,0.6403251932052001,0,1,-0.396094285367836,20.4711402655816,0
0.8418412719985786,0.574338811488923,0,0,0.03596907241782909,22.774311597797446,1
-0.7087755114548784,0.79053647938235,1,0,0.4654952476712097,79.59293438511654,1
-0.13749318700710178,-0.032543003239455,0,0,0.08036711144868912,92.83543602501116,1
1.6209730934605349,0.4182300178999641,1,0,0.402938035002786,43.9092333412621,0
0.25095096934215566,0.03787660929304697,0,1,0.29446087458848896,10.465637123730845,1
0.5413678355611897,-1.338525993537248,1,1,-0.24744050741763185,15.867637574184519,0
-0.7115365466390038,0.33891437893410203,1,1,-1.4992749252638848,24.644061629815457,1
0.06720485420580187,-0.7681056031920639,1,1,0.1623466134878181,1.92589621599284,0
1.0589798630342673,1.7830632196673428,1,1,-0.1580252164341802,2.192036615098669,0
-0.2512221266007456,-0.4509417198392322,1,0,-0.5608115425478324,14.7290119137589,0
-1.4351752008434906,-0.4249987077066058,1,0,0.9715078103902317,100,0
0.18986496491145288,-0.4540475013619926,0,1,1.0069744764487925,28.041495910898867,0
-0.4474244608611761,-1.004083420050433,1,0,1.5091115015382883,33.972839224160964,1
2.059145541576946,0.25121157293186547,1,1,-1.4174383652515259,13.005929180247108,0
1.443116974853185,0.9094069471596138,0,1,0.8404168630709159,17.899950695251817,1
-0.10551037607699625,-0.7482198322671539,1,0,-0.010175295159264103,2.605080293474515,0
2.3002588431417004,1.3799395971670323,1,1,1.1933044529680685,13.451025871374217,1
1.7089048993361138,1.6680126670588722,0,0,2.428969404653678,18.40564911854019,1
0.38474517402617975,-0.37135725556025156,0,0,1.464381154160975,26.6482969207041,1
0.30726912092115705,1.0017848720515854,0,0,0.12132011584324298,38.941084597644334,1
0.9303475728843777,0.9539331465605074,1,1,-0.4666733786505724,12.524503558481696,0
-0.5600445724297416,0.13411034419788992,1,0,-0.09200492507110743,3.18767318777649,1
0.3454832229716387,0.12602072008743784,0,0,-0.724097356676664,13.027332942372647,1
0.7454091029908779,0.4131461315613387,0,1,-1.3587994597391158,6.61560823815784,1
0.3579844005891401,-0.8926057548887509,1,0,1.0476505988774814,100,0
-0.309207653775474,-0.22363184689991195,1,1,1.48260598530497,9.194294713793765,1
1.1366498977296098,0.6852681418181198,0,0,-0.747026502149488,6.8949546241028905,0
0.7719793438366741,1.0088470621740773,0,1,-0.4055887885776033,24.668095316443498,0
-0.3531712439362284,0.8771840469923519,1,0,-0.5651113574838222,25.380565380465427,0
1.679149198975357,1.2246478166017467,0,1,0.302906859065596,8.054374281641753,0
0.2867117907645467,-0.22990264221061665,0,1,-0.14598383241018306,28.366908557755217,0
-1.081643279448857,-1.1840672297101242,0,0,-0.062283134813690896,100,0
-0.814206513782312,-0.7691616068729183,1,0,1.64257094783372,100,0
-1.1624488400718027,-0.006604214521004015,1,1,0.2258810629556018,16.396331865589627,1
2.9525748343286202,0.9431743410371433,1,1,-0.7835408093911393,41.57972339118429,1
1.5006069373717357,0.8708644495998323,0,0,-0.6770716175774362,45.81848617354887,1
0.9509136130264092,-0.29908837387174975,0,1,2.161615348598825,16.778336649503306,1
-0.4315358728506127,-0.9774143758944182,1,1,-0.5991581506231233,39.92936833504718,1
0.520567013212974,0.738301946203942,1,0,1.6573926466344475,40.561951786194115,1
0.0514064735464084,0.34460428261059917,0,0,0.6484925390607512,5.6404897354545245,1
-0.006053240844766478,-0.805627274749037,0,0,-1.6401641910092142,6.986584188866368,0
-0.10776798092594853,-0.2049391972651458,0,1,-1.1954446967069983,33.03656272834509,1
0.23830477148970522,1.0115830336393212,0,0,-0.5558227099383887,100,0
-0.9451073310750675,-0.6448442034001515,1,1,1.5191654623594772,55.49036638678795,1
0.6271692109087303,-0.7540740890394946,1,1,0.5566026759498784,35.68854501708751,1
0.11381420346030253,0.6538298916678409,1,0,1.2920013048680943,65.0713006234453,0
1.36900621220863,-0.14053896487852557,1,1,-0.0764742438468264,29.50468656656542,0
-2.034055528238515,-0.8825155839189248,1,1,0.04407312910939294,40.41280866929111,1
0.16324661517075229,0.5420361816725369,0,0,0.44070732084018854,32.502038245488286,1
1.134178255284745,-1.1045661829973334,0,0,1.076897689977997,11.399073992376337,0
0.4288563950585679,0.5326266977260972,1,0,0.8679197647005639,21.98483108705385,1
1.3268666357762484,0.18246860112245455,1,0,1.9800358209959847,14.488263940996992,1
1.966288984279593,0.6833992608316388,0,1,-0.8288150417005815,47.87059912550447,0
-0.9987622290217846,-0.34367414326704976,0,1,-0.28953257401915394,5.439641215337821,0
0.6664605094593801,1.8166199564561598,1,1,-0.3564948976748088,14.96442079317303,1
0.9430607852825487,-0.13285204654939337,1,1,1.14666788274181,11.697722191546806,1
-0.5309023080567894,0.008479922788597716,1,0,-0.5687276873811171,41.318082968466136,0
0.4270669319444565,0.1818856880994994,0,0,0.6457782909365716,100,0
0.8267948792366143,-0.7825353059558828,1,1,-0.3775684430389407,9.656801397680365,1
0.6572849894554255,0.7022763012720015,1,0,-2.4798126116481383,85.80080729342586,0
-1.8360380965653966,-1.6436243893836564,0,0,0.1216369682837063,100,0
-0.907110375593489,-0.11612842421670677,0,0,-0.08038473269131288,46.27825899184165,1
0.1293468817395654,0.8026330430075816,0,0,-0.018054188875889745,27.241272656024027,1
0.5872860996274438,0.396884579348714,0,0,0.17783484474442535,8.901903077779371,1
0.9791889338501915,1.5467292056954887,1,0,-0.6373880673077849,36.636603043091014,0
-0.4049990596467878,-0.5635658494954507,0,0,-0.30766424742612586,16.92836789904895,1
-0.9528403522894872,-0.5716783084888807,1,0,-0.24413003701608077,53.58528718945775,1
-0.4247673963201034,1.2243950494203328,1,1,-0.5186958020955983,34.50114524208987,1
-0.5186239862643192,0.1769089879986333,1,0,0.46858693325748246,27.4364311151397,1
2.4870275795971764,0.23600541559088173,1,1,-0.6655303695474888,1.7050768290925005,0
0.21823477510689357,0.24066668292384347,0,0,1.381568216157811,98.23699066244733,0
0.8732625474124112,0.4368768914969914,0,1,0.024277096696628354,24.152507525037436,1
-1.6839844349344086,-2.059596067405475,1,1,0.09606856763116711,92.78801073281903,0
-0.649809893388914,-1.427967338163723,0,0,0.21131306792104917,26.01890561234699,0
-0.06752141576222069,0.3184206592399607,1,1,-0.7202057609711523,100,0
2.4342561536526786,-0.7529553918606613,1,1,-0.2463442795555448,29.14898154666947,0
1.085383521496759,0.32497594565142496,1,1,0.3961603518877661,15.41729639316337,0
-0.8567757097744378,0.8234450533540814,1,1,0.6891204849143463,10.240999930645042,0
1.1674012019852107,1.6851611315577468,1,0,1.617045016579303,39.249221902590655,1
-1.9375140790182104,-0.7522203068119604,1,0,1.6520065760064822,82.86202075577378,1
-0.5807479397760873,-1.0382066732247277,0,0,0.559405848936374,7.451664816314039,0
0.9439632265623821,-0.6606721596246893,0,1,-1.5900392993679633,7.998479361874636,0
-0.2781102484993461,0.49348846379631395,1,0,-0.22943699083051397,51.9417558375913,1
1.2130631290256395,-0.361988606068685,0,1,-0.7062563286923604,54.66814174167049,0
-0.4712256272120105,-0.5315027600582225,0,0,0.6095657717497548,3.703757148315692,0
1.2960049941578191,0.16542094834615118,1,0,1.0907070134777612,26.79785772547321,1
0.4346311514986953,0.792166714998195,1,0,-1.4673295568794151,52.01801639420575,0
0.44491293113261715,0.167074756626994,0,0,-1.7595167421238758,6.229847459994104,1
0.742563992970611,0.8634886779628232,1,1,-0.5984501241134779,15.005678810329382,1
1.5398561402577544,1.955066682466018,1,1,-0.4432570496256059,21.244140431231106,0
0.36041008854547524,0.07462694850757362,1,1,-0.7770004197028714,19.636748195038535,0
0.693041482203726,1.303660632659694,0,0,-1.8191808203613415,22.032886607531946,1
1.431421105384371,-0.3616298260565781,1,1,0.3179224280243896,30.628988306343416,0
-1.569931488314731,-1.034102533540286,0,0,-0.8150219425632323,2.1341667384248244,0
0.5441444840081621,-0.15188405252355391,1,1,0.5616996247564436,5.5554467382784996,1
0.3408542406190261,0.6301568361451292,1,0,-1.2749130615030284,26.92309063159384,1
1.278233553129847,1.0855764895005215,0,1,1.0768594442495398,8.21214179267719,1
-0.3041933023582875,-1.917978487784626,1,0,-0.20119615172634822,1.3726366534519956,0
0.11105968061484779,-0.26975507151597433,1,0,0.7265333683420571,14.788289326815596,1
0.5663589063289386,-0.731106635987316,1,1,0.2650049390630395,1.524110164771234,1
-0.7233036923820058,0.4041501224879581,0,1,-0.6892963379442653,12.881046122079843,1
-0.6763770641660273,0.1806113003187621,1,1,0.5319719678592313,82.56680152565349,1
-0.09583002814866183,-0.27296480932518474,1,1,-0.5340121523364869,21.68415919677378,1
-0.15019975699138524,0.2318908327934444,1,1,1.0356807467614157,51.645502631839115,1
0.940713448267075,-0.029578995940348685,0,0,-1.2154603377974829,9.68450128136567,0
1.499429753096951,1.9445019646621229,0,0,1.142839073775154,70.00394420894324,1
0.6560620525319321,0.9730664580049773,1,1,2.199148261154244,1.5062148657675445,0
-1.247036799087538,-0.1127242980760288,1,1,-0.39267191829362325,37.47542336653316,0
-0.13036725633414714,-0.4670132411309385,1,1,2.006459740208823,47.61596333072251,1
1.059427142538206,-0.5639738211337875,0,0,-0.5687378420209055,12.09011625751997,0
-0.4324529806075015,-1.397347758000132,0,1,0.920483380081119,12.982844083361206,0
0.3537767195006878,-0.15489031291196154,0,0,-0.053673928616390004,62.753304558609955,0
-1.1485338363594244,0.4512257382292517,1,0,1.288620889805362,25.08159921269573,1
0.7761827459591976,-1.1792228533881135,1,1,1.6832305135251222,26.398605697461605,1
0.3807921395054049,-1.0164098158215842,0,0,-1.4498073539568024,52.93380718468121,1
-0.010141915269657202,0.6691032653228619,0,1,1.0622824108705509,12.86448564962574,0
0.542653930934271,1.9218947606356422,1,0,-1.751936971664927,43.72805432168902,1
0.9225465795856048,0.3883201802515507,1,0,-1.165181072489407,62.709757754537804,1
0.481805594309525,-0.4324512865286858,1,0,-0.8007602322757252,21.714614902742873,1
0.9442201490136728,-0.25771377486968494,0,1,1.3162868051175458,13.132559885070297,1
-0.47777813403435215,0.07023306972572149,1,1,0.7023349556508858,5.534882601338303,0
0.2660564541065975,1.849744863387762,1,1,0.2904257831688345,4.602647664139891,0
0.6707759442487803,-0.033124964644496935,0,0,1.5930472501915451,21.1781628297744,1
-0.2264792135902384,0.26123361315108445,1,1,0.49312414995090603,16.712178102670023,1
-0.3893724000437634,0.5730180728111582,0,0,1.7020843344282586,15.283599702559824,1
0.3951427901277028,-0.2776438705108452,1,1,1.1760878802532184,2.2401771447043464,0
-1.8037314880020334,-1.173817488386594,0,1,-0.1846432812346551,17.576138780382507,0
1.281136339308408,0.37993791502951,1,1,-0.09642492612771827,46.24339550001993,1
0.12321817133780148,0.2793981488347742,1,1,1.3091662420803445,69.81714717420778,1
1.3033260438879357,1.1766930371722877,0,1,-2.5510091009364113,27.157008514673127,1
0.6884207635710888,0.16347584720496194,0,1,2.126680737634866,9.586507458879302,0
1.2303848027936082,1.5759849640823465,0,1,-1.6146904347353863,29.789897398161063,1
1.1377933285763875,0.4656706510664178,1,0,0.05315123059912958,25.061614982477394,0
-0.5868579214433303,0.1625342885751241,1,0,1.6632976245461026,89.43861459698154,1
-0.03154240156833704,0.2640129585393418,1,1,0.17836234716358154,20.06873387491661,1
0.8256960619410014,0.3012615800490962,1,0,1.3165728176895517,2.6759056425971965,1
1.4292849649573762,0.00309322636234044,1,0,1.274595113929946,4.035499227477728,0
0.476893703139209,0.7631663793884065,1,0,-0.6301018127586726,83.25363661649801,0
0.258888331526827,0.31482550314810714,1,0,-0.5215925988163823,38.028487034254375,0
-1.7030110122793956,-0.4196745247676701,1,1,0.762963144104422,12.230971533373824,0
0.6900534137513927,-0.21959008633896127,1,0,-0.3304970354917448,12.069221304905252,1
0.12074605169702975,0.14965852684857614,1,0,-1.0071415033375073,0.7352158665070334,0
-1.681502431576785,-1.306661473158107,0,0,0.10440494189373545,26.19372129351481,1
0.6166081364008593,0.7193258962962812,0,0,0.37272845266747523,11.239553010712292,0
0.7314622326080781,0.49631978737083754,0,0,0.2836524296971285,7.6311212753806625,0
-0.9670562592634394,0.0514531098885605,0,0,-1.419790465438946,37.493301229713076,1
-0.9530866535227598,-0.8066647883804237,0,1,-0.07600976408933735,96.86313374622658,1
-0.32109907922470843,-0.27253961195807525,0,0,-0.13235255030313178,62.55837064849072,1
0.45336928970103896,0.31560703976207216,0,1,0.9541119074294002,28.004038321638824,0
2.1460586400556148,0.8811972689990321,1,1,1.2302759837306494,36.04063326620284,1
-0.23061451085893742,-1.7512102717705667,0,0,0.4747026662330766,99.48010356639118,0
-0.3626358526772823,-0.366836599341577,1,0,-0.7442076762096697,10.357773713345955,1
0.9078723630160668,1.158973781603765,1,0,-1.387832430533881,60.733126636483526,0
0.6038505849834443,-0.7347914682552523,1,0,0.22023425041885397,89.57935992755172,0
0.42741083967082244,0.30545545821074715,0,0,-1.1405071404492577,32.281705403959364,1
0.7646351336417719,0.720413508815346,1,0,-0.764839562635094,22.861765575479534,1
0.48420121689436996,-0.036478451214530055,0,0,-0.8058994912197042,9.31087525540759,1
1.308673318185379,-0.3714055063457048,0,0,-1.581688326668034,100,0
1.3463786507470232,1.088412339674368,0,1,-1.389075541869207,24.932236751680808,1
-0.8484171947059866,-0.46670456517726183,1,1,-1.463697439017978,58.082516609772604,0
0.01394303145557657,-0.5828175152039158,0,1,0.05524490852209544,10.61453223083123,0
-0.6867722354604034,-0.16419869713058954,0,0,-0.652615395506718,57.04990886041205,0
1.9838594941160554,0.7349097370330875,0,0,1.5552894350438997,5.812515821473492,1
-0.14994213324493688,-0.6531637735764139,0,1,0.8484905961360757,28.73870124418074,0
0.14132744436263672,0.8112684617243576,1,1,-0.5659642547959304,2.6894453222110815,1
-1.4575427469582403,-0.9471379073910208,1,1,1.8522371208539263,11.6818583590518,1
-0.8754765689753388,0.20464146011411122,1,1,-0.47802163552894217,24.75069824413376,0
1.4372066170349302,0.758480562932515,0,1,-0.7438838559364007,36.52561301797841,1
-0.058197154608344064,-0.5418565216696442,1,1,0.12877823216180972,24.39179277243155,1
1.128303924827973,0.29843822483734395,0,1,0.9882213543452084,3.3454912488197674,1
-0.46043542511223573,-0.015208915053829125,1,1,0.5741462846985026,35.05308894137496,0
-0.32629277333594936,-0.6486438300850482,0,0,-0.004360804685688453,61.216945190386504,1
-1.1312927176164116,-0.7617282932601805,0,1,0.5996007383325961,27.715424540984888,0
1.3606128294289868,0.6357093866988205,0,0,-0.7638634133280151,21.99954180869566,1
-0.046133905036588,-0.7085348562543436,1,0,-0.47891376606374236,12.109604217701175,1
0.37953723993395605,0.9260242562094538,1,0,-1.0524100237980074,44.997206673997404,0
0.38668062944570064,0.2713005778097852,1,1,-0.8028675150311189,5.160194644934162,1
0.5505344143291319,1.7726288607450205,0,0,-0.4784683943795474,5.5963279715894725,0
-0.28454239261352865,-0.4955895481226612,1,1,-0.1791752418310551,1.3177179570386885,0
1.4704272568509325,0.7009272664735771,0,0,-1.3905115439802402,63.88747096047224,1
-0.8969145466249814,0.06203847737883644,1,0,-0.7121795386079024,59.75061217422369,0
-0.06279346046845613,1.0640904093467185,0,0,-0.5516924058527982,47.64468357321713,1
1.469204550426022,0.4514889686821829,0,0,0.4598616146059533,28.933260930339625,0
-1.455766621022965,-0.5518227051438369,1,0,-0.554146030130615,16.131596867019674,1
1.1242158604030414,0.07279523548628214,1,0,-0.014841165966457391,14.221570659974688,1
-1.292014299602317,-2.495872640911871,1,1,4.2541162194106174e-4,23.014990783317135,0
-0.2712496524990344,-0.16940042703666613,0,0,-1.8991678226311581,17.644122408377513,1
0.9801886309423167,-0.7326762654376966,1,0,1.1727340369048094,10.044867341785203,0
-0.33930994105285445,-0.6408779887264838,1,1,1.2621773884353138,32.36581898159655,0
0.38669497464607283,-0.44662359500427884,0,0,-0.9590196486169502,19.747012845498233,1
-0.9571477750768485,-0.729597436598179,0,0,-1.2488174178618268,78.6123356079252,0
1.7284024593661726,0.09617760279758203,1,0,-0.35712743120908486,0.9215773984610989,1
0.40888280173331043,0.44352375694462604,1,1,-0.6371868119112585,59.6116788945615,0
-0.48514858542800865,-0.8669741679333812,1,0,-1.0677530691869357,32.53721303618664,0
-2.4003517970551314,-0.5873918091236434,1,0,-0.9989326079413292,13.887667254764132,1
-0.5410447263144685,-1.1633759900958687,0,0,-0.5034215158718113,39.77132631785841,1
0.7854319496716732,1.084980518938451,1,1,1.6905788564783824,16.039104873001733,1
1.6337510261022266,1.2467160300975546,1,1,-0.04853934337063469,30.584209067760465,1
0.6578232576882751,0.7340456912226423,0,1,-0.8410022755011338,27.638974610827983,0
-0.8194112766403302,-0.7374821615917344,0,0,1.5361988588873756,76.68080608175102,1
0.4797653566985525,0.3652080026521829,0,0,0.03209604138233132,22.06738186719073,1
1.092445047030471,0.008489666013208885,1,0,-2.58924790730655,14.476836409600923,1
-0.2820128898937636,0.9007174126504927,1,1,-0.7310985720902353,10.473745095265608,0
1.693082693568986,0.7921898573139219,0,0,0.6162016524168066,13.001567194137575,0
1.622798963513963,1.3993780992505638,0,0,-1.0226408751562615,100,0
0.7068404652717681,0.12047891319760826,1,0,1.031437292431517,16.790306246296744,1
-0.38358622843144385,-0.512815774376586,0,0,-0.28363440114444294,12.453306527016178,0
0.08391518720589405,-1.0460755688009635,1,0,-0.4022762257896121,66.92771096402704,0
-0.30492349111062117,-0.598731340511481,0,0,-0.9433525947807833,25.93394487805494,1
-1.046083319619887,0.5464402438813586,0,0,1.2863821491759537,6.958588764704011,1
-0.5765484257029442,-1.0191486483557304,0,0,2.06985404595906,47.85781846041333,1
-0.1588842805745146,-0.8121522307672813,1,0,-0.7762836418282821,64.27620970212583,1
-1.2209008208441774,-0.8840079767519538,0,1,1.3280906365165874,32.94721442774879,1
-0.29714756649776425,0.5693005949417593,0,1,-0.42166204085269104,7.644981350631799,1
2.676098407033749,2.5378508598094465,0,0,-0.5495901292105749,66.24481658501959,0
0.07378557887030554,-0.08471797631894756,0,1,-0.5429721927917796,5.495573764064605,1
-0.5675722355742953,1.1559855939381602,1,1,-1.4457118925983217,50.278966151958706,1
-1.6327378923680185,-1.0399783243315779,1,1,0.48492960400037455,23.635451480178677,1
0.025669755750804796,-1.0537724528526597,1,1,0.626588409639173,23.02212409444325,0
-0.3414638512787751,0.5885802037873894,0,0,0.8979600533315998,30.89967437560909,1
-0.3229710937599723,-0.1502531068742986,0,0,2.0785567326956342,17.58148325345131,1
1.1745784336297016,0.6356167417757141,0,0,0.7680398044765936,69.79577613970356,1
1.8102214617811867,1.09332663238765,0,0,0.8878539300231613,54.82334242323699,1
1.2887405485635195,-0.6789507890731693,0,1,0.7225623295809033,38.287242719755525,1
-0.9217200729551611,-0.0728642393229223,0,0,-1.524907970569108,63.34881636262182,1
-0.7704248710100223,-0.7825859116980487,0,0,0.6168840002677194,22.711848880295342,1
-0.24942102704227537,-0.7851092136843038,1,1,0.3703971465227796,1.333821130516808,0
-2.13989360676444,1.7682255114948735,0,1,-1.0919983074806794,18.209726017219452,0
-0.5706624834009233,-2.126254633430522,1,1,-0.25859674698326973,6.0754514880696036,0
1.2393958116454251,0.3968012467613555,0,0,0.05113809966439927,58.10761677526558,0
-0.05182102629055443,-0.9123657657245601,0,0,0.30477177508476005,42.00789940875021,0
0.07320499725791105,0.14038673292313447,1,1,1.2261525997548233,100,0
-1.1586639587621248,-1.3907265309772299,0,1,-1.0071824759857884,1.1935854900154022,0
0.9188770742882549,0.7585228920906489,1,1,-0.4867325149031354,61.789169291468504,0
1.1367360720064008,1.5019462425218448,1,1,0.1240012015140326,0.6144039742150099,0
-0.7451108540085145,-0.7864873815284693,1,1,-0.43511112992420964,8.423527083733521,1
-0.5760874226637901,-0.8918064668715315,1,1,0.4526845909199605,30.6050899670424,1
-0.7861290937867839,-0.09953889234327956,0,0,-0.1812976720776584,5.076178185365449,1
1.4591208199316659,-0.6486854663284675,1,0,-0.6504511451449717,10.380871456769505,1
0.29632227083089996,1.2331656437856178,0,0,-0.5794640780171687,6.740010328286179,1
0.4960633009088364,0.444856940346009,0,1,-1.6251615388540588,51.02516896819347,1
-0.17474578746168806,-2.1138581062114787,1,1,-1.1343199787289207,60.978763647068725,1
-0.5473925843314648,-1.5615324606326513,1,1,-0.17821090182045146,7.15826017693254,1
0.459946932297118,-0.05102772840487968,0,0,-1.8724169395596388,34.273293192893036,0
0.3567632172485904,0.6003441139957725,1,0,0.7757891477141642,11.308622188439093,1
0.07667916950298093,-0.3906048812256637,1,1,2.4224838292853748,17.30507281325976,1
0.5477198581208677,0.14242349495242157,0,0,-0.3052736896002398,52.989552810816484,1
-0.027911445500739065,-0.6832182780330084,1,1,-0.759926996915069,28.92082421790483,0
0.10286577530000188,-0.17329607474211817,1,1,-0.8884973875289336,26.531110839559823,1
1.0737834901903505,1.4365347996171307,1,0,-0.7210346331042605,18.24820931449509,1
-0.253562198646275,-1.061067918234363,1,1,-0.8294577065370281,18.019078834852035,1
1.738646121019741,1.5397908143994776,1,0,0.7241807245034819,12.735405571577859,1
-0.5613916143650544,-0.052515876784218124,1,0,-0.6851248308662878,23.02611606550371,1
1.1946726062422575,1.0609289437379479,1,1,0.48681283580156126,10.259994740560375,0
-0.27367376784969816,-0.9444036765496462,1,1,0.5605781792774813,17.047019402098893,0
0.8171778793789473,0.26914264717536246,1,1,-0.923966260310564,18.55304051961337,1
0.00383768249058713,0.6333001455611544,1,0,1.5190074787309298,12.74668282901955,1
0.2909660417908087,-1.7218679329381061,1,1,0.5552347656409287,22.342337238328657,1
0.9284085755331637,-0.6946928368648381,0,0,-0.2946251177425852,25.941131072713752,0
-0.25131349729705615,1.1712000902347306,0,1,-0.13066169023142726,4.096771062752815,0
0.0850631488910205,0.8744824019902352,0,1,-0.2945626432118626,14.819757179561263,1
0.2533832098832633,0.1360637859531204,1,1,-0.9020616370305742,11.21029506994941,1
1.3421648208582282,0.47214740361290486,1,0,-0.09403830013150818,11.455433898676057,1
-0.4663461955363693,-0.11487673509037644,1,1,-0.041523761647403304,3.2204742876756787,0
1.3248007073253365,1.0000431482628926,1,1,-1.367537789788927,22.47517079330323,1
1.7584244369989228,2.022270655351265,0,1,0.41890557536032963,11.97196017205715,1
-0.11054908843256836,0.06810035829389889,1,0,1.002974182901438,68.14815445711491,1
0.0642595956737413,-0.6683280934588434,0,0,-1.4872170262066429,21.3007049170973,1
1.3008201876080572,0.721793686463442,0,1,-0.13197890857514477,51.655620869330406,0
0.7699252008818804,0.9658810673121835,1,1,0.6016661974708217,15.172517475096674,0
0.7251819932662729,-0.061366655721011354,0,0,0.7816558308192924,28.72022386473244,0
0.17149066342587993,-0.5258775837199475,1,0,-0.7470120695925787,0.6882222760961404,0
0.23737154917055692,1.1570662866177635,1,1,-2.4048666751329844,2.080523156777089,0
-0.5405901753128787,-1.3023863310598676,1,0,-0.6842374366873514,100,0
-0.9909715913516651,-1.9074320407339922,0,0,0.07526338194315717,100,0
-0.8032966153389599,0.9902441494199736,1,0,-0.09359504806508544,15.094905692285593,1
1.3260899292099209,0.5899998437497025,1,1,-0.04372953985120656,48.97273672761439,0
-1.1298008937481605,0.6379386777842889,1,1,0.014166496812990039,8.763478711964513,1
2.3589322763814904,0.5903809635775412,1,0,-0.4246741498899891,52.59261474554877,1
-1.2794226658585344,-1.5406596132854804,1,1,-0.17580513175304135,14.907689823459645,1
-2.523204062922526,-0.9632375662635841,1,1,0.0499308103324311,51.348580437257546,1
-0.009754791224013184,1.259302837579336,0,1,-0.7031749450727696,100,0
1.165820490714555,-0.22118422044261532,0,0,-1.3982456293038643,1.4499659231554571,0
0.9327395603487587,0.632914950402399,0,1,-1.2006087758640325,49.661839161562874,1
-1.2012394936474788,-1.588702979055793,0,1,-0.9392442407118188,95.85385182713777,0
0.05685863868338751,0.08750401813706347,1,1,1.0385183911262637,18.51120666351664,1
-0.5061952392410948,0.8099082251294025,0,1,-1.0321283265980805,25.674991553359252,1
0.4416105559469608,1.1469421519233225,1,1,0.37579774497687685,33.75994015706287,0
0.766560782889771,0.3330617874806851,1,0,-0.012476274838563683,77.52454024570355,1
0.46538663136434344,0.5378251463463941,1,1,0.6094603211849754,26.57378332090514,0
0.1629458488772352,-0.06354586554084386,1,1,3.114765991356084,11.118106874847856,1
-1.3985755782690954,-1.2075561076906718,1,0,-0.7481829465792121,12.880040996489821,1
-1.0067449943104598,-0.35592345024301764,1,0,-0.7519363702193173,24.20884612434865,0
0.7347675003837598,0.46865247415644584,1,0,-0.15777574439876255,28.296263440395578,1
-1.7282860954059445,-1.9435629296291892,0,0,1.0216238642431326,28.620690569122722,1
-0.0826909643688071,-0.5586335514505013,1,1,0.6682847138777082,31.976839924606793,0
-0.22170803249792934,-1.2220063456265233,0,1,0.597227638811556,24.36363995686911,1
-1.1956837139272165,-0.7979577374626303,1,0,0.3230212984555621,41.31676296357214,1
0.9684770612614904,0.5493257290023308,0,1,-0.7312946795982105,16.954481244913925,1
0.38129294849327705,0.46903792614480977,0,0,0.49910155430919156,36.03984616958235,0
-0.030368526526530364,0.9126773962529618,0,0,0.39775778705200454,54.85470050371024,1
-0.7263473476905564,-0.42997690351558165,0,0,1.3361234011528336,9.217848278338684,0
0.659905956926071,0.9881473577593975,1,1,0.5807328888399477,35.65452131585921,1
0.652084304105935,-0.6949675678507004,0,1,-1.7416460338234763,3.6522327470376466,1
-0.21891231636691363,-0.41437299397728244,1,1,0.8827882963970907,10.434850773036366,1
0.11768956789273138,0.6750367945807643,1,1,2.3500837954364244,44.92607163329407,0
0.39581527302538644,-0.4437299327715028,1,1,1.775237004235923,27.536656735354008,0
-0.5061612814236779,-1.2423969322292454,0,0,-0.7891533281262845,19.137343474168652,1
-0.22603667072665204,0.6560044841495748,1,0,-0.18425011449872428,22.540713874208418,1
-0.9849943327521327,0.4084299050406969,1,0,0.7224942030268046,28.82480161058072,1
1.3500076780869532,0.6929975325965232,1,1,-0.5471764771563783,4.8917216206541045,0
-1.5312396930511971,-0.24812782523382204,1,1,0.4382296099822214,2.6284623254278396,0
-0.6759722344476616,-0.6827061615342476,1,1,0.2933489034345669,35.494631447402575,0
1.499407237972613,0.7488908287206837,0,0,-1.4538841700242273,28.461209918697794,1
-1.9064602264428592,-1.3818000398820223,0,0,-0.04592547534029073,10.085400242376995,0
1.0497111986965921,0.5967758684554605,0,1,-0.982975011443916,23.85982232625757,1
0.5351331465688033,0.19263404533236073,0,0,0.19641017770230598,58.337765945977125,1
-0.28955221667575565,-1.2096611960439512,0,0,-1.6678158344532816,100,0
0.3492319900725715,-0.42002256267969496,1,1,-0.7161089474713958,45.138020106204756,1
1.749590119390429,1.4963234678910378,1,1,-0.28045473071208105,24.631827968546375,1
0.5588302418475728,1.6133193826681063,1,0,0.12185079181888668,55.6881153665274,1
0.8252175149545353,0.22359096001393114,0,1,0.08399400785140507,17.774787886582747,0
1.99679385031138,0.9295067179474904,1,1,1.1401628101671724,32.48291649832525,0
1.1701125916532598,0.31614147999366554,1,0,-1.3930566683339025,81.41824779220984,0
-0.4126797600440575,-0.4859035708500977,0,0,-0.7542386231902823,20.19990490223566,0
0.3412639009867004,0.28673443394133014,0,0,-0.5040593314638361,31.080232948957477,1
0.10998385755926271,-0.18414230132945725,0,0,1.2120450477500988,16.25392913407291,1
-0.36551867248994707,0.5821984238879377,0,0,-1.2373218901249192,100,0
-1.0045801121492601,-0.8737732082162055,0,0,-1.2782730678943104,44.25841158542309,0
1.4385194026733934,0.17923502759396892,0,0,0.04702747027208023,81.79807995401896,1
0.3451511136081046,-0.6431234159181551,1,1,1.5566661655365746,17.850657935652126,1
0.5242645184060342,0.40374992103520635,0,1,-0.8350880191411728,54.93380243305431,1
0.3243408755038678,1.3361705685841088,1,1,2.2125421198650583,20.77899764200794,1
0.9656919847441503,1.259894233040125,1,1,-0.8787986936706301,14.622334239800367,0
-0.3292187637415914,0.5980567676898152,1,0,-0.7429821322262632,17.90093270912026,0
-1.196066168170148,0.31232070229366715,1,1,-1.0810885030166195,17.93452480669471,1
-1.3344050859461436,-1.4590347802347443,1,0,1.1751896326997278,85.20915253534639,0
0.5902127948272632,0.9846741321438395,1,1,-1.347084841484347,30.32549931577717,0
-0.33374563195627815,-0.6217925998929228,1,1,1.8791165750527312,6.092784606634218,0
-0.18992227037463782,1.3992594848008022,1,0,-0.8537494157347584,16.217857147364196,1
0.7826155227328802,0.6125618117251093,0,0,-1.0350393605087098,41.01986105267796,0
-0.6667756295710374,0.05394782622438982,0,0,-0.14871588657125628,26.43125854842171,1
1.0631766903187225,1.1152862955454959,0,1,-0.22863909082363076,16.786811639692655,0
-0.2563464667401992,-0.5122805283422561,0,0,-0.6667138433713714,32.22384818497118,0
1.9590352320842637,0.909621079057997,1,0,-0.3225005127734955,4.192554710965378,1
-0.7191801357496599,0.514397405825575,0,1,-0.6543447234079407,37.349270601462486,0
-1.8424640666340946,-1.043608776375306,1,1,-0.13128347836960663,15.782838239331936,1
0.5987356634156028,0.058005222631121234,0,0,0.18745223443857084,4.781875505229428,0
0.3822838406698696,0.4621696058098811,0,0,0.5382180614142001,38.96971309186049,1
-1.1795133987161637,-0.12284346713774497,0,1,0.3277187228016741,12.071875315112036,1
0.057793506219804565,-0.1191199781630759,1,0,-0.7809846507273167,5.0383594826227895,0
0.9125502306387203,0.27467769434298556,1,1,-0.6231925939044467,16.242572704542773,0
-0.44532857852413194,-1.3757245043202604,0,0,-1.6326228497688011,52.78783364961814,0
-0.16103483002880367,-0.6655921921934976,1,1,0.965913944896842,100,0
0.2457026132370754,-0.2176653994276252,1,1,-0.7176018165604032,68.96410512943716,1
-1.7194795295853407,-0.2624209652316808,0,1,-0.7141814030206891,13.423157850819877,1
-0.171806019400483,-0.6425517960386862,1,1,0.8416901234783397,4.315110202161105,0
-0.23641584283110548,-0.9201407164643212,1,1,-1.1354510507048805,1.2792281042637035,0
0.9606980849894352,0.26497877605291353,1,1,0.43539554832607763,31.985715065689522,1
1.5249479345609638,1.3189777623653203,0,1,-1.3833160926021288,34.35682427045745,1
0.6756898933306678,0.65159430650252,1,1,-0.9737206872398825,46.792475515252036,0
1.4352548823218005,0.14254719354734968,0,0,-1.5632885530564637,18.995382014570975,0
0.24552830691587102,1.4934688145527701,0,1,-1.7710498361209395,4.197686394468744,1
0.23337264918198197,1.1314304460895155,1,1,-1.8360131295372026,22.6826541131299,0
-1.2775351049199535,-0.3022512180468536,0,0,0.2194260046624105,100,0
-0.8470867571615041,-0.02282141014834288,0,0,-1.4400092594268936,21.303487222105602,1
-1.3937471106055266,-1.2842039539902157,0,0,-1.9439732426728558,19.520159750992896,1
-0.3926953555038128,-0.04413600093934936,0,0,0.6840138088249678,7.696599688821923,1
0.6548005295507031,0.5675758916518822,0,1,0.9151111891729163,26.238852395914627,1
0.2734133953948515,0.5467431141317561,0,0,0.13635436724435332,60.066988005733904,1
1.90860573678394,1.0082184168718915,1,1,-0.6836382100839703,20.282997093328863,0
-1.0560575470656386,-1.1444555141398662,1,1,-0.42701825986721226,22.796829224413102,1
-0.22556294138008498,-0.4625496898097715,0,0,-1.3051754144014893,14.491947183627115,1
-1.2478995656740766,-1.00981532720737,0,1,0.9927144576208922,13.422326725155774,0
0.1524322634016753,0.22050291172390152,1,1,1.4739863392535766,73.60527470916921,1
0.1859608901051592,1.4811166404385945,0,1,0.13352654852907997,100,0
-0.44774401962762045,-0.040228525992870634,0,1,0.33845425586116396,18.60799581608942,0
-1.4393103709772768,-0.7823467129804579,1,1,-0.1573628975015842,11.29671302269204,0
-1.1454599229142437,-1.6698901993332598,0,0,0.023516760051059873,77.88210095111275,1
-1.0494576470920614,-0.3047157757024723,1,1,-1.0831856379434555,7.934314209853527,1
1.055849161223876,0.025091965103671288,0,0,1.353787748054045,20.683601205521537,1
0.6424667433347622,1.3528012283675888,0,1,-0.028697020393413104,65.0707585035398,1
0.4230500409411603,-0.2622614918176257,0,0,0.3660297578158219,72.579790205171,1
-0.87964809584326,-0.016977110920736727,1,1,-1.6487292935941171,8.204537091984022,0
-1.5869450227217163,-0.6799528795506857,1,0,0.9257105899203701,100,0
0.8415173009647824,-0.375528570231809,1,0,0.561229020500531,61.12969733022813,1
-0.0668553347070564,1.1095085379939014,1,1,0.5488974541787165,15.61097586942816,0
-0.41781500326111853,0.09153714851364148,1,1,-0.41482383831757574,3.9566177478516202,0
0.29992934570701085,0.2185364437219875,1,1,1.4874548014100486,14.944804193765885,1
-0.742558950885124,0.28747216387053975,1,1,-1.957094221746968,3.1702979820675754,0
0.15740419227480387,-0.600250588990486,1,1,0.13180601351246032,7.6039859565073105,0
-0.3819275113960893,-0.10279720816576743,0,1,-0.38340512116509085,82.20253268110504,0
-0.864765634688404,-0.061252274154046826,0,1,1.0111993348401862,66.47901918114533,1
-1.1771007538417975,-1.6080372199884376,1,0,1.502563774295296,38.52386345072195,1
-1.589203869649859,0.6211778025600413,1,1,-0.3878023996486751,13.57688690045628,1
0.17240471624459233,1.0202474306470917,0,0,0.7218329217145527,53.08952584467655,1
0.6893517457091303,0.007991849692243869,0,0,-0.7810121593301466,19.338713860994154,1
0.7498882512148838,-1.0730608810221838,1,1,0.4022342506390937,25.232024520835772,0
-1.8749069643092293,-2.3717262478560186,0,1,-0.7913451439405961,77.6144933894413,0
-1.7105355379100267,-0.5939965647998862,0,0,-2.0106191292264017,82.88704868564896,0
0.514627976266838,0.1889763480971893,1,1,-0.002220611382248828,32.85283876945077,1
0.15738775891026446,-0.4151509027775822,1,1,2.217578353392898,46.353477633849295,0
-1.9565938723598526,-0.6494690442783877,1,0,-0.6863944089371914,96.00701788959348,1
2.6036971911064923,1.9127102676807684,0,0,0.327526389742067,65.41735355526721,1
-0.036855443996688525,-1.5575076108758728,0,1,-0.9411977764023125,46.31263965863877,0
0.6637654558674013,-0.40945187402890915,1,0,0.5235567343115788,12.291649409861593,1
0.3210201464815561,0.22046082522254057,0,0,-1.392757378294969,75.63069146316208,1
-0.5358340918269627,-0.4594862171011725,0,1,0.5126164385480596,11.176245896159953,0
-0.1874214838680151,0.2120146388684023,1,0,0.9390913372562093,32.33905737054024,1
-0.26043609009102564,0.2824390906925196,0,0,0.3216221534052979,25.969030975097706,1
1.0796172785437268,0.4940888905148368,0,1,-1.3336485587406455,67.29719535695418,1
0.5536757611208661,-0.21887851730628,1,1,0.0619543747041905,22.386053153846042,1
1.12346244625482,0.6527219950315406,1,0,0.8129445853378962,17.948303892696256,1
-0.6688853600164691,-1.6985803137693811,0,1,-0.48512217949025377,29.985440656322716,0
-2.0779943038744157,0.4766181112241865,0,0,1.1440149123631056,77.59916413279352,1
0.491336440413814,0.13830446183558265,1,1,-0.18747023878312152,58.972620815754986,0
-0.22839437067144974,0.3429036794685981,1,0,1.2619096407113122,100,0
1.4131288008759373,0.051217579037372674,1,1,0.9231681459640817,35.668314968916185,1
-0.24539069543404685,-0.6239648715215533,1,0,1.2312080909288805,30.70486372125997,1
0.43459944632047093,-0.7381346339770115,0,0,-0.6832064808917396,11.061672493149885,1
1.3247064401542084,0.9050591766638736,0,1,1.1156482721277428,11.03311884931241,1
0.2516739102485384,-0.6284659979113927,0,0,0.31382390830331997,17.419513741573056,0
0.20546321834895395,-0.358104024332658,1,1,-1.415750870570372,43.548255559540664,1
-1.1332621245274273,-1.303888957272739,1,0,0.378125545072464,71.44689939784642,1
-0.18129678817477843,1.1197646766432026,1,1,-0.3033719007183308,8.83726044509098,1
-0.8375810806388987,-0.8956375547839801,0,1,-0.33714002670643967,12.964836925636225,1
1.0852149875774357,-0.23628588061223132,0,0,-1.3586832965719768,8.13492130593578,1
1.5196469499424181,1.6883276758631296,0,0,-0.5024992925150877,31.64282692024516,1
-0.30963451883665327,-1.9143470413248147,0,1,-0.3101746128614504,61.17184736039913,1
-2.350768374554089,-3.3851020840445196,0,1,0.6817075548316796,45.14375732628141,0
-0.29453031669762103,-0.7204508063834404,1,1,0.6404921974802613,28.30944109015538,0
-0.9811827127501717,-1.788150305089829,1,1,0.7166862230500831,16.349197407597366,0
0.20233401256359226,-0.0985562447159987,0,1,0.2253675811410681,75.06121930459676,1
0.14817523877381722,-0.18045468457887054,1,1,-0.9902502500737986,26.27365465681022,1
0.8743373382297286,0.8807517348978756,1,1,-0.5199529460403921,34.08379519763517,1
-0.4108696992979275,-0.7886332003208338,1,0,-1.702860156042045,39.16449610820002,1
1.6390638240026374,0.5033104153022278,0,0,0.15267994787258302,4.646831426159225,1
1.1380047558122326,1.2721193079089237,1,1,1.9247731624460636,18.95994110814716,1
-0.5807933194063658,-0.5851216211839951,0,0,-0.3622089571048541,20.36557351709018,1
0.9251686770075688,1.734350630602741,1,1,-0.021930889990433834,12.746369327620448,1
-0.6389718600628211,0.5221865845531968,0,1,-0.7519506827540765,17.716049886243393,0
0.4822204220585901,0.3175950767722574,1,1,0.56947088498402465,24.42021511444593,1
1.795222676708868,0.15741112350865683,1,1,0.6116298024137657,7.040452601877465,1
0.3686098487189552,0.44461954556816424,1,1,1.7530539373452407,6.530455368192488,1
1.1346371620315407,1.2248225785007554,1,1,-0.8091595205280224,16.27628119898128,1
-1.8119236523582742,-0.884210831330227,1,1,-0.7219929811645015,5.587720407949531,1
0.2993835072479503,0.029069948271677887,1,1,-1.1646606287058057,11.812095876067552,0
-0.4622330232457736,0.7951562403593742,1,1,-0.8307414655255846,27.563257580183535,1
-1.2475889889860894,-1.4833090668842557,0,0,2.6229429060897176,100,0
-0.39255087825769086,1.2058382135639842,0,0,0.6438335377795672,58.123941934874296,0
0.716441028962836,0.5309582332521569,0,1,-0.5430711878492611,29.51540603746095,1
1.0094735823838585,1.7379790218563196,1,1,-1.5847483625522585,14.215215912642138,1
-1.0492898423423747,0.5690039152438416,1,1,-0.6485630017928881,21.70589890561854,1
-1.1928078530522201,-1.482119466975766,1,0,0.6272136937656353,30.384713681917027,1
-0.834660562572445,-1.7401863135691784,1,0,-1.3401961620286122,63.40697937812158,1
-0.07410383029886315,-0.46439351915178756,0,0,0.002288559054154552,12.341610224689974,0
0.9307941624921885,0.7894677909828944,0,0,-0.20556413444042326,77.6153984210831,1
-1.2088080029336798,-1.4349252712832037,0,0,1.4476775536774185,36.945600728559626,1
0.52476113328457,0.2750392460522668,1,0,-0.4913520952731377,64.03706621457216,1
-0.04908446169586582,-0.10681445355396263,1,1,0.5761812350471793,15.19923283678395,1
-1.1291135256656604,0.5188442217816344,1,1,1.2462693952289223,17.471768484887306,0
-1.1748326905658388,-0.6534507960348919,0,0,-0.7017482064781476,11.480651866781457,1
0.06860080858305186,0.3938210659464321,1,0,-0.0759103282078082,28.924666489091653,0
0.3784593413293991,0.41569136812100027,0,1,0.550599179023325,5.372806303332624,0
-1.050655997827201,0.6251810607297762,0,1,1.3116375634712742,23.7639126207509,0
-0.3452208608484445,-0.16449647861888403,1,0,0.8447433113877854,17.5500418095159,1
0.5599796520220527,-0.25272350633631885,0,0,0.3139603355015919,32.60430623856109,1
0.32485497598628515,-0.13136139049555792,1,0,-0.8712662701336997,19.745015640103023,1
1.1694838558627298,0.09309432864692824,0,0,0.7949755685414619,3.7576514954807,0
-0.5731742906379763,-0.048570056160294584,1,1,1.7576606022715666,18.033385374345944,1
-1.1064566384646413,-1.4126992009523711,1,0,-0.3517569296376288,23.737281043216917,1
-0.9551973527743969,-0.6128158424722918,1,0,-0.6835483988709232,100,0
0.46320734451293283,0.73782644113516,0,1,0.649256759176671,15.717001448200437,0
-0.10590372919973881,-0.9603624791678184,1,0,-0.03300541414043256,14.161910881850693,1
1.3420640904097907,1.0993111318056183,1,0,-0.5479299077423728,24.044599166605774,1
-0.3400834066569433,-1.0748581244496664,1,1,-0.6847177411651838,6.826056349712335,0
-0.6984288718352133,0.22079826526484886,1,0,0.062306038956564655,100,0
-1.675851798064355,-1.323771346275958,0,0,-1.3645334973111627,28.07253705342566,1
0.047243609835041445,0.1888735466568456,0,1,-0.574499460749691,10.55272262589488,0
-1.6152375245642727,-0.10605088164198972,1,1,0.4791410753584052,12.580226664256164,1
1.7487399428709,0.8442849083759931,0,0,-0.7734871985174913,49.286187050503656,1
-1.0824906741210811,-0.6107923941579545,0,0,0.8640874798119235,7.217926443752256,0
-0.1146094638086799,-0.5729417127375004,0,0,0.444994474410947,65.21780505478073,0
-0.557359770557393,-0.4558072385345707,1,1,-0.7186279170459561,30.755969256501974,1
-2.22609434074227,-1.5851733691082635,0,0,-0.24013144800727965,100,0
0.14253505796560853,1.750777238102508,1,1,-1.3157301938003543,46.19298258677101,0
0.5417199690960323,-0.6619989027883952,1,1,0.0792678682316694,23.398066077860967,0
-0.5834565286159473,0.4080472017412961,1,1,1.2583048593379058,6.982394116748445,0
-1.5266490172148286,-0.29565351305961396,1,1,-0.3281960828741126,11.296245573726319,0
-0.6117191893859022,0.5615570120737717,1,1,0.43612318520636,7.956986214266201,0
0.8645847266875941,-0.36744230524794286,1,1,-1.4866805288451046,58.80595313088658,0
0.24874494976316028,0.2663832221765386,0,1,0.7402028645707962,23.86384217850007,0
0.47568195876573105,0.23962513695519627,0,1,-0.245927239916136,46.76321690762652,0
-0.8144720150036324,-0.6691287055362787,1,1,-0.2853418218769094,13.047542962020767,1
0.28484851824045077,0.3631508460226981,0,0,-0.1632934296292421,18.71265024147247,0
0.6779754782987861,1.5214817318557525,0,1,-0.07704497673874773,6.869610837010788,1
0.6601194030131606,1.1258648381795204,0,1,-0.35941313206509995,0.3967444158605538,0
0.32491449653135535,0.5818384159018051,1,0,1.449367954418997,41.14914377296154,1
-0.5091122047416842,-0.5109437957171286,1,0,-1.10691974941105,39.00316004001479,0
-1.6023356197752552,-0.6277382227200133,1,1,-0.09246407788961374,67.99741341374306,0
-1.0522622439894473,-1.5883737538290834,1,1,-0.683116207481849,14.653187695711798,0
-0.22934538768659277,-0.5473883881108228,1,0,0.3274675927344931,51.937756127697185,0
-1.0418520702582252,-2.147302842120615,1,1,0.04465148973058517,36.79751980097992,0
-1.2399402597486175,-0.8879465258297021,1,0,-0.2976143008343448,11.036830945778961,0
-0.2986200485003148,-0.22191213571377463,1,1,0.6750965852200402,12.359192084998872,0
0.37702999799161646,-0.18343791272112733,0,1,-0.6704976061816628,16.555258921721794,1
-1.0858396054167527,-0.08231341596058928,0,1,-0.08803395326390596,20.55241579001676,1
-1.2994269317682972,-0.7395001763533464,0,0,1.189911905846431,100,0
1.382431353133072,1.8740070898449113,0,1,-0.6984307038069636,22.15859563482807,1
0.4574380725021691,0.09670081432908584,0,1,-0.6589951424521165,4.107868946683439,0
1.4914468631330287,0.9605291305131689,1,1,0.4261538250195715,41.444714119767525,0
0.5186653027430722,0.8786178598226781,1,1,-1.7883849021004286,3.628945110349221,0
1.5736175497701377,1.0555139675980836,0,1,0.8006426331417104,32.44527393417852,0
0.9243464205844564,0.9967315665534608,0,1,0.31372047676782705,48.749286710442256,0
-0.319813715417621,0.44326649484423686,0,0,0.15518348988887407,55.71016039114709,1
-0.5809656422172678,0.06739116915812932,1,0,-0.5465385468323443,100,0
0.9062001139348063,-1.337265498855271,0,1,-0.15320097753164577,36.19459166143235,1
-0.2576041488862839,-0.2722494635290796,1,1,1.5054685563523962,18.84550373552593,1
-1.3936878568971047,-0.7035262424612313,0,0,0.5400810412950977,29.789793898519473,0
1.2276977260872395,0.4930556817205089,1,0,-1.5334308644850156,36.26624291320017,1
0.7915734774233759,-0.3286467913515993,1,0,-0.3477577360408153,16.864623625996273,1
0.3693822662948075,-0.24162302736513624,1,1,0.9566499801987004,1.529927086165689,0
-1.9294906027161165,-1.1970495886981425,1,1,1.1001792414977754,2.1549136310841606,0
1.5565147852240528,2.1863925247326064,1,1,0.36157620599116197,4.848582544249588,1
-0.49413557564168376,-0.641660710858386,0,0,-0.6800157980938101,12.328637498528028,1
1.1151336581823295,2.0206071053690393,0,0,-0.5436353780138188,19.211060639635015,1
0.7184151164133329,0.061258768870384894,0,0,-0.6266515946807151,29.288884472994404,1
0.15185980217827957,0.17824424838709016,0,0,2.400603334129892,100,0
-1.4313770832851926,-1.873992498659757,0,1,0.3563807444482598,6.103130112032842,0
0.9573222222134603,1.0086480932393882,0,0,-0.3076688735090173,21.076708107607555,0
-0.2040165553396757,0.527070782283884,0,0,1.1917967153398574,43.049713631812836,1
0.2963347806685289,-0.5727675166744322,1,0,0.2588166063310208,49.11731902100346,1
-1.7001044410589639,0.3079138819929691,1,0,-1.0635275669354727,0.4084555258002864,0
0.028821291474739538,-0.1767305872611452,1,1,-1.748471645143247,29.117204769691146,1
-0.7267775620488235,0.15732794456381582,0,0,0.11429548270576471,27.439494040680174,1
0.5390838947750051,1.2310081327385711,1,1,0.7882953775216849,18.6472204969358,0
0.9055771101238129,-0.6747235240058524,0,1,0.9345232518499066,1.5846084907501206,0
1.2556148326333665,0.0023325062378533046,1,1,0.15533768317276583,23.049568410285374,0
-0.7813848896711487,-1.184059661182038,0,0,-1.9510813263356248,38.09943218599855,1
0.5886609042077303,-0.25258001474759034,1,1,-0.3498554527540887,12.312720822959685,1
1.283320724687013,1.4663648258794422,0,0,-1.6082662761369642,100,0
-1.3467759367407997,-1.7981542406038986,0,0,1.165040496072246,10.492942492127536,1
-0.43102497622706565,-0.6266274410515605,1,1,1.671520544582231,20.291254964947047,1
0.09306057452308036,-0.3924980641942595,0,0,-0.9957396900144747,23.25694655219959,1
0.10499442652162308,0.3002098934735936,1,1,0.6402880949623777,25.54800492707028,1
0.5583558881976174,-0.6967037497414206,0,0,0.19421723180888004,54.85518376301558,0
-0.27290600172827145,-0.06418652088240058,1,1,-1.2392021256423027,31.529726161432606,0
0.04724653913102623,0.034101566740052214,0,0,-1.296654271505279,72.33846284998272,1
-2.0007688500642744,-0.7410743217749309,0,0,0.5157357833965666,44.477114217093636,0
-2.371173148863641,-0.8554638037388909,0,1,-1.0360206009592634,17.212614483914354,1
-0.46476512031350964,-1.355926805148877,1,0,0.5443060092518162,42.82404911129598,1
0.5093239204792742,1.0607238024472747,1,0,0.11447066911559077,55.231044398035415,1
-0.4193673212040296,0.5990156090025941,1,0,-0.10223484175044421,51.21270217583616,1
-1.8995473519720096,0.12083708085911582,0,1,-1.6232137799720159,4.978034434270307,1
1.2542259172852737,-1.1385976168018344,0,0,-1.5607561142777537,26.34391703662051,0
-0.07092300079801424,-0.6290391178112467,1,1,-0.6476169580237214,94.93308196734225,1
1.1433646302478027,-0.21546609175031362,0,1,1.0226503685563288,32.9124731783767,1
-0.6258428907617885,0.07552669451121002,0,1,-0.047357985914663774,39.049314853410365,0
-1.059611693007369,-1.8637748785015793,0,0,-0.5123228660574143,45.67677790558547,1
-0.1424005836278978,-0.794798605468174,0,1,1.143887887536501,21.99551139767282,1
-1.7988177513932335,-1.8168854739771143,1,1,-1.7451326541335475,63.294814889625314,0
-1.3225913294739196,-0.6016916344662133,1,1,-0.06213739860604079,10.61527331090183,1
-0.09424028608998634,2.005795559074524,0,1,-0.6612415013745137,58.581849197243365,0
2.156760612203093,-0.1563925834927773,1,1,-1.4410458353201243,36.48326699298046,0
-1.1475086179536123,-0.37410586016805253,1,1,0.9841972966026561,29.908600210986773,1
-1.141759444656173,-0.9485592619453174,1,1,0.6228244454404516,36.09038041554809,0
-0.3420911420333293,1.111130499515603,0,1,-1.077481187900156,15.428602102202857,0
0.4655770885509156,1.1085858247383276,0,0,1.5838222915918718,95.42386072470947,1
-0.42137357240535306,0.504564542805804,0,1,0.21277173741598135,32.927780412154824,1
-0.39157277263343765,-1.114586443843238,1,1,-0.7454366231887092,87.04622995448507,0
1.1441747555154391,-0.006305639558292553,0,0,-0.14514951580946,11.900613032522859,0
0.2846790927916031,0.8867198231309741,1,0,1.1797958052862008,42.951575329335164,1
-0.7166815324699971,-0.46742718774565384,1,1,-0.09911565947675682,3.574083114268877,0
0.31092578055355236,-0.062276702246612914,0,0,0.5355277104922872,15.020167788623008,1
-0.4259080846738349,-0.5299025260445929,0,0,0.1855371443408746,12.554305049592232,0
0.05506592999448337,1.66925527584999,1,1,0.944446832966818,2.9459219444271905,1
-0.015478928544059432,0.10131847925627935,1,0,1.186131775938616,32.82332614611482,1
0.6742293963847716,1.0101109174148277,0,0,0.1090741807873931,11.292825899811175,1
0.6384186685673803,1.3669955179255011,0,0,0.15260475293146591,76.67726553100407,0
-0.32350285063219575,0.007099655394478099,1,1,-0.6149758651059212,18.80779781465576,1
-0.05524678789010637,0.41778825160558203,1,0,0.7229573081061602,43.76219441702616,1
0.3727409634511755,0.8604226573174155,1,1,0.5231537609337806,11.85594949852016,1
0.095153151110368,-0.577493587448272,1,1,-1.7128538153830042,33.352986996061524,1
-1.0871551989846013,-0.5314409695606089,0,0,-1.679048020376107,30.932788491013408,1
1.083008590417656,1.234869879214615,1,1,-0.44913507235828637,15.223477062685932,1
-1.1389519026504904,-0.04063699398005116,0,0,-1.981991968499916,5.014501578864207,1
0.1709422077086331,1.0716572850425603,1,0,1.3446069476350657,17.424976391953706,1
1.5413476419568966,-0.537709060954938,0,0,0.8446087986368045,20.766011276402594,1
-3.075582890255411,-1.5426581026387,0,0,-0.1412014531970794,14.813125003881744,0
0.4210862689845148,0.010538567101502888,1,1,0.6006783242837721,21.53085840537153,1
-0.7644790272155961,-1.2114699842635124,0,0,0.9367344561276025,100,0
-0.1874196689008327,0.11671212362158291,1,0,-0.7073934573010574,61.46581207416794,1
-1.3575179086065527,0.20014429799755717,1,0,1.2056058286272264,74.49127989954168,1
1.17743424995456,1.7145002421514153,1,0,-2.043424460070035,48.42122389654841,0
-0.19877493029494595,0.5559872338567566,1,1,-0.29969285024192666,16.553076964161818,0
0.5454983849473852,-9.55960763239283e-4,1,1,0.11253382717045754,30.489349356059016,0
-0.30383870885888253,-0.6879955444376503,0,0,0.4900412484054469,100,0
-0.8656039038187362,0.09551002740282799,1,1,0.7519051165944879,26.792633002467603,1
-0.07068780109719994,-0.5423331030493771,1,1,-0.5863571347778012,19.286357852579798,1
-1.5629036325188297,-0.8268082311995825,0,1,-2.128466095518168,44.550944973010274,0
-0.2750270511324314,-0.1642669788850877,1,0,-0.1503486022235779,18.2528416631063,1
0.7672378943442818,-1.263400957787037,1,0,-0.3404453704766205,11.249435190966942,0
-1.9451563548973012,-1.577515970537442,1,0,0.16572925009400757,100,0
-0.936687812398624,0.7820596418963677,1,1,-0.2542650344319981,70.57271235718005,1
1.3200341847720056,0.6553157126372148,1,1,-0.03397795882309915,31.477606956091876,0
-1.1592386963826928,-1.0870134298607366,1,0,1.0687509796274481,46.864944031646125,0
-0.932716516723951,0.46912742483661324,0,0,-0.732454076407114,8.212650803748774,0
-0.8781307982726306,0.1475934298223936,1,1,0.013594950264685865,16.829610351854143,0
0.007645872132767504,0.012725824521510746,1,0,-1.1904649765371518,23.917589779110667,0
0.30679293034469735,0.008385257600219437,0,0,0.7006976740050506,79.8587343400778,0
-0.8364415540106179,-1.6123739664547467,1,0,3.004808165584464,60.26480143666033,1
0.800357668966328,0.13717059663042291,1,0,0.30422492677684615,11.617359791605354,1
1.7113650955408364,1.284525280281772,0,0,0.0962060684731246,5.095674564122873,0
1.3499384585325434,1.1870442385483282,1,1,-2.35524137213526,36.16916931492162,1
-0.8867113335910186,-1.2276717305052975,0,0,0.7098350368777057,100,0
-0.28266771440453997,1.2379364752187674,1,0,0.4529663411228247,99.77350092758128,1
-0.5999430975427716,-0.7454058729517801,1,1,1.5299376573797931,46.450744151192595,0
0.7555362264359408,1.100845633114102,0,1,0.18267169279498682,11.006862175411547,0
1.5514057437087576,1.701603537586501,1,0,-1.2255149689884763,10.56190971472427,1
-0.19036960175184203,-0.48529480598196584,0,1,-0.1189331999045731,34.459078412389225,0
-0.07280589096969603,0.7682146968389436,0,1,1.4538703509273068,19.357743215114425,1
0.029569109991376755,0.14749772690898816,0,1,-0.5143569292394664,28.96435160059721,0
-0.618986379989851,-1.2017716726297771,0,0,1.9312224580853394,89.80157097501815,1
0.276600703219708,0.306117761916576,0,1,-0.23206051672967273,23.906363327202136,0
-0.6998847876140722,0.30106329762313516,1,0,0.2818516069291767,8.8702468041976,0
1.0296164739666032,1.0248931324909178,1,1,2.1818410282110925,23.722769646084917,0
-0.20273225514755008,-1.1428235068324724,1,1,0.06333478315718995,41.914459180099044,1
1.3340254593352587,0.6213361689712318,0,1,-1.463990235064343,17.982808724529594,1
-0.2731576257329842,-0.5549854485504552,0,1,0.34847792916148335,16.430996684139302,0
-1.2646029895217272,-0.7200358268406407,1,1,-0.6828738767373946,51.234543929298475,1
1.224064379528639,-0.32236401335823084,1,0,-0.442436774297995,3.53712416043736,1
-0.8905596470863674,-0.9348660721220219,0,0,-2.714089024011519,44.476951432327695,1
0.16634596904670587,0.29617360522401115,0,0,-1.0638179998821558,30.072942431537545,1
0.5192054817474296,-0.06622683607144203,1,1,0.9529108121748886,21.429079526657503,0
0.13540808834081394,0.12031305232863292,1,0,0.750841254353995,4.304469127091484,0
0.5529865162066936,0.31319427710755793,0,1,-1.5779840887336711,14.358681472732146,1
0.37942330122147616,-0.0718457848850706,0,0,-0.09743134980324156,25.411252240828492,1
-0.8195430450967741,-0.4657227741548053,0,0,1.5027998415549464,7.438091870267019,1
0.5102121534352058,0.6249367913496345,1,0,-0.010839191551731218,41.627773544198426,1
-1.5339406189127769,-1.28279734135076,0,0,1.2980783603354646,87.10721720350168,1
-0.20982763917808167,-0.45922585863940096,0,1,-0.09402478341740426,63.86107584351411,1
-0.565121912276229,0.24493298824033805,1,0,1.496649998293429,2.4045101225042416,0
-0.1536811289428705,-0.592909721031724,0,1,-0.1347147235440317,12.764939933725321,1
-0.8984815846399207,-0.29141498364107915,1,1,-0.3688109012591472,61.29846128152677,1
0.5048114101582204,-0.3935960674949899,0,0,-0.5510953524984342,25.53699057154353,1
0.13242028438109446,0.42176591412451225,0,0,-1.2417544820948656,23.90461113964066,1
-0.3762655778029943,-0.7778242833057405,1,1,-1.4914990441166571,10.70685231850422,1
0.10733736542009673,0.20560737797656242,1,1,0.23175893323299196,24.655801369721335,0
-0.8420615809087313,-1.0144002174085278,0,1,-0.11987284975834803,9.167637519363643,0
1.2950130738624703,0.8062042126802934,1,1,-0.11422240130070958,13.083043285783642,0
0.6592181797006221,0.14299516825308561,1,0,0.33185456965580995,47.013541886773496,0
0.45467180368881444,-0.9673636488216595,1,0,0.4903188017891085,40.26524528366633,0
0.14041500468242815,1.2684542491086968,1,1,-1.2888485082908114,9.149890726621182,1
0.9841001991464913,1.4851926555552382,0,1,-0.5621133024226563,17.36980273905558,1
1.4107493243070701,0.1450688809780969,0,0,0.34565611881774094,16.15975344291592,0
0.8937160348065141,-0.863931030621863,0,1,2.201516557413733,42.969220982765215,0
-0.3791716834597406,-0.49206813154144,1,1,-1.0072042250291142,25.4204118186066,1
0.22751718510127597,-0.044818246993063346,0,1,-1.7504244868266992,2.612653443344974,1
0.617560895363557,0.8265365911044854,0,0,-0.8223988434648577,23.652827682387322,1
-0.9021224385957246,-0.5269444171725236,0,0,-0.5908514061657233,2.841009627115404,0
-0.9057173725720513,-0.3977299442837143,1,1,0.08396061615141895,21.400558383453173,1
-0.0856340024993955,0.8736527491499286,1,0,-0.8525583378736773,1.973411851966367,1
1.0046990063972112,1.024749710392368,1,0,-1.4261698790405712,14.202378427892999,1
-0.6151886895347088,-0.6591671125941362,0,0,-1.3804048975705632,41.40937269289396,1
-0.6783871771073231,0.4303411341328177,0,1,-0.9940807589848073,54.05241441675513,0
0.7019326369287084,-1.2182421519465176,1,1,-0.8265229877606148,17.407039202112312,0
-0.7022899149026397,-0.9576509920147986,1,1,-0.6990278354744125,3.4469576373071225,1
1.0980807899249905,-0.2181562285539621,1,1,0.7861793235628165,28.211146483913996,1
0.8853228090713733,0.20885241175911706,1,1,-1.7647288251193085,23.390604277930684,0
0.8314755832849587,0.09556336528215759,1,1,0.059013771318149714,10.036831960371137,0
0.01746277111799897,-0.5018550757528135,1,1,1.086220167584235,58.282359616650076,1
-1.5410085327512086,-0.016183381719813372,0,0,-0.2810096580309692,26.526626224788025,1
-0.9576376879443554,0.16950896355271233,1,0,1.2713318318170772,34.236231662515166,0
0.6937232076351907,0.8431512953184941,0,0,-0.770700078487713,42.26402201617146,1
1.4167590536377623,0.8831760785662941,0,0,0.3851905081657969,14.751669311632856,0
-1.0650134498071329,-0.7751541726270774,1,0,0.8608220155795099,36.46146403668028,0
-0.2014986767737954,0.4729319211008376,1,1,0.5946145999359854,34.037879324161125,0
-0.8949972787157997,-0.4271579284561059,0,1,-0.3087560671560459,4.85924061800589,1
-1.2422950934188077,-1.4928088495096452,1,1,-0.9886560208759082,13.863959800942181,0
-0.09313250372094267,-0.09091002319761113,0,1,1.2144741874362028,50.886086393675455,1
0.0984969257724592,-0.3824936190678747,0,1,0.21918342410028427,28.85397025499976,1
-2.1489392755396866,-1.079497292514575,1,0,-1.968054841922801,47.61895463993151,1
-0.07285161400366756,-1.219577286682777,1,1,0.6856036914698703,16.76132459464263,0
1.7592790635277327,-0.37492339531980834,1,1,0.9364116319423577,34.38447311346674,1
-0.8924761009320489,0.2750665084752321,1,0,-0.01617576029272361,28.06863336636065,1
1.0567691889213662,0.774510741167753,0,0,0.21568503923538498,29.76817600625364,0
-0.2845345799070172,0.21441872320396946,1,0,1.2331059095623473,29.09171108268293,1
-0.5743063842034609,0.5446629175918114,0,0,-0.13171009190912242,2.0910409801671253,0
0.6293539191173027,0.5625829522421311,1,1,-0.8370792130553348,18.637670408494255,0
-0.9838341837099028,0.10788739061693381,0,0,-0.4746793903212954,21.86147398707043,0
-0.6764671133146457,-1.1478866625546342,1,1,-1.8336379494584798,9.532406361093047,0
0.8004398253870216,0.7207716893032468,1,0,0.8780537548687882,17.44281271381006,1
-0.5783692927272701,-1.2316464784986962,0,0,-0.8790813568494564,25.980542382243836,1
-0.29480183531198056,0.4076457134074136,1,0,1.1825893128624891,33.75530815022592,1
0.6866868665017132,0.7734556589514917,0,0,-0.8444558994679873,26.98810204451208,1
0.021571019134019723,0.8495404725696842,1,1,-1.961549315608584,48.088947596075776,1
-0.16080072685485505,0.19397918499070005,1,1,-0.42021958411887317,2.8473163408664184,0
-1.475028886536211,-0.8104115743036825,0,0,-1.2834500237587239,2.826621100185194,1
-0.4953476379539603,0.035443389183414775,1,0,-0.631229581410439,16.12571896109003,0
1.9571241043347538,0.584354002963613,0,0,-0.16707364325001525,11.292110659280983,1
0.9748053291682856,-0.6717714012583249,0,1,0.35085892807869506,1.7573305985162126,0
1.081853403242798,-0.6317039140138556,1,1,-1.4839287516270663,74.36038281939223,1
-0.13776028288198552,0.9397655927003223,1,1,0.5139096259542201,46.311328426705735,1
0.7985702609594668,-0.05467232983788345,0,0,-1.354952430005919,17.099744505897313,0
0.7270829148974675,1.9293958677569432,1,1,0.6385088618639344,34.17963540671513,0
-2.208404371841391,-0.8317653734657606,1,1,0.3661356124719552,0.5169717487407491,0
0.29994924886172075,0.8278457591341017,1,0,-0.9585301146530666,42.86254599192988,1
0.10910314123162622,0.0612481723111217,0,0,0.4251683150136074,6.200592442232753,1
0.5348784587070886,0.8910490488087326,0,1,1.8088023206236536,15.303700843843991,1
0.9591471267669873,0.025616501509939105,1,1,0.5550497276227643,4.422242332113865,0
-0.41857219594606,-1.625433796378119,1,1,-0.304948140950784,7.0043848067653824,0
-0.5962532252296123,-1.006995613382526,1,1,-1.4883820772370906,41.15981457859337,1
0.5244736615306395,0.6657404788666261,0,1,1.6399821708985174,11.984236659231733,1
0.16078365176991158,-0.23636482779907148,1,1,-0.7917351378179607,58.58810329062494,1
0.60011293310318,-0.41103767082743814,0,0,1.1163407162269632,29.872134554516748,0
-1.1572325837232882,-1.5600822095725588,0,0,0.44186509062948265,94.76201576780491,1
0.7853344232034172,-0.41435481433497534,1,1,0.411407037859706,27.96929761866343,0
-0.0847823411657887,0.25617156142792896,0,0,0.08591138071439965,3.231519761546015,1
0.4176018398603344,0.7823066491403954,1,0,-0.5330918358164732,39.0794144385638,0
-0.8858180892023033,-0.7707623834750517,0,0,0.3570381661671957,9.945912900385341,0
0.406164472900182,0.36165589812178256,1,1,-1.595557396976007,18.37699897357731,0
-0.09737937547691208,0.3908894472050788,0,0,0.20608417725518344,16.847282105584693,0
-0.8142835858875583,-0.7977576737594121,0,0,-1.2113303104675581,100,0
-0.01594430815226307,-0.3980710052436807,1,0,0.5295400963978553,11.150388536144044,0
-0.7119284232221572,-0.24477162496782312,1,1,-0.6184667949234339,42.21542123556229,0
-0.9269925468403826,0.1102018909379523,0,0,1.0477359391431333,65.80268572390864,1
-1.10685452183432,-0.6942541128520519,0,0,0.9580427977014018,100,0
-0.2691978571298758,-0.18021313981666254,0,0,1.0864882645186351,44.962870486921474,1
-1.529638071071675,-0.15529554686660507,1,0,-0.0778143485070718,42.15623998497094,1
-0.9464088376313429,-0.9698739502409823,1,0,-0.4680307077549039,56.397298592405384,0
-0.29649910284460607,-0.7975201615610645,0,0,0.6199154939311501,35.0382593963178,0
-1.304469953238845,-1.2079316675910565,1,1,-0.12911281498918598,18.08578050603478,0
1.1855145117239911,0.7752184598078501,0,0,2.388016868468979,23.138210193768916,1
1.776952196564226,0.5054246344433775,1,1,-0.08598822559727776,13.808044491514025,1
0.40693571435549813,-1.2499431003354866,0,0,2.290994101732242,8.060726646391304,0
0.3645535577785775,-0.3974868157002589,0,0,-0.16469853494915074,69.37937413440096,1
1.0945094305575032,0.8369759226838613,0,0,-0.01965752996394128,12.621237918211218,1
-1.5396335416647642,-1.0642454879547638,1,0,0.5158147432049022,52.27488260839611,1
-0.0568777896394389,2.015429141413238,0,0,-1.5672863743476255,20.57531511635933,0
-1.822455984586822,-1.1227977627922205,0,0,-0.4832292937356617,100,0
-0.24853094975394,0.9882286036051295,0,0,0.31578564342089355,3.2198223583173475,0
0.795167185500803,1.8957571676040568,0,0,-0.9571729209791316,6.714345140093837,0
0.2889768809300366,-0.567334629188715,0,0,0.5368593025187972,17.05310709226086,0
0.9580428579829308,1.2475923283236487,0,1,-0.5619420415096954,70.03773516202921,1
-0.2583521019131,-0.10722984850634341,0,1,-0.5665431071972586,3.137261106055495,0
-0.1501421006808338,-0.41680568803637424,1,0,0.30472992151103834,8.90596611871015,1
-2.1568185536966222,-1.7540003323270095,1,1,1.6963768659013156,23.483517825888494,1
1.5207230905550826,0.6638827561330507,1,1,-0.6436742389309662,24.017052648627846,0
-0.9715914102604585,-1.3802386956983559,0,0,1.5725891359088089,42.81854987868953,1
-0.1606084636802027,-0.3382700303319731,1,1,1.119758718226494,13.021760718617932,0
-2.6863122489573006,-1.5181629376724783,0,0,1.5041036451065883,100,0
1.429016234761842,-0.9000264218496298,0,1,1.2556869254429726,1.8183597359589458,0
0.26044253059858974,0.7346232505628868,1,0,-0.19386380160046807,50.48052602485112,1
-2.002106098100409,-2.166289625677222,0,0,-0.7205725297937007,100,0
-1.2715824064414123,1.445243231355077,0,1,1.1511804477495142,8.49998529964309,1
-0.937304725335253,-0.5563480292308197,0,0,0.8708437003422672,42.00458342000603,1
-1.5907006583489716,-1.0719707993399272,1,1,-0.6107004332049384,16.87769102031995,0
0.25317480486572913,0.3389709546105551,1,1,-0.6786471274506184,2.6564060760454136,0
-0.8420691472471242,0.10441526291785663,1,0,-0.7347331698228899,5.886857850847314,1
2.327929238011229,-0.5227157370307491,1,1,1.7847279265649618,5.700405459475135,0
1.2747373575282936,0.7915363864975277,0,1,0.24314914391328335,33.083775783410864,0
-0.17997461299182632,-0.5631980065015072,1,1,-0.06997567023566198,7.526839611345409,0
-1.4288468098471465,-1.8233053801444448,0,0,0.7197196141893321,52.414681534870454,0
-1.5028009012376942,-0.7508928153219743,0,1,-0.019989056132542767,77.53793140028787,0
-0.17129969842991366,0.7732042995452502,1,1,-0.14923299464145268,17.903804661930444,0
1.4523959949606946,1.2452210005170636,0,0,0.4348627264064081,0.020962267463428302,0
-2.5053279369377957,-2.3871679261162297,0,0,-0.2858828152372343,100,0
1.0813874261864878,0.2180852439193321,1,0,0.5259012771141762,45.554694295693366,0
-1.2667833563310171,-0.3689475614385714,0,0,-0.6193790982493573,100,0
0.6898041732829937,0.3850074328176928,0,1,-0.7305686391638643,18.45115447797255,1
1.2834727985290182,1.8836683395311784,1,1,0.5648093725909947,12.182892377585455,0
-0.48326365295237295,0.415573756748332,0,0,0.11419896246792814,19.609650370471797,0
-1.5772785466461903,-0.35622536958237283,0,0,-0.6009968666592653,9.12334476196068,1
2.6042473194530014,0.21560531494969792,0,1,0.21327815147272097,20.05669042284524,0
-0.668228442379891,0.158550754789343,1,1,0.26651980677378,30.23194206987521,1
-0.4772356784085402,0.10763666034394287,0,0,1.2193989624375552,18.087020072993518,1
-0.33862155237779057,-0.9867913456923487,1,0,-0.3726045299964988,47.76624980108949,1
-0.5762751135850954,-0.48349364143987617,0,1,-0.7944710259825786,21.631337406578513,1
0.6035111777327663,0.3692249095465252,1,1,-0.4036128385189596,44.008027791308464,0
-1.022150862457791,-0.22048990718662986,0,1,1.1542465883427198,50.19329214225657,1
-0.290277999868413,-0.831047579137952,0,0,0.5801641112107679,0.869771492488655,1
1.7677094864041443,1.3859799971128632,1,0,-2.2902061902599904,13.297013233699067,1
-0.27404441428098975,-0.18576737147057043,0,1,-1.294903674398143,65.64255846967086,1
-0.025641986874967403,0.21266490436316862,0,1,-1.683825656101065,10.88801777778322,1
-2.122646883260812,0.405372150645962,0,1,-1.157939955028987,25.82240443829486,0
-0.5504433383405025,0.0827512411536972,0,1,1.3745268995186297,79.22687624188234,1
-0.6371812458772547,0.5721729329914595,1,0,-0.21357854986169736,13.048174317425591,1
0.0033030659964099875,0.1202805318277863,1,1,-0.30218899421645434,32.39433882870982,0
-0.1145466801068256,0.31211900461274317,1,1,1.3649839105879487,27.777499958263384,1
0.2885154335302394,0.2694307136465036,1,0,1.0185470946020474,33.289098931586345,1
1.3404241859006676,-0.05570394634057163,1,1,0.2183164530902657,1.89924222819563,0
-0.5839544478068601,0.42369964689280337,0,0,-1.913043395362644,99.09512985413434,0
-0.028207948600824095,-0.9691567253125997,1,1,-1.0303377467316033,1.4985988604511111,0
1.0041775689687797,-0.024539530112801744,0,0,-0.24870865241669018,85.4341141923787,1
0.896373681321243,-0.5912466519305997,0,0,1.019971740283208,14.521500629158693,0
-0.7968902749963307,-1.7070075574346584,1,0,1.318833963015173,32.569238694767016,1
-1.1540776487147437,-0.7289214775395179,1,1,0.4821540092292346,39.038695387761514,1
0.048957618411022856,-0.19699184728475672,1,1,0.578127220497999,58.10237438363373,1
1.500816512945427,2.439782693742356,0,0,-0.44328122932811476,5.203140442533655,1
-0.30444874767475183,0.7809485701350871,0,1,0.4248190993686189,26.86334142376864,1
0.20125122622553146,-1.6408035672270704,0,0,-0.5424238876648355,79.95409498146279,1
0.5479203679336835,-1.1440819444197379,1,1,0.5300208429638144,8.275378202109518,1
-0.23770261581142185,-0.8356989106006123,1,0,3.081582534771262,8.521910153409879,0
0.24204106481016205,-1.3123796752439862,1,1,-0.5960221841044742,21.466143479099774,1
-0.1588949066244921,0.6942533172672707,0,0,-1.27877964379582,22.87887065678266,1
0.4185871281095874,1.0791831535055163,1,1,1.3985622956389352,8.182420727435511,1
-1.6885444782585908,-0.5976493447188815,0,0,1.1718648642469056,57.02454837272127,1
-0.8793422225253472,0.5070694829959921,1,0,-1.111022356759531,100,0
0.6461537617884164,1.1570941470853684,0,0,-0.2986494596805038,41.756382748574275,1
-0.047125515870746704,0.4857265053335408,1,0,-1.8292372624755984,39.99972527146536,0
-1.379333566835574,-0.29822075889587896,1,1,0.16258436338954974,8.702326736922924,0
-0.5625388095927597,-2.0621837783430914,0,1,-0.39691088544376196,65.44660425925635,0
-1.5652795214832333,-1.9562398919306623,0,0,0.5353243808970402,29.71424465707546,0
0.38782809121175377,1.536653109317109,1,1,-0.39365062520376426,23.347884962886383,1
1.4583827627768848,0.9766996326545387,0,1,-0.14103090683208006,23.41895799134037,1
-0.6873992926761308,0.420671337497319,1,0,-0.10366169977314472,24.969990258747362,1
0.5524890457441749,-0.6349566915595303,1,1,1.1380336979217802,52.934330138285866,1
0.200652457563906,-0.08617199283752931,0,0,-0.6272814965109432,3.6153001101329942,0
-0.6878766164133597,-0.17957494413298586,1,1,-1.6158747273742342,13.63898865672989,0
-1.4165563243212695,-1.6389078131020915,1,1,0.15330846781751306,15.74640271788407,1
-1.8513508085697634,-1.2791462599077594,1,0,1.0779019236651382,58.336923383586864,1
0.5568364989394428,-0.37672092432502957,0,1,-1.8566189900210732,6.067305235659688,1
0.31631580121235625,-0.5733563787365759,0,1,0.8625902746352031,83.648857339046,0
0.8388167047304401,-0.0846972577056267,0,0,-0.2133811959633314,18.04789825200668,1
-1.3761024318504647,-1.4532731016358096,1,1,0.1364409672719601,19.986843270251452,1
0.08579043759873389,-0.7573299925557774,0,0,-0.870934839817282,9.133211709575352,0
0.7206874162129399,2.137196615759629,1,1,0.0930476354533674,12.430943478414685,0
0.9928130214300087,-0.07763531999156342,1,1,1.1811694370497745,14.81697874921419,0
2.276402568593841,1.8521930944566758,0,0,-0.32523410011507325,1.985158190005297,0
-1.2574695205135233,-0.5581410234835064,0,1,1.089958357166617,43.32736632142563,1
-0.21257581544023593,0.4756465740503061,0,0,-0.7453039959703498,9.185595111102169,1
0.18560370443734628,0.3605138303579003,0,1,0.3347685073594242,5.457794861582263,0
-0.4593891650465349,0.3882976729228591,1,1,1.111054797033204,30.33209245306779,1
-0.4715081883354162,0.5053135096631718,1,1,0.8262577434780225,21.6498439543306,0
0.3331927746834777,0.3339797817204607,1,1,1.2494818622570787,13.722336377422703,0
0.5938084014904,1.851674083383783,0,1,-1.7064530681958985,100,0
0.49211313390945594,2.182894981540733,0,0,-0.9369909470005707,41.29316321174102,1
0.5999338329479308,-0.7281849898656854,1,0,0.40447937896880976,15.191054972607528,0
-0.4424160968859962,-0.24887804548807063,0,1,0.3141268727528621,9.280423675675205,1
0.010363159941054084,-0.2860760324189969,1,1,1.2919810357737163,20.058335071706704,1
-0.8199951056161978,0.024741368285169818,1,1,1.8017634380831784,18.30212428981825,0
-0.4824420021855565,0.33890888565562194,0,1,-1.7261719894150573,44.272231076620514,1
0.4240988538981153,0.9841910895606181,1,1,-1.4705828681206867,1.2526570365736895,0
-0.4333492338589573,-0.3045009055252621,0,0,0.5374582203764955,100,0
-1.7259797791460327,-0.3309855777110946,1,0,0.07349945468565892,35.43395934674336,1
0.1263686487323149,0.03035966300897787,0,0,-0.18999794199810893,15.506276376022036,1
0.008845507253337022,0.9650294626946654,0,0,0.7275204341172999,96.22877773713016,0
-1.3879645259428228,0.268754430211944,0,0,-2.938833902116188,12.624629307192047,0
-0.6958751002138169,-0.47806154323159555,0,0,1.0208801714986278,66.57525142977887,1
2.3222627065758205e-4,2.0368145358512253,0,0,0.9764276136616683,95.77862845539154,1
-1.0756560039630503,-0.3270176304258337,1,1,-0.33621298768673763,48.6656515691595,0
0.7905583154575101,-0.7038672084659248,0,0,0.7247079751628142,62.33581255614411,1
0.26340549532972385,0.12942027063109635,1,1,0.5184647908969768,60.891582117685445,0
0.8580430096287236,0.16696334901933418,0,1,1.2182036207697269,1.4438346743379102,0
-0.40700480439134507,-0.6660152380674476,0,1,0.2515467964822331,10.191933551411243,0
1.1097364751574699,-0.44963723105509323,0,0,0.1722732172457028,82.84623003342338,1
-0.7386756137555828,-0.986400266549816,1,1,0.4658271383513276,6.266150718575447,0
-1.809046898391872,-1.8778389568787257,1,1,0.8331935145462523,73.17870602292342,1
-1.5545814330821113,0.1290210222291054,1,1,1.054936389866001,46.5739948369201,0
-0.15598100191187297,0.11945942147662619,1,0,-0.04696246036334809,31.117485598249026,1
0.43447517575993505,-0.2901781357825124,0,1,-1.2392177320265942,15.659486009696362,1
1.891204403289351,-0.7262499260778965,1,1,0.4783627301587115,32.68931146794079,1
-0.10940745960224176,1.004790539819088,1,0,-0.07471400518501786,16.61138311382908,0
0.35705403393670393,-0.7208574616841161,1,0,0.23656027642365227,55.86357062891356,0
0.232132037204301,1.2589269770685387,0,1,0.2945744580049432,41.62507226235565,1
-2.1216933062039405,-3.2198670222647756,1,0,-0.6561425214882352,37.210462755384356,0
-1.310609165562005,-1.1951139691980506,1,1,0.6523063967834232,5.750459869271901,1
2.290934186741034,0.10599500111928073,0,0,-1.131247272573795,0.4988960900196119,0
0.1882073179326992,-1.1128216422966446,1,1,0.09089624114749739,51.21510459599034,1
-0.6529818438929249,-0.04531490081731665,1,0,-1.3924495095510012,89.76523788770392,1
-0.13362675965876614,0.2623206683113925,1,0,0.3905692498345428,4.703468055870816,1
-0.37060723299183584,-0.5314345742131201,1,1,0.0508643804409144,35.890142453009794,1
-0.3696679284545568,-0.7966224821626785,1,1,0.010606415113501062,3.9442773823179667,0
-0.6736017099421193,-0.5316003166635299,0,0,0.03619240859655966,10.171311301132025,0
-1.936577626423266,-0.68603309448434,1,1,1.2296131473755105,100,0
-0.7647827933765186,-0.011469780499577975,0,0,0.5038616852883158,18.140590726882454,1
0.9747210394889625,1.8106384677761862,0,1,-0.7555027428031069,69.70885425708711,0
-0.5809151377160087,0.10402664613631246,1,0,0.21794559454668733,45.63367134102712,1
-0.7071554811274824,-2.010633179801195,1,1,-0.9921270315124827,1.586638301697614,0
-2.002265654975071,-1.8632148373169308,1,0,-0.4990828564479853,6.47710116401549,1
1.2330066484766726,0.38348523710726706,1,1,-1.3095055195883138,5.9667746369091565,0
1.343024828725422,0.5794092608627606,0,0,0.8901295000082803,22.724251846571626,1
-1.300014025193482,0.8179985334254078,1,1,0.017224283797883894,1.5303937036561175,1
0.6713914368802385,0.7178325009849338,0,1,-0.2966638373098834,0.8933281653591261,1
0.3726499976446264,0.8809643458608343,0,0,0.05457563167625472,9.545838430470369,1
0.6924275466576808,-1.054636554283817,1,0,-0.1937108337919166,62.088426853713074,0
0.9115159648787583,1.2700855475982054,0,0,0.6974361925641779,14.020095119031414,0
0.9584032084129984,0.6911574712844009,0,0,-0.5064359479428618,95.55006457138198,1
1.3440718744408602,0.7960988410858787,1,1,0.8498956139981143,27.351613261633855,1
2.4498886201955474,1.782839652658986,0,1,-1.228829474665195,21.166136172605057,1
-0.24620908767648214,0.681399848046441,1,0,-1.6375196994726975,19.974539456182395,0
-2.4271704894714548,-0.7990289716215978,0,1,1.0241371644041146,3.452002223227842,0
1.6654128769070289,1.8654054530184552,1,1,0.584346873134591,17.101691132188634,1
-0.49940504987928014,-0.7687242035435119,1,1,0.7167999134783448,31.179420734978425,1
1.2262836922891107,1.4263755729473013,1,1,1.9912031152940233,84.60966060614439,1
1.5271343546993221,1.1208189004897213,1,1,0.26677301239065077,26.009724582540713,1
0.46035128652086527,1.6519278500500845,0,0,0.3145840873764953,49.06812321460884,0
0.6365237017439176,0.057890132134559846,1,1,-0.5638698093281621,0.6479525896473778,0
1.8018720442810001,0.16564078940531313,1,0,0.6518296919628114,5.031266324413464,1
0.8792648147996388,0.6144537389303296,1,0,-0.5897390985432712,79.4034697541544,1
2.766125913113699,0.889854721549368,1,1,0.6015255218775125,15.56828661772252,0
-0.08254988386091956,-0.539696440260187,0,0,-1.850584688883376,51.35388121166407,1
0.8791197067726214,-0.6537017586700782,0,0,0.462666030460205,17.96945402053996,0
-0.21784783446355135,0.7908355201514875,0,1,-1.3417654340618947,1.3834939748939763,0
-0.7691460689244944,-0.9134092358039747,1,1,0.38568530654805633,30.62006434942336,1
-1.0642129983527489,-0.6270404403329756,1,0,0.43143011071913295,22.15581376857882,1
-0.8792925289515667,-1.7925190517812184,1,1,-0.060449603632699106,24.614646321109813,0
-0.2514319221525181,0.1097852104954809,0,1,0.25738969164408976,17.42376961374304,1
-0.48613542608616894,0.25007136558397847,1,0,1.2568332183410142,1.5876505384474642,0
-1.116158360942964,0.4662733226735143,1,1,0.8603515482950221,13.423622420453855,0
1.8159044642046782,1.4706018640129646,1,1,0.8346525338192012,0.9367162017336885,0
0.3886199920872107,0.45665832967318676,1,1,-2.3937784961886273,42.85559779662075,1
1.4951218358610094,2.1338600777478387,1,0,0.05444119614352729,25.616331643591067,0
0.9172284432865098,0.850924274900458,0,0,-0.8416792683605289,21.730909646295114,1
-1.8040344085423696,-0.31563429852190494,0,1,0.6353460591289201,15.15826801678306,1
-1.1729233337356728,-1.8518968360742372,1,1,-1.8598216846626168,24.6872730346545,1
0.3521024760619979,-0.7663822829272899,0,0,0.018010251280339607,1.312529887008247,1
-1.2043394939678072,-0.7325556845858456,1,1,0.0337424799822566,4.506386341795118,0
-0.30359248483508183,0.5059017636671737,1,1,0.7878901339013068,59.383077729263704,0
0.08297819961945409,1.1283839568027818,1,0,-1.0598676947558916,22.972164885294305,1
0.6550020798123232,0.9343251618497315,0,0,0.4643089870265167,48.971746615772126,1
-1.2594370597466515,-0.5776917956656651,1,1,1.0948924305056957,14.53770171026093,1
0.27349070508377105,-0.06977708220010997,1,1,0.4294223260333778,62.91505787591637,0
-0.6137902795388364,0.16557642903199976,0,1,-0.9554326497089174,37.436557771445266,0
-1.1503075787969874,-0.24027164169031834,1,0,-0.9702764633607097,42.368021678057794,0
0.011514909425072098,-0.9318385906335467,1,0,-0.8245084232475304,23.558624853648876,1
2.2131821046027573,1.7238857502802358,1,1,-0.37876271372519976,33.45987903527758,1
0.7432889237871602,0.10539838438145532,1,0,0.3324659059313703,33.79682224352583,1
0.42348967361119266,-0.54257620807681,0,0,0.013105340832574131,3.043484384028667,0
-0.5540212732414779,1.002458335166962,1,1,-1.775376502808065,7.2493569201961785,0
-2.307498498104294,-1.6353738874725807,1,1,0.5996864915384506,96.71295173680339,1
-2.212906584359501,-0.7913631471327505,1,0,-0.34625563189734887,52.95631241139165,1
0.10268120461979025,-0.11990640651353471,0,1,-1.1331201661348442,3.7639356348109945,1
0.7684901219465065,0.26577515922738226,1,0,0.2861571079036829,6.083057594480609,0
-0.13471212338537247,-0.48860990598889464,1,0,-0.5802642064503375,7.1645630874392605,1
0.018605173986905286,-1.509896581129701,1,0,-0.478778221749771,4.118542046399476,1
0.714125492627606,2.3544949592421567,1,0,-1.230420538880294,24.717931460810664,1
1.1417833980700725,-0.19688897132927685,0,0,1.228187747635949,9.14896453844287,0
0.5002394287147621,-0.16947284420789172,1,0,-0.6211431905638493,3.360764045048956,0
-1.0687291654569917,-0.13312861720170044,1,1,-0.8154836994329254,3.724321678501265,0
1.3803170772477846,1.4455553177071128,0,0,-0.11936809427188148,46.15905679627301,1
0.7653406688606964,-0.02527315810556474,0,0,-0.19250314559285,48.55335018058997,1
-1.5211789611526854,-0.11343040488372413,0,1,-0.9416288234478495,9.198444292175868,0
0.45140750012742514,-0.11346052661938544,0,0,-0.20046138885525538,39.68524083368966,1
0.35920983864382416,0.2546277133548876,0,0,0.14291726591303938,25.095421229301678,1
-3.3300685617721255,-2.13748557701225,1,1,0.5326215851799526,19.284515132729744,0
0.20843659829470912,-0.5205470669519872,1,1,0.763092643470085,31.231218805191137,0
-0.2275509085798107,-0.5567459454465339,0,1,-0.9825379374521983,55.20793558436903,1
-0.46085523243907645,0.8265750899283675,0,1,-0.7224349979963474,23.232431842166424,1
-0.15604021497474915,-0.31125134070871924,0,0,1.1066242687108787,27.163660996555468,1
0.4683096693902306,1.2855119353604476,0,0,1.0242001033596844,2.7392648363312713,0
0.12038442657795473,-0.05503317578159324,0,1,1.7116692079700455,8.390877918969174,0
-1.2855639251337185,-1.0074170535750255,0,1,-0.23110277669226215,23.743126116366945,0
-0.9818019149694013,-0.014665621432849552,0,0,-0.6445362585895125,27.773298839651027,1
0.7595729706738604,0.7462138660071853,0,1,-0.7467710536271813,4.73996679532057,0
-0.14764261489246155,0.30771464347254845,1,1,0.35756262273345824,3.095965584105671,1
-1.8802684955658067,-0.1743337296145273,0,0,0.7644242510023955,85.482451845054,0
-0.15782932052756427,-0.25865983681196647,0,0,-0.5157519208557245,12.93614365140628,1
-1.3981211443151838,-1.916765775912253,0,0,0.34810942656663457,53.20809770921869,1
-0.9626196351039163,-0.9252393305418929,1,0,1.617038660067867,70.19384786727971,1
1.502779086872228,0.5608723938581948,0,0,-1.141162336254586,2.8246596711177894,1
0.4508821546813288,-0.25289187694615933,1,0,0.8102812618503494,42.18955380343971,0
0.18931797884626214,-0.23536658444930803,1,1,-0.19197884175021204,9.9043317647246365,0
-1.2477994082388408,-1.1663717293212374,1,0,-0.1939331439618468,4.622136026722914,0
0.3777154765838894,-0.08673117366762545,1,1,1.210876678750921,7.205962097614585,0
0.41344925510845204,1.2405740222257673,0,0,-0.22729989691895489,8.386284040725352,1
-0.24559099803771373,-0.5196266162999388,1,0,0.33168511817130986,52.676429788317876,1
0.02427200930415114,0.08828496434299979,1,1,-1.570977232423572,10.95226126196418,0
-1.075025088010896,-0.4771639006730559,0,1,1.5270958963274155,55.781084344668024,1
1.3222080401137566,2.145279462299664,0,1,0.34845161584451223,17.983403540863293,0
1.1557342973869895,0.20013961596055085,1,1,0.39298980729349875,1.1367946753559117,0
1.1648531745326114,-0.05699631048007192,0,0,-0.7019407317347541,7.54583500463409,1
-1.0571401230929358,0.03436677890422668,0,0,-0.8620911071970497,5.6982116145838475,1
1.4340830990950115,1.5275513013709883,0,0,-0.2528622611201804,9.566180446359564,1
0.6219998191007554,-0.29076666228182657,1,0,-0.4567303290239958,6.8465766400803165,1
-0.8758340869471836,-0.17265895977663803,1,0,1.5703112511169564,56.15744188651398,1
0.5178743833511086,0.09632444785265823,1,1,-0.46895354662050337,9.36970070795575,0
0.44208019880259625,-0.061932809537701056,1,1,-0.8266480841415752,38.700869939589225,1
0.7834088638474492,-0.35072685716061347,1,1,0.9428593942001073,26.8495656835203,1
-0.05891514834204426,-0.998986136395327,1,0,-0.14818698453980803,44.15960257519142,0
-0.2089184880372667,-1.0289898650489344,1,0,0.1186402819216093,55.92079899097986,1
0.23170536121133195,0.9837836149299474,0,1,-1.2858429905486533,1.7719866345315731,1
1.1078953249865247,1.881300640838059,1,0,0.0814712889981739,16.143064244244403,1
-1.421596285433132,-2.757740189203189,1,1,-0.2623876751972484,16.046369674939758,0
0.06486594852245701,-1.1292833474099817,1,1,0.07956201265562507,17.559787109156755,1
-0.40607217047639005,-0.08448176537067831,0,0,0.6298237060329386,99.25911643435514,1
-0.3287566137680617,-0.5467753709978932,1,1,1.673653148363065,5.776603445050857,1
-0.603175180968083,-0.6503112993507363,1,1,-0.4177175654150244,15.918721017267043,1
0.9249657813927358,0.09069423882400002,0,1,-0.8532835768453286,7.6996590399220874,0
0.11908546260387874,-0.7596734750136985,0,1,0.5186387808010932,16.930447348401557,1
0.5360581160162157,1.0798735284363086,1,0,0.03583496627513864,63.02599543641569,1
0.3783663874937976,0.27295096263261787,0,1,-0.12368350208885301,39.179902237698116,1
-0.43570680345085655,-0.13279112330908976,1,1,-0.21666263620987591,5.1234335084263,1
0.4937403733144875,0.7788896378838341,1,0,-0.35247306305979775,20.52785722900647,1
0.34251217024302316,-0.42984301958499627,0,0,-0.8775710906657606,100,0
-1.0269383202727465,0.13632939152662293,1,0,-0.43836590761164407,40.06301527261635,0
0.6820812935467409,0.9227709489852478,1,0,1.8529069609175184,26.49184752879381,1
0.2571490258980205,0.4703703381607076,1,1,0.3289456018479836,38.16754461428796,1
0.3345152830580421,-0.5800869422110599,0,0,0.11645135343761251,17.139691417033614,1
0.2975582904089898,0.8023124645540808,1,1,-0.30062769635404474,21.057070297141788,1
1.2300764812806524,1.1152948949098582,1,1,0.35240520559922206,80.86945980450959,1
-0.5718597585909642,0.11703135212829002,0,1,0.3350067329122415,94.12608005361297,0
-2.7396692317955247,-2.1486515035564304,1,1,-0.8187052953071281,61.97918688936662,1
-0.6802380202168345,-0.5013798355215833,1,1,0.4968881113938152,24.972360201828266,1
-1.7182784677277687,-0.9088182358285775,1,0,0.7455266826980202,50.07607987504853,0
0.15109420492954698,0.14969907989051706,1,1,-1.1305605383848203,43.20941190107455,1
1.8368618491240787,0.26148123640824206,1,1,-1.955690092893209,7.835604347960699,0
-1.093625124485846,-0.9185763013309778,0,0,-0.4388973124728819,51.15528791038675,0
0.10074400254155198,0.47123072524948756,1,1,-2.0494244144601246,9.862796165958951,1
-0.3631056984496475,-0.052764069339465536,0,0,-0.7209751232661002,22.78211979573455,1
1.4692902551892675,-0.20288343107769624,0,0,1.8007693638940285,6.724941375811132,1
0.4187293164907204,0.1594467749762491,0,0,-0.07284879396749494,41.849310262790226,1
1.2700413112874522,-0.08518920532720053,1,0,1.3924415098547234,22.08899877453135,1
-0.039295299741958126,-0.3086906511905431,1,1,0.6889770946384632,12.233838251338074,0
0.6971697204856808,0.35987605661244104,1,1,-0.1381684261015269,16.393173197130285,0
-1.1083109152112,-0.1364085519609879,0,0,-0.7814415604015724,100,0
0.03714063615982207,0.22958768935893284,0,1,-0.0717322403355487,8.978817589414255,1
0.4307037409435531,0.5078047911828643,0,1,0.6400552465129806,8.696059483393705,0
-0.5984178242948238,-0.6052055865045003,1,0,-1.70962083587506,28.38956634837642,1
-1.2455698313498407,0.14034273530802044,1,0,1.6880114167797036,24.7164713259987,0
-0.08337933164983916,0.03845744150673461,0,1,-0.9326454966190825,10.91810908641334,0
-2.4673142668150865,-1.6734801440204108,1,1,-0.8548464456642959,4.28158850166758,1
0.8410829999750775,0.09242396853576779,0,1,-0.14477419744289405,24.520821366126768,0
0.21281680107127268,0.3991458887308658,0,0,-0.2173093173860247,23.858853641794006,1
1.7443275228507211,1.8167212104243713,1,1,-1.148294733918013,16.912365663060342,0
-0.45205846596869176,0.16366755452769402,0,1,-1.1275438773348192,46.764966308495666,1
-0.33181011535136984,0.028316402744554436,0,0,0.11356452393389856,57.5244815254039,0
-0.7721751844509885,-1.4451121825797726,1,0,1.0673506507281683,7.683760992996111,0
0.1620782394035982,-0.1500415698754607,1,1,-1.7610672304675092,27.482220925751005,0
1.775045370180512,-0.7017877140517632,1,1,0.45017520697567553,15.351629216270425,1
-0.7417050482945888,-1.0733796223516736,0,1,0.3648050264479932,91.64335724667545,1
-1.1388613449688108,-0.7301177694093414,0,1,-0.054073486087111516,66.46137030395244,0
1.2745651332243289,0.38307176136409593,1,1,-0.16007882072961677,11.437515039142552,0
0.1004768462744366,0.5142165557870284,0,0,-0.26968352169961746,36.62103850002184,1
0.7395233129006157,0.5873436339042517,1,1,-1.620544960882742,34.217490535794326,1
-1.6185084347096448,-0.395353111630367,1,0,0.1276465362340846,7.794736299531095,1
0.24096584734296067,-0.054081314027339955,0,0,0.9841540304619555,49.4515586721793,0
-0.20061708051588628,1.275977668457389,1,1,0.85931596342866,38.39358462772125,1
1.7984828297815207,1.1889357469240576,1,1,0.6837592480182051,66.44212626054795,0
1.5804081124406342,-0.04072154191762711,0,0,0.5742305040419023,55.731166845202,1
0.2530096440189948,0.6674949863612516,1,1,-1.2793504791663093,68.90284620239211,0
0.26114156543739486,1.1879056387144853,1,1,1.7863655009966726,8.789587499999623,0
0.9224400860787597,-0.31209062331696374,0,1,0.5002629939810084,12.108348399617297,1
-0.96344463653761,0.06223744879890275,1,0,0.7394838215862727,48.220402650489284,0
0.38582749674184846,0.2816458405664254,0,0,-0.5130888294905984,56.76520736630078,1
-0.2635061767592294,0.7608253169458565,0,0,1.2447054812903957,25.558639335842074,1
-0.10074990562576847,0.29757975477419696,0,0,-0.04757959378895042,3.6032354441718333,0
0.7167139143951852,0.9254613041425366,0,0,-1.3530914141767736,30.56920524691221,1
-0.6519657770405614,-1.3795685299995408,0,1,-2.3909298555126015,29.246014943441097,0
-0.6615034204129837,-1.6182319682188204,0,0,1.139402514949298,8.874389655121083,0
0.512357614438885,0.1857308762343336,0,1,1.1823508369661073,24.957569475458794,1
1.0654139328615253,0.6111506150630905,1,0,-0.7222067866698743,52.95179865306967,1
-0.3570771238409387,-0.6000336077060341,1,1,0.10768065273169714,53.91687390513658,1
1.4707545492383685,0.17131481003248739,1,0,0.07289228707210924,21.76490736618025,1
-0.3214388995539677,0.8792838862289897,0,0,0.20163746701334137,3.9325212738512048,1
-0.37185630487081417,0.2463482367177142,0,0,0.01466448248000448,21.140239276920646,0
-1.4269093012956535,0.11782315106308106,0,0,-2.211610847475798,1.2229187748978458,1
-0.9573301416699067,0.4589970285696876,0,0,-0.07919915053330434,33.29569743070671,0
0.35694291526957816,-0.34948903507772766,1,1,0.07994804635186478,1.9933434880972685,0
-0.4052230591397954,0.3290540937936274,1,0,0.6987425206240515,37.82189076989854,0
-0.3996945209404381,0.05835387041301332,1,0,-0.5495069187882972,13.861420595736114,0
-0.42585330628908696,-1.5025212917484227,1,1,-0.6270624437169942,28.558242764940623,0
0.1867380206951416,1.1072076323259614,1,0,0.05279524402994081,33.203041078366326,1
-0.9095850856889087,-0.9162549248949763,0,1,1.6327948991176844,31.926949039703366,0
-1.3990930436745332,-0.6688885144368083,0,1,1.0094862742509279,100,0
0.25918343282039497,0.3560532999973286,1,1,1.479769189354229,9.52775656400134,1
0.9924899287169815,-0.14078566598220865,1,0,0.8817362570731159,35.84484957836218,0
-1.2068793794985,-0.596774447838448,0,0,-0.8958427431452833,100,0
0.6215957130607072,1.0587421234594045,1,0,0.6467594068494775,19.236653573541467,0
1.8474316516399074,0.9357111733793141,1,0,0.44782713184941575,11.602148938207877,0
-0.18951896984973696,-0.5862319062942442,0,1,0.3439330934153259,73.22806865936055,0
-1.76710901128845,-1.708329590133956,1,0,0.8218419716739487,100,0
-0.5322204380948382,-0.5528204579198741,0,0,-1.421044376222213,100,0
0.25782733488242676,0.44771882874440194,0,0,0.18467363145654564,37.29067514175765,1
-0.016340199233201045,-0.7291257886914395,1,1,0.20484012389192396,57.330097189100215,1
0.6549374731035349,1.016344044444186,0,1,-1.7418016338915143,29.304458226411715,0
0.03381937386704802,0.7922197436146654,1,0,0.444422790438916,11.660118623584534,1
-0.19483545364725158,-0.18628761006866595,0,0,-0.41769374508042534,100,0
0.7453894645375512,1.1547523780803346,1,0,2.5233444124275746,42.050187751679296,1
0.22252460708797597,0.9798650442971725,1,1,0.041477487751217956,18.021668879598227,0
-0.9481877558762272,-0.8518170752418079,0,1,0.6892733602491484,0.8351707580571173,0
-1.19388981977687,-0.8790129964864877,1,0,0.5326227425807308,16.56287426731665,1
0.7030120860903909,0.42833981029870205,1,0,-1.9560999209430052,60.24576664201998,1
-0.5092682668331324,-0.6760115146003269,0,0,0.602062444823656,34.672492257752594,1
-2.1604275620742257,-1.3835099435427327,0,0,-1.3667377946476527,100,0
0.33406239154255146,-0.3520913955685398,0,1,-0.08437990351330876,25.94099519506978,0
-0.017819203263837208,0.059681554370744,0,1,0.6673676138709074,4.599045113841463,1
1.2621992974665468,2.245912420173143,0,1,0.13154568787794924,4.426506314968199,1
1.022891764219296,0.03838293353955352,0,1,0.6476522802174258,21.012733673103803,1
-1.9376465604994604,-0.5473104069641556,1,1,0.5857062663186441,16.03442762977663,1
1.0010566855089613,-0.2426905072269745,0,0,1.690607287104269,100,0
0.4329675723016212,-1.3573633401641498,0,1,-0.4629806567124549,10.540816503287033,0
-0.7756090274827192,-1.5500035977623088,0,0,0.9954003468656466,26.20714469814154,1
-1.7251424205231531,-1.2604428094828648,0,0,-0.4665362032142429,65.70135198183266,1
2.3267290404339382,0.5785205423700278,0,0,-0.07047933336389252,48.20810279654542,1
-0.697410881533659,0.5615481045146824,0,1,-1.8266479002495821,11.224319400544594,0
-0.7925638506517799,-0.8967436928549195,1,1,-0.21550561127060133,49.59791633170921,1
-1.290845364945547,-0.8958605888478025,1,0,-1.4091442088967592,7.901343112497873,1
0.6341264022658404,0.7423603138980603,0,0,-0.20929748653483074,8.619261247759722,0
0.44382653997662486,0.7578476387688563,0,0,1.0179748146984215,98.08379395608657,1
-0.7598515662969955,-0.16848291264978613,1,1,-0.5379287443718525,18.80199218136222,0
1.6287336513220385,1.4051832627078955,1,0,0.17697786708255936,33.48502856307254,1
-2.1991551793690283,-1.3922669611760141,1,1,-0.14569171044415125,52.42448111965821,0
-0.10284162034526911,0.3349280222863768,0,1,0.24807581990334276,36.55446346736231,0
0.954685514184373,1.0494465167202147,1,0,0.6614638988147167,100,0
-0.5538474839605865,0.09986861448013418,0,0,-0.3308794689754175,11.205035640547282,1
0.3172759018860658,0.47405237096366215,0,0,1.4221407205758674,10.996601474342832,1
0.8427779592241278,0.5273797910059165,0,0,0.4387137953634058,54.08124043545972,1
-0.05890075659629905,0.8006805168011889,1,0,-1.2985141874144894,29.60943511985392,1
-0.5037467195980332,-1.0190469516109457,0,0,0.766630306123144,35.31305470054299,0
-0.6026822969011667,-1.8909163956837651,0,0,0.9534948322533616,93.81933114359494,1
0.3034921221899123,0.8458341976529455,0,0,0.2701790986522947,100,0
0.33274918231887424,0.39754950814275314,0,0,1.0122123621755965,11.000960403955464,0
-2.1033706368159106,-0.9919319417795947,0,1,0.1971928096940301,44.790211763778146,0
-0.47732995236507275,0.3305009754295001,1,1,-1.1849047029188564,45.60339188738355,1
-0.6018029525157439,-1.2077250628457248,0,1,-2.1387239441785546,13.095879153231124,1
0.23942501492357515,-0.18546597100530016,1,0,-0.527836554780335,0.6964207737961099,1
-0.8135244611433663,0.5334192027116834,1,1,0.46243806766111484,9.37160041559378,0
2.1764195183679726,1.034387394215407,0,1,-0.24255695687791615,12.969662214921637,1
0.7135298674521824,-0.10283777551389434,1,0,-1.2977660848325432,54.14495528540285,1
-0.23438799457883408,1.4509011885173888,1,0,0.6745437308505502,76.40331236518612,1
0.4625683531077024,-0.6496515788417008,1,0,-0.11473781034326508,59.28038088769559,1
-0.2004406792480287,3.862453230278756e-4,1,0,0.7207262459185373,59.92815650320187,1
0.5261918176791008,-1.0668895613775884,0,0,1.139097209515007,63.166939557659305,1
0.3083908045948195,-0.0037577706389352594,1,0,0.4345355854173195,100,0
-1.25295721358049,-0.48851838186501234,0,0,-0.22245735951717535,11.188308513076395,1
-1.0648762628561295,-0.20269713871306183,1,1,0.9386212389052475,28.884500871015547,1
0.4176507507925557,-0.24520452545899538,0,1,-0.32690895347998167,34.261738967468595,1
-0.5588962973503538,0.5958097416770982,1,1,0.3032688783868077,72.26665826251691,1
-0.23041094586893354,-1.0482098219425833,0,0,0.44874046120954575,7.363939055040593,1
-1.070637561198934,-1.0838979427191116,0,0,0.0820323741891716,100,0
-0.5209492295712467,-1.0763691901190575,1,0,-0.5831465540232965,13.603545735759942,1
0.35541592318427034,-0.4253615391920543,0,0,-0.672805656739621,19.328061369956387,1
1.0283497808106357,1.4643958808206043,1,1,-0.9790330107518467,35.253627081897896,1
-0.12935261640210413,0.6964855858417901,1,1,0.25595975521862824,58.239420796754516,0
-0.594873821114068,-0.5521933774305836,1,1,-1.2321227682867348,16.99357987176256,0
-0.8716567496114687,0.14544553259398396,1,1,0.12707614241615917,54.04193607492562,1
0.1365358740347919,-0.048743982987128634,1,1,-0.14159199980711895,7.528528816620778,1
-0.18498629214032591,-0.6230485808824389,1,0,1.6562217515825046,59.48296247062146,1
0.17542106700529134,0.6393230316095677,1,0,-1.1381304886448742,100,0
-0.9244444808641458,-1.6703515840171623,1,1,0.4556750889235721,2.575099890107743,0
-0.7056556098690775,0.655873862319001,1,0,0.14677113335039202,26.548693011992455,1
0.6389367510373434,-0.2736390695510512,1,1,-0.7679995038079367,69.81654293117354,1
-0.3369006114446299,0.35140729541148746,0,0,-0.6934943470943221,77.89428483272037,0
-0.06995340841017257,0.0780009158976781,0,1,-0.931665471993478,22.43097021075754,1
1.0699842580558443,-0.6257375173518359,1,1,-1.426765757425152,5.902822623372155,0
-0.014384169299789527,-0.4994951240379981,0,0,-0.36417542384333074,28.29061859241202,1
0.07256519831576205,1.237307091373232,1,1,0.3638701572146869,24.692823001632654,1
-1.0307971094696557,0.07966680735171294,0,0,-1.0808351246929426,38.322942891723436,0
-0.668036940845671,-0.6216959086537109,0,0,0.23613898116938312,72.99081765938992,1
-0.2949125846130734,-1.2330673407804427,0,0,-0.40944267555192093,19.973629426894032,1
-0.2793378233051308,0.11048963699879838,1,0,-0.4578173816916178,49.34620919268916,1
-0.2727465363636275,-0.8076644105276884,1,0,-1.0610510471734733,42.70713268897383,0
-0.7885199658878603,0.7671927771744218,0,1,-1.8830925588342813,4.341526476683487,0
-0.33093654554275403,-0.7047810591719618,0,1,2.5370818212980994,42.783416238268465,0
0.7655642592552796,-0.5993909735130037,1,0,1.682980885748357,26.166106403159585,0
-0.8555406791248953,-0.48392684604565495,1,1,-1.227884209247779,29.30972647405232,1
-0.27920290445889717,0.23631191666117107,1,0,-2.044657193465863,58.52461677089103,1
-1.1909300964501148,-0.9540924590204783,0,1,-0.6778615476787954,58.17608777791561,1
0.9754456685184044,0.3724867541345512,1,1,-0.6341458749818824,17.75006914773617,1
-0.6705545218157181,-1.5369846655474864,1,0,-0.43830860025849167,10.786988400630118,1
-1.7751691938285517,-0.23614769977604932,0,0,-0.5636644290569408,32.32625270814325,1
-1.3065766254385611,-1.080215352976059,0,0,-1.513976216198344,39.41904954141301,0
0.23813119502943378,-0.815585198289037,1,1,-0.5109115087469307,30.604509760781283,1
-1.3071884480496019,0.09280265227686302,1,1,-2.1861597877527967,82.93040952803133,1
-0.22617055692306973,0.013761996539651947,0,0,0.846790959965627,26.355894262016037,1
1.1322846925182906,1.610950110430503,0,1,-0.32650917282621755,24.812890329413953,1
0.621059985972721,1.1011921217336271,0,0,0.015721050030026853,19.299912620084015,1
-0.7352090711179814,-0.6818412513788925,1,0,-0.8695395350443318,4.374073672193709,0
0.05705288277969027,0.03758824143252635,1,0,-0.06334625459584374,15.465896310527542,1
-2.1622028863644047,-0.35118684207352846,0,1,0.7438421710186127,16.10088296045924,0
1.0077354873451612,-0.024959128696706356,0,0,-1.506905829089723,3.2345471937469763,0
-0.7009721845801776,0.7537889490074083,1,1,0.5858298480074982,70.15677765013754,0
-0.0432398763116352,-0.10279637377781485,1,0,0.2371227559829675,2.2208928884055212,0
-0.4276213982464032,-0.5609369283631646,1,1,-0.8697472527918961,0.7820266788510187,0
0.6677757117830408,0.4569502364298768,1,1,-0.8741255615047273,18.458827131360287,1
-0.3439222728687304,0.002790937085623141,1,1,-0.39432060713089934,40.7436642218566,1
-0.2610673350609393,0.30892924069524474,0,0,-1.1344423163485804,27.332362116014483,1
1.9259698376345566,-0.038339212996250094,0,1,-0.7734087323967793,12.38528997036881,1
0.3821460658015475,0.652222665546384,0,1,0.4446361888546209,27.911006182311038,0
1.2597111973636461,1.6940746360337502,1,1,-1.451007581907946,13.806144744612649,1
-1.3749856602319055,-1.558760438856813,1,1,-0.15996646853838212,95.57527939057138,1
0.5000460847604616,0.3070308248916325,1,1,-0.6535162782987126,29.133010029066654,0
0.007600912999052223,-0.17053900879629486,0,1,0.31281264516750934,24.134918912391583,1
-0.24899256121072327,-0.16024113096039833,1,1,0.18964705905087012,7.638671178380747,0
1.27417515998121,0.39408887092868927,1,0,-0.7961319619700918,5.645437999152076,0
-1.6940727203212411,-0.49463469588183895,0,0,1.3924570801180582,24.430140927875573,1
-0.19612450995869007,0.33099538584950716,1,0,0.9197384052327614,52.34978488876211,0
-0.2128656684699512,-0.5296392734310469,1,1,0.3330197168965882,41.14306390898065,1
0.8221340424961037,0.7038695825381623,1,0,0.8005067335403113,29.591839422891578,1
0.9332560742379142,0.37316262314028203,0,0,0.8352635403056531,24.398133165780543,1
0.07014322340361612,1.6551216052393385,1,1,-1.074539245777218,92.46149552493901,1
-0.8159472723709662,-0.27394489730404764,0,0,0.5718772876906837,9.067080852471129,0
1.2400647741631994,0.27090873092522116,0,0,0.3479611062207249,64.26820461706515,0
-0.302655741757942,0.5502688655293545,1,1,-0.3022832100495085,22.57583384860474,1
-1.1105112146678269,-0.3774942534393128,0,1,-0.03127925907546837,25.245183740951422,1
-0.8478477874300983,-2.348706707227734,1,1,-1.2475669510489784,13.282916063995316,0
-1.0737162075611297,-0.7845193691515837,0,1,0.5805493769898905,100,0
1.382284539848992,0.30757217400042713,0,1,-0.06501942067513203,46.94084752942562,1
0.024700656957163968,-0.2329217031660086,0,0,-2.4023714265903853,64.73004700578052,1
0.10818886977446153,0.6810577592581514,1,1,-0.33002025373715377,7.978136839424353,0
-1.240283363603676,-0.6896100006062933,0,0,0.7866894658849354,14.269279454357862,0
-1.3973050432631202,-1.7204599206567615,1,0,-1.3573933207364253,54.91986041709097,1
0.5551017881012866,-1.029037892718543,1,0,1.5072693539479491,69.19013181588471,1
0.6112547794440069,-0.0900899316678404,0,0,-0.5102192892387718,20.596817417377633,1
0.709453728292857,1.5743536775447793,0,0,1.1473531587841297,17.305675659316485,0
-0.6792527599274563,-1.5446360416135443,0,0,1.0732211092611015,38.091651398283595,1
-0.6585027518825229,0.35301699153346305,0,0,-0.2270883047651207,28.35849304870331,1
-0.1450356707547328,-0.6283762113640835,1,1,-1.0680929865281685,20.544267061014466,1
-0.16030078748454113,1.0540933000777892,0,0,0.07637834840227493,100,0
0.6943365128468163,-0.27932481138786275,1,0,-1.0989201427346267,41.265186045651916,1
-2.300457248858132,0.0596567267455006,1,1,0.15690309337570157,0.5255592656330531,0
-0.20334528842935354,-0.7247592740645379,1,1,-1.706184647686099,11.323265376234739,0
-1.1941464527539483,-0.8951505041487995,1,0,1.4627533982015861,38.17702664576975,1
0.46748889784719705,-0.10481525346579962,1,0,-0.3669985850220989,6.787263281939606,0
0.09451390699489759,0.2698215151061345,1,1,0.7482557258103105,3.2005185244665295,1
-1.8608376149663601,-0.9056462415458548,0,0,0.2939537227982899,19.545146654883098,0
0.6500273472157869,-0.1476286010415081,1,1,-1.3974537617909732,100,0
1.0355026396092781,0.41562688459446745,1,0,-0.8288242992259411,62.74100547645894,0
-0.22784841917936277,0.2243297758387335,1,0,-0.30033441127493365,41.60772879600944,1
1.5167945395473583,0.014122899443656745,1,0,0.6485055474556554,11.717922329440714,1
0.744425249908991,-0.11323736065991552,1,0,-0.3143539100236072,22.324152334902827,1
-0.14035442965428327,0.5351787500530404,0,0,-0.3760811886087359,100,0
-0.3853782839251564,0.1561695757664721,0,0,0.7184085297291645,31.602328051885916,1
-1.3357427670368307,-1.0311954617008154,0,0,1.2946438213467333,35.93823758635526,1
0.34462887784244783,-1.006423655975258,1,1,1.1698752832531636,12.078207599870877,0
1.3924414846077902,1.3225294091701516,1,0,0.5396533426720931,7.303481229282208,0
0.6215034547206273,-0.14969477815285653,1,1,1.4060675820132769,0.20325548846819463,0
1.2032940201877425,0.22709535590010893,0,0,-0.5903308991042633,2.21252140207589,1
0.9837657497907312,-0.22333919476407121,1,1,-0.6704321136286835,37.20705779742358,1
1.8704233518064888,0.6278192870028352,0,0,0.1866821866911856,3.875214894367137,0
0.3647002642086085,-0.263653599440691,1,1,0.15154002402541394,4.930674286265633,0
0.6486521805691747,-0.5052463941728844,1,0,0.547279644360889,39.808352367860415,1
0.6658858725739243,0.5593268601099158,0,0,0.634184853945659,31.985817991835784,0
-0.3288123107033079,-1.1957535402889725,0,0,0.3675974630777445,100,0
0.8938724756928008,1.1216766000513352,1,1,1.7453925345462762,37.014751571152615,0
-0.4442436816030902,-0.18035067963142493,0,0,-1.3039222080010102,10.539657712290232,1
0.17842846433681495,0.34008921034039447,0,1,1.9084589235596565,16.282354425795724,0
0.6137894703087391,0.9924036380762926,0,0,-0.5898686932199909,33.39699158278964,0
-1.9473833081341048,-0.5628904764289704,0,1,-0.4294090060120184,15.921037059963695,1
0.7508438205009058,0.10055314611097893,1,1,-0.5204534188132369,21.66825109600349,0
-2.1562613589834343,0.11984527477300566,0,1,0.47730382166157087,24.153398834665065,1
-0.43797354473513483,0.5364623025963726,1,0,0.5375208610169874,4.45072873178382,1
-1.7962347088889388,-1.330112731303101,1,0,-0.09094109560118786,26.255412254756557,1
-1.8087752488010902,-0.3517173913799593,1,1,-0.21158724188711409,23.468935470333392,1
1.952910759342295,-0.5705773348851386,0,0,0.08383769204791838,50.94708077169389,0
0.48059466287647457,1.082868432503746,0,1,-0.5088637722570308,2.3968051607215535,0
-0.4976768900698273,-0.7216520208552137,1,1,-0.24084826475116736,12.84823059094906,0
-0.8898535859756418,-0.5810514059804979,1,1,0.23163833089927227,41.99260694846442,1
-1.358700965056197,-2.0645224347930884,1,0,2.019176036675705,29.955278616819253,0
-0.1909953722852395,1.476747142836968,0,0,0.36724632334250307,46.133839491709125,1
-0.7032376131973493,-0.946209573036346,0,0,-2.6005500179237817,83.63527627636218,1
0.48713538481121904,0.197252925083889,1,1,0.11138126516256286,11.533806741409963,0
-0.006959701614379299,-0.07432126618543176,0,0,-0.1866699148096779,100,0
-1.0138100163165802,-0.8230391291825778,1,0,-0.06644843401430765,25.86938509590312,1
-2.0327896349349985,-0.7873560482427074,1,1,0.21578628264947786,17.419864053727,1
0.46469407305990806,-0.5995647812197833,1,1,-0.3265871964606019,20.584605380838276,1
-1.743551979884805,-1.3236194934001917,1,0,0.4552454814392316,1.273341104118519,0
1.6523288334631972e-4,-0.22248301833850267,1,1,-0.10562442869061721,9.197364944170284,1
-1.2035512890611249,-1.2935294110020525,1,1,-0.9931060606544095,85.48694016821611,1
0.915583205489263,1.0533120263933884,0,0,0.9450213600551077,25.695782898457445,1
0.7512550594357805,0.21850307727007995,1,1,-0.18139123507255858,17.867535612100248,0
-0.17949242638777496,-1.357416306809032,1,1,1.4343800983275576,21.37577468799407,1
-1.3662420116458567,-1.48684442689909,1,0,-0.6645959222466469,100,0
-0.408787513945333,0.5172852910475786,1,1,0.3109260465845256,15.001897518759174,1
0.0037167422868572475,-0.31130380379286904,1,1,0.09144147505685168,33.754686133705576,1
-0.07163287237027408,-0.30405214696025196,1,1,-0.8114377379840046,3.200500894272307,0
1.469976232063305,1.311032996865706,1,1,0.559284138458427,14.555197366515346,1
-0.4245807104457768,-1.6131811436413968,1,0,0.7312287093752423,14.241387625791294,0
0.06571177023175961,0.04910718760328039,0,1,-0.49995480728788066,21.71397129927264,0
-0.7284473899249279,-0.17305508700715028,1,0,-0.7274827667356311,2.6056759924801605,0
1.0951750635132382,-0.828155984670439,1,0,0.85773169113161,31.964537293681413,0
-0.3660826809244316,-0.8560590107221286,1,1,0.008833248774340182,21.80431549720795,1
0.5336043813081461,0.6608715269846759,1,1,-0.12199321812075083,22.93946574197348,1
-0.3405676519088877,0.3496886068544865,1,0,0.5481895874751402,27.00978948866607,0
0.17217954617537015,1.1872118095679074,1,1,-0.19135970327794133,6.972665165906148,1
-1.2846849840078611,-0.5122626221698402,1,0,1.3471779822204344,23.655108159010968,1
1.058486033133156,1.0671914675828762,1,1,-0.4130448091003533,1.738851488287506,1
-0.17523383837581147,1.2851499913330866,1,0,2.0568833444630243,59.55493719193878,0
-0.5993427082373404,0.0014411217950729416,0,0,-1.2294114745576097,95.23638966148417,1
-0.291033179991573,0.8222746835969177,0,0,-1.538300802849885,16.397562196336562,0
-0.17350549923893113,0.8308630074670962,0,0,-1.2433110279107304,10.674902301702687,1
0.5350256086796247,0.2905256185342161,1,0,-1.0275697198127527,29.866730084877734,0
-0.8559539750641527,0.23592894931264308,0,1,-1.327072186126531,7.4263204121402024,0
-0.9229321665133783,-0.7266643153584801,1,1,1.1219767988666531,59.06998341534834,1
0.7958182710037078,0.37007435819398754,0,1,-1.1027441294724705,9.938840417351656,1
0.286011181603914,0.10255753803326083,1,0,-0.8658750348445154,14.87285707889278,1
0.84120531198145,0.7542639990012929,0,1,0.2885967133231,40.4018849566039,1
1.344795053109532,-0.11316068394536438,1,1,0.35583829449117704,6.564285761578734,0
1.1550071835053675,0.5464351590621156,0,0,-0.31891996805583706,57.36101219551781,0
-0.9363237825817036,-0.5370224018341618,1,1,-0.6014993155496934,46.81561429437507,0
-1.7622087217898597,-1.4781026547903588,1,1,1.5522993316643385,24.994722605353235,0
-1.2051169473145948,-0.4272107517713508,0,1,1.017821688935819,44.64456437157936,0
0.12682102977339377,-0.4340512066572467,1,1,-0.5215761200001094,42.12726993107123,1
0.5462193439843569,0.38564814951767806,1,0,-0.28944512254275423,21.85800846142587,1
2.05734037264283,0.13530074447736884,0,1,-0.509561913354189,3.9580160277991903,0
0.22882014039558865,0.7716382444166585,0,1,0.6080381490331992,33.348160594768885,1
-0.7637943434208821,0.3322105094141456,1,1,-0.04582261406562966,14.583081282758988,0
-0.4042619171193654,0.3226912360515769,1,1,0.2342242952617805,46.37490311059422,1
-0.4065242194574508,-0.45274384592749917,0,1,1.5666431598157202,18.261828205472785,1
-0.831828740595071,-1.8288430534438485,0,1,0.43122622315943693,9.133718412732906,1
-1.4254822047874198,-1.013939810927424,0,1,0.47323666749818794,50.714023253347136,1
1.4416660879329914,0.9313976049157249,1,1,-0.02157054382121827,38.0379932129429,0
-0.9663206707175847,-0.29363611437669146,1,0,-0.08490639248891316,4.70652026251245,1
0.09242036578157187,0.6783545441892466,1,1,-0.6159798771126782,15.541763933170715,0
-0.5116911881155265,-0.7722102662546495,0,0,0.15196283583946907,65.84490597577843,0
-0.3588220083992177,0.20915976514978954,1,0,-0.2532493390223753,68.82571328002732,0
-0.3033908723878455,-0.445967351764341,0,0,-0.10886109089165853,79.8388980663969,1
0.22541096452159778,-0.6593130084752293,0,1,-0.4042898770920877,79.27457395095536,1
-0.11089862243747017,-0.30012970439254705,1,1,0.21327213391243566,2.59872227177522,0
0.8806000391808362,0.5802323107190037,1,1,1.2611858239632785,15.834527722426467,0
-0.004567903563725789,-0.20251533657370693,1,0,0.8586309755345832,13.53319887158356,1
2.129265699682722,2.858925704104535,0,0,0.40660264969725096,5.9270137214996055,0
2.08867562350211,0.9142390703465848,1,1,0.53884245218208,5.921922123080367,0
-1.2157037600190932,0.4952996765079615,1,0,0.19727576384534595,24.78582045461104,1
0.8553353762523833,-0.3371981305222506,1,0,-1.9143712222316076,12.198742183439101,0
0.9595525214910938,1.045595466226565,0,0,0.22214496924597196,26.861266619839906,1
-0.2751537332384697,0.9703833448094089,1,1,-1.5605099363034094,33.80189090725555,1
0.4173356696029175,0.23847465594466008,1,1,-0.6849496793214853,4.093915316981055,1
0.13381553574096658,-0.43386716843557166,1,1,-1.2407950698008454,7.972223787182185,1
0.3417705328591687,0.7001262355836807,1,1,1.319817007378145,6.850100206565051,0
-0.026327477623158315,-0.2533731561748936,1,1,3.0530285468512957,63.836344338959144,0
1.0818128819100372,0.7904967577332165,1,1,0.2086148733262864,51.89240070759527,0
0.07960625691896293,-0.6638041043830237,1,0,1.0593334604520124,53.455846009428804,1
0.2234471129827383,-0.8358562339136099,0,0,-1.598361898810792,9.47348605719717,0
-0.01885911640391795,-0.007730419253889168,0,1,0.5078892603965192,71.08068869916217,0
0.984445609778903,-0.23294865319855257,1,0,-0.09324564758790396,86.45326858130701,0
-1.5415233338804042,-0.4993699784082356,1,1,0.3273167343700332,13.535069995366939,1
-1.2113733310555153,-1.0880483394047942,0,1,-0.08909142809993174,5.948437516896394,1
0.4799955305667002,0.6202349408584737,0,0,0.34608454876409867,38.240628306335616,1
-0.47211793775919714,-0.07035022614557396,0,0,1.294212203699751,42.466727529378765,1
-0.9549370001631353,1.5385822666996654,0,1,0.3960552885344841,23.532942077299737,0
-1.31792880043441,-0.3015143063638621,1,1,-0.639414485521371,6.622350750345879,1
-0.9640573797069627,-0.38280564141565765,1,1,1.404112162886692,3.2243681530589994,0
-0.44377131523785135,0.18454266695024377,1,1,1.4180371028057617,15.287174864562743,0
-0.3835750872269444,0.2789487053137085,1,1,0.4771677847343319,2.6458195582660857,0
1.3451198878552906,0.2765124588848776,0,0,0.9367816767226065,24.08299898826481,1
0.9563264022113092,0.9707807628991174,0,0,0.832381971137431,9.11746026050972,1
0.5650310349258778,-0.5959777606323674,1,0,0.5300685781250402,0.8151399417567807,0
0.0020670219796643198,0.9755766521874513,0,1,-1.0215108512438975,35.80872567243786,0
-0.4274386528451414,0.37149715880101414,1,1,0.8273942779222384,22.19069332090984,0
1.4799903348321473,1.7231254686993585,1,0,1.1272815935386562,34.81671215751026,1
0.004173746143546193,-0.03694636088610476,0,0,1.5609133006563725,34.97524284787769,1
-0.9378492358562462,-0.372177834883115,1,0,0.09518060927908739,94.84946965912245,1
-2.799513663297374,-1.3161524291366207,1,1,0.05396691079416579,33.285672113651714,1
0.3470332357761753,0.49653987687354817,1,0,-1.0741661335152688,59.66961251508142,0
-0.8303719211498298,-0.3392814817627092,0,1,0.49800738780023757,9.099123157080365,1
0.02451047926908395,-0.7167067329413874,1,1,1.1678568317058642,7.928088366477124,0
-0.9311060322788478,0.008453798751882124,0,0,-0.2407996872629045,24.362923740942044,1
-0.71297487929646,1.1328872610542626,0,0,-0.31309993671968545,18.19425111948638,1
0.8001318231817468,-0.18103321353330032,0,0,0.6546335397897137,48.41900312554952,1
-1.4269750805110122,-0.6310984794138716,1,0,1.7230077430212691,100,0
0.2100718415539604,0.3429298351145634,1,1,-0.9609335961100509,6.7321274515367335,0
-1.1254691578761689,1.343914384389325,1,1,-0.32793372348415273,44.51878925177145,1
-0.8354966544586601,-1.1801789719487115,1,0,-0.1352191188253863,65.43698187181701,1
-0.06613866803459355,0.4068508576264141,1,0,0.37996621024426186,34.76511909774374,1
0.1959595406312562,-0.5864017245085659,0,0,0.0695765107729916,15.648252353569246,1
-0.870533883998389,-0.3457278227350068,1,1,0.14300393312136478,4.917776578660533,0
-0.2235035259599679,-0.8019790496929065,0,0,-0.8047225852250657,18.129625322257233,1
0.13566428941489134,0.028080304995630856,0,1,-0.7347211697674573,7.605469691239611,0
0.9582012372166054,-0.05933140757627081,1,1,-0.4904981245273021,26.17090304308047,1
-1.1300172101144719,-1.8812606578461932,1,0,0.667998588212108,100,0
0.8407811011385768,-0.6888563268500203,1,0,-0.5998085002109478,7.8547074610127865,1
0.6473157519663825,0.3122845893439898,0,1,0.7453651668298511,9.349448300760036,1
0.853016191792222,0.7639911444737192,1,1,1.2367352153452158,16.864139326693074,1
0.7294232150900932,0.9715607508320471,0,1,-0.22462745838622367,17.746740304923524,0
0.4032674693782385,-0.8343738188480387,1,1,0.5046308321038002,79.14520684226508,1
-0.5100724566157291,-1.040442718350846,1,0,-0.653594588156358,26.784582199401417,0
2.1167918383320705,0.03375427634259953,0,1,-0.06550422494688853,31.052603980005742,0
0.35775066355689555,-0.7871573730244013,1,1,1.2248324889144793,41.73972618620861,1
0.08802617788381246,-0.2005010006716173,1,1,-0.7122657344633134,24.948964820836824,0
0.5865511465488864,1.0620714937294509,1,1,0.34390069904883686,12.529905992792933,0
-1.1053237156190858,-0.4254801258259003,0,0,-2.160892034355854,53.36325692180515,1
1.5170599969076226,1.2473734976014654,1,0,0.08502786229497564,31.019582991733248,1
-0.25043247708774496,1.3409235343213632,1,0,-0.46842974089694717,19.200449334818494,1
-0.3910814930454188,0.12693827156802814,0,0,-1.0918878591073944,68.53423904785285,1
-1.1892272309602037,-1.1308599941217534,1,0,1.1174725640720233,32.474344917507295,0
0.47397178037560483,0.5922580522444235,1,1,-0.38953543906550575,39.08749956052077,0
1.0710456255444012,0.021127497664640615,0,1,1.3030867180872745,10.341953881085207,0
-0.7074524477976386,-1.5373760326326618,0,0,0.04600916016921495,57.7979236653761,0
-2.2496921581114457,0.40245395855571875,1,0,-0.02023338275297094,49.93433987414186,1
-0.7270803044997902,0.21791077582711815,0,0,0.445015581917055,63.46396431197472,1
-1.1880885879191054,-0.9508442680433368,1,0,0.16745382005872736,5.1846515683232655,1
0.46100186155112965,0.5351514807880655,1,1,-0.7651518515357143,10.150860324365942,1
0.33654036474208504,-0.03968494094993494,1,0,-1.69725034432952,27.487210909537254,0
-0.3517173560278687,0.9919688596163632,1,1,1.4534183985359355,33.86903809992466,1
-0.59091660718529,-0.6686364021658938,0,0,0.9604126335147966,11.330589057780337,1
-0.8515061915244441,-0.33950032417479786,0,1,-0.43197887401956986,22.949232422736408,0
0.23752917387284586,0.7834165914555842,0,0,-0.506502905433551,24.722018304056128,0
0.09389568360102088,1.2898829820964586,1,0,0.05285375321535785,25.56579251529937,1
-0.023363107003697887,-0.6657131652184054,0,0,1.1769465554848408,60.207892032797474,1
0.4439083072308377,-1.681026383540062,0,0,0.8854334299518053,19.12311249137019,1
-0.02523341727715383,1.1055038493485096,0,0,-0.07782568750659147,9.52710850659285,1
0.2824780060015664,-1.2033800598828597,1,1,-0.5620168460519275,13.397612643874247,1
0.15642578426031112,0.010063333912831998,1,0,-1.1932259238476783,58.85431788792695,1
0.3829924798288268,1.6243769446627958,0,0,0.40667494030216317,77.108546201758,1
-0.6852635178001594,-0.9869128320179595,1,1,-1.4083722216530175,9.701720164675159,1
-0.507718770463855,-0.5313649496068631,0,0,0.5136117043566567,12.471717157245605,0
0.7980533412468314,-0.24025612180774814,0,1,0.11849509129957124,4.761166049928705,0
1.2316130271853096,-1.7092047419841712,0,1,0.520759449818901,18.89155152575282,1
0.9283029051420466,0.42158318291799646,1,1,0.9848705077156512,4.032763759862268,0
-0.3400690585649851,-0.23416920773110764,0,1,-1.6135041408338207,83.09531331785442,1
-1.3084088479177034,-0.6995404648007131,0,0,-0.7241876644715084,100,0
0.7676549733321613,0.21087900062989384,1,1,0.4016979799952593,33.77395908078145,0
-0.6840127173776788,0.22660801248544965,0,1,0.8318798252655593,29.55130672122239,1
1.1169768664518915,1.1242527089073033,0,1,-1.2013288325289206,41.188182667292494,1
-1.5538528426212121,-0.9462453055462703,1,0,-2.105512353291402,39.18481629423298,1
0.9703186610487066,0.37115302345255896,1,1,1.7033103279250796,12.789122234249673,1
0.29239090054436484,-0.06322393121025335,1,1,0.16794599120944578,5.686953116862992,0
0.10394093369682153,0.03729099461154092,0,1,2.565601843417371,15.417592747261647,0
-0.21407559298911516,-1.618038145892954,0,1,-0.27383394105491626,43.42077762038921,1
0.7240306506401829,0.15786594362339834,1,1,0.2711041476443573,68.61385291989562,1
0.45598009048122135,-0.8175363525515182,1,0,0.6492623489546138,63.59489463176775,1
-0.9198615509771856,-0.19770897703597196,0,1,2.373354849971513,27.234534300524473,1
0.9271374144934329,0.1943728333758699,1,1,-1.3729791514561247,3.580770894654568,0
0.6333042932389948,-0.23065947203186438,0,0,1.0582584821873606,100,0
-1.2455022561354125,-0.2606583456855158,0,0,-0.9181421425899751,4.8477187147724745,1
-0.43064097472299256,-1.4694194701044476,1,0,1.602373069600941,50.04923319483424,0
2.2437310838004305,2.782925351693393,1,1,0.5868147333193422,25.620607529506493,0
-0.05010024639744668,-0.6613130190994218,0,0,-1.0967545664735108,18.462206621861068,1
-0.5364996638570605,-1.2220548659727204,0,0,3.1625981449994773,45.91259062582977,1
1.45974792761284,1.761767263400453,1,1,0.9566608623495158,14.451328554826972,0
1.043822482046628,-0.3739035870026719,0,0,0.8637036872948627,79.18690235519874,0
-1.8639042810887405,-1.8436836977951394,0,0,-0.12071484882345195,19.07618533746772,1
0.36869905435524325,-1.0718429201902304,0,1,-0.503043911650383,11.083057616636658,1
-1.2084670274134224,-1.1855701445251727,0,1,-0.3335298679589541,76.4070386591931,1
0.5049403384348372,0.6853938807440495,0,1,-0.2548002811954504,54.06935385812416,1
-0.717822721844044,0.10564669399060722,1,0,2.015541054273657,16.874573014305394,0
0.9500679045460364,0.6370317917584282,0,0,-1.0475640582906178,39.52063577440039,1
0.3916897321289987,-0.10258442814860275,0,0,-0.5599998661591491,25.148989505556333,0
-0.3087890555251709,-0.4263181471439541,0,0,0.014882304918532457,21.920250497998417,0
-1.4857976288990467,-1.1716451088494684,0,0,-0.026111547296719686,95.56647828889236,0
-0.12168434291623521,1.4884200865711337,1,1,-0.633909290535187,24.729386619605034,1
0.6338329785673292,0.45441964462646023,1,1,-1.0508643167960794,84.37434290772096,1
-0.6009535112592532,-0.18880016195134625,0,0,0.2547129474846421,65.26173988278448,1
1.3526838014367124,1.4991487829376202,0,1,-0.31529749561381326,9.828768072201461,0
-0.27543958799877877,1.7103885580664464,0,0,-0.26996818321270566,12.048969655979613,1
-0.5878140995633673,-0.5619330417772069,1,1,0.5250780353972578,53.27937303017833,0
-0.4871421041093794,-0.2847234476850026,1,0,-0.5655830709619517,72.07421868006641,1
0.5245308656331744,-0.1167454355176441,1,1,-0.005347801121178185,30.901903030909978,1
-0.7959905450817019,0.24621359843555518,1,1,-0.7509705312170932,26.877945305524033,0
0.15858783604358254,-0.9978093468798828,1,1,-1.0497755010786405,10.298551667172287,1
-1.2528990796206843,-1.7817930444733432,1,0,1.1830043476574061,43.49350516677064,0
-0.1440474609202537,0.9349659088665035,1,0,-0.29734663492538915,17.88855294429946,1
-2.662403696121424,-2.3356619600475517,1,1,-0.010455484693081834,47.318477149321296,0
1.173429827635821,0.33669400863753074,0,1,-2.185249439610827,21.874955511494008,0
-0.2250162569411201,-1.7404711094080034,1,1,-0.40847465580454956,32.498705306613935,0
0.2912588894045504,-0.5476790462415295,1,1,0.12343083270681285,19.673359251818503,1
-1.9675421483959081,0.28986997841474904,0,1,0.21185515883024456,5.801153801775497,1
0.035571909705140466,0.07415102580212779,1,0,0.4751622523783073,94.03966449906359,1
1.2655507737750245,0.7571594905191784,1,0,0.35442241114504286,16.694399652080115,1
0.16843350904140125,-0.6135716235114406,1,0,1.1175431675319754,1.781490440882987,0
0.07334801029312052,1.3445159232483157,1,1,-0.014184890575304093,9.827397577433317,1
-0.7999436459937843,-1.0971886514514413,1,0,0.4548068497161823,100,0
-1.0019580296403265,-1.2710825292310468,1,0,-0.0984123747099952,26.851048374164048,0
0.6882508665101251,0.49623604827358103,1,0,-0.5405135622090584,23.38161820136806,1
-0.47150118913905364,-0.4361474813866093,0,0,0.37267602195126287,13.798260282312604,0
0.6924994819944592,0.11891521574959352,0,0,-0.3944967675013529,100,0
0.16257171207675722,0.22202389494648161,1,1,-0.7233928220488529,51.688429496973434,0
1.085981563105801,1.2531564309448462,1,0,-1.886016215070578,12.817117520611951,1
0.1448372702457367,0.8020924888318745,0,1,0.9268236409289125,2.4775332118818763,0
-1.558684292807416,-1.3990170980857801,1,1,0.2460602886223262,15.422303745136437,0
-0.9107023101301182,0.17111984687973614,0,0,-0.9113353938183957,10.29423515643741,1
-0.3788652895023217,-0.4198454733953936,1,1,0.34972943364160575,19.69818616064172,1
-2.855735374848556,-1.6952411753149415,1,0,0.3862203914122144,3.4656165552829665,1
0.5966252430275751,2.064795463018958,0,0,0.6450443770109192,56.451261676523565,1
-1.3134867963905166,0.07344537599948264,1,0,-0.8158839139423235,100,0
0.11420355737359497,0.24610298186876672,1,1,0.4377914596843867,15.945593928394807,1
0.6237709851136186,-0.02435333646304999,1,0,0.4965660164092772,12.904159850836171,1
-1.7501068973999194,-0.596977983109027,1,1,0.26253997363198567,43.28231512428539,0
0.0012046631782923797,0.4921846032836084,1,0,-1.9092201291623465,45.19528482787088,0
-0.145124473673031,0.5822390345703243,1,0,0.08689752761979708,5.398909021388535,0
-0.5673071249836712,-1.0409764667199637,0,1,-1.9750531749468423,27.7015230173433,0
-1.0234281654080857,-1.732738693231505,1,1,-0.12540746223165672,56.914623364667605,0
0.8561111915664935,2.0225685045203887,0,1,-0.22900718693629316,8.665408578964376,0
0.17009434030571308,0.30080355337098674,1,0,1.3330400478436257,17.406751661905247,1
0.11101701443025176,0.6119819933329073,0,0,1.572500436383912,14.950524158852112,0
0.22663493186603495,0.900835047381299,0,1,-0.25081067923656925,4.2254667526569145,0
-0.6190917874881302,0.04516600227009815,0,0,-1.4862789159052965,10.371289926684074,1
0.24978216621726135,1.2684510473728465,1,0,-0.9005585983352183,24.896985334341345,0
0.6414563749050478,0.3188327660704836,0,0,-0.06336766642487487,39.77665801670856,1
0.4168638776954243,0.5346429412410851,1,0,-0.22889810745054193,44.488755156944165,1
0.38722002236103786,-1.0678777906559596,0,1,-1.2231749367527052,27.0557215072067,0
0.3232187582680473,0.4777997185223425,0,0,1.1330854040069094,4.799600948445551,0
0.4606211132918502,0.4117006162729283,0,0,-0.7652161774843194,9.129802635679365,1
0.23235981692256397,0.8012474335667475,1,1,-0.5593736132817599,13.351003149003086,0
0.5979792584698396,-0.013361067585932418,0,0,0.22842170315610627,62.684653722654225,1
0.5342796987305134,0.42505088448594674,0,0,-0.6772632630578819,20.392915646540047,1
-1.183502889924338,-1.5319289553300988,1,0,-0.1700109885332822,100,0
0.0345253075290986,1.285815968177294,1,0,0.7323093612461852,1.9531221432921504,0
-1.8767673307768877,0.38145888058961175,1,1,-0.6776443398370281,22.35014400142322,1
0.5269219234989873,0.23988165306893933,1,0,0.30915658615271613,23.966994586875288,1
0.5850166658380923,-0.724928725804544,0,0,1.7239845997220897,11.986116099166367,1
1.8469632288327125,2.0254918506704724,0,0,-0.9611220392912635,31.172483102356033,1
-0.025929327510558896,0.9544977707226285,0,0,-2.1222142198871463,14.783964973288825,1
0.39105889373364056,0.4986569042886217,1,1,-0.17320392536530901,23.915412741538777,1
0.5034029697683114,-0.5030224066932834,0,1,-1.52974426795936,8.09951284849278,1
-0.1779044590303074,0.7148483935402938,0,0,0.21618485458503353,75.03971469558249,1
-0.04229216586073122,-0.0029599486055099794,1,1,0.7729714439555818,22.866152454793905,0
-1.1508025863392082,-0.6052937936835073,1,0,-1.0751912013195575,5.183745863172077,0
0.6124356513101155,0.769442628289656,0,0,-0.903681110527267,20.265817669171998,1
-0.957020422612283,-0.49707051337919456,1,1,0.29361637014471337,8.74214860500487,0
-0.8013692965271347,-1.3339174959621507,1,1,-0.724441895748404,12.888466514734109,1
-0.6460549235920174,-1.0910377808089262,0,0,0.236648707772555,100,0
0.4330840118565209,1.7724535250408353,0,1,-0.1780122136642514,28.87774646714957,1
-0.9538265489501212,-0.650136002298499,1,1,-1.2437229085765167,26.596125262268412,0
-1.6308676917691574,-1.4276114034421243,1,0,-0.5007210220594546,23.50669751479247,1
-0.6193178250263828,-0.5730633832172533,0,1,-0.33032289587908426,32.53406538973895,0
0.3491509123964434,0.5912641493746424,1,1,0.5505083892882331,47.84417277849017,1
-1.4699697141022945,-0.5797039943055854,0,0,1.5987645837212812,24.04930658317833,0
0.7526637785267523,1.5477832223992185,1,1,0.9455931392659469,8.899778368587038,0
1.012679198473413,1.0468050830149447,0,0,-1.268283133012646,0.17946481939450495,0
-1.6047652357713555,-1.5771607261021794,0,0,1.656131318330739,33.152999885288985,1
-0.20236654266452264,-1.2681262269103857,1,0,0.16776550054123623,30.818588168975904,1
-1.28649635048837,-0.9980939147509258,1,0,0.8406894696133745,41.58609728599956,1
-0.8441327283026796,-2.2139577506514247,0,1,-0.8695258095107229,67.33310745952524,1
0.210648509072142,-1.3734474885427532,1,1,-0.5519214087785738,1.0516882859454812,0
-9.87143002203347e-4,-0.08992155360883872,1,1,1.9219426759540779,14.224193772541314,0
0.7269502552375201,1.20154191891573,0,0,-0.47307806297652827,69.81729207051023,0
0.6575206123630225,0.6308891439808191,0,0,1.6299870015776408,10.921924501909075,1
-0.358834791956634,0.43123206852252705,1,1,0.676308854305122,2.966640711683104,1
1.6475759199619222,1.681290190154118,0,0,-0.6671802450008785,12.725847199893037,1
0.22286850423686644,-1.1677779910599926,0,1,-1.92681614773512,6.141680227531537,0
0.05616704387287317,-0.912267586381683,0,0,-1.381882115291246,100,0
-0.6578713097775826,-0.7298135500918544,1,1,-1.2964678253654631,1.9858331281450017,0
-0.7936864556768309,-0.6204653355020224,1,0,1.4009410038423402,49.417761463927,0
-0.6450943765193747,-0.5054368711513961,1,0,0.8610669064484809,80.71898386298207,0
-0.1552046107341494,0.5050662627264383,1,1,0.21460290333594623,36.88473117029944,0
-0.09255680058758109,1.0659719808044592,1,1,0.2278749664960247,85.57867530166861,1
-0.33547090272935215,-0.6733569090968783,0,1,-0.5560190916207881,23.732000685274972,0
-0.30015326478799303,-0.6793841050587329,1,1,-1.54553178916494,77.89216419469517,0
0.47365272128020064,1.6781020191746068,0,1,-1.715039613795185,36.637692492675036,1
-1.7469584099180633,-0.9413217102527915,0,0,0.37538245691948824,53.17746014390296,0
1.322387004632203,0.9490622960294066,1,0,-0.40746368013967776,10.562835948742022,1
-0.9014295357698436,-1.4394765141484887,0,1,-0.35297997956069055,2.664923186957892,0
0.8112366028051897,1.610775716089318,1,1,0.9363170520608413,3.4095782494021374,1
0.4899216972114592,-0.2854070974383596,1,0,0.2837146215013866,24.076603242429403,0
0.2487063030955921,-1.1089723562236473,1,1,-0.12494213455188634,20.051476413844217,0
-1.4731918111345004,-1.0657673241024836,0,1,-0.42628605168254996,32.16003318090755,0
1.3312535338519915,-0.8555926363701113,1,1,-0.958003710552289,28.418344423275833,0
0.23605297785879265,-0.45316819320010054,1,1,0.8193240225479536,12.258010964982619,0
-0.9819944769221864,-1.0742284784200955,1,0,0.7965049558057397,51.1414775850526,1
1.1850709903129968,0.4350095340829256,1,1,-2.1208032984416834,8.981383153176322,1
-0.7793469629802986,-0.1888851981707646,0,1,-0.8072195615271964,22.105202588289167,1
-0.259041274385927,0.43712117719019894,1,0,0.3539731595933696,16.0150281733417,1
-0.3846898867395704,0.7623788593837102,0,0,-0.8085424378035196,22.13891998003359,1
-0.03723044059407966,0.05221757204012831,0,0,-0.16872433796110922,4.5280131583820555,0
1.0105767186830583,0.10674564596903569,0,1,-0.5742839333922247,14.166240094647412,1
-1.258806768265244,-1.2128071240773117,1,1,0.5226330045307509,100,0
-1.035990695471812,-0.9532235136718572,0,0,-0.2602820157136949,23.900242752141416,1
-0.46748802600690675,0.5992633138736728,1,1,-0.2100365820082254,30.616065553935343,1
-0.22063354571795074,0.2426186883653755,1,1,0.26241293922062786,94.11652655042711,1
0.6342055978999765,1.3308630461123894,0,0,-1.2295014851132893,5.1432027777748965,0
-0.8342298699121211,-1.045050140776647,1,1,-0.4671032180113204,8.757032241403541,1
-1.0080562565438034,-0.8527524206389341,1,1,0.9204840551451121,26.17369008934281,0
0.1580469610801903,0.318820547154321,0,1,-0.9612241032604942,12.246232802416237,0
-0.6436338954512847,-1.01683016406846,1,0,-0.8834526103049614,72.04349848424746,0
-1.5742673098484268,0.7213695737692327,0,0,0.522951969578837,5.32528554972332,1
1.7618057464564707,0.46606479787027355,1,1,-0.4892212907069179,29.625452861030197,0
0.1459434037985683,0.5310805193557052,1,1,0.4388470545934074,28.435673949028416,0
-0.3604866841334515,0.070074061688322,1,1,0.039966837397819845,8.752629123856831,1
0.8705045002421229,0.37930763565084763,1,1,0.7920152559989366,5.212753878079059,1
2.3662088814439897,-0.16380549487699714,1,0,2.4825960778980605,7.760718578482683,0
-0.9911965988412436,-2.126011308938391,0,0,1.1744606864657425,92.97487028515418,1
1.7470137517115902,-0.2672841423630976,1,1,0.5999001010225576,7.9120759475818,1
-1.5279185012374827,0.0933331160741504,0,1,0.6669285196664204,4.2893722821613665,0
-0.12284875715173578,-1.74331973091892,0,1,0.10424636643078776,21.151509796823746,1
-0.0043484598749198525,0.05923303134818755,0,0,0.15225571852921105,70.29637457724107,1
1.2522580605705755,1.1488574474553543,0,0,0.7378983567519662,41.698137507855826,1
-1.8874074349140788,-0.03304522783092567,1,1,-1.0578428221125475,12.07229594317235,1
-1.9520511283408368,-2.6991188598610223,0,0,1.2668604934362724,19.793489574165434,1
0.07713365335146725,-0.03280827260031175,1,1,-0.5952305705750197,33.53628252217919,1
-0.6695859871502284,0.9203538661084492,1,0,0.7398402138753519,9.01611222235091,0
0.06792755380206279,0.7102587179677835,0,0,1.163159659319848,63.91764113179071,0
0.6732940641041016,0.2696646878249498,1,1,-0.7135066637569445,35.66604476889284,1
1.1289888059250954,-0.6179947048179194,1,1,1.0044081493897656,40.35070914759102,0
-0.9652335030707571,0.5184388912309668,1,0,-1.2297073844618458,52.42923238576411,0
0.4356523129410441,-0.5224685900378986,1,1,-0.7379209486166358,0.948856861555674,0
2.3476784517742164,1.9206910841159128,1,1,1.2826341113389574,46.397305183220794,0
0.4753647341310282,0.901107051476173,1,0,-0.5094940630596312,15.193881873639905,0
-0.002665332878119946,0.2540257475914997,0,0,-0.13247506185780206,25.97081830724292,1
-0.7395158397022512,0.0521271640413431,1,1,0.7342945178389959,47.92607522346491,1
0.9111059779302376,-0.7795286764806479,1,1,0.3621300090299258,100,0
-0.47022738460086516,-0.4162253305836857,1,0,0.04090124037269815,39.71882655895972,1
0.15518437054744877,0.38223187264893876,0,1,-0.6850921963874859,14.937175385733141,1
0.657051207120099,1.468759764538616,0,1,0.8219223978946606,36.559004723453825,0
0.7140057783586404,-0.1933025220595792,0,1,-0.038044116869319224,1.384385455474029,0
-0.20553567988585902,-0.1626562433289382,1,1,-1.7921541895420687,51.691342841033205,0
0.843579309328827,-0.4781933987849662,0,0,-0.1913807477486953,2.4648883263124803,0
-0.8524608161602257,-1.4896768834110523,1,0,-0.05381518544962105,100,0
0.18458104856783225,-0.37930934049217047,0,1,-1.491348249594796,1.3038957117641126,0
1.647232001311743,1.0464182148433057,1,1,0.17810911513303962,37.762326023811816,0
-0.19658821441080737,-1.2606503818756385,1,1,-0.660045448890658,41.57164276327023,0
-0.16127334419804354,-1.184841735957427,0,1,0.8283937843727562,4.668877425808739,0
1.3943792088002187,-0.2206738683019276,0,0,-0.38899636520228487,80.24307839283023,1
0.3355784933418545,0.5304497342489801,0,0,-1.2258789389077398,8.803409874884919,1
0.647856854032941,0.010845357684424461,0,0,1.0008923111607613,27.32817410537481,1
0.6018546812115486,0.8532669921284511,1,0,0.6873345064719738,26.070979633190493,1
0.39893891896198036,-0.6479737381331945,0,0,-0.1588501989470881,7.228914714881858,1
0.8577103540407809,1.4230097281787746,1,1,-1.4684636357837562,8.406111585081293,1
0.6464886891654346,0.3447563422794005,0,1,0.15046052138945584,5.389788459963348,1
0.28760812516518974,-0.3832868091169624,0,0,0.22270631756460188,17.630975479014406,0
-1.1686331497102191,-2.197605604356102,0,0,-0.5305230541606473,64.76652275178661,0
0.05052300740741046,-0.5803393208534002,1,1,-0.760760048126442,24.406741146290955,1
0.5641259460971478,0.580332378944343,1,1,-0.3206521735450799,12.323740575503425,0
-2.105757743925518,-0.8293727040686201,0,0,2.0747018438297493,83.36405759659439,1
-0.018717486313411413,-1.2419008823377928,1,1,-0.3404062282657565,14.449043293780218,1
-0.7213384561757248,-0.5222989266893281,1,1,-0.5921889025366458,17.91633941265899,1
-0.4019176634642564,-0.3052140800522102,1,1,1.3702028221362221,23.339347899153235,0
2.225038557712588,-0.1383334590322014,0,0,-0.3685316634380991,64.9005442889406,1
-0.8317123237145057,-1.0216831687419288,1,1,0.8811858194767302,52.24332085199697,1
-0.7774751651206968,0.197973783433245,0,0,0.8728862456735607,85.49973144342226,0
0.30971228642484133,0.8005802373279519,0,0,0.23604212954344997,31.096850885257325,0
0.38091578734123727,-0.9154175664635146,1,0,1.5822533890476653,100,0
0.996445325190845,0.6590199093238133,0,1,-1.4895486937703224,9.297636006381856,1
-2.108920411925995,-1.373823193516425,1,1,0.8595075126044621,30.862762116443434,1
0.22895470979796273,0.18370713407595163,1,0,-0.45810322879532284,14.182195756312527,0
-0.3955513342672895,-0.8297462882424675,0,0,-0.4594546305222983,100,0
0.8194893516421924,0.21462855789889912,0,1,0.5784550011212246,53.57494251531439,1
1.1630730619136853,0.33205306461478057,0,1,-0.0919116851561876,18.946176022813408,1
0.6327910806635508,0.1332526461138924,1,0,-0.9175460425849159,35.06774596818582,0
0.5348597243930071,-0.7542755246883502,1,0,0.3080413184038903,10.727657151404342,1
-0.2684128031339621,-0.1180284167285206,0,0,0.005632517329129236,59.06822827850111,1
-0.5379688976804756,-1.1610889746724589,1,1,-2.620694052310981,8.846266060590839,1
-0.4342621762734731,-1.404419100539419,1,1,0.1120105210329934,14.478437367679442,1
0.22525119033893368,-0.6832552133211378,1,1,-1.8149773704958845,8.91302685666699,0
-0.7261326564410725,-1.0163912331881142,1,1,0.3361853044405414,32.039592168231714,1
-0.019716381181347074,-0.24424599168584013,1,1,-0.7223921610995391,22.82058747722358,0
-0.5125195415798924,-1.151571860535145,1,0,-1.3337205016612685,85.17868124396556,1
1.0098028455639676,1.6209007397552204,0,0,-0.09169195459508395,8.59795556183278,1
0.4247914910380301,-0.8933879546838202,0,1,-0.026303795187202095,9.363099167312516,0
-0.7270275437907251,-1.0955727840181682,1,0,0.10853024585733502,16.854689659613314,1
-1.1069978812179317,-0.7761964535013238,0,1,-0.4921343482816293,19.379155336086136,1
-1.0564573173727794,-2.3031417789638167,1,0,0.03061105726674721,46.84645211481727,1
0.1914531655248137,0.3555732822307503,0,0,-0.4796771822326899,56.37290904457136,1
0.7053684273235169,0.9973169999680496,1,1,-1.6564962537539032,1.1622188722711513,0
0.36890321610384186,2.343661296253921,0,0,1.9039853167625587,49.889082681152665,1
0.1766552731654417,0.8470149818953562,1,1,0.2235775390579427,2.5396770420133246,0
-0.5860223942293528,-0.2688954597713077,1,1,0.037193140002132564,9.822482377253111,0
-1.1425862962692415,-0.19290957281855936,1,0,0.820694239649047,12.324140049418327,1
0.2979928419390836,0.8076439629658166,1,0,-0.34736791476040796,32.38433127455164,0
-0.7567492806190518,0.47474191441698216,1,1,0.4794213627342141,7.599652200867795,0
0.9645212167932069,1.1866975884520508,1,1,-1.1076275419983987,0.31530188583767604,0
-0.6509971471729488,-0.9212379342446828,1,1,0.5028062597313643,90.7252694396448,1
-1.4287807602836902,-1.0932313882357931,0,0,1.907473814400624,88.8298211482894,1
-0.5928000100025678,-0.08551976808006478,1,1,0.466431168677192,7.844752494917527,0
-0.45064523795011224,1.5734500534079967,1,0,-0.6241051291163925,45.011511956062016,1
0.8089407884881556,-0.09662862834698827,0,1,-0.9917410665449283,33.36236478742693,1
0.6126433349936118,0.43914315689213357,1,0,-1.908131745831242,68.45410515372606,0
0.8319005660575898,1.1066618547333897,1,0,-1.1174364825535388,8.731966949948893,0
0.2912161671135653,1.324502019273111,1,0,0.41495545362801756,3.436638489246548,1
-0.08795337391425181,0.44990600745122217,0,0,-0.8708106968293627,14.022272183002036,0
-1.0751946107739483,-1.2156883699624077,0,1,-0.0811040628076483,0.9475345927100213,0
1.583373787965499,1.337155017305526,0,1,0.1619827769049124,5.889075037985051,1
-1.2418041584753083,-0.6681014636287113,0,0,0.27904052056667866,24.886952373108862,0
-0.8080680708600108,0.2979345112337617,0,1,-0.9382718695590925,19.712339591079562,0
1.4334502494265011,1.3308150586868077,1,1,-1.0850274733977323,6.603594282070745,1
0.2381435522568951,0.5370891571553588,0,0,-0.9721258378013482,21.39835759353445,1
0.14381310138973627,0.2927719605124833,1,1,-1.9424236100993113,48.790332007739444,0
-0.7904916806558228,-0.34724059463516044,0,0,0.09733485743151439,100,0
-1.198631824281447,0.31328135435115534,0,1,-0.4429614811838928,36.78604878166741,1
0.29949066653836875,0.31510562941696496,1,0,0.3013626022365432,7.912689550494861,0
-0.24960018064657508,1.4507892577677686,0,1,-0.11056559270572418,13.633441583273035,1
-1.2102887766785513,-1.5128509387339655,0,1,-1.0756019779410482,18.021134810576047,0
0.6567581564926417,-0.03355030273953441,1,1,-1.3709789409491802,18.017637927637345,0
-2.5453775943698367,-1.757770543162778,0,0,-0.9248569191382285,42.2520357267958,0
0.34205411058326557,1.6110978308863613,1,1,0.531667815028989,28.431191967555907,1
-1.6802286799533155,-0.6159252449024692,1,0,-0.7882966339857022,37.635545289094395,1
0.5060202292249283,0.7024057058624954,0,0,-0.8726908657667436,100,0
0.10994793030693639,0.7992448985167825,0,0,0.7143285141495954,25.97372332485092,1
-0.12879480532620238,0.22582309388873162,1,0,0.16860982238643782,97.30560024954109,0
-0.1362119942555989,0.8939269465459895,0,1,0.3385559087257365,40.788596954987156,0
-0.731028548603011,-0.6093753889090464,0,1,-0.2693333028356133,25.114402459412293,1
-0.6959856890838252,-0.6694963131292402,0,1,-1.1472725768869914,66.93077962258054,1
-0.7298883633255444,-0.3891895671413501,0,0,0.8831470690680524,76.58392200021451,1
-0.525558386587172,-1.2441083848218968,1,0,0.41335318403184473,23.99464822207802,0
0.33050049738072834,0.3086185779452135,1,1,-0.7551345368363769,5.748438609915056,0
-0.9271443844539158,0.11135357240550947,1,1,-0.7167594014061851,12.540202528438433,1
-0.47762420985954607,-1.677030158250771,1,1,-1.8376025791528234,23.30422066360361,0
1.5319620008606403,0.13963235130406548,1,1,1.362526058931878,42.900583868395145,1
-0.019255504669003325,-0.26068626247889415,0,1,2.38685454960262,19.27729587590873,0
-0.8672588769405872,-1.3503764493809527,1,0,-0.7330037263972902,28.12998428201107,0
-1.457346177525072,-1.295689087999809,0,1,0.06642069601295762,20.161347760344267,1
1.5032549589709272,0.746366023146772,0,0,-0.6487249053949553,41.15603446930323,0
0.3364862194841012,0.11405243863281785,0,0,-1.3696553153395334,94.36667336198974,1
-0.5045688882214242,0.17234840571354038,0,0,-0.5897897648414497,34.674125657125835,1
0.3489806916250395,-0.33029683451485004,1,1,-0.01330502300861815,80.4467251608955,0
-0.4552908282693771,0.29958457848678244,0,1,0.5303210627815999,11.43582493159603,1
0.9369314736927432,0.8433150655011851,1,1,-0.11461031637876308,16.34094070580137,1
-0.4125723388186158,-0.1447534688394485,0,1,0.6860945806014099,5.824965819606692,0
0.38692873512689757,0.7462410355117357,1,0,-0.12944521019988461,18.86968206674298,0
-0.4915825723179301,-1.0573569158163632,0,1,0.42432705829715806,100,0
-0.2410790952599805,0.5477348060073137,1,0,0.15454205727270362,2.841579052113213,1
-0.7520045537979109,-0.23608785930989734,1,0,0.11731094281442446,7.543135052637334,0
-3.0644832367681394,-1.4075895191317596,0,1,-0.23336780874863647,39.26658985544766,1
0.7553245694095332,1.2662079978725709,1,0,1.3220278189258479,100,0
1.4907346204865561,2.6595759378087234,1,1,-0.6303145770659881,64.05530546866525,1
-0.011489663125810342,0.49820575076798723,0,0,0.2735733031792066,14.463192045601653,1
0.7464017591360357,1.1291008625223606,1,0,1.5152848414808349,23.300063932270458,1
-0.1222274157392093,-0.7596812807719044,1,1,0.33648069186367807,0.402056894457326,0
1.9092620017896023,-0.20142237321340772,1,1,1.5656985446927085,10.669215147416313,0
-0.5588524074097128,-0.7127237510889871,0,1,0.9414545939699415,18.304020908072193,1
-0.014205993560480072,0.8222587317567327,1,1,0.28199714036074713,30.4206475149697,1
-0.46834246074908054,0.900422305723551,1,1,-0.939671859625469,41.15684128522365,0
0.05854401000504482,0.8487976737772528,1,0,1.0905293685030957,6.541124437137458,1
-0.38588827150233457,-0.5558033642548219,1,0,-0.904178221189338,19.494857231980628,1
-0.2233673168716354,-0.7025968946958238,1,0,-0.24378078261814468,21.905140591993856,1
-0.6774902128583048,1.936654537086694,1,0,0.7480934359553558,18.672752374150026,0
-1.2040263867108145,-0.5281446453622787,1,1,0.21927312503485197,39.10810196543657,0
0.26648518757238665,-0.8315952957356877,1,1,-0.057293997567421706,10.228126691416032,1
-1.7533435097017993,-1.3282373419931557,0,0,0.566598383986906,21.072991908052465,1
1.1764900504502451,0.9247043986135509,1,1,-1.3494208531894136,10.364074463471038,1
0.4566679519173994,2.4535894092114763e-4,1,0,0.3372184839808022,10.14212784980566,1
0.24736127414807527,1.1762660853747655,1,1,-0.3061926235340521,0.488762728908675,0
2.1462623110789885,-0.6301517828267098,0,0,-0.19664259230951237,7.60315999753081,1
0.098450241068859,-1.3411522701084826,0,1,2.1979136333845317,0.9948450175839738,0
0.13954992615407927,-0.056260841929832286,0,0,-1.1030962952116325,30.403360824552514,1
0.6116155164638503,0.08514161840217718,0,0,1.8694980877531662,8.981202720086737,1
-0.866274545025251,-1.7870008952836833,0,0,-0.4026004413166632,28.054701773733424,0
-0.34906861555797597,-1.6850844242812764,0,1,0.152603110186019,12.479637095890721,1
-0.6571538540680529,0.1410253590627802,0,0,0.2371921417927344,50.10615460282479,1
-0.03440139943669123,0.11729356384934153,1,1,0.34053556286316516,34.95629822898103,0
-1.444408542213544,0.21319199936468192,0,1,0.383333606596898,52.78387090145485,1
-1.6377624789208423,-0.20116626350978228,0,0,1.6087257283794067,60.93953135077827,1
1.1487222616455646,0.3707019124510985,1,1,0.13742741141715784,13.015438968797266,0
0.855715841585371,-0.8186923493450667,0,0,-1.4823000056814193,19.198358068397784,0
-0.5813654150900568,0.364102068723355,1,0,0.2708555860529667,41.81158092144021,1
-0.4016805763139483,0.6622644661867457,1,1,1.2692373512210606,8.227881037442522,1
-0.0015288427094649587,-0.35019271914974825,0,0,0.23288572406473654,10.752096157778041,0
-0.9892826324825604,-0.18205234182261765,0,0,0.6998105707020347,29.46312832137669,0
-0.3269985376361946,0.7368436375342952,0,0,-1.1519005152286834,84.34616488942028,1
0.3589500802403789,0.1951859408035139,1,1,-1.9988856405132633,18.639469072284232,0
1.111004806175248,0.3386807100737616,1,0,0.5712021973220388,35.0924729993947,0
-0.2588223029190589,-0.9933256329807069,0,1,1.2954047170714218,1.9239795929240018,0
-0.846797354588316,-1.030369000719806,1,1,-0.022711514900536172,1.6560912768061822,0
0.32239336699021154,0.7866220353532012,0,0,1.1823722253804543,51.687510270793695,1
-0.6513049238407258,-0.571750667899604,1,1,0.7666456744207127,11.976854523937115,0
-1.584670631424984,0.0068957626086315615,1,1,-1.0404194253009085,23.006527650508936,1
-0.31283407017084447,0.9553003005186546,1,0,0.07780234026094053,95.11675574104343,1
0.9997090078772795,0.011693297122969848,0,1,0.3797390592123595,31.45893315683103,0
1.09870903806177,0.08949692416787897,1,0,0.8059825967548623,24.082525836885505,1
-0.6375033899646717,-0.6640784567617413,1,1,-0.5275027437617932,33.127966651908714,1
0.5683023637809357,1.06058253241784,1,0,-1.3135450727038678,9.444823594617558,0
-0.24785504448952797,-0.7884031434222474,0,0,1.8064623668891202,14.14180592405164,1
1.5307218703009349,1.7768332563746143,1,1,0.3803785983930458,38.360410073142795,1
3.6963463234606277,2.4036306430517724,0,1,-1.1120700925053943,19.946954474915415,0
-0.8222235641160427,0.296043150569855,0,0,-0.09962561237104144,29.021607287724166,0
-1.376038926118098,-0.5233880215461278,1,0,1.436924240588056,100,0
1.659939594533572,1.3463778340580834,1,1,-0.007673318346675161,12.784876210689353,1
-0.056795503902967386,-0.13300144199566435,0,0,1.0853564823675623,20.437765653596717,0
-1.7911371330755592,-2.46663192067565,1,0,-0.3714096845327516,27.02032138875238,0
-2.2033398116451446,-2.1429186225155434,0,0,-0.838822199426537,54.06077466035404,1
-0.823476688033616,-0.41040198696027697,0,0,0.007385552324518774,7.7344624514535045,0
-0.5270857392380305,-0.33647221194034316,1,1,0.30678020324215566,33.93483659479385,1
-0.7292247892716285,0.23926830413582073,0,0,-0.6146260077556677,12.558850598468977,1
1.125810830014491,1.3312735646370024,1,1,-1.2063699172727724,5.3019935057227405,1
-0.6274449456726354,0.0441254118972379,1,0,0.3484727351717173,67.36002550557622,1
1.7340723668440434,0.18406346879244495,1,1,0.1530553400114958,11.818223608677055,1
1.4157391624972369,0.9535065020243141,1,1,-0.30322205130473434,47.60780929154702,1
-0.4441753706157454,0.5367284878347964,1,1,0.18488519287959249,60.43308972272532,1
1.3418676346054972,-0.8472222841742387,1,1,0.9600884850733287,32.75588639356494,1
-0.06899485310150238,1.072977366858675,1,1,-2.9740479944571145,22.34793581394848,0
-1.1611890303679606,-0.6476146708015037,1,1,-0.24968039322168034,88.61142271676977,1
-0.8710279695083479,0.16048899343608186,1,1,-0.26178779764487675,7.870979661515071,0
-0.028879900356293876,0.4199877310329335,1,1,-0.287380646274055,10.382475321596333,0
-0.21060639067396505,0.11621924370803403,0,1,0.4067141466896276,6.892499801171608,0
-0.8573799181656504,-0.3073363551490287,1,1,-1.0222726938683881,19.08792007386432,0
0.17860078348761968,0.19028618103838374,1,0,-0.47776548234447225,31.79070421395317,1
-0.5302849622167747,0.13572021985091043,0,1,0.33409761023096934,30.58704728744529,1
-1.13061174150097,-0.9078127284713876,1,1,0.5800152387856874,49.027057389783835,0
1.1640732683634223,1.5864023218760397,1,1,0.5057178992060636,21.243100346003935,0
-0.14073461018336164,-0.32231260423817354,1,1,0.6128214520634979,8.670969113758902,0
-1.8027055168406192,-0.7253748387636378,1,0,0.06980018635461646,44.90787669416642,1
-0.701575764011211,0.16793393651556832,0,1,-0.7720152830352528,18.436045358426647,0
0.6290912754336431,0.06566628631311672,0,0,0.28483056525833933,84.44619416110267,1
0.5243837647172649,0.43753813477256254,0,1,-0.18954650017985522,22.680727744551795,0
-0.747977004419276,0.5548686379221893,1,1,1.1046834859064893,4.277306811636933,1
-0.03191465779879187,0.3958308378701032,0,1,0.08010883948555868,60.3649116759362,1
0.8169024469689218,0.581834913016235,1,1,0.00498375060779545,30.561608135648953,0
-1.3346238451277128,-0.9673370562491752,0,1,-1.6818951121283898,23.699027097928887,1
-2.358588955325097,-1.4610775622462016,1,0,2.0560482787839685,3.409156569061455,1
0.19044258000797212,0.26948367940933304,0,1,-1.2610703334909654,29.646283206059085,1
-0.7626795679015439,-0.5059303655233806,1,1,-0.7793904741085328,26.553520674480595,1
1.1932838303933244,0.27238126940014906,1,1,-1.1877528536143787,12.936722331694117,0
0.46246928460219994,-0.9790886878237168,1,0,-0.10931391915511199,34.771021015109376,0
-0.15949454925238515,-0.0823910574989432,1,1,0.14211890296252305,18.79220831142502,0
-0.8423843381008583,0.3050802148923167,1,1,-2.6962647651739684,18.519201220774733,0
0.06599936515096948,-0.6223667361995059,0,0,-0.2279878015569278,22.32063526442705,1
-0.33876866091675584,-0.8244024772827971,0,0,-0.7061260086921273,32.05492868503577,1
0.0024956779922278203,0.3514324583024719,1,1,-1.2090281570768775,52.230242691383594,1
-0.18593874293324586,-0.07625500537704386,1,1,1.6011047104661682,33.711585038581546,1
-0.7948385543385299,0.16475898956428725,1,0,-0.3714719528143867,86.74950272116924,1
-0.4867131848479969,1.1780497916867898,0,0,1.1523923720377083,26.184967011347066,1
1.4000007184455099,0.3307865111759272,1,0,1.4143252687087422,13.971817062114035,1
-2.379372524510658,-1.2208510360006288,0,0,1.2678437498696473,33.864002181110216,1
-1.5246096358017847,-0.6907439363434823,1,1,-0.5534136664073255,2.6011053491344307,0
0.8849298950412344,-1.1176115258546333,0,0,2.158703862262247,51.05871656104369,1
-0.5180769400279209,-0.12134519353096274,1,0,1.3927424249636235,27.807928017000147,0
-1.060284578039535,-0.750292708746926,0,1,1.9601287237843519,3.0061763313967433,0
-2.0337715344945693,0.11698506132310271,0,0,1.265209678001063,67.21570522186848,1
0.4108656322103981,0.11515065502105644,1,1,0.6281186932075848,31.095751581707464,0
0.7570233504902713,0.7292940407851052,1,0,0.16115188980209072,22.712593734755863,0
-1.1393522081105065,-0.2110708218258568,0,0,-0.4119518022103009,18.276890692811822,1
-1.3674761129808264,-1.1208570778725222,1,0,-0.4603498974001444,93.0271332867785,0
-0.7821464248432016,-1.4784920212241701,0,1,-1.528211124089875,69.71203885759864,0
-1.0910191611061912,-0.6545602126712093,0,1,-0.08943443376081173,22.795547260670592,0
0.38440402295968146,-0.45824730618574583,0,1,-0.44134310473977717,8.752357218891026,1
-0.4551587900512128,-0.10935245020034587,0,0,0.5040440035511213,23.418138584868863,1
0.7508233320079888,-0.4232505564579248,0,0,-1.1389278285995932,34.744252669257506,0
0.8583101020932361,1.4952678720450931,0,0,-0.23790978109904623,13.405525634504999,1
2.0245031927288717,1.3190773559325821,1,1,-0.4895247934739943,37.76111243771502,1
0.24308360912494723,-0.9548611355993479,1,0,-0.9072116485889625,23.208344499408067,1
-0.9424050809163443,-1.3848270581766304,0,0,-0.28337507312568005,9.902147739539371,1
0.487200295647747,1.4364680333519357,1,1,-0.9675983591784588,30.994095114748735,1
-0.18939517160984592,1.3349033484143045,1,0,0.7309206086724606,20.313946351346424,1
-1.7015772420402162,-0.29321622460785535,0,1,1.0809379245942234,85.10690111282739,0
-1.6159056647013372,-1.8261064368695454,1,1,0.3325491881065331,20.83260810268242,0
-0.12337051494664697,0.344012861645921,1,1,0.5395430320499323,49.29492914850067,0
0.8026271115611779,-0.40242092852957273,0,1,0.1853872215228335,27.21646189404584,0
-0.4913116966175052,0.3579695167239793,1,1,0.5929970782845129,31.268389309577532,0
-3.435957951443704,-1.7156513727675502,1,0,0.9589501676557391,29.01978794183039,1
0.3446469069999794,-1.510633990462752,0,1,0.3595590755782629,24.428312816623198,0
-1.2986274435448217,-0.1889431623706752,1,0,-0.3328721443442874,15.960985535816022,1
0.6373952731619305,0.10526293437011225,1,1,-1.2757400340842389,28.262891649024557,1
-0.8160217681461563,-0.220099852445539,1,0,0.0020038253619935244,47.65177272536251,1
-0.4656331693140649,-1.270990553736921,1,0,0.763384578053356,9.65956000385683,1
0.4203004910874483,-0.9430902470803834,1,1,0.5267675372795808,44.18175912750523,1
0.8186173779728876,0.0740981975808036,0,0,0.2965337424011558,18.76213857115865,0
1.198275097977045,0.6875731153616214,0,1,-0.6971239874999837,6.94695317579601,0
-1.2768461393112753,-0.21750458576370085,1,0,0.8182973256040664,45.55932768552215,0
-0.38936463491306256,-0.4673740890913791,0,1,0.423689697343809,28.37100367905654,0
0.01784018031500913,-0.14986182178833368,1,1,1.2472653181107087,15.013520283412898,0
0.4272606137072562,0.09021753992639134,0,0,1.3599424100387432,34.0466403355454,1
0.6914515704850986,1.4931327862462218,0,0,-2.320004403455479,22.979541767324097,1
-0.12016811615738367,-0.6545703179491649,1,0,-0.9014327883814529,100,0
0.2537282269250454,-0.5599438004939441,0,0,0.4275342902467957,87.96135621729991,1
-1.055938889754376,-0.2457116117790652,0,1,1.280073424632475,15.506353591004286,1
0.9168542279810096,0.31759842878950345,0,1,-0.9090852766728189,68.05860350899117,0
-0.7857630466930539,-0.8781472647854138,0,1,0.12603736917450103,2.7820854932610555,0
0.15594267109745458,-1.3812037904570647,1,1,-1.1520417294665914,32.67053635253049,0
-0.28763769147839446,-0.369514053880394,1,0,-1.3914616868046408,76.48513662350159,1
0.8649746394217311,-0.29051362464851044,1,1,-0.5865801063941074,48.48339756983178,0
-0.5110033157575552,-0.142222680235992,1,1,0.707425748859069,13.423906287862442,1
-1.104672947658383,-0.5070771320169847,1,1,0.17122390898117296,10.098455924521835,0
-2.488200269638017,-0.6907056429688538,0,0,-1.1166441492147876,46.477670254331294,1
0.7128103587633525,0.18202078842152966,1,0,-1.1064180950694422,0.29881314517499913,0
0.7321174481687341,0.9003545774922352,1,0,-0.8533303016538464,50.349362852523214,1
-0.17944074449076805,-0.15463538348681638,1,1,-1.8373905483305282,15.05371444505937,1
-1.2740551409351364,-0.827117487705451,1,1,-0.27638357774969236,20.366688676505724,1
-1.0296623743633075,-0.5698218541596659,1,0,-1.9547115917686921,10.630422515132091,0
-0.09034408646486218,-0.6844948144837836,1,0,0.13227246310292426,15.71880888400152,0
1.6033448204346252,1.0493570570087858,0,0,-0.9439494009944036,42.461685984622825,0
1.594398155433778,0.3792830951112024,0,1,1.1901481750620635,37.81655009744704,1
-1.0460382777175024,-0.21094383610013406,1,0,-0.27649654546439917,11.292753457104435,0
-1.2142942320145835,-0.2762824226602291,1,1,-0.43811075156035295,23.57615782590178,1
1.016791946645737,2.1487523644373816,1,1,-0.15960187996598876,33.93895905842682,1
-1.5453713882989903,-0.7732714459023585,1,1,0.02784622576428547,3.0621463917818112,0
-0.6839406631753671,-0.01487635674322263,1,1,0.5369443688170707,17.08895678942008,1
0.20287127196471177,1.6230372868640106,1,1,0.6221138454658076,2.8198963387890954,0
-0.4699653682564633,-0.30034096938290245,1,0,-0.13134676465897774,26.502782826265406,1
0.1898325438362009,0.8422370104976656,0,1,0.1621233816661607,38.47144913360013,1
0.4296197500400987,-0.19228717435561773,0,0,1.5559999473768524,18.132509256772277,1
-1.2493853230771805,0.26508447697221904,0,0,-0.9606445248770085,13.201481862204556,1
0.6455255973598797,0.2718188492114743,1,1,-0.38783396340277876,13.400612437113459,1
0.7493028797192002,0.724454473803056,1,1,-0.9642236141001618,25.580430361478022,0
-1.3781026513324213,0.2561076877951951,1,0,-2.057706171008525,33.42186159984061,1
1.0844491051297696,1.326955975598707,0,1,0.43970244575648376,20.295496258967315,0
0.8918611137891214,-0.38259024023297045,1,1,-1.132795181720134,15.698520435270053,0
-1.8092435146776245,-1.8232803051008557,1,1,-0.5648937996586599,39.64862807935882,1
-0.3881556358717206,0.059133050202625964,0,1,-0.5910080531448888,6.8170085744513935,0
-0.047581301694414296,-0.8206203328984898,1,0,0.7336623886930088,30.887702070410462,0
0.48576319532426154,0.7361713863846187,0,0,-0.5928843669016659,55.878196712678104,1
0.23286655017252242,1.1188436492162277,1,1,-0.3539109334604551,8.088773306729465,1
-2.026441167908089,-2.173642181267076,0,0,-0.7648687788162314,100,0
1.233042387764487,0.5444444263697044,1,1,1.1712141710154333,20.097169199414573,1
1.996231936477645,0.7884017247066579,0,0,1.6217369681480438,16.469050960054137,1
0.2670970757666637,0.8039501736980866,0,0,-1.3888542846674867,81.0312723317938,0
-0.3518728674997198,-0.44632598677986113,0,1,0.6051401528006117,16.275660269803282,0
0.04787603125425097,-0.34197477978582436,1,1,0.09544857354781042,25.127563838316487,1
0.1409494289821865,0.9518374359714938,1,1,1.4708968316121733,7.930894438571633,1
-0.6297543468902643,-0.002663312686184971,0,0,0.7578390703399573,19.241060268331736,1
0.16545570376010638,1.1828975664112278,1,0,-0.5139354305994365,98.162426568706607,1
0.6120131439330228,-0.9585576801112804,1,1,0.6726244716962801,9.628599562572685,0
-0.2300358053767499,-0.9190413106516454,0,0,0.5051991838929024,86.02748495669252,0
-0.7051818033952594,-1.0529507887908165,0,1,-0.4063325302386836,14.802129750589524,1
2.1027525550442734,2.6371162135420936,1,1,0.9285556782891367,0.6568528448046477,0
0.34629955837250354,-0.07259544812498905,1,0,0.5475944621870023,7.415762395420948,1
-0.6450050912191739,0.099682594261773,1,1,-1.4665502081415385,2.3041239473618003,0
-0.12699990307459466,-0.38686916449411884,0,1,0.16920965894765233,0.7566232083322333,0
-1.113746648464684,-1.7412662351710912,1,1,-0.653855722124575,26.024484182863766,0
-0.454996419943672,-1.1741827133262572,0,1,-0.15778353254275487,21.120348754137662,0
-0.4673209589947586,-0.4270212659310805,0,0,-0.29649136615847915,58.2939095815477,1
0.4730993408150471,0.3642729813611568,1,0,0.18351417144993548,58.45433069282741,1
-1.2464606606299025,0.058558463952214534,0,1,0.6452859993207515,71.10675270614202,0
-0.0395518896477588,-0.8231945787108854,1,1,0.98732810307908625,13.148146120108057,1
-0.038549987299461255,-0.019981933844982747,1,1,0.14339710100525677,16.641210625943277,0
-1.134128615146289,-1.6002658955624285,1,0,-0.8264279307618886,19.977154177109046,0
-0.015809241801628293,1.132409388982054,1,0,-0.42291225948468236,51.03592221985572,1
-1.6288765889430254,0.45363232664838393,1,0,-0.990429822237039,41.291777126132274,1
1.1919884361078796,1.3532550503981757,1,1,-0.22162117767081152,36.50241326101592,0
0.0020951171591539228,0.8411151909763503,0,0,-0.34299492069988724,46.924172943365754,1
-1.4202433002821906,-1.7239704458275118,0,0,-0.06434515988108892,11.742194323060039,1
-1.4838076695563802,-1.36925796366116,1,0,1.3093010550313176,33.19919316852052,1
1.038392712871292,-0.12334114930232343,1,0,-1.303919646857996,20.095435275272884,1
0.6484565938319621,0.8364182978850143,1,1,0.8177637793379402,47.34903054292765,0
0.28179510348094805,-0.0864894810292447,1,0,0.09280716137626599,43.112941967999916,1
-0.44390338091172826,1.0859297334537577,1,1,0.21629375988036406,24.99650518726587,0
1.3617326865376345,0.9650203357384842,0,1,-0.685143056130359,0.2908263884620293,1
0.678409227535014,0.5614780826709004,0,0,1.5437975263393156,35.060007071103215,1
0.32280377536182253,0.9443875963402237,1,0,1.33160885685729,21.41323660571222,0
-1.5963407852573355,0.1221906040156413,0,0,1.6853849891770518,63.07831208660773,1
1.000982427104174,1.2055310195257478,0,0,-1.2727477717906073,42.644839139357835,0
-0.6418053092490708,-1.2765766721668004,1,0,1.455818908813747,28.055594503359572,1
-0.39182874534892803,0.1551568279911286,1,1,0.580996837841821,3.7395046054076913,0
0.19005844358356108,0.4498228333580815,1,1,2.031629396482136,8.50147339635399,1
-0.13885840231630026,0.1615501466961343,0,0,-1.2472982501160252,100,0
-0.5030975756626886,-0.27412046519873057,0,1,-0.2031679598627685,6.7347665833052615,1
0.046035076516518315,0.7089955078462933,1,0,-1.7897970863130617,98.85713725729063,1
-0.16638414711204036,-0.009579455349827903,1,1,1.6034820043982723,8.98763625200729,0
-0.23151789853892035,1.4187206715359484,0,1,0.28457332797972246,10.68856541180541,1
-0.4243951175348508,-0.8244099310371326,0,0,1.0361750724594418,65.11095520889691,1
1.1004732981143273,-0.4435480717424236,0,1,-1.6556368105466872,50.89454384906277,1
-0.8045326597248978,-0.7584997258370155,0,0,0.5622295221059853,30.83621187642054,1
0.7255445702436141,0.24948850894433452,1,0,-1.007216378301331,59.29144216566306,0
0.13736609551798468,1.3203248808286847,0,1,-0.26238755423583615,30.80222099283327,1
0.8289448670133235,0.5457502007871807,1,0,-1.2949117921780982,33.34963983495895,1
-0.20207133007940808,1.3781780332975593,0,0,0.6297022882169411,35.40680857188379,1
0.48537345459729164,0.4252285355860634,1,1,-0.5442398169044426,48.88466429271153,1
-0.6349762061532803,-0.34718266873294823,0,0,-0.35261027166882175,10.070454474898648,1
-0.15305086359275957,-0.4632097776579162,0,1,-0.010809025807742267,26.076830466925195,0
1.8867306781792408,1.5182759751794244,1,0,2.167730545852001,38.352522566884,1
-0.31323599958268133,-0.9146916916205408,1,0,-0.911923323759063,29.820077944475894,0
-0.5790257570904453,-2.0092789239845605,1,1,-2.313592871295657,100,0
-0.14015061570561052,0.07293331376053812,0,0,-1.991370323928684,37.89547478337583,1
1.1659865489656749,0.30214556137227266,0,0,-0.35098888721093785,28.855837563665737,1
-0.09686782135962066,0.6493758619870736,0,1,-0.46668568309841907,27.761995776844195,1
-1.726452088679955,-0.9469921511086761,0,0,-0.9051868004440103,45.69406285607018,1
1.1052402290915122,-0.058940900969263854,1,0,1.0617935706922594,13.362782380714455,1
-0.5748302809412686,-0.5325259707500385,1,1,2.3166737523354293,38.585596174332444,1
2.054573287182374,0.9790820924755059,0,1,0.5317166956331758,9.014811387184727,1
0.22322463861567265,0.5304025503009477,1,0,-1.026578620634979,100,0
1.741074074133053,0.6746423134123356,0,0,0.8256161947586729,21.762215112563727,0
-0.5728182620978665,0.7417599403054371,0,0,1.6120684267550134,65.9310346753825,1
-2.546018982117032,-1.4525507771711565,1,0,0.8522917180621887,45.98275925903368,1
1.5002910704281796,-0.5326823533908618,1,1,0.2729809903732624,54.481035958834944,1
1.218237063612506,0.7558850891355939,1,0,0.9832288410486212,14.796635097760184,1
-0.005870947353055989,-0.4185354130410912,0,1,-0.4991622706120347,34.7488486177819,1
-0.6870089551081398,-0.8758979168187286,1,1,0.9854084696097944,40.86590113957265,0
0.7462431686397415,-0.7301838295900811,1,1,-2.09312126544864,48.88690862623584,1
0.8148739685883745,-0.27751204605707075,0,1,1.49550557728901,30.69721064859792,1
-0.8179112756466264,-0.16533578752677475,0,0,-0.4069510200772302,50.28720204006386,1
0.05221281811076195,-0.3839888032744212,0,1,1.5193332719207653,5.6290848088804735,1
0.1750395484709425,0.5306168580990585,1,1,-0.3248513192310297,88.67341883009448,1
0.7404893481741296,1.136816478186936,0,0,1.1960841229386407,100,0
-0.38466203440509655,-0.6373111186744812,0,1,-0.43450596590341023,1.8464879950662598,0
-1.3609510592630047,-0.6516117673396788,1,0,-1.3965581771165536,5.680564944411727,1
-0.8253042563920562,-1.201115287130904,0,0,0.5211216429572916,78.4509620067088,0
-0.15556576769947036,-0.35588281390952237,1,1,2.1803639881588994,17.098344089145243,1
1.0903770514301894,0.9141099998906239,0,0,-1.4542184226410482,59.586663331820375,1
0.231892901721221,-1.2727360455733707,1,1,0.9090869502774814,10.452494071897634,1
2.1679761548925263,1.8598533946768754,0,0,0.431447430685019,40.0411189509157,0
1.1151080148672474,1.1721121423187741,0,0,1.196208179261966,80.64646932749508,0
-0.1602140725566754,0.1692192310256948,0,0,-1.9957870475947985,49.145871301997296,0
-1.6154597743321026,-1.3676541949298209,1,0,-1.7220132714267031,100,0
-1.07846429899639,-1.0247006919277148,0,1,0.6597403937799727,4.00922131557065,1
0.9322057035265826,1.1889315536150127,1,0,1.5975774369160887,35.737761691964266,0
-1.311599284681416,-1.717332057289909,1,0,-0.2264319083730454,48.4618948775897,1
-1.0760033294937354,-0.1376507212567054,1,1,-2.184274608169725,41.779688773430735,1
1.5065147531016898,1.299073163442571,1,0,-0.377413158180291,6.909561743654887,0
0.7316391891297577,1.1764766718258781,0,0,0.9309321183433577,2.178019217486384,0
2.0160637442099003,0.42982878217893905,1,1,0.2253217155199542,39.466316223858534,1
0.29418709696838746,-0.033497012038019885,0,0,-0.8405283491440602,100,0
-1.153738527540458,-0.9546963430301003,1,0,0.9344907473360098,60.11246145608647,0
-1.2943771747438129,-1.0867715181918653,0,0,2.107939016024385,43.88555667971222,1
0.22186126838544726,0.8032358706943514,1,1,0.5609226063783685,24.015281591984667,1
1.4680897258552112,1.471434147303254,1,1,0.8172832347109381,6.1824121922956365,0
0.9496644175611608,0.5650443366726122,0,1,0.6536567402170306,39.515270920049964,1
0.303438286146386,-1.2877987338595174,0,0,1.254189576807339,15.662611783342822,1
1.9612232934450395,1.4588875431591155,1,0,-0.2316698127962323,47.2109766694596,1
0.5461812988009859,0.5544389533005771,0,1,0.23341418812173656,63.76384674557682,1
0.02685685720759534,0.6997772291375483,0,0,-0.9631690074340865,3.4770441298418335,1
1.7044959669883226,1.0872841303687069,1,0,0.9048102910018538,17.055038765129062,1
-0.43390662581151707,-0.48947338987222094,1,1,0.2686184171288149,9.378059648099756,1
-1.0809609947697199,-1.0213424388890049,0,1,1.7165633343699829,20.14170263247717,1
1.0321152715706976,1.87067379794822,0,0,-1.7474489576241212,3.4943155608326677,1
-1.2672825553931102,0.6125353386000948,1,1,-0.15296104132655255,36.436578763738694,1
0.21066459150911773,-0.3072554813787451,0,0,-1.3939685493082923,21.820675554388533,1
2.4182775895562414,1.6690939323051472,1,1,-0.4213900079251785,13.365659165376472,1
-0.3164406464543805,-0.11095336873635889,0,0,0.2578620359745353,15.269943896973905,1
1.1090811317855462,1.6227906000280943,1,1,-1.352287744484815,0.5795319296617617,0
0.6078659048767447,0.2292144413820058,1,0,0.2963774659546431,3.181735705114149,1
-0.38582957689818576,0.19586815460476076,1,1,0.7952497121306485,27.24107469701518,1
1.19656116476026,-0.15093428968919964,0,0,0.6885698756006252,88.01683399140074,1
0.08672662208750467,-1.3165500600972986,1,0,-0.08441675276324956,15.511793140525997,1
0.09107142451934953,0.4020026624601979,1,1,-0.2897115844433604,39.644536679248574,1
0.557099456930467,1.3250174947655293,1,0,-1.3994301904697808,15.51913539282168,1
2.0651710286013736,-0.3136347998762039,0,1,1.8050180587217561,35.05230829531529,1
0.07982295834464495,-1.0099821123356305,1,0,0.8773972729933014,92.37577567374728,0
-1.0880781270238178,-0.3519599090289075,1,0,1.1085606865208255,89.3768912910926,0
0.00514531878012674,0.09588980907793275,1,1,-0.4354449588824875,15.401633676047851,1
1.285594716254208,-0.5702189156996067,1,1,-0.4174958302182736,10.298762529250657,1
0.18055035162540922,-1.3278184469002712,0,0,0.7069089905167726,20.16038066669778,0
-1.6939680964018216,-1.5731395365234055,0,1,-0.8167645087494639,47.51133460215056,1
1.9612995372504676,2.368054948532875,0,1,-0.8685884877834041,1.600123230593349,0
1.0153662234098075,0.7016816923916376,0,1,-1.0363025139506854,18.76670621783829,0
-0.35405937507640944,-0.8550844802643431,0,0,0.16829211161881613,20.673794912814802,1
-1.6785907653993346,-0.2722045196888172,0,0,-0.3660344339074253,38.06097601521828,1
0.852800913607933,0.1341942413802651,1,0,0.252216535967221,17.422463701823105,1
-0.22581743341945773,0.300686573020533,1,0,-1.0010424364003896,9.730239522888022,0
-1.7866621233769517,-0.06922456161388835,0,0,0.01508474967441676,90.9263953365583,1
-0.8809234610974843,-0.945772734416974,1,1,9.682298075517397e-4,0.7372618345698516,0
-0.6794589938422323,-0.0537949253231948,0,1,-2.101989568486555,21.299697996474123,0
0.16736133584193746,-0.01406863668019337,1,1,-2.5166001362642074,100,0
-0.04210714196157621,0.8928232101406849,1,0,0.44497764554517266,35.88937781345012,1
-1.1735671303569088,0.7442329562989268,1,0,1.1507668817273407,10.332801438220361,1
-2.1143519565708364,-0.22666543162421504,0,0,0.4084525859477814,12.678799841007072,0
0.11639918258196365,1.6114580686544695,0,1,1.1656712589796738,2.4396244771088593,0
-1.5349758590568938,-0.6268850661575627,0,0,0.005253482107544342,100,0
-1.1203724862152833,0.4825067997110115,1,1,-1.0440347832473782,29.867444318152643,0
0.4812075177597754,1.3668388883337297,1,1,-0.6190075577314953,7.763012382074101,0
-1.660051314104027,-1.6281433373091034,1,1,-0.13251432939475874,13.201052068315654,1
-1.6240677310720082,-0.24904441545450406,1,1,-1.1885612017907061,46.35900005490815,1
-0.4929943174137894,-0.0638515036769714,1,1,0.7569048975303896,42.30863480462323,0
0.17790758737344012,-0.49096665096916825,1,1,0.20266917317730118,63.544420123127885,1
0.7990669607632297,-0.49883240198952583,1,1,0.2324585257104662,6.679826460927703,0
0.3438813359549169,-0.011877488681919485,0,1,-0.07327257058344304,37.24539092927368,1
-0.022920886618792144,1.0436393184413006,1,0,0.9090895620363975,29.91525552168503,1
1.6092262352144786,2.0962799254090645,1,1,0.3453588582284848,14.701571133023444,0
-0.21321840704312012,1.0176556765912699,0,1,-1.675933767879781,32.079074242192235,1
-0.47000827776770293,-0.4339903358506934,0,1,-1.1911355819024423,29.4353256450688,1
0.29868951897068335,0.6749527634834638,0,0,0.06418032822240623,100,0
-0.31332243840585583,-0.3067688644669212,0,0,0.7731478369943431,27.43879707456503,1
1.7014063096812364,1.7415860729752173,1,0,-0.0034905431537376862,19.99616714873181,1
0.9327852755898449,-1.1751983099356296,1,0,-0.3231721780296319,59.430434173562745,0
-0.5150075577646409,-1.677257176657897,1,0,1.3548004795563997,32.06899272600911,1
-0.46893767942771136,-0.9133190232606072,1,1,0.061271494683364826,73.81860722420612,1
1.4819096176019806,-0.5874380652064972,0,0,0.8207741891726483,25.25916881324563,1
0.20835921117533412,-0.6674143505509349,1,1,-0.07367491181496735,30.18779694995498,1
0.4462107397791018,-0.004162305221159485,0,1,-0.7673310184443426,32.02069951203226,1
0.4349367805654511,-0.15047510572367043,1,1,0.44563677838916604,54.513030207285915,1
0.1621811152211275,0.26225766318178734,1,1,1.3925857798240355,7.281822251426553,1
-0.9711781289789744,-0.3567208733131253,0,0,0.9737065548819004,36.99630025692419,0
0.8271427834381221,0.052112007714103015,0,0,-0.047508326406965944,7.44271643090043,1
1.5246659074348332,-0.27043650596388313,0,1,-1.2699995763273115,13.277602487506302,1
-0.13207154795980136,-0.2202423324985947,0,0,-1.0437767305734111,62.094894735977014,1
-0.6833357438055402,0.5001418730288325,1,1,-1.248806679593455,7.414126737084196,1
-2.503750152254051,-2.181315952459102,0,0,-0.19537486808200027,8.306243165852743,1
2.088502968987438,0.6410368713200303,0,0,-1.2706368881208556,8.04360322117946,1
-0.695492119608646,0.6431733476925516,1,1,-0.5360529980336446,24.58042134275809,0
1.113299535039388,1.5121236831050822,1,1,0.7558611987222402,100,0
-0.6131410768077308,-0.21920715391335516,0,0,0.34962002611546406,28.794244177280078,1
0.8224332198014058,-0.38883506543275653,0,1,-0.2736327167524919,48.02158058281173,1
-1.2179454990024279,-1.86636550602954,0,0,-0.8299160941094887,3.4489256250196325,1
-0.8605393568666836,0.21513324001801254,1,1,-1.4856562364130586,5.28100622328194,0
2.110970810223937,0.8687020759431273,1,0,-0.5265919874278461,16.304904467302674,1
-2.470041802587155,-2.689227154174265,1,1,-0.9109349771005881,77.9942676145902,1
0.1978981314157375,1.1161815183349713,0,0,-1.0897998819207353,10.149311127340603,0
0.0748131192072956,-0.23840552602643955,1,0,-1.594957868081919,1.053568806506339,1
1.5394327336517666,-0.5554998718083657,0,0,-0.6230811434679694,53.496417565145556,1
-1.2944060372536006,-0.30037691536822464,0,0,1.4619521812363074,17.07387872598753,0
-0.6161447071630416,0.529317940282575,1,0,0.875744796231183,12.582413075262556,0
-0.06439273812075208,0.2979452149681145,0,0,-1.4222034445427483,20.396018874812476,0
-0.7833256915067338,-1.0815836366346274,1,1,0.23102331637777665,96.81716275165057,1
0.40469608360529447,-1.2955625930965193,1,1,-0.5555735849820534,5.739774903754548,1
-0.9072963328134203,1.7014620328927887,0,1,0.14847232412553688,53.36258933230418,1
-0.15534216844797244,-0.3819318068534073,1,1,-0.4695217575746527,32.65921929321603,1
0.3759672466752468,0.8570005560416462,0,0,0.45040851245717817,49.643701721969116,1
-0.8875375256973093,0.3801936177506502,0,0,-0.07409862647061775,80.96387431319593,1
1.813896274458228,1.0360552717341986,1,1,0.8037403979241358,4.178941234196047,1
0.17481519194592107,-0.8824991100835307,1,1,-1.6245765934480643,0.7834425217088996,0
2.0627392419444486,1.7770078025678226,0,1,0.9971438763375005,6.289761199390768,0
-0.2155794371524511,-0.29685713890909016,1,1,-0.2833286404585997,35.15027632048781,0
-0.5625373284548952,-0.003032916836428201,1,0,0.3792451691495113,94.2916060917992,0
-0.22812763664826546,-0.3730007382001128,0,0,0.40337220798126244,39.06993186584778,0
-0.683930398590301,1.1180129828254164,0,0,0.8918743126385527,32.134010466450526,1
0.005978441000002912,0.6501275460150744,1,0,0.042126475830932444,10.793392576627042,0
-1.7868930676028159,1.2154562585845707,0,0,0.830736977641661,40.593649990855916,1
0.0477347232801085,0.5809717571152682,0,1,-0.5091412523383876,8.289998776400342,1
-1.748015155955936,-0.7064785083806783,1,1,-0.08244344830632572,73.0451278374009,0
-0.8611242483003403,-1.4395337095055307,0,0,-2.1717548329518643,4.938696689596327,1
1.0142503378196543,-0.28742392394183314,0,0,-1.3079402703200484,6.657860760937785,1
-0.22609790200461252,-0.10905758777405836,0,0,-1.7167416601425904,80.81733806879089,1
0.8116189631283819,0.16693098172190704,0,0,-0.5809632623169212,31.95998797995045,1
-0.05304270181172783,-0.15695236686681033,0,1,-0.8607763651363363,28.28653124858948,1
-0.7972837767772711,-0.7258424725603256,1,0,-0.671284824697217,4.252701692622941,1
0.2599615468647373,1.0203692775606092,0,0,0.40010150930865857,29.968377814739355,1
0.8644170831804057,-0.047932340101247806,0,0,0.9374900441688251,21.92459802316074,0
-0.6918141871956704,0.5360259900529415,0,1,1.3271573538064636,20.040266578646776,1
-0.6692745044362952,0.7722355884427072,0,0,0.6052342969382553,100,0
-2.223604988086299,-0.81836247219122,1,0,1.1121436031089105,25.446898473136542,0
0.37734506215029,1.37799985930219,1,1,0.30817680446225115,19.94419393082226,1
0.11943418858728654,1.3607578650732142,1,1,0.006033516659641882,59.36312417504602,1
-1.1239573352707368,0.546821269003438,1,1,-0.5986161485067386,11.448772500395874,1
0.7211925128698796,1.6657988142318387,1,1,0.4348230820173895,10.266486886600369,1
-1.6956207496318747,-0.7323784920485794,0,0,-1.2183016513179294,33.9348048505013,1
0.7691822676719338,0.9053434340311223,0,0,0.1595956888705097,18.429195761274304,1
-0.8019127457099182,-1.2466808070686866,1,0,0.32989962315027993,36.387867585203956,1
-1.7600579770336016,-1.7205117668117045,1,1,0.6292258607213711,28.184422712774346,0
-1.2727897540627802,-1.8510765460637721,1,0,1.0300838727560155,100,0
1.1986103549487122,0.09540762692367111,0,0,1.153892003082806,5.906819224434444,1
1.9076833099744204,1.4851633888524527,0,1,0.7187833784296218,20.746046384068865,0
-0.3379359825823554,-0.17641936054836352,0,1,-3.050309738082989,30.075025055892965,0
-0.5289183171844647,-0.044681961803703235,1,0,0.44671289247306656,19.37745837781629,1
0.14177954079158117,0.7840984580802434,0,0,-0.4662844579932474,12.43555253172773,0
1.7635193132166387,0.525083644821036,1,1,-0.6676942340720518,40.59615240156085,1
-0.10731093982135465,-0.5330482464608626,0,1,0.771004922112834,100,0
0.30124077772816266,0.31690944659981735,1,0,1.0950290240860994,62.910801141811334,0
-0.5262750903461971,-1.9296245135928694,0,0,0.7898188653557666,36.19389795079921,1
0.243620144438992,1.0602357094949104,1,1,-0.819599733250598,8.629691183908637,0
-0.4603951775334122,-1.059997601961888,1,1,0.2274307542850642,39.41415295822436,1
-1.1816172997727477,-0.9769913240551623,1,0,-0.052043278739954596,47.684061695463946,1
-0.6409524903854511,0.5702289086657379,1,1,-0.4931434594018627,5.77677892543576,0
-1.9945134247970242,-1.2451812945745857,1,1,-1.6703435513771225,3.141186912237559,1
-0.32018730344606827,0.11211060820419932,0,1,-0.5725141542620423,31.574686217007564,0
-0.1416611313225532,-0.5216719641658835,0,0,1.391186425845106,13.465173041406503,0
0.8158126725894473,1.4220479389224638,0,1,0.6116857541678267,29.115166483894168,1
-1.9345854154377695,-2.2371403068421936,0,0,0.4006390740630567,6.478816779390196,1
-1.5189897393268113,-0.023692262777383566,1,1,-0.7198645725870768,22.98568825775576,0
-0.19453877354992874,0.3441225016325801,0,0,-1.263808756048224,27.996307842435154,1
0.7414367308547262,0.7926726750165206,0,0,-0.6463633075170511,56.184571000144395,1
-0.260476480071668,0.7325897571586986,0,1,0.5696886593579856,47.17278353585594,0
0.9395921308066291,0.8421947115120203,0,1,-0.6926619475006626,6.206305558684952,0
-0.8700407661965168,-0.19545714836603043,1,1,0.707479871546096,57.1051068026404,1
-0.14417110319098955,0.8429544501587636,0,1,-0.07559116071105054,35.98294517260839,0
0.5563177643978169,1.6699458075653082,0,1,-0.2413263455332432,8.568205896010461,0
1.1787019660961928,-0.07589863020284182,0,0,0.2766304617196925,37.08460464302748,1
-0.29084826971045075,-1.024071781244574,1,0,-0.14323354555755727,1.6023482294081692,0
-0.7461768773317502,0.016268701691506182,1,1,1.168480429859812,12.18960903424184,1
-1.6830473080263149,-1.2929959272851992,0,1,-1.1086694822485197,5.129801117463225,0
0.6754186959781707,0.4790096570489327,0,1,0.6264005233312949,20.585718327476048,0
0.32211637832537177,-0.8302968591340921,1,1,-1.0977765628818228,58.10714117526027,1
-0.08984416682242083,-1.0141898587310683,0,1,-1.619893728145654,7.819154440725948,0
2.247859759978768,1.8891891177320714,1,0,-1.0716047082591387,1.6757520782890363,0
-0.026034910017226045,-0.7106818018891646,1,0,-0.05511696714825054,39.60401068191803,1
-0.4189072484536318,-0.8121969893454458,1,0,-0.5687334191814136,26.411900732699284,1
0.06014630538254498,0.4715955069249518,1,0,1.9456102828959663,100,0
-2.238736068953358,-2.047937799000834,1,0,1.0046048457228123,16.556171211985777,0
-0.4974636405703774,-1.9055379900349656,1,0,-1.531065250614715,6.152572291311522,0
-0.26372044736788125,0.1248061620781214,1,0,-1.6493868527437328,14.415008769563666,1
0.019990465668148466,-0.06321858040184215,0,0,1.3427936937815173,4.352146894544114,0
-0.4585450174062295,1.494804720232264,0,0,-0.7759823844256283,1.7981120676063598,0
0.29382257460875755,0.7743368372615318,0,0,-0.6967270934628254,27.0357101027374,1
-2.70032538180452,-1.5420381360546283,1,0,-0.828706351536115,16.79660944351948,1
1.1590344943373605,-0.1330570215940431,1,1,0.7917821895986727,5.056144195657427,0
-0.6574003719930765,-1.3247657775549433,1,1,-0.5083630733619908,12.722073976740612,0
0.23436412975863685,-2.290937749167271,0,1,-0.4068767654949393,61.636108221096016,0
-0.4093715565568094,-0.6948177981590347,0,0,-0.7160045697460373,18.63686990984939,1
0.962783411098984,-0.19086268326685213,1,1,0.9321989678633205,28.57407065844312,1
-1.0483248623829653,-0.7808344162721449,1,1,0.16222634464389288,5.678243465255214,1
-0.7472141065105844,-0.5807648517331299,0,0,-0.4593918520146828,100,0
0.7239185549732022,-0.4668603548680991,0,0,-0.3537264143526154,37.26901687348185,1
-1.261511354788327,-0.9523565501809219,1,1,1.7850093199018773,100,0
0.25679886562133514,-1.4504824549617163,1,1,-0.1690329981011633,10.004062840938683,1
0.5306078624517304,-0.664615342393394,1,1,0.9005665813218191,36.03562588769304,0
-0.004268495886900913,-0.06370651554636735,1,0,0.3484336458174263,53.80991088407427,1
0.37191947878474096,-0.5556384864761879,1,0,0.48766400553088335,71.41661164734033,1
-2.474030887091948,-1.0002236412026644,1,0,0.42965742389921563,37.39417722913631,1
-0.7915950847520011,-0.5589788816273262,1,0,-0.13699677160309362,17.73909808120299,1
1.041432436911082,0.9477856067014718,0,0,0.04281621094501402,23.589527170498805,1
0.08193587086990489,-0.1119889812021804,0,0,0.8016728456731775,8.670682839635566,0
-0.051091887313392696,1.0498808168399836,0,0,-0.5965121056342748,27.77251841595687,1
0.02420808150523362,-1.0577850517377805,0,1,-0.644754579563935,23.157347624622723,0
0.24160591888682464,0.7897672225218137,1,0,1.207610829746507,29.16927796082387,1
-0.8012794500362764,-0.7000585788052314,1,0,0.33187584976327683,14.283026007485232,0
-0.48089969352848383,-0.8306630754177335,1,0,-1.0591790914521435,100,0
-1.629597097218271,-0.8784739650719446,0,1,-0.9471751257823499,74.28319694965461,0
0.9320877700684528,0.23986404068511052,0,0,0.7755439756362679,41.794171877716266,1
1.29601260295793,0.40551607069821616,0,0,-1.067637052329269,34.344575640552435,1
-2.1219430303456104,-1.0528881088637603,0,0,-0.22196906433997346,22.963089716538548,1
1.7632362706067288,0.07831200427990626,0,0,1.068732863448087,59.71840991963609,1
-0.7118935065375284,0.20935037985634636,1,0,-0.11764279262979399,32.13478195216206,1
1.3592072139133047,0.3451459419959444,0,1,-0.9413937167849592,52.65481772629395,1
1.8782723271746091,0.9995163414666606,0,1,-0.4135195837107131,3.5162910898865745,1
-0.21715693730921132,0.19458524533368513,0,1,-2.227566733195866,44.13069568445571,1
-1.5043608544806921,-1.8013841353174709,1,1,-0.31287785795314366,55.87890245665592,0
0.45291166310089964,-0.40835147296065977,0,1,-1.751070744346248,4.299058225726092,0
1.0273889287997986,0.22907982832188084,0,0,-1.522646623202482,5.192219355134726,0
-1.1897398226880362,0.08964228281154518,1,1,-0.2669681666025321,22.98736742737112,0
0.581329468622388,-0.7003761442387527,1,1,-0.6593952329268992,2.0337579744408454,0
1.1913857139131272,1.5967004849805235,0,1,1.1286265339549446,8.797759722629452,0
-0.5775887785710176,-0.79638798602739,1,0,0.07728656229932993,37.11712450927338,1
1.7678525192430037,0.34564893350383374,1,0,-0.5074979141891219,12.535848818430562,0
-1.2006400844005685,-0.49702330127019345,1,1,0.98723746842038,51.637921010521254,1
-1.6373145877506725,-0.5962402306828122,1,0,-0.05885411075591773,65.18798052704497,0
0.21739875103085998,0.18208027948021827,1,1,-0.7965323541197183,16.040537579641352,0
-0.669732239012103,1.080399502476979,1,1,-0.15860529449899316,34.99404961502673,0
0.28285182012307514,-0.3561057347676395,0,0,-0.25463071049909625,76.8996562514799,0
1.8231960831278509,1.6905129881472472,1,1,0.6052347190188525,36.2209425625324,1
-1.1371994006756212,-2.038466480873644,1,0,0.7395396613516231,56.33741336270873,1
-2.2624494408652294,-0.7438060416492596,1,0,-0.008048189934111456,79.58053474189661,1
-0.7470572943006308,-0.39671929225059843,0,0,0.4823045883775203,33.69588270979189,1
-0.7976956168357223,1.4301805078409062,0,1,1.4258989983055776,18.785769839357318,1
2.3413802230736365,0.9609565197320116,0,0,0.920436781994902,14.135342004927349,1
-0.1216418286471695,0.7125444768321871,0,0,-0.46314028954603326,9.778434746378803,1
-0.5967622602816052,-0.6889241429650309,1,1,1.0295865604019838,19.9441545980878,1
-0.6024459064410802,-0.925766877653718,0,1,-1.1645310681004453,10.59756269062021,1
0.9226655314093648,0.6365404711625434,1,1,0.6382741662473902,21.566281491839348,0
1.2411998270773743,0.45139710228633534,1,1,0.26969568785547804,5.989000369247033,1
0.04992382900481938,-0.2905625933644724,1,1,-1.0543760596488443,8.162981561477142,1
-0.037807453863950714,-0.5932391344546597,1,1,0.3905516853895615,24.00011380200478,0
-1.082279346266862,-0.9162592865373771,1,1,1.7144521811337832,58.07743016527986,1
-0.5588045679200753,-0.16087185718468772,0,0,0.557176962763974,17.7948659300556,1
0.21531310465709144,0.06428831687133604,1,1,0.67346482437635,10.807023036935712,0
-0.5224550453657839,0.07037901495662913,1,0,1.215500964252176,58.214336239655466,0
-1.7474818930608051,-1.5837696174585927,0,0,-0.03803367732746351,23.397054384430966,1
0.6660321326129274,0.37686070578610853,0,0,0.49098385428411095,7.658456781950589,1
-2.5837303034751375,-0.8374034731255721,0,1,0.4228506174446238,13.636002165536961,0
0.24674356072675446,0.7562668507789518,1,0,0.48522555425816194,12.774732821363958,1
0.640913535459859,-0.8050269433769144,0,0,0.8136189233239028,25.47280590857377,1
-0.2707765136715901,1.2745747247650598,0,1,0.0961321840006392,17.037389111179493,1
-0.40485553036237104,0.5438347816790439,1,1,-0.4771269999844499,23.682366483007964,0
-0.3219954797938631,-0.5394407468503828,1,1,1.437308814286247,54.59566675531043,0
-1.2064556476791866,-1.2558862123326402,1,1,-2.2053327812920416,10.282572012467051,0
-0.19524027853971493,-0.4966139751859746,0,1,0.06292159284094075,32.817944336504056,0
-0.2703158734674624,-0.4491012446099967,1,0,0.89959196256468,20.369580883734375,1
-0.13077356192900755,1.640928614654926,0,0,-0.3361379766859373,25.71123818585523,1
-0.682439787903066,-1.3814305161004434,1,0,0.08023855956601242,29.112564743162558,0
-0.08013956044990385,0.5650247333327035,1,0,-1.5092576799043151,27.573564666585888,1
1.22021120417931,0.3001735460090731,1,0,1.218124041563486,9.050223710075715,0
1.7880553444184983,1.9169736929667662,1,1,-0.5905736396053104,17.978338972755193,1
-0.9695718162843477,-0.825734540706013,0,1,0.5326339442091825,22.982141656448867,1
-0.07613207565076907,-0.015439992910445312,1,0,-1.3042672308749454,20.59720978224145,1
1.5785871459479681,0.33654282845249084,1,1,1.072123936184131,9.255406770997034,0
-1.5675588845642106,-1.1336931061148365,1,0,0.5284902687378873,4.281043068713216,0
0.493913103980575,0.6902413991656784,1,0,0.7404640398949142,18.0685413544777,0
-1.1579456337086715,-0.07344834083768537,0,1,-0.9918548106967647,11.988030696063936,1
-0.7950661533659285,-1.3232232383433955,1,0,-0.7097168474031922,19.742136866125534,1
-0.21238886914269425,-0.020368508842909777,1,0,0.6229124143673741,4.947394506727467,1
-0.6884339716161325,-1.2710120130227842,1,0,0.889672132066906,77.5239622624737,1
0.9694408901881847,0.3810350515001182,0,0,0.22197611705878897,27.16448088617949,0
-1.9300936280777923,-0.7601844218660324,1,1,-0.933629711768796,62.820737397117135,1
1.4731158658538617,1.775616692826821,0,0,-1.0430952735023113,24.980522693992885,1
0.13312489554872198,-0.15228457761058056,0,0,-0.37180148835726207,12.360874625387744,1
-0.013819630870553417,-0.7813565583670847,0,0,-1.0701599722737176,25.752930196641415,1
-1.0743441207417106,-1.6893401623741289,0,1,0.6200239545388813,42.386933967641326,1
-0.04260236764650604,0.843965024105278,1,1,1.1927217804082966,52.22629017606359,0
1.715015023745836,0.5553510220331648,0,1,-1.8301253287915267,4.8926602633067136,0
-1.8243643778050251,-1.864332189818802,0,1,-1.5055898066522009,1.964764113462956,0
-0.3563693042372305,0.1884440098387469,0,0,-1.0377998447203245,42.735499980581835,1
-1.7051151931594584,-1.3176451235797273,0,0,0.3715433663700734,100,0
2.3426230162046107,2.4523050489901825,1,1,0.25418330260632555,39.92372271691941,0
-0.1685361601663876,0.9623006181939434,0,0,-0.1225093232803203,24.432631814800256,1
-0.6613562119652943,-1.68597066396938,0,1,1.3059226738423855,54.84467743385823,0
-0.47123153781923555,0.3934654150782839,1,1,0.022099276639076598,78.11506086028417,1
1.1225599983702381,0.07423037464321058,0,0,-0.7040281291359598,15.898658410540083,1
-1.0821736184785646,-0.8395277594424724,0,0,-1.0114740049984088,26.134531431909153,0
-0.3097051779251311,0.2850931794896005,0,1,-0.5820404259198961,56.188774394453965,0
-0.8063234132003173,-1.2891826498041912,0,1,-1.933271402282237,31.075004883161153,1
0.10425625596149832,-0.1402074579185436,0,0,0.5711378752074608,25.00759797150592,1
-0.2738684122997847,-0.7944776418153148,0,0,-1.300112893916117,100,0
-0.4155653541294431,0.16874840278391015,0,0,-0.05778377814405318,15.177998964964104,1
0.10905421176075591,-1.3244403410689531,0,0,0.65225220113985,39.08400364985668,0
1.4784086268994663,0.5072093525474322,0,0,-0.4150322842122105,100,0
-0.8292015210763407,1.7036157898041004,1,0,-0.41030902009811465,18.291559546649125,1
0.08561334018418941,-0.03512188334960719,1,0,-0.013084950354610766,19.961436380039807,1
-0.6036861598655997,-0.8184738287909072,1,1,-0.7042328772607193,41.38431190757925,1
0.16789476587456023,0.4342909960247899,0,1,1.2884254743420276,22.116693388122975,0
0.33763210756144085,-1.2611594807990407,1,1,0.2665544378015456,13.437848209563699,0
0.23438103705748772,0.41836580074188073,1,1,-0.5800791202834854,1.5774454356269503,1
1.3056915419915722,0.6282316882848904,1,0,1.3113674464431049,6.259898382268307,0
-0.5175667658430881,-0.3683128658924006,0,0,-1.27173765829052,62.75097593991523,1
-1.0672631986986463,-1.1335014035675939,1,0,0.8943862437568842,74.43909860688208,1
-2.5265611236195,-1.4848647039045442,0,0,-0.6873157881890478,24.023141167485065,0
-0.532484228336047,-0.13804034903180135,0,1,-0.9882202335297638,49.014498271433766,0
-0.7566217730054837,0.5594948405817444,1,1,0.7742430191861445,2.7309769682526195,1
0.573113783103048,-0.4097615244692351,1,1,-0.14957603124308988,70.96169353357874,1
1.439384577591904,-0.2877261662461985,0,1,-1.759473960650129,10.993993029894526,1
1.761632822485661,0.640048140245208,1,0,0.9460116813998354,57.680807713666795,1
0.24647498950706326,0.158015376848678,1,1,2.742493256115477,18.918230225676723,1
-0.4988314208072038,-0.5395866795391357,1,1,-0.7694593983245335,20.55345888218657,1
-0.5672761921809202,0.5722446064817839,0,1,0.6820341539502637,14.957189165281655,0
0.5426021725638023,0.6392992835515301,0,1,-0.44053790934584874,63.930699445747926,0
-2.451706387846126,-0.21091763524345297,1,0,-0.49360146299187224,7.52654854758755,1
0.19052566610738272,-0.46169564735880814,0,1,0.30526167018663997,11.595545941248709,1
-0.852644847550341,0.1647357465288264,1,1,1.3257475069836735,25.918584860131098,1
-0.4313655640373612,0.6120040888404294,1,0,0.3472231197812304,7.444114398152902,1
-1.3584572535631987,-1.1267599762710532,0,1,-1.8154296867964843,36.409311189921084,1
-0.23653558047231266,-0.9887713985730336,1,0,1.2950269880138419,88.79497091714417,1
-0.602536963258249,0.1977461776764124,0,0,-1.5390265521006004,18.156347292210377,0
1.26185800244224,0.05920529912613559,1,0,0.9995622541709637,41.715988367498696,1
-1.73146240191425,-1.2611207128902033,0,1,-0.21695978154097215,29.229534222182142,1
-0.9592617352740302,-0.059370800020330905,0,1,-1.0750016333042574,42.98573375203702,1
1.2651854678517953,0.4422034425291175,1,1,1.690576840355197,69.58384952350286,0
0.8116377093162542,-0.3781651560108223,0,0,0.41782319085901176,97.61573589023432,1
1.2653766210132682,0.6611332417927427,1,1,1.4241073246589757,4.918418071648307,1
-1.3298953587138511,-0.7122157981233534,1,1,1.0895658900840857,47.99980178014017,0
-0.9551493225827152,-1.627603492275844,0,1,0.6173164327876759,2.9784506274742384,1
-0.17593827021311134,-0.31127890585751755,1,1,-0.02225305110100362,46.476634160228166,0
-0.6591276564935137,0.35773854386776865,0,1,1.2013015004508045,14.650689848780063,0
-0.6960835445380386,0.7867724569159305,1,0,-0.23356389262259286,17.797459475144887,1
-1.5424181386834173,-0.25892643597007625,0,0,-0.38195315996144524,7.098870118340655,0
0.37292447670535084,0.4670462202026029,1,1,0.271051652017265,63.4624155705675,1
1.0009721917708028,1.379789796930272,1,0,0.500914260234842,6.607169434138404,0
0.3775012232067826,0.15621338746664667,1,1,-0.8824911300121749,54.8048069283733,1
-1.2010918793294485,-1.1811219486266737,0,0,-0.004924628373002736,81.46630010607953,1
-0.8186930114168178,0.6357863498154985,0,0,0.12543193703928862,25.145187283241135,1
-1.5026539941071106,-1.0614531070178777,0,1,-0.4934589084874239,18.814373458623354,1
1.234211800526064,1.3264726213955358,0,0,0.658697792202259,42.72672712426484,1
0.9812008220130091,1.0123135956181117,1,1,-0.4122765441708328,82.36035776476022,0
-0.6617947552661769,-0.37691840246417374,1,1,2.1099691831509295,50.97325104946052,1
-1.2578837730133674,0.2137533365647798,0,0,-0.10549985178801372,75.47131709128972,0
-2.0160776194766767,-0.6131780176723551,1,0,0.90926351330664,100,0
1.2312528472905455,0.9460771672217256,1,1,0.798143306563714,20.210068137525827,0
-2.8158102348788567,-1.1121396157199441,0,1,-0.21062182053926756,78.40904158345717,0
1.021899932577438,0.995669118411542,1,0,0.4246598257947725,3.4551698654792857,0
-1.016433992800633,0.4196615111410711,1,1,-1.4462938749668481,9.331808090877733,1
0.8661563281224127,-0.29256365458770095,1,1,0.43112553297078465,39.56307460777365,1
-0.08698966088885937,1.181929031084253,1,1,-1.7568530090825294,14.805299250601426,0
0.115996640796548,-1.059027583761795,1,0,0.9276110792635696,100,0
1.5355322391928914,1.1780096961943238,0,1,-0.1574868522273171,66.22714812228702,1
-0.7684142483659173,0.0034797385246208568,1,1,-0.4444111077963335,27.130226145538696,1
1.261481829054439,0.5756038042796121,0,0,-2.008328041603467,100,0
-0.22309908289331437,-0.2542744203140736,1,0,0.24338704482622653,38.8837353007542,0
0.7625905780529655,0.2611072335699307,0,0,0.0019229998884195889,28.376566277645303,1
0.06517196249732624,-0.549239233057649,1,0,-0.3251365006733447,17.35884592048602,1
-0.3964966233673454,-1.7699982734030237,0,1,-1.856747281384472,19.316802874907268,0
-0.04757748007673928,0.32734432645389006,1,0,-1.0881943265075371,10.467617757729792,1
1.0956926066932209,0.6952450970936755,0,0,-0.8218747680342047,29.999341723300077,1
0.5784717622485255,0.8338777201438259,1,0,0.07962417496269608,73.59694368216847,1
-1.6508740580588757,-0.572135620632344,0,1,-1.1439329390824173,27.30332760993257,1
1.7555929077943146,0.4094228519139437,0,0,-0.027866771672250906,8.342107703088656,1
-2.000576321262706,0.40936516954366864,0,0,-1.260862588542852,18.940346229026133,1
1.4684142394114041,0.27248781775807684,1,0,-0.2676860155188851,100,0
1.5791471111840203,-0.2708745420373647,0,0,0.19549468233845513,15.335741712384316,1
-0.10454705255207614,-0.6027217322480432,0,0,1.7099319126840107,74.328868240465,1
-1.2965291831910513,-0.12254587450512544,1,1,-0.8745224929195928,78.36583682977401,1
-0.5152445585999438,0.0626520377522552,0,0,0.5481556535729218,35.33669968979523,1
-0.7098968621865528,0.25174570087694476,1,1,0.23191393909662975,4.9799996211257085,0
-0.35883986712564325,-1.427993321237057,0,1,-0.02699415426199867,14.209698212015939,0
-1.0797256088290008,-0.8606222127084494,0,0,0.29970330317977795,6.2499583141212955,0
-0.3689197784431158,0.14934023191480342,0,1,-0.39677270744617604,18.125736696678043,1
-0.13504752021838076,-0.30161457081325005,0,0,-1.4532742703086794,50.08345174100973,1
-1.5961601945992496,-2.686351667852797,1,1,0.7589357166129508,6.939934775697752,0
-0.15654676672595996,1.7223485667054983,1,0,2.1512776586997613,39.00876499685844,1
2.3385255619571423,1.0640472624781192,1,0,-1.1957673915726064,30.609488284836967,1
-0.7887768257841354,-0.20806050858944014,0,1,-1.1135297361412069,12.395675949257,0
0.11579158682203848,0.9959060796260039,0,1,0.7855968211683079,0.744227177812903,0
-0.08946210725706555,-0.3935103659467044,1,0,0.2544059634540812,35.44053860361743,0
0.9420270790685629,1.2542910745371276,1,1,0.3525633917083093,18.578678466128007,0
-0.6054893627094469,0.19031562876789831,1,1,0.13062609854357568,8.091548743646024,0
-0.0693269707030474,-0.2602409197505241,0,0,-0.4710008637932066,8.687475097705606,0
0.8995548880841198,0.30199580400519616,1,0,0.04884990832439038,30.16742725405796,1
0.5752124300819306,0.42553101961163997,1,0,0.061864885988320274,42.16648992303204,1
0.3181391814690054,0.5158514104433379,1,1,1.3525451779916317e-5,5.970810546886028,1
-0.4768532060236322,1.1360372590414323,0,1,-0.905587117263938,1.7327270166624462,1
0.3962413388754743,1.6869123277737543,1,1,-2.5843701878813627,32.3002174534579,1
-1.519768014738252,-2.0415524318404135,0,1,0.27228163814451206,28.189799028451734,0
1.5386670572615142,-1.3409395239208979,0,0,0.3670577521399683,19.611570029457035,0
0.35052776440194566,-0.9136929658074782,0,1,0.4423883073070374,7.213244946568684,0
0.0171020943843651,-0.31775906727340336,0,0,0.6219851844246764,74.656976407965,1
-0.6331651102278787,1.553682987167819,1,1,-0.2715651984836005,11.767637910850748,1
0.8112898322159163,0.28601967524845817,1,1,-1.287734341400015,10.185255352548422,0
-0.9180991900369369,-0.7551854583295496,0,0,-1.0339888785964082,47.74031786125378,1
-0.7551000930108909,-0.6074773286940308,0,1,1.950597750160865,35.491300210091936,1
0.09542895711003117,-0.9963899766893943,1,0,-0.4992804261671867,12.358235421549475,0
0.5364044755062083,-0.1846664093918623,1,1,-1.726354644581821,35.2854302725283,1
0.5098701941154029,-0.630514250355995,1,0,0.9507251442933068,100,0
-0.295468490468003,-0.6392844339022049,0,1,-0.13681039160233932,11.312266303138212,1
2.077849275528227,0.9789151538472418,1,1,-0.6865882376450728,11.694713018797856,1
-0.05408768327320913,-0.08087338994032384,1,0,1.0465015989177646,53.23304502287276,1
0.3882245344334907,-1.1722637276674073,0,1,0.9311964472268881,9.801383982863495,0
0.63330929381642,0.7043839121460869,1,0,0.561600328000544,95.0540053241748,0
-0.48431987464715737,-1.3255715673474502,1,1,-0.4808400537428171,42.96161992646353,1
1.6887353934223839,0.9401160406159492,0,0,0.769807128873497,7.566619532508977,0
-2.2613798335362443,-2.6595485376027925,1,1,0.6170934818928719,16.402492854638073,0
0.6363784330344557,1.1609047284665595,1,1,0.583242169590318,66.86168707115313,1
-0.09351927642035364,-0.6021332239459961,1,0,-0.2506285380908345,18.84776538594593,1
0.040201062954570155,0.6649632343147212,0,0,1.7908899941583272,100,0
-0.4182533662558347,-0.14000236677863928,0,0,0.35371567000389875,76.3559534516273,1
-0.6057533204637838,-1.1994647023394749,1,0,0.9961792371424971,74.03173397695764,1
-0.2397258065964339,1.3262479118323085,1,1,-2.4229651828151892,79.21998200256178,1
1.0755732881197542,0.7452020095230103,0,0,-0.29617234935009196,8.48133747459879,1
-0.8316130544838718,0.020605035731819987,0,0,1.0412878165711428,16.75085126160583,1
0.36913396694597267,1.2851938212437768,1,1,1.4741923410560018,75.71035612122874,0
0.5118128350298986,0.30773587536849,1,1,0.8036125136926673,23.433678084241496,1
0.2847965951476937,0.7878616479169857,0,1,-0.71060227490453,88.58126516926413,1
1.3580742528217362,1.0611766962042581,0,0,0.7451345449482893,79.15812727613903,1
-0.7121659965214903,-0.2698615170431006,1,1,0.48626421776929496,32.10658085380209,1
0.3049013801315852,-0.4890487914481304,0,0,0.509640856910077,0.050138355903343514,0
1.3693383006163715,1.3791706577176215,0,0,0.7015744746378291,34.16880448799871,1
0.34296604739201136,0.34287101756231664,1,1,0.9096006270047886,18.04665296341071,0
-0.20159154954727818,-1.333435821617842,0,0,-2.1986164941943835,20.046293281519247,1
0.5287175783028252,0.5389133277697211,1,1,-0.4033873946867699,17.627427247748983,1
-0.12265944622456877,-0.535797997754563,1,0,-0.5182909391618207,56.15473388171569,1
0.30572915242635856,1.5315211551730903,0,0,-0.2607329130859274,14.74040154488725,0
0.8198178517387086,0.7637874756130301,1,0,-1.8430353786421632,39.127604728827386,1
1.7644902768275526,0.37299336199027167,0,0,-1.42362037160861,10.038864335648661,0
1.2736086280707153,-0.693069516644609,0,1,0.044308196705926305,17.98401594380818,0
0.03655027538718248,0.8241813579854793,0,0,0.9922566748122883,34.599121710735616,1
-1.1525752332418073,0.5413270442129561,1,0,-0.9364154401379354,14.503470428844649,1
-1.0430103412419627,-1.3793096676112746,1,1,1.0928602520677353,2.91653495818181,0
0.005979585201683431,0.8720994314489781,1,1,-0.3371403604126993,77.61918335677149,1
-0.7216665858665918,0.5550002848619687,0,0,-0.9391972632715394,53.60336481008923,1
-0.47316398947012994,-1.147595153509383,0,1,-1.9973092770330838,12.083595620458997,0
0.6542491070189345,0.7274593151870156,1,0,-2.0496735186328725,55.70282102629769,1
-0.3512312164222815,-2.3967634333930667,1,1,-0.5419023777450727,1.2394480494577957,0
-0.7162664278914546,0.2533342281264801,0,0,1.173657467573899,48.14116091988833,1
0.6345112305064363,-0.2772853748402379,0,1,0.2726644839200934,27.855970956117513,0
0.7649045593114647,0.3879679566348112,1,1,1.192035598048907,5.4660730628588166,0
-0.6936747331165799,0.7251090361028492,1,1,1.2698414751367917,12.641843845338935,1
-1.1846821985769305,0.022115916224046184,0,1,1.032393617061742,19.377605900292643,0
-2.2339569273221667,-0.5973115032558209,0,1,0.35310338785713274,33.39520392960888,1
-0.9771228030904555,0.708004643406893,0,0,-0.8816572652008209,64.43359588809123,1
-0.9569812826563702,-1.3532529121917487,0,0,1.9739940918979717,61.201284236661856,1
-0.5020573220347281,0.3420137755936738,0,0,0.6699380242140132,23.49160523759694,1
-0.10535772195108895,-1.0352661490022583,0,0,1.1486494520210913,11.637421922403776,1
-0.1440461758153386,0.21382463379537076,0,0,-0.7403226753638087,54.9245801322099,1
-0.8907814730095948,-0.7754589268693489,0,0,0.958432728543961,100,0
0.3334024771262225,-0.6510680770887686,0,1,1.8240121355358332,3.4457574236294106,0
-0.05959610495488032,-0.7222645153318623,0,0,-1.3486183992924798,1.6562664321182867,0
0.32609701697799737,0.1958517017340084,0,0,-0.10965184699142999,35.68313161199505,1
-0.21097416680201542,-0.9251580394716188,0,1,1.2452674255624017,6.613931757117421,0
0.20874685378113206,-0.5803849817689672,1,1,-0.4214667737767992,10.327777405075762,0
2.3365568925494755,0.577947056533267,0,0,1.6533818673558167,59.13485304183906,1
0.8326990274162266,0.498215373337383,1,0,-0.9665114667372935,6.608718322058531,1
1.4491428861859461,0.3233530477013239,0,0,0.4195816898734542,35.97762741567329,1
-0.6171786762377764,-0.5700519498922294,1,1,-0.6736232601188546,84.96806645015255,1
-0.49014110757779134,0.6979405552055139,0,1,-0.8917131386872129,52.00201831582549,1
-0.10999436998171509,0.01194155150637146,1,1,-1.3997632614304074,23.926929925603158,0
0.8170273795484632,-0.3079263056860036,1,1,-1.4861338058005749,41.42909082027807,1
-1.0305718628464136,0.09738858529935435,0,0,-0.29563274915721777,21.726280653841318,1
0.9794420855253564,0.7490839749994582,1,0,-0.3136377937952242,87.02951219935288,1
1.7965379577865794,0.7929607964910346,0,1,0.248921111872044,5.689190682593034,1
-1.0053488128181713,-0.15013627582193922,1,1,-1.387439874909248,74.70701254131524,0
-1.4482641215228156,-0.3970824790604285,0,1,-0.0848005804015804,51.98558335534743,0
-0.5446353565746458,0.9448285510570713,0,0,1.4212809055831137,29.621644549808163,1
0.1189089242738815,0.09997759439536255,1,1,2.1996562979827936,29.632288445663562,1
0.473178684247113,-0.5652561153616761,1,1,-1.1977394536015211,34.07720713230686,1
-0.004776041728050709,0.020486661228211096,0,1,-1.2528026236618641,33.76135194864733,1
-0.03604752459297627,-0.0373313368961154,1,1,1.6219508576958819,73.57838868447199,0
0.5603649517194309,-1.048998149596029,1,0,-1.3215345351118721,7.57521764331423,0
0.06316611922114292,-1.1952063809627644,1,1,-2.72119295616558,6.170258570921492,1
0.6387917388561573,-1.234493066121877,0,0,-1.1011882025306505,1.7862982634897442,0
0.8155431706517111,0.8198293490036899,0,1,1.3023237334654316,61.36156195167283,1
-0.3768039187351422,-0.571724214959413,0,1,1.1202912407016405,12.736752329093639,1
0.1730696738536173,0.10097257239559963,1,0,0.05938188654920414,48.89260010436815,1
0.17963404218991752,0.35099775047435683,1,1,2.0724671359157787,20.055226969845382,0
1.0843940657569846,0.26970126655026194,0,0,0.22034715836726113,30.04896827735308,1
-0.8246336915986621,-0.7527034925965802,1,1,-0.5881373417589864,5.280978003578882,0
-0.4866738300258211,-1.422320603044523,1,0,-0.6087186086496463,13.40390166382295,1
0.10485366415256453,0.7913697560319245,1,1,-1.1409697236450618,29.806531140603067,1
-0.10547789750226218,-0.10925562666409139,1,0,0.716022401698121,25.636104990698257,0
-1.302883000676039,-0.6309444452675639,0,1,0.9036174262465052,45.02058680052003,0
0.006254759344918767,0.03769679471460371,1,1,0.52034605160373,72.5849998766518,1
-0.44230472914648494,-0.3832410002786277,1,0,0.9827973827709356,10.730095503126897,1
-2.042083560319129,-0.6348409885131343,1,1,-2.4102926514515466,22.38304590052983,0
-0.5001810632135465,0.2658539620379154,0,1,-0.21708280050091067,32.757745555610526,1
-0.767687296154994,0.9779300533325295,0,1,0.14219757459090404,14.056803729385981,0
0.23601326158535618,0.8132796353535048,1,1,-0.07927298925274377,94.02236105623595,1
0.03234893141448359,1.0263428873733347,1,1,1.8808286449974212,8.411439234995905,0
-0.7171893809208164,-0.8837001409249843,0,1,-1.7287890964934558,39.074493563063776,1
0.7230011024037956,0.726854440756303,1,1,0.7190479568690198,31.072257236741073,1
-1.8114148791047358,-0.1705013828494759,0,0,-0.987623088676487,58.38336813762371,1
-0.8194202184658086,-0.7150329121364218,1,0,1.2417039801035366,100,0
0.489640332892828,0.31492488198130764,0,0,-1.6555920703988152,12.762415493307055,0
1.0114754814344298,0.9329497459709462,0,1,-0.7804105260570867,69.27233669704412,1
-0.9196879458986917,-0.22531296663101358,0,0,1.3512383133954537,71.2144814942081,0
1.1378158525738669,1.478618826623084,1,1,-0.49422383655662966,10.697996795682393,0
-1.7424300803409063,-1.3351777602872366,0,1,0.20590943947414483,28.982227696579564,0
-1.2320269623600089,-0.18453756585909842,1,1,1.6623725413086603,40.16351352444709,1
0.12357557292809647,-0.22031374006360185,1,1,-1.256097617842293,70.70107814802323,0
1.0952726561213895,-0.9650664442202191,0,0,3.621092342491431,60.60925785571527,0
0.7541733066080819,0.9177271193220422,0,1,0.035907166927830345,24.95831877422726,0
0.9405590866527903,-0.48491452102798277,0,0,0.04435740682888879,5.282058201877906,1
0.07986384526377142,-0.8167315075988767,1,1,-0.7745776768139393,46.17755542357065,1
-1.7345046132681123,-1.0717984707148134,1,0,1.3209551319491002,13.925550192681971,1
0.3867996973730695,-2.135408361143914,0,1,-0.42477561428439287,19.67010156446841,1
-1.5789074707736586,-1.8140699390193196,0,0,-1.4519863768652144,100,0
-1.0524162662831946,-1.0416833079769057,1,0,1.0297458202942034,29.387629984056883,1
0.17939692350755423,-0.7325562306119396,1,1,0.18912359967701955,8.842949650980108,1
-0.5012613295015053,-0.4714436629611759,0,1,-0.46334020909005713,29.71827070616461,1
-0.5682971087232727,-1.1649078799432655,0,1,0.015285171175180249,100,0
1.699422685253165,1.432185130308919,1,1,-0.9834551508088603,8.044763880430256,0
1.1134726020264398,2.218721351493539,1,0,0.425795958588509,59.59687001848553,1
-0.48262808501866705,0.09839125360219653,1,0,1.1357963302007885,31.224561992811683,1
1.4405802523703553,-0.9151456335991232,1,1,-0.43464047536176925,50.82000250950571,1
0.6706240322373608,0.6030644684681998,0,1,-1.6045196686977785,36.26737741294341,1
1.5104877833673747,0.9279616543876312,0,1,-0.7972458714349857,11.808547838021008,0
-0.10437641218960307,0.5715234475232698,1,0,-0.5733289045996557,94.67831554405956,1
-1.0968059874949014,-0.666364928661523,1,1,0.15052473252629728,18.11167403935725,0
-1.1510045428077322,-1.4175203029419177,0,0,-2.2270131313206587,96.39489194979792,0
0.17952659577783409,-1.1246302142710483,0,1,1.1248954409742309,8.616111568305291,1
-1.4180206442653398,-1.1776007496883687,1,0,-0.5056160109326308,100,0
0.5349185087510857,0.9208798996946884,1,1,1.608241949660816,17.850919933907935,1
-0.7530148085338378,-0.2793063640646595,0,0,0.33735375533730344,10.630472552650582,1
-1.1118879286524201,-0.18145874119781225,0,0,-1.1096923953676654,67.42905479813577,0
-0.47211263077268795,0.37757188003721665,0,0,-0.5356027166556523,74.05466161351382,1
-0.5231652976602277,-0.218805379409448,1,1,-1.1236088539845,14.916898020566192,1
1.3906521946949675,0.4940426754358107,0,1,-0.3312776388116284,33.220582614265076,0
0.24204744429940375,0.2162962801809039,1,1,-1.6900714144982414,11.697603559295102,0
1.5056765543260382,0.9533055925179788,0,1,0.9082894172185234,21.98364188979974,0
-0.794544596544557,-0.8889418904275277,1,1,1.1375427755752001,4.09722430151336,1
0.617820713077633,0.7179483265539812,1,0,0.6634308324116237,100,0
1.2031347606120675,1.281726062217956,0,0,1.5744930128091819,100,0
-1.8269180179711477,-0.6050010449355929,0,1,-2.0541255720760536,2.2771463326617174,0
1.005181404307447,0.08097645459624925,0,0,-0.8725886523437993,7.411136673985584,0
0.6673720979411629,0.401201967065022,0,1,0.10907824968764965,82.226008696726,1
1.2624026597030398,-0.3813196374236213,1,0,1.0679724468021363,19.08741047148503,1
-0.7624584971912709,1.3465371148419338,1,1,-0.6582289800341095,52.71502570464001,1
0.2525150464771931,-0.6439329776636769,0,1,-2.879182533678449,34.644971622897344,0
-0.8668448117519002,-1.0954879653379657,1,0,0.047149765365175594,38.320381326943135,0
-0.5831038481306495,-0.7079345840746845,1,1,0.2717635780638961,34.20891718996538,1
-1.768868766070908,-1.9015105761638418,0,1,0.052633632409060424,40.49379806930659,1
1.5666244946384658,0.44966277778407565,0,0,1.3398266351499828,70.31007182673493,1
0.23875542162314106,0.7915467359728083,1,1,0.009008896624387187,13.511690237542835,0
-1.5695527166352339,-0.7317872808066009,0,1,0.9496102002040863,22.897463885602708,1
-1.730315072682468,-1.5631220160503885,1,1,0.5643833610371635,91.81363179578726,1
-1.047413024129923,-0.3557516369651834,1,0,-0.2505872726199175,50.76003489962432,1
0.3827938670161384,0.7033050841122744,0,1,-1.3539134132885131,2.1192488834398695,0
0.8469554329169268,-0.009506956330767868,1,0,0.003423488554061079,28.12647500228895,0
-1.1325086271101357,0.08678790249312784,0,0,-1.6500223419702993,49.4123470148351,1
0.6580918516968255,-1.1525895323606048,0,0,0.7006520903430847,9.435978094060173,1
-0.650357408270101,-0.08875522962387508,1,0,0.991355456455836,2.273530673116928,0
-0.04099383681584236,-0.5635609644767909,0,1,1.07215455844976,22.007866898217834,1
-0.32703751172602996,0.33188099265171234,0,0,-0.49833961121908404,23.368639497162675,1
0.3031134739632311,1.3772642842224336,1,0,0.6684672707875742,25.338001364018954,0
1.3041540691060576,0.5790577789511424,0,1,0.9239014007225688,0.45117216934228294,0
0.2989690399781181,0.026164588951117895,0,0,-0.7690236934891161,97.16427069780686,1
-0.8132639311740406,0.06747532665661315,1,1,-0.7913330443833675,31.828656875700034,1
-0.9766434955732478,1.08562411915341,1,1,0.36852343630945045,22.684901022346313,1
-3.141650682439505,-2.072213157813275,1,1,0.01804422267647651,0.9038033851045506,0
0.6568076541303278,-0.7082677698217765,0,0,0.4507059926735537,28.94730040834062,1
-0.9950926350740059,-0.49339342496536537,0,0,-0.5613470320959115,80.23298507793413,0
-0.5197044833119783,-0.5920204521126247,1,1,0.6747918331497194,51.870427308815906,1
0.5545250497805384,-0.08626357353076247,0,0,-1.6867798244592134,15.240766464862684,0
-0.36515339045332285,-0.5907977760369962,1,1,-0.22695872017493277,1.116435573015008,1
1.8630855936833368,0.1074249878724457,0,1,2.0463889917246907,5.081337473291536,1
-1.417470303370878,-1.2787824781344974,0,0,-1.2546650922861924,63.58990537243308,1
-0.5931783115576755,0.06672986466162062,1,1,-0.22019426948561327,4.201091197057965,1
-0.6889985718008824,-1.3902476750837518,0,1,0.6528993512464546,34.19194120234007,1
-1.4775954258573907,-1.2845119164621812,1,0,-0.885409687412017,80.92595543659868,1
-0.21224818930844122,0.16055656271033347,1,0,-0.1565974510922412,88.66442422614173,1
-1.48308413199281,-1.9021165954386667,0,0,0.9434940975177843,34.25950629619464,0
-0.9303316250480211,-2.0964183116346136,1,0,1.6958099429789002,25.351974578181352,1
-0.36225988629742173,-0.6654732915512945,1,0,-1.3223844562913052,44.537804605143855,1
0.2191433905684455,0.5875957399393394,1,0,0.8572361998149461,44.15024569317702,1
-1.6447932614034009,-1.1037293569398479,0,1,-2.1022160712004108,0.6813524739836508,0
2.347433776227005,1.0971070872600497,0,0,0.9738547649261134,19.363585781612212,1
-1.6013777724951834,-1.8947633859812747,0,1,0.9709378654682892,20.01982748032966,1
-1.1635354057183396,-0.02254044501111241,1,1,-1.1200481191488088,51.891486306835404,0
-0.10051813150750948,-0.661468193533874,0,0,1.0926002326392892,96.60212217017624,0
1.5376642702018914,0.10748431432153938,0,1,0.8599383384712115,24.05474786833254,0
0.6134224499383789,0.548522801758638,1,1,0.26906901512539216,22.76459054516209,0
0.6399823683144931,1.53179895141195,1,0,-1.0225177770327054,45.00328864655925,0
0.011603191324039676,0.018172974559897442,1,1,-0.10184729085815251,3.2797327281091824,0
1.3134110577520388,0.9915941411587795,1,0,0.8432837855713534,72.97776622798565,0
0.11663057832393485,0.9218587839000024,0,0,0.9681907434455679,100,0
0.6982845927746705,-0.576503560917069,0,0,0.5811582043837309,36.18287014874828,1
-0.9522906290459359,-0.964219831761193,0,0,-2.0238204180511046,77.16612837905384,1
-0.6113413029436837,9.309125963009035e-4,1,0,-0.9972229745983296,13.878479374184785,1
-1.4617361466581562,-1.0301793427565706,1,0,-0.7117162086573906,84.97990465740897,1
2.1775488230830216,0.5271377989309344,1,1,-1.8058069412382198,11.683744224652141,0
-1.2305501689481215,-1.2507902357203298,0,0,1.1678833747198907,45.448439028016345,1
1.6790746511834433,0.600660715524394,0,0,1.4343545608226507,21.48826611809246,0
-1.1188852655319728,-1.6852927577402892,0,0,-1.7260555308862249,50.74291779062012,1
-0.27536372367663264,0.42023835546044963,0,1,0.545473459536746,12.209445892072536,1
0.7408950289303705,-0.5064706888680992,0,1,-0.3926378377269624,34.392770475408305,1
1.6801306554842,-0.6985416391083463,1,1,1.1670484944625377,4.917655141586076,0
-0.18505834339578056,-0.8291489472882572,0,1,-0.6626300705366914,47.29596048722262,0
0.7010965994548691,0.750727951634355,1,0,0.35324778869176365,93.91791483930004,1
-1.001648386604279,-2.193358347656243,0,0,-0.4866645310688328,36.96515483935228,1
1.6850819171561118,0.7523023889960854,0,0,-0.9451435854345878,51.690009810916386,1
0.5745348186861192,-0.22811162280294361,1,1,-1.5436440381746261,41.37685137525314,1
0.12357183011045475,-1.1167509895916192,1,1,-0.13384690406100588,24.232139041723983,0
1.1466439350112827,2.0204596429915354,1,1,1.520124956750893,14.920113589585988,0
0.3216241114591348,0.30125437933402677,1,1,0.47125853182947824,6.119823142083975,1
0.08898295908420983,-0.6823165247164249,0,0,-0.19157002925004857,21.300322198370342,1
-0.7010591776925282,-0.19340633962505577,0,0,-1.0630375767107552,54.113809500342406,0
0.1386861704625371,1.0635305827448345,1,1,0.0048976090747957345,44.475759117142,0
0.8121279520352849,-0.4330109826081231,1,0,0.41204826270755096,43.68614578351651,1
-1.2203677028265822,-0.9570680638853524,1,0,1.4213701014514402,59.7458827421883,1
-0.06876567715860805,-0.40122759787631723,1,1,0.1333758369627977,22.619022552418137,1
0.12100487766355754,-0.7211681557912808,1,1,-1.1680714728548787,3.68210294587859,0
-1.0558104931566004,0.8534623925668826,1,0,-2.3164294732456088,72.00048950189792,0
0.9170453955442308,1.1018195895632348,1,0,0.5775495858587986,31.648539419173698,1
-1.5342663783048809,-0.22912171351373845,1,1,-0.573146164664411,6.326776239179272,0
0.48633338270078613,1.02365054120615,0,0,-0.9726102047611584,15.007134043807882,1
0.6764978453987684,0.8718053076473437,0,0,-0.331014174053435,37.36429037112677,0
-0.05961533904548579,-0.47723223962596806,0,1,0.6848999076582136,4.995752999985936,0
-0.09299757309832261,-0.8229605760704116,1,0,0.5196548517685167,45.71992591925485,0
-0.010212983295774164,-0.61686498047422,0,0,1.0754737931094658,66.55664429836625,0
0.3119947323658258,0.5325489467818695,0,0,-0.35781691955500383,23.805768458622182,0
-1.247185530092983,-0.5229767690325244,1,0,-0.2918925836086517,17.619893243006043,1
-0.29859671912403896,-0.10779881293863006,1,0,-1.2556895626131952,27.56028721692571,0
0.5264886294533047,1.1592396537408665,0,0,0.589951854370991,76.94661832336745,1
-0.3949553826717402,-0.9403353053053036,0,0,0.7925580735992082,24.06247695525647,0
-0.7390596368097938,0.6853500190316224,1,1,-0.86009480182521,76.68464234792931,1
-0.11964859755289313,0.0676608479662415,1,1,0.27896843323851184,0.14317236196815475,0
1.135254214445974,0.18617138879250378,0,0,1.1711315949894838,29.72830734238287,1
1.697270150716299,0.5054532511175192,1,1,-0.3356735016219287,23.554214388116705,1
0.9905440157948355,-0.2507627465394685,1,1,-1.1772171469348887,28.802899116984598,1
-0.4342380547960182,-0.5967709698742245,0,0,-0.9344179399187299,100,0
-0.08966601604159606,-0.3810005421102789,0,0,0.3448158465999875,1.5127090538337096,0
-0.2745717622297257,-0.5410932718780851,1,1,1.2657158383673333,14.363606890882732,1
0.42628065293070677,-0.5414434506937579,1,1,1.2645192199839634,45.115933562103415,0
0.173658857407533,1.0183945925225752,1,1,-0.30446263307852145,23.661122147213167,1
-0.31066184085649595,-0.3912767874028811,0,1,0.3522311404210579,28.886030925240583,1
-0.01181093829890141,-0.31072685904953984,1,1,-0.5369950511999566,21.68662863555586,1
0.8244504298258362,0.7492803495956847,1,1,0.07148997376908899,19.997907889816208,0
0.38020272309360154,-0.1883165969093488,0,1,0.9301473649540537,0.33946091090181996,0
-0.5070465558320097,-0.6384174666082403,1,0,-0.6432385384658467,16.76501620194867,0
0.5795297168107528,1.0237214961261736,1,0,1.2301708285340376,41.86731807150366,1
-0.15613176761489703,0.7054159325375647,1,1,-2.486310311997772,4.3742172870372364,1
1.6617075562167236,1.2967824774822976,0,0,-0.7249711067263436,7.919127012505809,1
2.0867789519969455,0.9842758940696966,0,0,0.6260824050423659,1.4729329901827837,0
-1.2323078886597127,-0.5940388583645121,1,0,-0.631591768425621,29.076218154320408,1
-0.5441159227702905,-0.4704993237717822,1,0,1.0732319610250232,46.38193337468484,1
-1.0274272333299133,0.2658013500592814,0,1,-0.919625916187593,35.929114169844325,1
-0.30063032161264563,-0.4487699039562091,0,0,1.1112065614464997,46.41199482236103,0
0.2902681841355271,0.8968546789441854,0,0,1.9476092353967156,32.26661254748327,0
-0.45085128061535856,-1.645563172642964,1,1,0.8027421241517914,12.849444172471577,1
-1.0648011164369813,-0.3871797854599807,1,1,-1.0776539013307147,23.322861796771235,1
-0.014614819026185544,-0.8851616449307532,1,1,-0.17882082272626437,80.68033635167413,0
-1.1705775191144054,-0.2466020221195916,1,1,1.8496539543898947,10.796358648984368,1
0.050806932403721174,-0.13987208322954228,1,1,0.5146318534485658,82.93720433186762,1
0.38071747588345706,0.8065642427651215,0,0,0.6599676321146731,30.303830391321977,1
0.13616271270345176,-0.697537773338392,0,1,0.1395059383306575,18.511879875936863,0
0.11289771974874123,-0.6384550776056213,1,1,0.4024936099453287,4.653009186091754,1
-0.12355817152744183,0.22128156214008565,0,0,-1.5844996743399955,15.695325144369601,1
-1.3909384825877826,-1.4944472111804146,0,1,-1.3832474198873972,12.260840897008904,0
1.5225317117409083,1.1539741032315167,1,1,0.17713033263749434,7.166125094721416,1
-1.0096071755008296,-0.6986651647408777,0,0,0.9228311864630673,54.947968747614325,1
-0.6544184112649881,-1.0125205484364377,1,0,0.957703702572045,18.946789172700452,1
1.1092405552532894,2.1361040139256136,1,0,0.32007750535983603,3.469697455672817,0
1.1546260261406307,1.2209298857563895,1,1,0.18606816639251927,6.3375782735186474,1
0.47438386546703976,1.5288367415101842,0,1,-0.44844621541356905,29.62280887320356,1
0.14853014678276263,0.31667189669433127,1,1,-0.15863413268575463,69.14210664140602,0
0.35304960678859454,0.46429636330177865,1,1,-1.5969439504329843,29.450241094500402,0
0.2242236705848118,-1.2954204060124632,1,0,0.4339538770404547,29.915656603102477,1
-0.30987903391023824,0.11727830952713134,1,1,-1.0907443041741107,37.36628494281976,0
-0.315939892134732,1.6326297971819221,1,1,1.1250195700366972,6.82084222781756,0
1.914339012992694,1.6044224146771087,0,0,0.9076336216331992,20.676998214327384,1
1.167524976025555,0.02090854820780741,1,1,-1.9083023748268706,8.779489256414527,1
-0.5580306719428243,-0.9670074065741268,0,0,0.7958824718758168,6.842073363006359,1
-0.08784647824161901,0.3944128982586085,0,0,-0.7782575302738235,52.58123938359351,1
-0.2524679991624185,0.5821982831970757,0,1,-0.707620023849734,17.233188822496448,0
0.23953796847294237,0.3785257781214253,0,0,0.32538305204343543,31.20239342605969,1
0.2853301543575704,-1.0002315574379936,0,0,-0.7440181433649606,25.49169201252809,1
-0.6483909279395857,0.05387806536726397,1,1,-1.710412373781493,8.249561228985485,0
-0.8630577714058498,-0.8194046461785642,0,0,-0.10366429518212981,48.24260716630893,0
-0.41784297853117874,-0.886579059407701,1,1,1.8439536656791589,19.958426284965498,0
0.520597338609401,0.20873582452663267,0,1,-0.41729675259747434,61.56939121704636,0
-0.1570331710004755,0.7027025329638776,1,0,0.6857501660401175,27.748613852809637,1
-0.1316316913611033,-1.4885293002079703,0,1,-0.8275410559820667,33.1487461711339,0
0.9698099226572816,0.631751204679118,1,1,-0.5235597816669081,91.00186252951654,1
1.3676622881823883,0.5006897024755507,0,0,-0.7538213823210018,70.30184008653225,1
-1.0891549777713032,0.19298010773924978,0,0,-0.31917279396744563,5.565736010669522,0
-0.06302646801526839,-1.0898174028964636,1,1,0.4502127372386303,35.834761420106545,1
0.5246806088896606,0.39838194288487205,0,1,-1.5492924200758729,0.9918749982391911,0
-0.4554423020409195,0.7790080324398669,1,0,-1.1974418152989252,14.219330197684602,1
-1.7192171665792084,-0.42625762601421124,1,0,-0.12948083331901822,79.26099655080228,1
0.24613893773454856,1.5032951336783296,1,1,0.7826561699419814,9.600134358539634,1
1.7305301433412006,1.983968225164009,1,0,-0.15380072266402706,52.04016580521475,1
1.066499163188415,1.8525342078298803,0,0,-1.1604353829435043,15.718326744582876,1
2.4357939311212435,1.7717412061138478,0,1,-1.3833288412040146,24.952134274000205,1
-0.3661688660732876,-0.9757919468118007,1,0,0.7395219392699895,64.97938150507258,1
0.13202825190998488,-0.6860363612430489,1,0,-0.6095952540830117,18.084624339259996,1
0.09380504402681927,-0.3123442589580063,1,1,0.2856135763390186,29.41705475049971,1
0.7374909275165188,0.8767847033958824,1,1,-0.10368501610449148,3.867178228660338,0
0.28204997015115674,1.0256103768741909,0,1,1.4085154383740632,7.668309738954238,0
0.1264629763828693,-1.8909434631114863,1,0,-0.07053346050262219,43.410705078807105,0
0.2791959570827491,0.7989863774372863,0,0,-0.9721210614855023,16.79092462430093,1
-1.4213448825529127,-0.7777271417615388,1,1,1.5556128417151218,50.577361744811306,0
1.255489413815165,0.5847248943462914,1,1,0.32861914400516695,21.09889690026405,1
0.10291604152051045,1.2047233700452393,1,1,-0.1257157650654256,58.908157880817214,0
-1.007737544392328,0.6623804602334179,0,0,2.1531928392207234,3.580224451604989,0
0.5454068799638904,1.4544611104551604,0,0,-0.4932774951806829,68.82205543127122,1
-0.15716064464523077,0.04029345370074783,1,1,1.0782079799858957,59.05030188796858,0
0.29235468707335927,0.4883432506348534,1,0,1.1606993018146932,46.69988849107461,1
-0.6878869720998062,0.3929073820771949,1,0,-0.4116037187948821,55.64447049208816,0
-0.34145089950007845,0.9372791073963209,0,1,-2.229892537346466,26.765835648543845,1
0.7163385201051503,-0.06644235717033686,1,0,0.23845761996346498,4.22295145874915,1
-0.351051091539698,-0.9809723141361704,1,1,-1.2829279174122674,22.904990812910793,0
2.0610544732942193,1.4088663902286456,1,0,-0.2099283078784477,34.88942463647898,0
1.3348184525246618,0.22026064084485047,1,1,-0.9248498587175019,14.616262364007627,0
-0.3451209492484655,-1.4028078592199336,1,0,-0.7682579443939987,47.48300666215741,1
0.6226857518280965,-0.845772993665356,0,0,-0.25387210918405134,23.272734640779166,1
0.6527218799563254,1.2244632640995556,0,0,0.42749450485530655,28.077321627304542,0
0.5496432204971392,0.468929537297943,1,1,0.29361163770798593,21.277558547435337,1
-1.8737688848816472,0.14681896269809225,0,0,-1.1206776550713005,41.09969468984432,1
-0.10058006258877576,-1.9816261471962782,1,1,-0.029017388075842948,11.47474191716484,0
-0.7891168211231658,-1.3736617246135792,1,0,0.6055895620029604,8.751948370442625,0
0.47452931892730904,-0.7576708835675774,1,1,0.496683175008618,38.508894200867374,1
-0.121660467194021,0.8025861931231236,0,1,-0.4233355730802767,17.878591029926323,1
0.25422625057064724,-0.06391611243014325,1,0,-1.0549171142988598,28.35814609109844,1
-1.9601842025278002,-0.4343323445951861,0,1,1.4457201997412719,79.32302213228297,0
0.28437688207888,-0.3494009837529914,0,1,-0.02181222570613644,6.378470263701953,0
0.6153216956420825,-0.7360604627417626,0,0,-0.38612331508891407,16.047235112190222,1
-1.3772427543335901,-2.3728961689379657,1,1,2.600806476927357,17.06719426311473,1
-0.5841222609197684,-0.04831901601801836,1,1,-1.1894578504132303,13.606353384570191,1
-1.1567055795075856,0.8335028506924242,0,0,-0.5700346491214624,64.26755297640956,1
2.003075814808347,0.5401457957626948,0,0,-0.22559569779176375,19.21569780581728,1
0.45027889620195044,0.1955940632349242,0,0,0.731466063231668,100,0
0.31828292407405456,-0.09252633929788912,0,0,0.023016819283760908,15.890190339603313,0
-1.3677319678275388,-0.10589137971166085,0,0,1.5472673534661328,26.42564581261181,1
-1.2276372920152592,-1.2832140216083863,0,1,-0.21824837827665428,14.149041220797745,0
-0.42289965376415,-0.7935311083416067,1,1,1.1510662797386333,20.163581331606668,0
-0.06007825543691622,0.45403071805360146,0,0,0.002871227402356071,100,0
-2.288389018176591,0.03865269866515497,1,0,-0.2505315254025424,30.559819374975493,1
-0.39633478037675984,-0.22007532555021378,0,1,0.1087659585067294,51.99490367295234,0
-0.7710473954611804,-0.03185163485016146,0,1,-0.27801654726287767,7.130705979971332,1
0.018858548815358846,0.5171310190374576,1,1,0.8825966999816072,7.2037683068684935,0
1.3780384608749319,0.2734394015302177,1,0,0.35918083936976847,48.265132356555895,1
0.13844938568486326,0.4472115208186892,0,1,-0.5571947649213296,66.51704705195371,0
-2.399414024403834,-0.8050607305094819,1,0,0.940571561707212,78.78944632852574,1
1.5301979693536143,0.4911652366940709,0,0,0.10215548785613471,30.481247502410156,0
-0.6766203493591113,-0.5819056603957091,0,0,0.2909134400301507,11.27128634643405,1
-2.8549064372993485,-0.7225650807999285,1,1,-0.16014275500281905,23.63820378581994,1
2.00076349608853,1.7297425317167048,1,0,-1.607370863711251,27.568379046653448,1
1.1748257294493658,1.4552129068668513,1,0,1.4346265559400255,28.326772688858735,0
1.2985954696317112,0.35704603078540037,0,1,0.16746725227617407,27.69240623892219,0
0.7538962865274184,-0.19018072161497057,0,1,-0.6730596883757916,19.462453748850137,1
-0.5230962349509835,0.4365044873420734,1,1,1.3865770145864085,7.9187781354163205,0
-1.0918884272362133,0.18341942935745348,0,1,0.7624245962427166,19.0603388830769,1
2.1276375086481387,1.2979950471288664,0,0,-0.1139673368535513,23.559249760010996,1
0.4681249691226166,1.780722183319468,1,1,-1.8301374307184737,9.227407815349633,1
-0.14310246003130267,-0.7867705898435714,0,0,-1.0206198758763416,23.90382330961744,1
-0.7723190692946951,-1.2258840432318405,1,1,-0.12055007090704441,28.801408343047818,1
-0.3552677735896989,-1.0259462569002202,0,1,0.24534724843176722,1.9714106383440786,0
-1.9129774982183232,-2.1523798167232058,1,1,2.034787333380377,6.705860861686249,0
0.7175874489563393,-0.2416456523968354,0,0,0.10527202319263657,30.91233823403348,1
-0.26452554740718454,-0.44110837440687267,1,0,-0.0702433633647871,36.44884819886929,0
-0.19405591992999424,-0.28641940883568523,0,0,-0.9269035175573017,100,0
0.9829209308248632,1.0305281688039343,0,1,0.5284084823548254,7.94838547042581,1
-0.06148258488852819,0.5371214638868489,1,0,1.3860683236483735,35.678379669712086,1
0.6212212345496528,-0.7218217970207097,0,1,1.94704450007953,24.220728698363175,0
-0.8829759301703691,-0.7053736972578051,0,0,0.07533529292517749,24.967156361053966,1
0.17470807604299365,-0.28767742418798375,0,1,-0.9196071385707927,36.53549004007861,0
-0.352664069925634,-0.21832657938491223,0,1,0.9540353326176488,92.52766730683955,1
-0.6489211282258733,-1.1284356347399538,0,1,-0.04528531235558683,2.9294449137342267,1
-0.7026556252693866,-0.1625990743771993,1,1,0.4204555210231734,95.5323114873917,1
0.02650690636654087,0.027296838799062948,1,1,-0.7545560456312751,45.45467804448575,1
-2.120152196466432,-0.6674160401363552,1,0,0.24338688812488765,18.542487048784093,1
1.0713415925303582,-0.11290557967271786,1,1,-0.24863728268494978,22.209218074579567,1
1.8285955894094177,0.7098827725539549,0,1,-1.4550754284065206,43.88269235576627,1
-1.3986174110652227,-0.7453802353191968,1,1,1.045568544419039,8.182951826084706,0
-0.14850296687610115,0.4904402728697522,1,1,0.8964875439707922,23.455799883691387,1
-0.9515063449584378,-0.9299380426427541,1,1,-0.29108935784805495,9.431057554313428,0
1.3482250733806789,1.5799041424113343,0,0,0.5015156347805042,11.247579876132153,1
-0.9903110932758092,-0.6076317744848192,1,1,-0.9946255283549996,19.336220879776533,1
1.4149000579667066,0.5100957810855444,1,1,0.11365261205063676,40.49676832314838,0
1.1954716658603812,0.04117875748683952,0,0,0.39558846031511,36.02348296815247,0
-0.3251349075833205,0.46020054233672536,1,0,0.5967448441692027,25.51930184983322,1
0.6030714286454075,1.0551877414046886,1,1,2.0134758089159646,16.762100603987033,1
-1.8063967928566607,-0.5902492608025341,1,1,-1.282537765022943,1.4742034180444081,0
0.5028842649456409,-0.24950907059460148,1,1,0.17260243486608606,19.773860965284417,0
0.13121499599803604,0.6525846327312729,0,1,-0.9271448074888603,3.74528515802796,1
-1.3031975684083734,0.4483518911837193,1,1,0.8101071473900636,27.369849300268058,1
2.1763710070736186,1.2083814563607334,1,0,0.11513221088127251,7.973999481333377,0
-0.9660753431385201,-0.4066784369171407,0,0,-2.2069469401847295,77.62859514744777,1
0.5168778930151448,-0.7677265645489525,0,0,-0.7328662814824268,98.95423916216252,1
0.23173360409964772,0.10179649396598928,0,0,0.7909109118893237,26.438925497995253,1
0.019148908404257658,0.14109508493497844,1,1,0.552422295689419,52.94258693123101,1
0.8992739690006518,1.0082521739470818,0,0,0.3679967904984223,32.18187255138624,1
1.3503320233578997,1.3877483229020546,0,1,1.2542284317999106,4.1636132446585385,1
-0.4324857684008109,-1.4019211937178415,0,0,1.4429268832508155,100,0
0.27012683013231925,-0.7623125452079846,0,0,-0.5234457588112615,8.411632670097068,0
-0.8961012212232355,-1.2019924703023017,0,0,-0.22352678567485584,28.93485394622282,1
-0.2167610429203672,0.359495872066788,0,0,-2.100347448702929,32.523594294426005,1
-0.7931951355256148,0.4239660648912884,1,1,-0.2283390418565481,51.03896841479473,1
0.6019316256884837,-0.10554394568729902,0,0,0.53067960135257,20.15372080198781,1
0.37385940623443953,0.15387412859323774,0,0,0.2845381441603471,33.5957626108637,0
-0.6865387254019145,0.49608152680327927,1,0,-2.244610442025103,86.37184339953929,1
0.7038222155422248,-0.7563768638049122,1,0,0.15566654094839205,83.5233327834114,0
0.29214144693505456,-0.6518715101184894,1,1,-2.210281500884752,20.24270962669155,1
-2.626087497338818,-1.8445580940289712,1,1,-0.35165505893104515,56.445994847834655,1
0.9684210029809925,-0.6020436060582521,1,1,-0.41786602077864965,4.635704450635539,0
-0.3406281833845903,0.30733108882694704,0,0,1.7404550051921301,57.70954808905533,1
-0.9910555170414201,0.3040617016620042,0,0,-0.3127385848030403,12.762519399740214,1
1.5052949833079765,0.799706863664898,1,1,2.0912220628289835,32.329625190252,0
-1.7431515920102367,-0.1201166735031759,0,0,0.5371128367814739,55.76804650435522,1
3.0088167874241556,2.154796667980714,0,0,0.631011213926084,25.944954288019137,0
-1.3419670198437001,-0.6787211641827412,0,0,-0.23674666884730328,8.8532865483795309,0
-1.4758303640424968,0.24186911861500748,0,0,0.64417804169907,34.39030046219803,1
0.640844543505996,0.6933255083136334,0,0,1.1305910840562068,35.46621536184019,1
0.6190417314762963,0.1783968669732738,1,0,-1.7583082332512556,22.80769258097752,1
1.5816789291618776,-0.23526478423932107,1,0,1.2378594549714412,28.39402128801983,1
-0.3963582517826011,0.2923302137166381,1,0,-0.3385293728011393,10.244728981332534,1
0.1907211488461126,-0.3904369104931686,0,0,-0.9808925159041023,24.43338084231004,1
-0.36496320728516174,0.8289502802614588,1,0,-0.8846029687234233,28.51700382670771,1
0.0758472606183772,-0.7606352784573838,0,0,0.2943597883210272,23.652063577424574,0
-0.539961769289632,-0.15535229358009756,0,1,0.10655501897245687,22.183917043581996,1
-0.9057424738811157,0.16840682438276056,1,0,0.49027683174469894,53.37502332149808,0
-0.2784288180351518,0.2234685449891676,0,0,0.6406115829240294,15.689169757071577,1
-0.1466759131355007,1.8631201744631805,0,1,-1.8291499392208912,2.0489462502915416,1
0.33802349351459127,0.7793792904798746,0,1,-0.661274781433093,7.6994989068468,0
-1.359151259816101,0.0308312252060845,0,0,-0.8489521055705022,77.12165463582186,0
1.6250729356531197,0.28636248627260064,0,1,-0.018348302565252293,66.60626602035563,1
-0.8626540634365024,0.04204732910464071,1,0,1.2292163136768397,38.53949480062645,1
-1.1792444329412495,-1.4923137989374342,0,0,-1.423873396302911,53.365149770917284,1
-0.6474925687190876,-0.5122635276220413,0,0,1.8767715527745348,18.195982544365666,1
0.396536348119889,0.7297444388623326,0,0,-0.16307102694629125,15.5917732067547,0
0.6049089655822436,0.5132906210301251,0,0,-0.047153253506463086,53.11272484188736,0
1.0525255953076436,1.3127026040930878,0,0,-2.4106452651619628,7.554063174723224,0
-1.1699379642789334,-1.3134528395396412,1,0,-0.9836959742832282,10.620937044417579,1
0.07761835319709587,-0.7345438600836554,0,0,0.22733691991784583,8.542142830052782,0
-0.4083731070130067,-0.5580929370433566,1,1,0.14718459570733758,26.372798799557955,1
0.07898311589725829,-0.5005427289884954,1,0,0.06139758606566465,25.305053315238982,1
0.37997926430765133,-0.12678145168460223,0,1,-0.2098447878607192,5.447524058228582,0
-0.7391679695375717,-1.8257237662271557,0,1,0.47612222807161303,21.25928228186087,1
0.5615800050653372,1.3048409546274145,1,0,0.7522440978306395,10.705987932337282,1
-0.661878685014877,0.4046040670529616,1,1,0.7748873176098898,43.4672799651955,1
0.8455800778785949,1.2103142910293092,1,0,0.8875595797158359,40.62681654241762,0
1.918835275449685,0.7549622226605968,0,0,0.7532314656264208,59.144076625211824,1
0.3756205444829445,1.1908242678168866,1,0,1.040476676546103,16.93938116492848,1
-0.05513617988719373,-0.19672854795495665,0,1,-0.7743035284336386,34.38196201899983,1
0.7054829509021385,1.1934873976168534,1,1,0.5955119054599426,2.053912789677443,0
0.478065279094181,-1.1199954030686519,0,0,0.9741518140750138,54.322292728898475,0
-0.9300052891999802,-0.477386735323338,0,0,0.08688760301413263,83.55715238544569,1
-0.7645654564459956,-1.9703672094255342,0,1,0.9074656564277594,78.06707955607587,0
1.8971073027300098,1.6602527355036756,1,1,-1.296755062469637,58.02174688040605,1
0.7672280958319813,-0.25454691566519916,1,1,-0.3118614430150447,53.016796093864805,0
0.07991412197634287,0.894920413858634,0,1,0.1307007049530385,56.051366880673626,0
-0.12690764758225337,-0.006447627094200069,0,0,-0.4456132443911664,92.93520562268986,1
0.2524519897455768,0.6099992739729965,0,0,0.6311423401065666,63.68655725267364,0
-0.12649288926962288,0.5436006200798372,0,1,-0.5793107112982822,12.736114677563952,1
-1.2833849712264311,-1.3530131654678448,1,1,-1.6170822109139715,100,0
2.788118816676846,0.9823687814308005,1,1,-0.16814228890358338,5.85216812193732,0
-0.7706108736942603,0.2557280640473628,0,0,-0.8955665998179573,26.59377294579328,1
0.4512196666940665,-0.0687052329169929,0,1,0.18223743533664932,26.822447778255654,0
1.2248109446085342,0.42291837554670675,1,1,0.4801388469053555,79.02754455351777,0
-0.5247380682367324,-0.4751213821755579,0,0,-1.0427589782584519,25.142492170721248,1
-2.217533791283032,-3.1404053254042656,0,1,-0.6279265161181246,51.888095039521616,0
0.8650479016351826,0.8482081952101942,1,1,-0.10292259750532973,16.681013615889785,1
0.2850787607462046,-0.09798931362382182,1,0,0.7947519359241625,27.595038673023442,1
0.14529979325301778,-0.5643848119832356,1,0,-0.6054419560808993,95.27580637436915,1
0.3220213768472966,0.7319222471858676,0,1,0.48120225930703203,37.84441470631476,0
-0.014818193955424925,-0.649042170825236,1,1,-0.15677272693956748,13.083883171931287,0
1.4367144294480967,0.4834371695477211,1,1,-0.8793732042427875,30.900032125617336,0
0.20977245161957178,0.5484393857405498,0,0,-1.3397185790067954,100,0
0.9124090684321632,1.0698757778220103,1,0,0.556668973535699,31.980809589923133,1
0.04911200414381202,-0.08355721433102892,1,0,-0.6029538726182472,9.852110835087625,1
-0.12457005964837539,-0.9481828825590857,1,1,-0.8239171926849992,23.126410539841437,1
0.6721642316445257,1.0210925868110234,1,1,-1.3707809306498786,8.326211691610075,1
0.7367296885343115,0.3358894101663332,0,0,1.5312492600752123,26.38670070041844,1
0.2759428271845002,-0.29021822793312246,0,1,2.1110862456558523,15.388173179606225,1
0.9232014713404656,-0.8420522516481581,1,1,0.09818206782955673,7.126104988598258,0
-0.5055179936077677,-1.2862652558410104,1,0,-1.251220667806196,95.36615376130723,1
1.093529155417802,-0.3554740505353311,0,0,-0.5031625080112169,16.83408862406189,0
-0.09166986660089255,0.36548310772333525,1,1,0.6185221936442238,22.70395589383907,0
-1.0846121262042245,-0.11803389617523308,1,0,0.6880650224602547,18.76963579464465,1
-0.21867250603696406,0.47283158328770736,1,1,2.0741955694778262,71.73035495560724,0
0.5491758595059063,-0.5985964775554837,1,0,1.4265522754043212,25.971682867149642,1
-0.6285335807589355,-0.35497721690351686,0,0,0.37683547377719484,52.01311751127522,1
0.4434627727637919,-0.7246507096345609,0,1,-0.11593174681746751,83.08901109662439,1
-0.01497013436491594,-1.1279189997895855,1,0,-0.5058526663940799,34.95721904982048,1
0.5489222316051545,-0.6687390294842367,1,1,-1.02145414745588,28.66515568384086,1
-1.0993760233809893,-2.6490718279958316,1,1,-0.3107939800981804,64.63215636711006,0
-0.20997967758929545,0.5953786530489608,1,0,-1.2883878599319876,36.968127789502816,1
0.2510151675030866,-0.6103506848980031,1,0,-0.877188395056757,31.883495486380305,1
-0.35525844846584537,-0.04375006986527144,0,1,1.3681984613391656,23.523678618227716,1
-0.6164740895763652,-1.6348714272841864,1,1,-0.5834536890702131,97.53876543128838,0
0.026194810161843073,-0.485580044481385,0,1,-0.24314900967265252,1.246855082103319,0
0.2985171332110392,0.2095291006300805,1,0,-0.35826924310743125,10.037384639469613,1
-0.31954456901412964,-0.8288154401227499,1,1,0.7357979164360964,38.956912960607845,1
1.7559787313269193,0.6307748284739239,0,0,0.11144714992321508,27.695242621741894,1
-0.8070715028966636,-1.4052742148042783,1,0,-0.560536153979702,100,0
-1.1856522546462553,-0.9251561324810509,0,1,0.9606867739455338,43.65693450916621,1
-0.6470413931524602,0.0025897156533903898,0,1,1.1071183955498138,34.12757061177434,1
-0.39244285060005363,0.7115171144282928,0,0,0.526400029373363,27.350071227025236,1
-0.01225938710922312,0.3342678193801307,1,1,0.5866057601284852,7.730186661747606,0
0.6195418672451627,1.778775853495392,1,0,-0.7162755387721146,17.840343965008692,0
-1.7578304063756003,-1.8447562922488423,1,1,-0.20773235646707147,2.660919324706964,0
-0.3179943417467863,-0.5822720709647078,0,1,-0.9396777505708193,14.601953299545798,1
0.6669911627894808,0.0813808083935077,1,0,-0.5329009202122443,61.53341559884066,1
0.12808251778576787,0.46808205864868857,0,1,-0.16263571454812675,13.758906917490439,1
-1.144624050528777,-0.6747953787241759,1,1,-1.0053580923092678,13.262742663351158,0
-0.6402704101400427,-0.05825191017301168,0,0,-1.057238310947285,100,0
-0.2737658688942927,-1.398973985237962,0,1,0.3281849277263177,42.69633321215478,0
-0.39719908819219485,-0.8704051440898646,1,1,-0.6874555273798378,10.73443451822106,0
-0.36991435483472057,-0.00734000066326132,1,1,-0.7178170678650933,50.55284743595618,1
-1.0451614780600302,-0.5635723926486657,0,0,-0.023076464872294134,15.597760658506385,1
-0.3688802953991146,0.1431500468869883,0,1,1.572591289728523,13.980244071784819,0
-0.29604326984335655,-0.9947483319920682,0,0,1.4408648110169233,32.28788851345349,1
-0.6227523326905625,-0.02896696900461576,0,0,0.11545312740340999,1.9717049229061114,0
-0.8552290271301682,-0.522903185021176,0,0,-0.9842385557284309,42.49137870386703,1
-0.6112178212148881,0.44464223828586763,0,1,0.2775935782090333,58.52644878707717,1
-1.5536271789252627,-2.402533155996475,1,1,-1.3733369925457903,39.39287777330999,1
0.4356554786169356,-0.23261049431734035,0,0,-1.1132528786556384,60.65786655150105,0
0.5532424084815941,0.7116768686636558,0,0,0.6750905089130369,58.772626462921735,1
-2.0004308021371435,0.3548864132089051,0,0,1.9134563086255687,13.398943516267776,1
1.3994245714239821,1.4537045339874475,1,0,-1.284255338832357,11.23912927728749,0
-1.5621117266659477,-0.8177243452935529,1,0,-0.08007058138675764,100,0
-0.20926274258481928,0.43368454450580884,0,0,-0.48725690854284187,72.08558874952394,1
1.7186338478900287,1.183496095611183,1,0,-0.3193215322113143,32.32712181654589,1
-0.15498096694428412,0.3274041409517435,1,1,0.17645528951662223,20.839533315162846,1
-0.6793304250371524,0.19395775551982786,1,0,2.565337129473466,76.93745481621542,0
0.0905059782425066,-0.9515123327327004,1,1,0.43137634793261065,55.930527551345016,1
-0.5763785808652997,-0.27601008571793384,1,1,-0.4298767243115207,19.074656583415113,1
0.07901649280572119,0.7501860175595317,0,1,-1.2885520774971164,18.515630023930303,1
-1.1040096136041784,-0.8046201297114179,0,1,0.4517442614992432,4.362241164823202,0
0.24414860422503812,0.9905284870132904,1,1,-0.33591517409870275,11.199118254521869,1
0.20485282513931585,-0.38466955210364506,1,0,-0.6778722135194337,29.29331933991825,1
1.626829690561393,0.13226630349711144,0,1,0.3127015628676647,18.768420571273264,0
0.8876124222541372,-0.6374564468809267,0,0,0.7194360720928268,70.96555803642818,1
0.9829075132305181,0.29945709471776444,1,0,-2.1865354753016217,100,0
0.13356900945110317,1.2751160180895398,0,1,1.1851980025169404,28.99533295121887,0
0.4511693592907985,0.40971436148522006,1,1,-1.2811365009199536,19.287621193547313,1
0.5225297761891093,1.283726669604292,1,1,-0.12661079303021355,22.33757286469499,1
-0.16366997039508568,-1.0311455942000631,0,0,-0.07834613499442263,30.482635695706083,1
1.0678884658211645,0.3162503996629887,0,0,0.09857765434794918,24.456590510058813,1
-0.35630743303924434,0.015674249912564525,1,0,2.051311384381432,11.592824944686075,0
0.6342062144703179,1.5369574693036159,1,1,0.16105270581107725,15.772771898570186,0
-0.7066716110291431,-1.3082196549634717,0,1,-0.6393788852166825,40.90323100193739,1
0.9396162792327228,-0.17900000625899098,1,1,-0.4593144146175565,5.032278116268811,1
0.40728098101804233,-0.9060648781117167,0,0,-0.5744943299283076,69.25803128196779,1
0.020422301241921858,-1.033974544312201,1,1,0.8462347275642428,17.591353258124403,1
0.10264121247485415,0.17738714126718574,1,1,0.5464967685910939,11.64479283853156,1
-0.28713122727229334,-1.590563405597259,0,0,-0.9010956785471183,28.89382035533579,0
-0.26670780988380094,0.4749710642922603,1,0,-1.3933384537869842,19.893920099149828,1
1.0953112103229272,0.48748190898339866,0,0,-2.2527603483808853,59.8354938612046,1
-0.24955142335703717,-0.2617387152985951,1,0,0.5979455661713585,65.7418080399773,1
0.928271107984815,-0.8695426273448328,1,1,0.143449273844919,2.3801447532066518,0
-2.0669981524540084,-1.419932642150374,1,1,-0.221021103589913,100,0
-0.888758141431387,-0.048702776992665564,1,1,-0.9857477533782338,27.231850135280975,1
-0.08798901502664246,0.3602422047623822,1,1,0.3335130039479328,43.28122330719742,1
0.8612495097509395,-0.8166323277929475,1,0,2.365707066686755,39.05992426214634,1
1.5091759811761796,1.0196572540122995,1,1,0.5477071156581649,6.903482409976219,0
-1.3620285587709726,-0.29480933650211444,1,0,0.7205879276387707,28.546340518144405,0
0.11942453255766387,-0.06625032074553444,1,0,2.0246462787884334,31.162533809947583,0
-0.20744163889995584,-0.4182623703074121,0,1,-0.6762269537219441,53.66862698129824,1
0.20056631595769167,-0.3583920171060803,1,1,0.06938460989929862,14.660065770767073,0
1.1860967038981247,1.599720891358347,0,1,-0.7075359234411714,2.121288701925979,0
-0.6855622283548783,-0.5193895270524866,0,0,-0.4889177781399131,24.744316562231212,1
0.6165616295490284,0.38146102584413455,1,1,-1.0212684234701273,20.701691507192827,1
-0.31250817935089514,-0.5485190407869405,0,0,-0.4889110779901361,8.59264713523991,1
0.1699690553098448,-0.8420127690174211,1,0,-0.06683566369167006,60.15118079910443,0
-1.0365762787360508,-0.9823209043633938,1,0,1.3766258375813163,90.18597437162023,1
0.14159210628499297,1.9322282776165804,1,0,-0.990695271151381,63.44529612484834,1
-0.2935422803386248,0.04749266668921995,1,1,0.19065884220624266,28.220811950645285,1
1.637918541236421,0.4532170826581785,1,1,-0.746371757853594,35.6502961832509,1
-0.477794687753809,-0.1382599106910323,1,1,1.4204608630575384,24.817921094880354,1
-1.7336030115278678,-0.44628455985320414,1,1,-1.059869558945714,31.865350611279414,1
-0.3340900257323015,-0.994079806176549,0,0,0.06959547886216666,10.274282052063038,0
-0.11229884866069674,-1.3285350314659035,0,0,0.8508888247234704,71.82632620998778,1
-2.4527567846042015,-1.635454684191624,1,1,0.3158194737375932,90.14846892726796,0
-0.7714766477153812,-0.17912837032518786,0,1,-0.9134622886829534,45.559547717110355,0
0.49258063753715314,0.5574446616042924,0,1,-1.0251417848847468,48.39601177286596,1
1.0084363512656787,0.7694629879571828,0,0,0.9507106678978119,3.831259641531817,1
-0.4350555335503515,0.8259047015434565,1,0,0.6772363856861525,24.933982837695265,0
0.506871013780917,0.5384071098045573,1,1,-1.0492004871421288,7.331151865448035,1
0.13343798281397828,0.7498211887029079,0,0,0.49478049507486027,32.54946469721348,1
-2.0219126497212483,-1.907051786561572,1,0,-0.6755993738721101,100,0
0.8091092519828172,0.13536147259115422,1,1,-1.8308740633890523,19.996173967837514,0
0.4706925871659145,-0.3221731596080005,0,0,0.3308040957625954,21.652967663664082,0
0.7961041381796904,0.1336200090485194,1,0,-1.3512263366584052,39.369749848075806,1
0.7567033734064851,1.214304923162476,0,1,-2.7524535948753144,21.564746626718467,0
0.4016695827312718,0.3563987092615316,1,0,0.03230705017117122,39.226099531516354,1
1.0294180904440746,0.14883378856045054,0,0,1.46616646851764,10.689579300159291,1
-1.8706726494880397,-1.6369459856820265,0,1,-0.7819251960007995,52.96894475000621,1
-0.8381609913606307,-0.7660721098222253,1,0,-0.4251170742459238,58.43144372087671,1
0.4565122891467711,-0.08036729357252287,0,0,-0.9480198048272599,2.6546519788488876,0
1.0262814718449458,0.9190301580925047,0,1,1.0999619520657866,45.24226469107934,1
-1.2058426994409108,-1.1410584931344503,0,0,1.000317376893104,7.330956692674656,1
0.24371711271242424,-1.0170003448093783,1,0,0.12670342358635295,15.498540642171406,0
0.8570694249242943,-0.3364349966843837,0,0,0.6372976736169279,88.71812558187332,0
0.9577708084889933,0.48764042577961864,1,1,1.0025092528755075,3.590353787875087,0
-1.0483667133924421,-1.400128336690034,0,1,-0.22921238103371921,41.13854185352047,1
0.32574482840003083,-0.660923059050981,0,1,0.6916901029020264,1.2600238339745065,0
-1.7404328049482696,-0.5607488736741243,0,1,-0.4165215311305939,3.0337033029908964,0
-1.813362499448212,-1.9325708195996008,0,0,-0.2846181664954951,74.82324163958877,1
-0.28427719958224107,0.17577375453809985,0,0,-0.6260404804374272,100,0
0.036753068963447884,-0.7793427660182746,0,1,1.3471914929632725,3.1682029933054263,0
-1.277155794787399,-0.5278911051589671,0,0,0.8580476709279315,100,0
0.5369707890441169,-0.7485997023822373,1,1,-0.8272517480183105,26.967333559607763,1
0.021936187848254102,-0.5532077467577251,1,1,1.6191866798687349,29.761910842243235,1
-0.499723579212857,-0.4430622345738038,0,0,-1.4811587982052539,5.2885203241634455,0
-0.022348007784556922,-0.927545447697868,1,0,0.2096022894550601,66.48526236807415,0
0.9116525777285999,-0.36300425523043905,0,0,0.7821754622208394,37.483322771254976,0
-0.3834737588946912,-1.1614546260451641,0,0,-1.3297634926073916,59.7225515820468,0
1.173053763509791,1.8466306696766992,0,1,-0.7087878127482171,8.589952152546065,0
-0.642889204090377,-0.1835569781193133,0,1,-1.2556038299351335,33.08782234937453,1
1.3689504701869832,-0.03122831785237412,0,0,-0.13744032840746923,12.07291321582258,0
-0.16669250318888842,0.6297062606605414,0,1,-1.9816879965563146,16.162217741169147,0
-1.0137283278647684,-0.745053218332695,0,1,-0.6030182203079112,3.6370094756179534,0
-1.3394569265059393,-0.9882892772702517,0,0,-0.8804459495896511,19.356405075503545,0
-0.028328667956785,0.6919057781962539,1,0,0.14812136165138484,31.290246247076972,0
-0.7654211986298269,-2.016379122052982,1,0,0.24767756203710112,88.1439148219235,1
0.44664818394764705,1.0424390873939986,0,0,1.3537949470986772,11.678179135470844,1
-1.9891933484050395,-0.3696675915324982,1,1,-0.5389640540876102,12.660666365302381,0
0.6421590308319535,0.16474680528731445,1,0,-1.4790943385161957,79.9526988899767,1
-1.0963756169927075,0.3124921859937212,1,1,-1.0413948933215496,39.011273759545844,1
-0.6233943333026881,-1.5980894940162926,1,1,-0.0947777560320838,45.23348327967102,1
1.3093812397338394,1.7421875580202162,1,1,1.2172772307607815,67.46660558017196,0
-0.03379005906271353,-0.9294508629454883,1,1,0.1316451199351352,43.34960046873893,0
-0.587249727239617,0.2010106217268906,0,1,1.0011434838157884,44.73905790448549,0
-0.3765599033731657,-0.46279688957662835,1,1,1.927256153798705,18.758074433160367,0
1.894631667983375,0.6905393662425057,0,0,-0.19122383419101574,5.221532626968865,0
-0.6276225880892166,-0.5802130476979316,1,1,-0.06419509004920945,50.171079278107364,1
0.07295203938677997,-0.36711663807148787,1,1,-0.1705206521134556,59.63773625720621,0
-0.6775591606844938,-0.04069851077579095,1,0,-1.3413129847703344,41.87408081711785,1
-1.1744398631501094,-1.3430622182446186,0,0,0.08212469162649078,74.01187903717178,1
0.27223834950989345,1.2152925869312292,1,0,-1.6424363620534561,28.410813654183354,1
-0.2287448430421967,-0.48484907515201586,1,1,-0.5425954456762788,0.11931389580607034,0
-0.13293008471235088,-0.4501933485481332,0,0,0.06857490820796448,7.217332188899495,1
0.45850076898453596,0.7410468671998341,0,1,-0.9849632013795159,22.58794837371558,0
-1.2365927000006613,-1.249446818624044,0,1,0.2628334462817873,1.3629845233184739,1
0.14423104944831291,1.1609947572282648,1,0,0.9983784935296924,43.48320441114606,1
-0.26691658681393293,-0.07238788242745359,1,1,-0.9222071275933853,30.106913230630393,1
1.5163860789908306,-0.02529319770516003,1,1,0.7855500778222888,27.15304133275972,1
0.6490308718501745,0.7070559887915238,0,1,1.866004467969736,3.946935432624127,0
-0.6634502339259316,0.007393537017577778,0,1,0.1734919823355906,67.23510738284727,1
0.1865334846153843,0.20765304938939716,1,1,2.4957600591581937,100,0
-1.3187712304695627,0.18541936222763733,0,1,-0.4974102225532737,26.15271002948101,1
-0.13686500464281517,0.013513134128647117,0,1,0.44033522420731647,17.06048272657766,1
-0.27665082701098564,-1.1026714622855007,1,0,1.4812834498541758,67.74071864612897,1
-1.972636621803573,-2.002480421543059,0,0,0.4596827110887648,100,0
0.33718267097528204,1.1952773767067102,1,1,0.27133779373334127,5.129542191595723,0
1.0318340240006603,0.9486008805139619,1,0,-0.07330016001761402,39.12292115279881,1
0.9924117796907498,-0.2594862940666774,1,1,0.6123456020272796,32.888784744836116,0
-0.14166080893608132,-1.18757022629512,1,1,-0.4262547842610583,46.05411484167623,1
-0.7699396128269431,0.7400119730749551,1,0,0.4665471402583085,43.894036544638425,1
-1.839089871551027,-1.3063138070731273,0,1,0.5517159763613598,17.726236728239687,0
0.09005451717226251,-0.19692267245128198,1,1,1.6112280741966345,12.002976236129326,0
1.1089374732126969,1.4135081991293341,1,0,-0.6651674136514906,11.650969231597596,1
-0.45240417420665924,0.14868271431378544,1,1,1.327591806167574,26.859188846256565,0
0.8146882010755756,0.4752379279841639,0,0,-0.011299889533114614,46.09951167484814,1
-0.20704429496945628,-0.35396523257109924,0,1,0.7273881014047819,90.86653102709664,1
-1.8935832610740344,-0.6115498476190759,0,0,-0.1995796354695992,98.43156615988299,0
-1.094979211041016,-1.124788136205479,1,1,0.9996070676279577,19.266123825923145,1
0.16740161101363685,1.1030179271521716,1,0,0.8222071287471232,77.53946815175077,1
-1.4330675939099002,-2.3298397819553425,0,0,0.9826270645515424,100,0
-3.1633340639798435,-2.4869205194750643,0,0,0.3539456109852268,100,0
1.4908916311720357,1.6530837788542696,0,0,0.1923606042946447,26.472089569470995,1
1.4884844285612255,1.0442086285599834,1,1,-0.9001064020151288,14.531287482205132,1
-0.3551555199679134,0.009012796661325817,0,0,1.2195548318558624,17.18103048409434,1
-1.0106707922123754,0.6502019289465517,0,1,0.5157026316494807,8.146209199323856,0
-1.0701262385705792,-0.026547910957882226,1,1,-0.23442281846137897,14.135358763781959,0
2.3127879299019,1.2561506886377358,0,0,1.950166045803234,9.121223694912866,0
-0.8839710014926199,-1.8667633708706854,1,0,-1.1328181638120431,22.325989008359315,0
-0.5528814151683618,0.873724282936144,0,1,-1.9289038869118695,13.044522274181302,1
0.08631565163144209,0.4000465952116904,1,1,-0.9941158281049579,41.697197672540234,0
-1.0044550131606829,-1.16038976916638,0,0,0.9551809119813881,31.66876726618728,1
0.6873620784350604,1.5124428909601249,0,1,0.9853825573442476,18.991360991614343,1
-0.4334665371984162,-0.3001430026529622,0,1,-0.19221969401173086,14.500547721434465,0
-0.05816030868137122,0.7157949850389106,0,1,-0.7256594347885743,9.829842932026358,0
1.3145663385356718,-0.004990118996494264,1,1,-0.48075720519872667,3.266632053899187,0
-0.04650164994383806,-0.20415332410378448,0,0,-0.9835377188751976,31.556270790516184,0
0.3003235758312793,-0.3858469896929928,0,1,1.064314546582767,6.520606303075894,0
0.5825175543833098,1.795053134431684,1,1,-0.3835417168605063,11.21300801324721,1
0.771603466528063,-0.10478986599542955,0,1,-1.6319883910694934,3.1989140548124286,0
1.0446892433467796,-0.09870298992887783,0,1,-1.0350316077440747,4.085937716558297,0
0.9325408824796566,0.4027145999839151,1,1,1.7634816357298424,62.76562897293716,1
0.5062221018226682,-0.20924917216889716,0,0,-0.05090278349712501,46.85499176803937,0
0.9189827575523521,0.3996971793849955,0,0,-0.9980881130671996,8.750624492176689,0
-2.077917304931893,-0.655945830303912,0,0,0.07127677273756376,54.89626531601832,1
1.1668600081299605,0.41836670620635386,1,1,1.4826887232488573,84.63212192023734,0
1.4536282782120487,0.07353923789828232,0,0,0.05622355169583947,6.011020209133118,0
-0.9259503962890009,-1.3532976496580362,0,1,0.43913199077056325,18.118983265365657,1
0.16401119661147723,-0.7135770855064144,1,1,-0.5043729097655811,66.53695683713758,0
-0.37627624102053076,-1.0389056285782114,1,0,0.6321647673981681,20.899362488779218,1
0.13852943301096737,-0.27016154202079323,1,1,-0.5635578262720482,16.594813506375374,1
0.41101116382431496,-0.8671350886761956,1,1,-0.8301606053356242,13.224316925029534,1
1.7533405698040239,0.7166398263370336,1,0,1.5344444069736904,60.295941963244324,1
1.0112563713965874,2.2771888958707667,0,0,-0.11812314164259984,29.87580567853535,1
-0.8959927714459711,-0.07757243867142377,1,1,-0.32816249581251505,37.189913044437766,1
1.4289484489470925,0.5589957995256604,1,0,0.13338138188775137,39.38616757310953,1
-2.2114690208589467,-0.931111270353584,1,1,1.9495689514327692,28.64421929130383,1
0.43312081626869897,1.0080985459691347,1,1,0.5614989371310644,10.209614284569783,1
-1.3963585675674768,-1.747096052736673,0,0,1.001073607533991,32.63131779226453,1
-0.10746441748203202,0.20402768706723998,0,1,-1.1053382878071065,24.860272168812365,1
0.11822469876554291,0.06460798522350301,0,1,1.631933047732749,5.622091645341431,0
-1.0199883923168436,0.6350688962534508,0,1,-1.0957719730342041,11.467667823679962,1
-0.46639060149682915,0.784251179866556,0,0,-0.43580455382327377,60.34415282985459,1
-1.4981327992484272,-0.7819907263588692,1,1,0.2556232492433921,1.4028249547854992,0
1.577149871968901,0.7374429513396137,0,0,0.4343639704529678,15.161975953595281,0
0.6633973913741877,0.10942116074350422,0,0,-0.0894546606899906,30.22232283846904,1
0.5827345818713149,1.8866796241747703,1,1,1.204909121384683,13.159306522760662,0
-0.24809856855408643,-3.482201301238941e-4,0,1,-0.2631605753735482,5.085509566746844,0
-1.9857972595471214,-0.28222996301875103,0,1,-0.5179159595551095,4.607896415978388,0
-0.6562160738485937,-1.3394486957525849,1,0,0.8888101124934661,91.81436883305712,0
0.6378936112320994,0.5672072479484602,1,0,-0.35862560436452384,11.754153644498652,1
0.5538188725946761,0.35147779548194125,1,1,-0.43020454705225564,9.828921973493237,1
0.07725717402730829,0.04204499075721246,1,0,-1.2516570159178533,76.34326164679912,0
-0.762675200115428,0.13652822750589932,1,1,0.4763728275979602,27.177330335871957,1
-1.9073244660623014,-0.4991145188460267,1,1,0.5497728211863075,5.522583671797821,1
1.9728529430976225,-0.3864481324971122,0,1,-0.9083521112520346,15.030901400464833,1
0.7083045350483872,0.8395540782190392,0,0,0.06470772436738896,93.00827757107851,1
0.43972296629894053,0.23209519383836022,0,1,-1.0473118024815165,49.10142496059724,0
1.1076649552081859,0.32073867616521656,0,0,-0.6411032594623131,11.065012079322356,0
-0.17533227504222412,0.8634780595761524,0,0,-0.4587074890798141,73.6900251755418,1
-0.685735393809067,-0.7146946859267291,0,0,-0.6982575701763699,100,0
0.6513236852744131,-0.5164855713647004,0,0,1.3969944219416852,58.57056952447631,0
-2.2008824308634103,-0.8341405639238875,1,0,-1.9502101017351061,18.53175930927091,1
-1.042622175964521,0.43386250264478243,1,1,2.3867978786286512,100,0
0.48365664924894763,-0.004049802900693844,1,1,-2.3620701263427817,10.90361593307981,0
0.330577090792456,-0.476052170751944,1,1,-1.5754460620719208,33.5249722141569,0
-1.3227960081246222,0.11202255323758559,0,0,0.3003554925556838,5.429445671824454,1
-0.2801907748262112,-0.4290611474912208,1,1,0.49241246240777736,63.68710322850073,1
-0.17221882246995474,-0.19104041719982862,1,0,-1.460177678194431,24.68332768915541,0
-0.4371620014127945,-0.703318917623907,0,0,0.5647076660984539,19.547846931082848,1
-0.10707200054915464,1.629590801657258,1,1,-0.19583936763017065,25.333873868828654,1
-0.01832143107495436,-1.712651998800176,0,0,-0.5855121912486387,0.18625579348628227,0
1.1679394311401168,0.2785696192562362,0,1,0.569999607418141,1.4935405890037707,0
-1.3380899714799337,-0.2477414884749759,1,1,0.21777035944073408,1.951012568657995,0
-0.8276014167135577,1.1539301574840617,0,1,-0.2648010739865197,2.7458617855970213,1
1.4025263512154875,0.5785487651270318,1,1,-0.8676099499551468,5.343426101806068,1
-0.379639659917494,-1.25663127813065,1,1,1.7062925467057768,0.7607911312546857,0
0.2681898139669797,-0.07693868056269904,1,0,-0.16598077965611774,5.732128846639777,1
-1.335991583180765,-0.9269443047852508,0,0,-0.18375258177835796,11.962864274961627,1
-0.5832296562086917,-0.7932876377335787,0,1,-0.36111419780472465,42.99401481927383,0
-0.5507661871550084,-0.5448672454449748,1,1,-0.28029132043034727,43.04544438439746,1
0.7715981502029389,0.583211960381007,0,0,-1.3830718948036715,8.883874781361651,1
-0.22354045278996418,-0.843177194327973,1,0,-1.3393299583940097,27.09161424705535,1
-1.0777458200976875,-2.7734470868348136,0,1,-0.14630828376376392,7.313688192422754,0
0.645573687638337,0.10596957448579747,0,0,-0.1909201210712417,8.792563654148312,1
-0.7639712849642332,-0.4049032751110746,1,1,1.4917817799144164,25.078226469995307,1
-0.8007002126663905,0.12019397035582913,1,0,0.041269359722335995,12.48100920597324,1
0.03701248396370628,0.9067725983649046,1,1,-0.8833566417006206,4.862821689764152,0
-1.031943844999802,-1.4018740486790096,1,0,1.155624114387499,79.37448393995213,0
-0.4769762047532421,0.08312811911266643,1,1,-0.5271994464325351,11.469807648356202,0
-2.6818865727748533,-2.2126127959137656,1,0,1.442017937835549,16.985089256032907,1
0.33096317717346685,-0.1437797637584796,1,1,0.4266064844002829,17.352875775752562,0
1.4614616045347641,-0.045274864392962466,0,0,-0.4763354068431577,5.467802929014825,1
0.20653442368925765,0.38172229407206243,0,0,1.1772908279282026,43.194048588080584,1
1.4313170097504881,0.49362989546098146,1,1,-0.23009951809329823,12.319350105303082,1
1.7519507817738502,-0.7324517865025463,0,1,2.7295575044960585,12.416738758149583,1
1.1800173920772403,2.2292184061226092,0,0,-0.7735802887273946,96.37623325596832,1
-0.5049022764415158,-1.2380748456650112,1,0,1.113809236053103,46.87995973349808,1
1.3718020979434817,0.3387179195394802,0,0,-2.974768197922304,23.183668096544505,0
-0.05044255347700851,-2.0226156348692115,1,1,0.8763335504414604,61.510206756885665,0
-0.10474333662056612,-0.8133960060027385,1,0,0.3456918212975476,61.40724659647889,1
0.7000310011492079,0.8705602012929956,1,1,-0.19387980653226536,38.42018805328529,0
-0.23703842194329924,0.11688773448852234,1,1,-0.3916146306388295,8.724370846821893,1
-0.8945266034378314,-0.3012607425699799,1,1,2.6578019525754373,21.87532909744765,1
-0.9895719013348863,-1.6992121467504058,0,0,-2.0431445745852486,15.6756722639866,1
-0.3724718792535576,0.09921523748956723,0,0,1.933738164038975,28.72858828136919,1
-0.8222823186795191,-1.1922438770291026,0,1,0.08272821950813611,27.5687253444423,1
-0.5993320826624358,-1.1983732246438041,0,0,-0.6961556704207619,56.368637424853056,1
0.6489575149592347,0.7569036188454237,1,1,-0.8243717875339512,13.987217165268104,0
-1.8999669864020432,0.06033770277602857,0,1,-1.8236460520154507,21.44237697327546,0
0.593747243795373,-0.23295870149496511,0,0,-0.06481229392968729,17.5594778623419,0
1.2505956126332525,-0.4455246303041137,1,1,-1.4201549339390522,21.671502197470673,1
-0.5989625960300721,0.16714905220135318,1,1,0.0891094012674541,100,0
1.0929792746848086,0.3968887579188719,1,1,2.1398948283930523,6.444575252618444,0
1.3263075515180967,0.08721297982435183,0,0,-0.25842007765731995,16.265019873765223,1
-0.5556897693410037,-0.14285253980806634,1,0,-1.6971623296186489,100,0
-1.1959020274579704,0.1332648529773286,0,1,-1.92551882444542,35.29741227835345,1
0.012586364958245224,-0.12938286484160147,1,1,0.5206192397429109,66.88321039815378,1
0.17723985947567286,-1.426063929177963,1,1,2.289667306061638,43.58962347082239,1
-1.2288859959579044,-1.0708503813003905,1,1,1.2328430332759037,5.318524777470043,1
-0.3427212707700459,-0.8855370559084799,0,1,-1.3040445981132534,17.49663208300488,1
0.7791045100046134,0.7105912542722044,1,0,-0.20746345274819727,7.037569686953882,1
0.22306578621896328,1.6616172509433327,1,0,-0.03719115081628147,8.640521931934817,0
0.2062710134127826,0.7158516295139392,1,0,-0.5661303113450689,24.295803603107903,0
-1.1191434671833873,-0.8864119719756212,0,0,-1.052293879925297,75.67242071036371,1
-1.013402897649505,0.29741939701977704,0,1,0.03132611447074809,19.726540019249928,0
0.9223213202986579,0.15480672411095797,1,1,1.3850950413651886,64.0903098282519,0
-1.7189782535560867,-0.37518141400099037,1,1,2.3869254861321347,44.13927615989832,1
0.19193164731187876,0.26626436379538104,1,0,-0.42152882468365793,68.94536379656196,0
-1.1658273337458234,-0.5220672204664393,1,1,0.1906959854657777,17.984488996452797,0
0.13087281634396247,0.7467714885384686,1,1,-0.10495498764928815,44.7207475266758,1
-1.8703865687098389,-0.733946802001034,1,0,-2.0420929862635826,48.30732509913103,0
-1.2535423087473894,-1.2318188142847113,0,1,-0.6353147466435212,16.855368244581474,1
-0.41794722060194833,1.0458253191833524,1,1,0.28135969152173324,6.055472463688376,1
0.5948583161594049,0.9892586658129161,1,1,-0.24419743253693696,7.179148715332726,0
-1.5563981274745013,-0.39921047859229597,1,1,-0.8367787319559523,1.205058616814253,0
1.4147537553347709,0.7289237996265722,1,0,-1.7949114456967958,13.92104438176959,1
0.9453339228085936,0.17135521154742,1,0,0.28110175575174173,26.794164389873195,1
1.5535167950673014,0.4720042636068137,1,1,-0.2429660254650975,6.253136739707728,1
1.056569169611727,2.0375222408253935,1,1,-1.1942383369396656,12.896828406955755,0
-0.28415772048824606,1.2488404973487788,1,0,1.2769761575772713,24.33868418128992,1
-1.2096473635199725,0.5107440267514364,1,0,-0.07956994201101174,31.883237735967736,1
-0.35875716276958297,-1.0259579802115015,1,1,-0.9936031063302285,40.63470960716977,1
0.05770700497675234,0.047445745469931376,1,0,0.6536478656943071,4.855437413161258,0
0.6420780822212385,0.9091941708582463,0,0,0.2584816274712308,30.93928309282087,0
0.5905026789488902,1.3904957984220638,1,0,0.8686243553359808,37.42511406783834,1
-0.0395660766325168,0.45636913712903715,0,1,0.6345703012959577,31.02021489246965,0
-1.5630117267601336,-1.362712528981648,0,0,-0.7383675429515071,100,0
0.14853840499383889,1.0037901855338267,0,1,-1.263005795305646,49.4057634754123,1
-1.3399569012337826,-1.4188741702968573,1,1,-0.048658057115129986,25.11515556406758,1
0.4109499817117266,0.8528525938617562,1,1,-1.9993270833943437,5.700290447838977,1
1.4353305356895492,1.2672523510098366,1,1,-1.0697903656467713,30.23850329052699,0
-0.8149125493668957,-0.48135173651857804,0,0,2.706472783941962,13.854581967033512,1
-0.03139397389408939,0.7893174250281689,0,1,-1.4239620053378894,50.53413140921494,1
-0.28700706508340706,-0.6064769920474139,1,0,1.9647330060248587,20.03656785697193,0
-0.14202008037317104,0.036392839309474276,0,0,0.15149257399793953,31.78339909375789,0
-1.326418889254993,-1.2378238241382866,1,1,-0.7132000102807304,15.355578721595233,1
-0.3559031799641123,-0.8362268792807285,1,1,1.1705897154098102,38.76835586352213,0
0.28311484143446336,-0.12160045456268007,0,0,0.17533798453524418,25.621843278143125,1
1.3419024541056639,1.6529645464637128,1,1,-0.7847264447592389,5.51345809189569,0
-0.12727201074327604,0.5060743347192281,1,0,1.4858429273109404,45.16965232197437,0
-1.6734886683522185,-0.7396124197198064,0,1,1.201841752587517,11.13497654012737,0
-0.0793697017481656,-1.006444388705748,1,1,-0.3575862250489044,19.59140519898153,1
1.791835764801484,0.20367548439634953,1,0,-0.1613689131581355,11.22220783385672,1
-1.5922919947389873,-1.1346777649787556,1,0,-0.48686185279933836,75.89127235513234,0
0.6700000352639752,0.5683383994034847,1,0,0.2629287253528996,4.222400243038955,1
0.5857196600513711,-0.7779798043619315,0,1,-1.5963210736186229,42.639942627031985,0
-0.5611188325927826,-1.1116491300421647,1,1,0.5852966562581841,23.186171552677717,1
0.5308905443049651,-0.8850713867131632,1,1,-0.5010438185952824,74.19013827568014,1
1.3005730900386758,-0.22929695915570825,1,1,2.0418611150704242,1.7755902058891866,1
0.04609334127407326,-0.5393233071760536,0,1,1.384914600128,15.042534913054544,1
-0.5521370497644978,-0.6529794131204856,0,0,-1.3124891536899628,39.14867265630337,0
0.07390369200717045,-0.35363671483042847,1,1,0.4707999620414134,19.931995896900045,1
-0.11206895521933105,0.24569540066842832,0,1,1.2911627986518779,13.1033512063055,1
0.5587528331537728,1.7106281430331818,0,0,0.08983577306659274,21.171001237303496,1
-0.08626498888489263,-0.3933685666995815,1,1,-1.3201650516637604,11.727124464779148,0
0.28097129278808225,-0.11157069679070261,1,1,0.1728439706719847,76.60550031512078,0
0.19589697856888652,0.2733156682628229,1,1,-1.64055399198514,38.29609487395576,0
-0.15335134517928886,0.016202504316795138,1,0,0.6985465847247263,28.777263463039965,1
0.8397790644465731,1.4685227063719635,1,0,0.17217083023856092,60.642636823087884,1
0.4529956310219716,-0.5491640096198191,1,0,-0.18432131572615282,17.0689683913116,1
-0.23178344624460537,-0.22956817176549899,0,1,0.3911056131461014,13.464102448961146,0
0.144552534704554,0.3799237592163165,0,1,-0.8401559920602976,36.941175426783445,0
-1.3331348084509504,0.06968135165041434,0,1,1.18326860444864,18.530353552586387,1
-0.9665807390425747,0.14920832862838462,1,0,-0.336930785106596,43.14932961234063,1
0.43495996223431355,0.6064797193191558,0,0,-1.2438413459937188,17.43838558036813,0
0.4199868760130259,1.2728410141392648,0,0,-0.37000783068550763,24.421027492692918,1
0.1841039626982747,1.1166190659800532,0,0,-0.6387923586822762,3.997216023266534,1
0.7852975184798634,0.4285490517526479,1,1,-0.26584242965265176,30.73566001579613,1
0.3705775701974069,-0.7348206994590729,0,1,-1.318187094150954,14.186789469385277,1
0.8077924314530913,-0.41806832217806844,1,0,0.6167676033556841,14.99895044649381,1
-0.11855088874710752,1.2690639930869916,1,0,0.0434439687604528,14.984826755142393,1
0.11341268838433005,0.5979211561893899,0,0,1.6060603721387463,3.275640169928646,0
-0.5135393309732184,-0.5991597525727504,1,0,0.6348183006451903,59.236207503117825,1
0.9025544037360388,1.9192540928880881,0,0,-0.3851129449833417,9.644102070361713,1
-0.42518216780559664,0.4469819779200338,0,0,-0.9831851104413035,17.57564697557054,0
-0.710506853408601,-0.1691877868400859,1,1,-0.40760959160136156,49.86144574569349,1
0.28028075858208085,-0.40724055724303654,1,1,0.20922473902630997,16.403778698695977,0
1.2864740596976225,0.3781242735593923,0,0,-0.49069304020544857,82.16135321654868,1
-0.30395033549698636,-0.6249632135664542,1,1,-0.828244672134045,36.123058843270734,1
-0.023505415181679253,-0.16366584295562644,1,0,0.6953590524578671,17.042902053688213,0
0.1495854143924958,1.38647802105184,1,1,2.823925915664866,47.6749124644907,1
-1.182403808029863,-0.015102953540707675,0,0,1.2246914794308321,18.58828348204109,1
-1.4533120957216712,-0.5198474404006991,0,1,-0.2586193393042197,25.33159111529157,1
0.38240505555909166,-0.7122696150837903,0,1,2.009607218494513,7.194154394569042,0
0.1292937931833784,-0.3073268582537455,0,0,-0.32513664616247695,32.203082577491,0
-1.4194491815386336,1.7184511486624048,0,0,-0.15963231783590937,100,0
0.25269178758888566,-0.3643810156527997,1,1,-0.47108487054186043,60.438818956133346,1
0.7735471661919412,0.11384039754011227,1,0,-0.42964913909415947,16.08762901891884,1
-0.7042044894286095,-0.4510522090037547,1,1,0.04390381526818658,0.5690682189754371,0
0.364855452203618,0.03564918380693932,0,0,0.13367681552616012,26.246171643841887,0
0.7138259624442991,-0.42355282085105317,0,0,0.9893878707205174,11.955570474014404,0
0.546657275989934,0.3302072067579522,0,1,-0.2768609009095194,5.095587315008443,0
-0.30956585972639994,-0.7018123347900639,1,1,-0.6762916208679303,22.22731166704203,0
1.092981488435814,0.8554920976373429,1,1,0.578227497693378,44.53436381244426,0
-0.893637584557156,-1.014535329946429,1,1,0.6286788828064267,18.020592112593036,0
0.14261150713565574,-1.622867631065212,1,1,0.053571413141772016,63.628186116461336,1
-0.5347649341334046,-0.7879083707128939,0,0,-0.9267265480855849,0.7829855653236193,0
-0.28254201277811414,0.09542501843039378,1,0,0.12226841280113959,29.211074955733118,1
0.24480911935763766,1.354969269369037,0,1,-0.5355406300346076,12.77340537660779,1
-0.5086069739980723,-1.3009896239800076,1,0,-0.1603490692713949,11.617752128064305,1
-1.9433167656431123,-2.054532676302748,0,1,-0.5296750029167557,40.49557876397831,1
-0.673838067503816,-0.43871238247271066,0,1,1.0953370051889793,48.480798442976706,1
0.8517561196151555,0.2807977870110877,0,0,-0.7772644223910016,73.3319160594999,1
-0.2339139616972414,0.4800843322390783,0,1,2.602225921587249,76.93479163401324,0
0.15215845647321863,0.2184658725945486,1,1,0.16601115851781323,3.1734661587631376,0
0.2545962019925113,-0.8773143515341029,1,0,2.02143125469308,100,0
1.2238060941301498,-0.650148590083428,0,0,-0.1518937791850011,22.2008713776789,0
-0.13388448203644,-0.06109762875278818,0,0,-0.8994780371302008,47.47664803125412,0
0.3648166896030351,-0.6585675024906495,1,1,0.6132760285768335,1.3098983365292003,0
-1.4566804614456943,-0.36264029962725275,1,1,1.9027292050783402,3.261806517660371,0
-0.8636523819696058,-0.15448208768005545,1,0,-0.19902198191451098,39.948348606356866,1
0.812995036201629,0.1532363458616825,1,1,-0.12357028770209934,78.61254768788363,0
-0.8882154688801907,-0.5754695606276533,0,1,0.7940489887592103,31.62507010846885,0
-0.37574299977033393,0.02296746434385516,1,0,1.2190491716663805,58.32012262176567,1
-0.30444066533902336,-0.5028965572293593,1,1,-1.0713845080102342,19.234615467945858,0
1.0818450864428395,-0.28822275418104204,0,1,1.2872150412575187,18.712280679072048,0
-1.7045840316808816,-1.1842010181560405,0,0,0.6513780918020183,13.118737286395417,1
-0.4640080110993971,-0.10608337349900712,0,0,-2.0233860508268244,16.517306309747237,1
1.0223348445470115,0.12581439142342182,1,0,-0.7306152447719426,38.96364394669321,1
-0.015206225981924648,0.009643947668558656,1,1,0.300675881796932,14.990784713281345,1
-1.6883184981669568,-1.8453291053323368,0,1,-0.6394558404037339,68.88201463655479,1
0.04616108091555537,0.5815839487975275,1,1,1.0641796173511648,38.85567828791241,1
-0.11254901944775153,0.5813983734450054,1,0,-0.9560404732596797,42.20378635554507,1
0.49381274511260925,-0.8863948129989122,1,1,-0.23682931929533121,39.158923375944376,0
-0.8690929740721323,-0.4273200819533625,1,1,0.057823697866616494,22.158706766132894,0
-1.2839044927011969,-0.16144957176097108,1,1,1.2420657901393612,34.08115241022532,1
-0.5481765433774624,-1.305332852498583,0,0,-1.2855748289144844,35.25956451050357,1
-1.5411647651382294,-0.14932294295090853,0,0,1.3580240926526563,34.37187669657588,1
-0.8858937219441363,-0.5951602196938093,0,1,-0.8608372002989884,21.576154555241423,1
-2.4088743410253564,-1.053961102318957,1,0,0.47667239791690247,4.843637108699235,0
-0.5357347909152133,1.027621088380323,1,1,0.28101368215515427,13.8355135526619,1
-0.8300111705903586,0.05452944481739941,1,0,-0.0951694975640375,78.87260215486323,1
-0.8299784187848364,-0.03704517910697974,1,1,-0.3959595265588424,35.223905090390836,0
-0.07692559937186166,0.5893849515701294,1,1,-0.6362907876688265,18.877695684433707,1
-1.6454684272775317,-0.8644253128145986,0,1,0.6887074498955994,2.415496828361563,0
0.48554523009032247,-0.5422940989045877,1,1,0.062100403242994,19.37014781108731,0
0.15019238601961638,-0.9799590913528953,1,0,-0.3173405771006136,16.058710027223626,0
-1.7516066699433788,-1.1095694363098796,0,0,-1.4012383006689686,25.83230637803885,1
0.1927127912685722,-0.6828096831754558,0,0,0.16460703837923946,100,0
1.4707042861330168,-0.507464807793359,0,1,1.2728154242637626,43.55943479570135,1
-0.21129266515073827,0.39118303645758656,1,1,-0.4636473975738656,63.23135782021909,0
0.34001576368055353,0.4950078033971715,1,1,1.3957678203066475,3.569359651713572,0
-1.0377713171011913,0.17534870510882472,1,0,-0.24540917750665184,30.93507991875806,1
1.309561152792013,-0.12015686247972146,0,1,-0.6449378886943548,32.24658176691391,1
0.3146656094035965,0.7897944748639277,1,0,-0.7391739446498645,36.71496300242928,1
-0.05921836817911736,-0.6842750526577135,0,1,1.1410565801507522,16.426126817028855,0
0.9007474469726974,-0.629568736455357,0,0,0.7202940196850927,2.180322213420029,0
0.2806473274804911,1.2495068499686102,1,1,-0.6035099999001079,16.948076326403218,0
-2.0019081498810727,-0.915594520909474,1,1,-0.22852308765697163,25.774845267198266,1
-0.4957150594304879,-0.8877937238196825,1,0,-0.22445232790874015,26.6748128267897,1
-1.8383281226179435,-2.162388416434781,1,0,0.07944365608581792,19.20828576259023,1
-0.31999282477017127,0.21926508240379064,1,0,-0.9746492669960889,100,0
-0.6412137165239721,-0.1999479753128887,1,0,1.7946977185689816,66.35131223610416,0
-0.4204568409805905,0.9431425463941397,0,0,-0.2841360836202952,19.150112869669158,1
-0.5279722398181231,-0.7391839314497313,1,0,0.5059377290170968,100,0
0.6143266296875156,0.4517874671936343,1,0,1.0026713448727598,19.787386141220548,1
0.5826813317983659,0.38354509596069675,1,0,-0.49710325802314953,36.1103178717393,1
-0.5449315802949964,-1.036628693524849,0,0,1.3823078793514514,8.792219417849273,1
1.0425385010689387,0.6599857203670246,1,0,1.2126753459421578,24.625874575782337,1
-1.4089869365128806,-1.5291719467124243,0,0,1.6810348347805348,100,0
-1.010192484367355,-0.05734779906447196,1,1,-0.5468109708451253,95.42921935581276,0
-1.4538098468132885,-0.9824973223426727,0,0,0.6396937094615196,8.475091706243285,1
-0.6013564001087377,-0.013359426019243448,1,0,1.0381872583333709,24.264222354408655,1
-1.0685889048757335,-0.4270430048010732,1,1,0.6966167889355528,58.247762919411464,1
-1.4581893588811135,-1.4094206659324118,1,1,-0.4320974022419141,14.520804237627715,1
-0.008583454757251238,0.25010696053771675,1,0,0.9620439206444144,7.743769786222551,1
-0.7748200310795549,0.18996959757711934,1,0,-0.8805365599798137,16.022878601554716,1
-0.36076404146862945,-1.5276631184237601,0,0,0.9531508662019608,30.365522409801393,1
1.4072202477997018,0.6247048536069595,1,1,-1.5399345878672601,12.603095152345215,1
0.6268405017966509,0.42309039461556236,1,0,-0.9537106847049592,37.67264152351832,1
0.6089642095029448,1.0170593655851157,1,1,1.396596599089381,10.383021981610666,0
-0.19263951766785783,-0.6875254197087849,0,1,-0.6263863452922722,59.64602106117588,1
-0.655736923999962,-1.386346833738024,1,1,0.22664719593833707,50.827670076169746,0
0.32679492378646297,-1.6922464296742745,0,1,-0.41882218970023016,4.132067852587789,0
-0.5246916713488238,0.3583565124166505,0,0,-0.055170832217270004,21.611811809629597,0
-0.9324937695839807,0.4053627910009087,1,1,0.8551326756172909,4.574661728072575,0
-0.31764823910007,-0.3554228105400773,1,0,-0.2698784765667622,28.112863481294426,0
-1.3981677642223573,-1.4013103306883226,1,1,-1.2683960436493837,20.504049786301383,0
0.06910810676622908,-0.4307607337357906,0,1,-0.24330962249913035,42.4061246275507,1
0.404521855599341,0.14607723525083732,0,1,-0.05229864050453298,2.587322365824922,1
-1.1079605403091362,-0.4540212888420795,1,1,0.941653641910625,63.561217163201164,1
-0.7493743206624813,1.7592766923761791,1,1,0.7271046415321848,45.352998289076886,1
-0.06771040017127551,-0.4913862528490874,1,0,-0.10624344190739135,19.605778729531146,1
0.6269484813146085,-0.16397753434933449,1,1,0.23966207372610587,2.1019823156545967,0
0.031986052014296405,0.25234646968077684,0,0,-0.7114040008367712,37.65058620101794,1
-1.089319290955061,0.09629404999129187,1,1,-0.49774309393896937,5.529767242097794,0
-0.7856080741083474,0.6216132892057813,0,0,-0.037131113433171374,40.501715317427276,1
-0.17622087814015147,0.03771365432296844,0,0,-0.3107571948389395,29.806275532380717,1
0.4545395164629239,0.17319430562491517,0,0,0.39688194625322104,21.021277532901184,1
-1.0698798135407066,-0.9231712496129277,1,0,1.653695144025273,6.266237515496819,0
0.010270087740425862,0.13593066958146988,1,0,0.8348419739428885,80.30084726018207,1
0.5326122079477846,-0.9748695778010841,1,0,-0.3990648215130787,78.35549022834851,1
1.734481931957018,0.3239229668047161,1,1,-0.10619537948111742,33.40947777750182,0
1.0261775592311824,2.6731901486159977,1,0,-0.44225825304187066,12.93075875437096,0
-0.19356029653805493,-1.7827139459006949,1,0,1.4978540148479902,60.013354982118315,1
0.7055695639329275,1.0238614179728807,0,0,-1.0099402785696663,46.22050495733285,1
0.5700446021436903,-0.3462690059144335,1,0,-0.6108441949856279,62.4510657143132,0
-0.8300635258682838,0.455943569676483,1,1,0.002272176668224161,29.278254432416652,0
-0.3145891141932509,-0.6198487037670897,0,0,0.9994323394031651,7.874928298461766,0
0.3589866545425047,1.813661269876872,0,0,0.2895817239648823,64.1765055787178,1
1.194734046368591,1.377919304255761,1,1,-0.3797216866555891,12.053365622295848,0
-1.381133640569221,-0.7349648318308692,1,0,-2.0753963684200523,8.392955891367984,0
-1.95208999807267,-1.5311477706783831,0,0,1.577794497569773,24.2726483206033,1
0.4938511793540822,-0.6081355107545092,1,0,0.06577265552665514,2.501992519726581,0
-0.38364869436364984,-0.5735034935688881,1,1,-0.8218486307893603,7.15764548572079,0
-0.4767258189720374,-0.6611924637617247,0,1,-0.8215172327472303,57.256213344776036,1
-1.2901111392384244,-2.217942220684707,1,0,-0.506067781641404,43.58658651077662,1
-0.23573830642675922,0.6536182500726214,0,0,0.28009328880046097,61.14010242151362,0
-0.5730990297173871,-1.2130925420848537,0,0,-0.6862383583572332,57.74319960793821,1
-0.12078601595073853,-1.2306370495556824,0,0,-0.6844448254074486,60.210564208656265,1
-1.2633404969253212,0.7601169982548557,1,1,-1.7276885768523715,43.95276007918656,1
1.0754387319194185,0.2962752427026531,0,1,-0.47404389475529934,7.092696311876519,0
-1.0272020135030924,0.6110625516338575,1,0,0.324615876861369,34.456251630756256,1
-0.6614866384579702,-0.6050375190136876,0,0,0.7610789012419055,8.080248546329598,0
0.4220735174000239,-0.22927600838980886,0,0,-0.1797565767728814,1.2022476852023467,0
-0.24536815399020953,0.18482366955323604,0,0,-0.5187438436214131,100,0
0.8889498282953074,0.04126238731324483,1,0,1.6254149471577028,62.651142682453724,0
0.08777497433828806,-0.5760774735572072,1,1,-0.7842504104167848,25.78407022596376,0
0.8398239737619365,-1.1229776440116404,1,1,1.0170586723828308,12.875252203370897,0
1.295997075443499,0.48616147414472977,0,0,-0.7526019996772209,12.572611072047833,1
-1.0044867416711722,-0.7106360864858012,0,0,1.2036569325349795,24.836482140386394,0
-0.7202912084521468,-1.601047546358537,0,0,0.36857614180465387,50.86418517457864,1
0.6711788182210379,0.1468601171685709,1,1,0.3193597107939235,33.971999182395635,1
0.2817674163422861,-0.03915617380548539,1,1,0.4494940811926517,12.859366027425134,1
0.42439015085861276,0.16131322456000868,1,1,-0.39690064246637435,35.53207353010335,0
-0.20262250077686864,-0.40903899260787135,0,0,-1.0386841671237648,43.15187873988033,1
0.31360688793502306,0.867833629101194,1,1,0.9244986920312271,61.76426775293971,1
0.8620930456403995,1.5497949445333332,1,0,0.4121128986717818,7.365991333200556,1
0.3914183767678978,0.3005136226799816,0,0,0.6516856587731108,60.996885165640215,1
-0.7904067119233898,-1.9198245563837364,1,1,-0.5623660876413985,100,0
-0.5769751139201376,-0.6339151193267,0,0,0.06599790324511888,12.983570644443372,1
-2.823088668979405,-1.6684225608648808,0,0,2.3159575140586073,61.07016259197726,1
1.517850292974222,-0.2440522188545382,1,1,-1.4197747671061418,14.87694216017733,1
0.3166490929896756,1.4910667320201423,0,0,-0.47745627319690853,25.05239554873886,1
-2.4260329722290495,-1.6005575673283297,1,1,0.2481655167582448,57.956667946583785,0
1.2141186299551059,0.8783975066556075,0,0,-1.1517586578204702,11.499127188995397,1
0.2779750409966876,-0.272370246933138,0,1,-0.6144156844690333,49.9682219579274,1
-1.166797114314531,-0.5852410554198718,0,0,-2.05225037182335,91.76160281512028,0
-0.6229618412859104,1.3656496780578018,0,1,-1.188799063612377,20.321196998026014,0
-1.6356371494296424,-2.3617402773599574,0,1,1.2982234478821066,2.9855224461521668,0
-0.451133870339582,-0.6158145127259427,1,1,-0.06885409609170975,2.9677198924948858,0
-0.6139302524347509,-0.08713298522319157,1,0,1.6161397625072986,22.955915407328686,1
0.16721712671282662,-0.4374943490213309,0,0,0.07022209364133118,33.748099436660645,0
-0.423672065657242,-0.6352056322963093,0,1,0.6856742660714943,29.65082016584635,1
1.2179277062911869,0.12865585099954424,0,0,-0.3392553079190426,43.4408393442479,0
0.27105060436817663,-0.49186553136562816,0,1,0.48098374620991546,6.566562610854238,0
-1.200795016208934,-1.1148974657678368,1,1,0.05792484611605111,14.008077384383114,1
0.15006923071298112,-0.13845131094729024,0,1,-1.2662159145026655,2.7102566431517627,1
-0.032062444434608234,0.8989332608926442,0,0,1.121643909677554,20.225421057235128,1
0.5257301721642871,0.7403234592796466,1,0,0.6214418484858489,47.36161720184794,1
-0.1418105425874958,-0.22337166313633716,0,1,0.1844675182338556,10.569877817708717,1
-0.2717052660351385,0.5564115981184806,1,1,-2.10011305059137,3.965969953817566,0
-0.2958353990780856,-1.7573358852136418,1,0,0.5495225129436085,39.16419910977538,1
0.7412228323031298,1.049940949176717,1,1,0.7243840122953198,33.73735390582323,0
-0.8610590090926472,-0.44466719394242327,1,1,-0.6062010185137408,9.09122669882985,1
-1.1509167316082114,-1.434950120937915,1,0,0.15465216108563742,100,0
-1.2427859059008328,-1.3888047633949958,0,0,1.7923649577324567,63.498605757471374,0
-1.5122857368804907,-1.0958049263066938,0,1,-0.9655848605844997,14.251106787406064,1
1.1801616126116579,0.6974193741780046,1,1,-1.1935365638202227,7.621499192187569,1
1.341885399189385,-0.5118133281952044,1,1,-0.31283601117358606,17.473493613841477,0
0.28695094705266994,-0.045968768073309935,0,1,-0.5540476485144111,5.398724821509818,1
-0.3048360745248818,0.3874113338984479,1,1,-0.2206511158445194,10.386436817549217,0
1.3257605196263056,3.0467098084701507,1,1,2.6956023090940464,65.0040950180747,1
-0.13529038577526223,-0.5562421698444268,0,0,0.9080043865158062,54.109523100451,0
0.013875303047017888,-0.3732344959365805,0,0,0.7563377688705385,64.4450345130429,0
-0.8376354298704461,-1.2199240839028591,1,0,-0.656415800799578,18.008366123734557,0
-1.6393085512703598,-0.3147503851862091,1,1,1.0266926375492438,44.540297301315206,1
0.9425010558132871,-0.12215689423953413,1,1,-0.5530205177241483,27.84201075630132,1
0.47092983390507326,-0.18400508563431456,0,0,-0.8280989545070879,23.27195451445164,1
-1.079218551018246,-0.9729838498663314,0,1,-0.318838703635087,89.98126152830025,1
-0.1605228214946425,0.4733785389966228,1,0,-0.39120800255238486,60.27378927655071,1
0.8805892275277081,0.45134124704319256,0,0,0.14831257907646195,12.510593320045473,0
0.8535847129760654,0.5556620763079809,1,1,-0.07382071025248545,4.079137780175206,0
0.5684140661087841,0.6009293650645324,1,0,1.934442938044843,59.323886414309584,1
0.30461092239152643,0.5609373262745814,1,0,-0.4451779997218296,17.71949606513055,0
1.1483383016543725,1.2832492741859793,1,0,0.22215785323329731,34.721590958141434,0
-0.5821182780078504,-1.274617960124433,1,1,1.3640652686096029,18.830530834508636,1
-0.5291833327710308,-0.15366156752188626,0,1,-0.9684684309970459,32.37737635362695,0
1.749367724913796,0.8495655927696929,1,1,0.24802892255729045,14.390160959766742,0
0.8132930144704332,-0.8013870871614597,1,1,-2.090072442150062,31.127727211606043,1
0.712922043068793,1.3973069361418018,0,0,-0.9265330458311574,100,0
0.09423899213125957,-0.18260889715929188,1,1,1.3954174195801567,18.008255837813277,0
-0.013008059064977612,0.7179222289947745,0,0,-1.4873278693869665,11.902767043416311,1
0.5148314105589468,0.5116400950141442,0,0,-1.0769151659027996,11.425177934447253,1
1.1393260801593958,1.3935215446923053,1,1,-0.04694483278340944,33.03567438533529,0
0.9247770662248933,-0.814227123626839,1,1,1.5535559818655642,7.9893607177533505,0
-1.9866224244688133,-1.657356262215576,0,0,1.0786767501786576,29.89664924049667,1
-1.752549121384931,-0.9788042603611711,1,1,-0.3067175368748646,74.33188954182275,1
0.6951537206427189,-0.6210802954893004,1,1,-0.3721469460076904,44.188095668274734,0
-1.0273805980867567,0.104202302778036,0,0,-1.7285106006458146,19.353453416775608,1
1.9155593779102913,0.67713205702593,1,1,-1.2575555545491746,18.008811317451954,1
0.32221762032522744,-0.45573207016660144,0,1,-0.8229249745262235,2.401407479511814,0
-0.2056344617158461,-1.8110736777581105,1,0,-0.5288311462888345,33.85319324690075,0
1.6638653899719402,0.6766343661737579,0,1,-0.9021687265074867,2.365107834114922,1
-1.102012125133334,-0.6165221146076961,0,0,-1.4159358088700156,49.36579868441872,1
0.18607070213318008,0.5965053122662665,1,1,-1.0375087443633848,13.185268671333182,0
-1.4247020161630874,-1.4391186907864428,0,0,-0.1415421627921775,15.989244729731631,1
-0.5635286340268647,-0.5090878490860336,1,0,-0.5890343891781928,14.416229534741836,1
1.435214573633125,-0.20167525699659317,1,1,0.2945413443467103,22.221299123912925,1
-1.9490418934402527,-0.7797251267850402,1,0,-2.496247742023589,17.95099573532008,1
-0.22808670005845472,-0.2527860248165811,0,0,-0.6206105289822388,73.47800224213061,1
1.0318933472497955,1.3684050560332073,0,0,1.1092619129151486,38.69368753442085,1
-0.8084557536083679,0.11485607395631259,1,1,0.8828336804153349,19.441614769113315,0
1.1542599106499432,1.785297667965844,1,1,-0.9317974079564568,31.35559007082058,1
1.067988239163391,1.7444975066341977,0,0,0.10236408253099351,14.347666364730859,0
1.0367936188717104,-0.24226644562364763,0,0,1.253119043854781,41.79194617230772,1
1.9957898979650217,-0.052251585350918894,1,1,-0.8274020572188617,3.25011012614395,0
0.4629512414432469,-1.3499004931878105,0,0,1.2513082121426635,30.85918843158755,1
0.8337764279845714,1.6391611484853037,0,0,1.400706385511128,0.33923925874302774,0
1.1941155695640555,2.455173845162289,1,0,0.40743629677395343,1.3668495796114322,0
0.007731069338622917,-1.012242456423807,1,1,-1.4535977697963378,21.38193486117494,0
-0.36165008131776416,-0.0012648250535879646,0,1,-1.5657903684922077,35.88291085561581,0
-1.0694231508686585,0.6750764803088805,1,0,2.018191953370641,17.78392473843863,1
-0.43890520280442946,0.5284776034669691,1,0,0.13826965894449078,27.76854289585664,1
-0.05089198054216523,-0.4112902535843842,0,0,1.85232587637308,60.48020319072621,1
-1.055701725775786,-0.4230905383211362,1,0,-0.5946108092834765,2.0375212276359407,0
-0.7872276910336764,0.12814422930915126,0,0,-1.1415646320307646,64.04649211869219,1
-0.2815283932839257,-0.45991178418666756,0,0,0.09298202788349617,25.97057394972881,0
-0.35374793788775305,-0.41089785789241945,0,0,-1.250255394647376,39.0428637955415,1
0.7111979783390213,0.8616727409584657,0,0,-0.6770327325812819,37.03830461685433,1
-0.8401140874150995,1.121364924193473,0,0,-0.850718951655757,9.16099703978153,0
-0.345696723271032,-0.43237088901664045,0,0,1.183207790388254,18.44152521204116,1
0.41208227488714183,1.1146613290906122,0,0,0.006156386882303905,56.05411571912103,1
0.8702870057830999,0.3846864128661623,1,1,0.27833776910075575,27.758958603941572,0
0.3884450784331931,-0.5864646112875647,1,0,0.45771970149871705,57.5543365979417,1
-0.32270870109513927,-0.924207859259714,1,1,-1.6356266597758857,39.031390378515646,0
0.05806856708679096,1.0411711196937223,0,0,0.6723351327777949,69.06612826401265,0
1.5470631626212554,0.5831130454207345,1,1,0.22061146762734452,50.7554000010325,0
0.33349598839482286,0.9851362030129458,1,0,2.034119565682549,19.208036043313562,1
0.8855400482565798,1.9156931832944109,0,0,0.5132993585550357,13.511648873760034,1
-0.6468175942544457,-0.37783487460143916,1,1,1.5034630335923402,15.369889542732544,0
-1.8248958697584499,-0.05626326641204793,1,1,0.4931600243541619,27.075130950136344,0
-0.46521287629251235,-0.2456263241527125,0,1,-0.7595490077453293,45.105815904962725,0
-0.27487756193488894,0.38748301523002415,0,0,-2.146010862209174,4.197466054245785,1
-1.1102782645975,0.5889723119032615,0,0,-0.9333095282677042,85.20374654649383,1
-2.1342731069598755,-1.854058343082765,0,0,0.7789962749434817,13.174679146158436,1
-0.02165720530850304,-0.9562987035199803,0,0,1.3402252041893559,74.63373401245173,1
1.2817214513354085,0.6694166078838627,1,0,2.330488830539005,38.096349970990914,1
-1.336985247690378,-1.011206164702518,0,0,-1.9598486322913629,76.29414631090721,0
-0.3555611510449642,0.7081607931610516,1,0,0.34402411928533166,13.665169873591632,0
0.7457649599829765,1.2691087261644107,0,0,0.21861627438766687,2.498944391428952,1
2.9045071856438285,1.3474894471008925,0,1,-1.564188163222005,19.543508110310036,1
-1.4082080342257481,-1.3116366253247627,1,0,-0.07070474591853396,11.364325264628748,0
-0.7647216740254704,0.6311465427282956,1,0,1.4552276525942744,9.397943701474878,0
-1.0488358366921793,-0.46639126146298077,1,1,-0.5337292624375753,17.947556567220868,1
2.5066677856642468,0.112376464645912,1,0,-0.76154171535788,26.407772119910184,1
-0.6094026946302308,0.16012741602398206,0,1,-0.09232897920091783,23.343182544743527,0
0.045188525602845746,-0.944365730001612,1,1,-0.06831642645730245,27.174438132849815,0
-0.6170128209743456,-0.3570110382726694,1,0,0.7236472188035531,5.173490080045936,1
-0.5545692248750668,-0.1016563960042246,1,1,-2.0350175172622684,9.118569133572647,1
0.32441430210680927,-1.5009588647354215,0,0,1.1200639538533035,49.2759729860789,1
-0.4257871783631864,-0.8985268624786382,1,1,0.21070199998662,63.01050648558248,0
0.8557053357232763,1.9706563216880237,0,0,0.06975786102925113,100,0
0.688157749049697,0.6299179123620879,1,1,0.04691925391589899,1.4704474838414852,1
0.8174653963243824,1.424474992297987,1,1,-1.4279887216072802,22.66167505657648,1
-1.4058288492676998,-0.3626520407502514,0,0,-2.1762162183942295,5.187568719822318,1
0.7561752554611613,1.0141772807357625,0,0,-0.9243209093183233,15.08197049068455,1
-0.8153213379339044,-0.7934095136966484,0,1,0.662614408781833,34.127159321899505,0
0.4687671909108567,0.5759011626614712,1,0,0.39230901857214584,25.505725515385922,1
-0.6809301687452858,0.9896820706721339,0,0,-0.49395659478883897,3.1225716118752653,1
-0.07973872318681084,-0.5098413330254836,0,0,0.41705401175675394,28.978282542073533,1
-0.3832430743018977,0.14366493629820556,1,0,-0.37301476367751824,59.286156624017885,0
1.3070470410962443,0.9292911705063671,0,0,1.1579906330447796,32.835873133328334,0
-0.9404327396117242,-1.3377578729642625,1,0,-1.5240672560350708,12.199085416855503,0
1.0439990389834723,-0.31820056199792224,1,1,0.7227048810508271,41.81192648249299,1
1.1025268392692413,-0.8824245425163226,1,1,1.0578605381992128,63.45156890433464,0
0.6011851162324828,1.0930764396668797,1,0,-2.6584419147579488,1.3613944247709229,1
-1.0246544584627124,-0.5477987781006562,0,0,0.4083922100559743,38.56542882802659,1
-1.3510514106440055,-0.5173617607501366,1,0,-0.3015474734277385,14.338684239405985,1
2.502347468666874,2.476300590378606,0,1,0.059747765144125345,18.549990090946,1
0.03367395237728548,-0.03587725534255311,0,0,0.49601325047841976,8.168970067751095,0
-1.2144193968889598,0.27212858121942163,0,0,-0.5238939229322555,0.09360293737398351,0
-0.46160573110567715,-1.2004894901035144,1,1,1.0356640766875351,13.539458350809278,1
-1.3019198999123678,0.08030606887682734,0,0,0.6170864740241303,29.244242316505378,1
-1.6977902014630422,-1.4526417805352874,1,0,-0.3159191473624497,9.004142470942368,1
0.3417012763296978,0.21142398134777665,1,1,0.3344081071284539,4.481788692893647,1
0.825827814777745,-0.9416570441569065,1,0,-0.7566018478523173,1.9577174738497027,0
-0.10600986304723223,-0.23081989482679777,1,1,0.05344774081923067,38.49332548857918,0
0.27703736223762776,1.274977195637458,1,0,-0.7192160513608297,21.563826924724705,1
1.0747935465301368,-1.0507488905170945,0,0,0.5295721755293595,48.25480994265992,1
0.9959845897777508,-0.49477967485044105,0,1,0.2282340160383046,3.626454398257137,0
-2.597029818259955,-0.4656221967471641,1,0,-0.6368145685804092,56.23556025914258,1
1.9449348356177167,2.160250477792369,0,0,0.33238963417925876,23.915081969808774,1
-0.7263112846758617,0.2588632522712041,0,0,-1.0917188801277709,48.989750912788836,1
0.08563851436496751,-0.16930740244351522,1,0,-0.8644327536984853,9.214456781548433,1
-2.3691195320457807,-1.7906035369463522,0,1,0.5795020733973403,8.7791343936284,1
0.912768375515769,1.5460686397953358,1,0,0.3596248611448857,0.5583296135571598,0
-0.63773830218605565,-1.1297023438759268,0,0,-1.0323624114409005,30.73288169715401,0
-1.105583212745639,-1.0317474008673475,1,0,-0.7521864512687632,18.613189937124297,0
-0.4705684243671763,0.3244418979293054,1,0,-0.16565905448488494,27.44292552689332,1
0.4001297181425628,0.47990791977348596,1,1,0.8273278998159699,25.07957638924242,0
-0.295632276021494,1.735455545182568,1,1,1.1831853462194597,7.955564231577202,1
-0.41281924414322135,-1.224578421434759,1,1,0.13553269624188286,26.90259371647232,0
-0.8930978429324814,-0.13833766398234743,1,1,0.16180021377982676,37.812783043890384,0
-0.5340188606318108,-1.0174037449888753,1,1,-1.0166772356735703,14.00409856236265,0
-0.8622919591267973,-0.8109787841084388,0,0,0.3678770911067304,61.066827409523334,0
0.5783872234611764,1.4203431466855567,1,0,-0.4881098323358887,45.986490099685746,1
-1.29570734953739,-1.7240849975114747,0,1,-0.6974830325292211,30.109878690024036,0
-0.5386699593078985,0.5962265154586954,1,0,0.21277804694117772,28.7483687708391,1
1.6016055080096816,0.42329637631879213,0,0,0.0017617329574115834,3.7089234853316344,0
-0.800736954349223,0.909108506632166,1,0,0.3231984137475419,61.35066831245999,1
-1.5924308794679944,-0.9818575691878202,1,1,0.08727548523581423,19.84296569954981,0
-0.8776607209782983,-0.5256054555073852,0,1,0.8947485529041477,17.053631267757375,0
0.6859374064630455,0.04330776481292331,1,1,-0.05376744717057149,3.903352792492699,0
0.5370647562879113,1.505277594563557,1,1,0.6081203974351141,18.440266737193845,0
1.358939820998115,0.7369290436050527,0,1,-0.8613406349552296,36.43617462338625,0
-0.030345738267950534,0.1917154538908687,0,0,0.7998862237099141,12.353465415370618,1
-1.0442128666186234,0.1786960073181788,0,1,1.606720355570829,9.602889870709356,1
-1.077278718940013,-1.165143306203365,0,0,0.6799847409998417,51.658179845470535,1
-2.260172035771404,-1.4539142493461639,1,0,1.6108556052945133,51.74042594430844,1
-0.26223118587956173,-1.1170950969173332,0,0,-0.03272820252386609,45.3765468844234,1
1.0946842227542737,-1.59458136710519,1,1,0.2082349453532011,47.56263620966716,1
0.61134744350316,0.35441273339781854,0,1,-1.948048624489503,14.612150970859496,1
0.6816150301692079,0.7325340575240037,0,0,-0.6977036358338571,27.056703038675362,0
0.03905900017273445,-0.050991844073393744,1,1,1.005995171009492,11.497112497789914,1
-0.9703593227619689,-1.337219242359407,1,1,-1.2517027189761054,3.0694052954569813,0
-1.2869882231477336,-1.0329649992720744,1,0,0.655618568208297,45.77068980568322,1
-1.052684740815404,0.17938928875165672,1,1,0.10201019772522327,93.845944643323,1
0.13278064853338148,-0.248201633978471,1,1,-1.6311269401832196,27.659721317192712,0
0.13740531011593451,-0.8115464779985924,0,0,0.17503384899690727,20.78313717485297,1
0.3104203575294861,0.3473116484265716,1,0,-0.17366001479162227,25.03099879612954,0
0.4064459769066662,0.9070314537017842,0,1,-0.9148282878817988,10.53935726073199,0
-0.2509676489725264,0.20240034720813435,1,0,-1.5158540502212554,1.1603034123479126,0
-0.24939197254788179,0.8222987604551765,1,1,-1.637232305859851,23.454609262835614,1
-0.3641352612310987,-1.0726649989792267,1,1,0.3338931454898004,1.6535092795531992,0
0.025778033493741567,0.11024183161225148,0,1,-0.5726678416666072,21.7592146745304,0
0.6697474321137885,0.4000821864599491,0,1,-0.7179103967454465,26.407235412672144,1
-0.38070131627734516,-1.639280931005839,1,1,0.3423413282726363,20.384789646195486,0
0.025817216867867625,-0.7836054870525793,0,1,0.3604275287260356,2.9206298998222673,0
-0.8953485057075042,-1.567094992652957,1,0,-1.627057576350202,40.497536542286674,0
2.6480975488899516,2.4756578689885416,0,1,1.342190605806146,24.244310863634297,1
-0.335481678300946,0.1040187351261983,1,1,-0.48123284459241866,60.66412271696649,1
-0.6333146725959922,-0.45969797601582485,1,1,0.7325179821682186,65.99652159038504,1
-1.0565038724044507,-1.229308750340107,0,1,0.24233476273220386,13.245424885273136,0
-0.11642682911578163,-0.4061595685050718,1,0,1.7271973587863199,42.24558364093948,1
0.2725574042190501,0.7178532331649274,0,1,-1.4107835000603648,1.42215111021763,1
2.0494832104310294,1.5030150759883791,0,0,0.3743815418871307,13.100424796093709,1
-0.6201807565866854,-1.569161281817218,1,1,0.5123003539480935,27.107008792058227,1
0.18423693339543548,0.7433421030789858,1,1,1.7320893893795002,57.218412497463014,1
-0.21524067643208603,-0.6815142212160443,0,0,2.0684393941753476,2.956853225604936,0
0.9271067585488015,0.15142730951724975,1,0,-0.5143848574181323,46.01028414141554,0
-0.22392397001693973,1.090555344105317,0,0,-0.6486405398884746,41.008068920184336,1
0.052788485706528776,-0.3398420487629913,0,0,-1.379111486037422,47.164999541459096,0
-1.8576368343957588,-1.6872360706440532,0,0,0.24916084296919547,28.609447779621352,1
1.5417285865788133,2.445112273810362,0,0,1.3279163298926535,44.12008456013917,1
0.8434335786515809,0.2799595494965106,1,1,-0.759676723564188,21.09248174447205,0
-1.1837705273879728,-0.17583632801925697,1,1,1.89035074904784,38.142897855004584,1
0.5719880051558527,0.03075357564310993,0,0,1.4581520360128701,11.463258118153323,1
0.02496320794098449,-0.951051111079773,0,1,0.8742325248753743,28.42104345327364,1
2.4508945771336874,0.850294537349385,0,1,-0.9138223342106524,12.958840676885691,1
-1.0496068814200394,-2.224301638225249,0,0,-0.8854281182828642,32.03545180301694,0
0.8358957255156855,-0.0955262755540442,1,0,-1.325760789827743,7.803515601473803,0
0.2965923707113629,-0.4689538445662157,0,1,-0.06404006341245262,18.775676389254606,0
-0.5249807017796557,-0.774678797411167,1,0,-0.6840062423279872,25.433140928599272,1
-0.09336217233563988,0.27700951184522205,1,1,0.26808308096146144,25.13782565238209,0
-0.1987337410075287,0.7492419908972088,0,1,-0.47488950538744973,23.03113853705738,0
-0.394543443659165,0.3771899305159161,1,0,0.9608258664635521,28.919122955001214,0
0.29232915804135057,-0.6098102524352184,0,1,-0.5704057671120991,22.6226196691346,1
0.6772624062997307,0.0217368388721898,0,0,0.22430395963209776,15.779392087309189,1
-0.2776353384719811,0.26902932865142387,1,0,0.5011485750961197,79.10428006428582,1
-1.4908107999127937,-0.0870129102936461,0,1,-0.5160592666273346,19.935099330761332,1
-0.32993783520608894,-0.4512409486921367,0,0,-0.11496549718684108,56.832329608918805,1
0.31029693976235395,0.5009948136894415,0,1,0.269954248617393,44.914417167031296,1
-0.6749293459225445,-0.7677638689000558,1,0,1.2886374659716437,55.848427900489746,0
-0.4325954786701375,0.033344559294092774,1,1,0.5736620225912389,12.900932819754148,1
-0.014766172152597965,0.9934477699697398,1,1,-1.0072563440402935,17.901609944740457,0
0.7549999921964725,0.06103926953882444,1,0,0.29956775428375376,100,0
1.5268071010588409,-0.885217145212177,1,0,1.04424921795408,15.473112166180155,1
-0.27565270116403096,-0.14215297081495815,1,1,-1.254957543875172,51.93770502301121,0
1.6869902131653034,-0.991987875755761,0,0,-0.5776089159990087,23.65423245016434,1
-1.3492781280520236,-0.3861217105299353,1,0,-0.7069448543411362,23.354955053862465,1
2.3005924308059096,1.0097492449024017,0,1,2.272911810180025,2.8570758602757973,0
0.5821387774267287,1.176246090193714,0,0,-1.0325778431358565,25.391071772179863,1
-0.21706022982688075,-0.7491242227928827,0,0,-0.3805794571473269,9.551149078963615,0
-1.568582343394503,-1.5327866131748662,1,1,-0.19198947876425698,9.61079173214496,0
-1.0760100604709606,0.037782223889967215,1,1,-2.383991932951913,1.3136478556614337,0
1.814363099356243,-0.3627317714976812,0,0,1.027460939324782,6.96880784065363,0
0.5224015908767528,0.4935106072016764,0,1,-0.7098250224203027,12.215256995568346,1
-0.16035435551905203,-0.04269430287754844,0,0,-1.4518497946166298,43.01164835026599,0
-0.13737092701714526,0.6815155131154144,1,0,-0.3171536367181831,11.195171245360187,1
1.1725826013176945,-0.28543814177035265,1,1,-1.758534986441639,9.00360736874455,1
0.09209784167882129,0.23236995767743646,0,0,-0.16427603075304345,51.63552600340546,0
-0.2514701192163413,0.6838044455863946,0,0,-1.1266322441313326,19.097547679742622,1
-1.111187051223111,-0.9118495387699583,0,1,1.4124857445601395,18.870798868748107,0
-0.49920326135900456,-0.36574415692373974,0,0,1.0819772358538242,11.106667050813133,1
0.5192589804293343,0.9360380584248815,1,1,0.48258374196803494,11.569778227378405,1
-1.0733830957350061,0.4855891152978612,0,0,0.26918926286503275,25.613620577784374,1
-0.4100229836340944,-0.2914122651684764,0,0,-0.9493352428680734,5.806331449512518,0
0.4371059393775953,0.5765688245505538,0,1,-0.5770868894136617,19.793029906348313,1
-0.6153062420195864,0.46991133223415843,1,0,-0.6087394376446673,23.4480853746796,1
-0.3298389450739628,-0.19855338882316365,1,1,0.3193538977436962,33.46924752239425,1
-0.8387154254118899,-1.0236828757977676,1,1,-0.6296988419902123,20.843343374778907,1
1.1162511800419783,0.5896517180505688,0,1,-1.4936331965886864,39.85299679764232,1
-0.1271488301396825,-0.9712658275586822,1,1,-1.5905689242850674,49.83561051833186,1
0.40685498896869626,0.31032336029480123,1,1,0.25362524246486257,9.998243577163072,1
-0.13791457363149973,0.9567207138497859,1,0,-2.5812193429656927,49.05142379447636,1
-0.47865456365634457,0.36351057018269073,0,0,1.2082173581855815,100,0
-1.9002194471073963,-0.7638928614734457,0,0,-1.2270564224705791,61.632246734102,1
-0.6095576006062325,-0.21160885824149295,1,0,-2.4837572273232666,2.0979499252076206,0
-0.43355133876852897,-0.985910658923801,1,0,1.3252339074251551,3.104815423633117,1
0.4069558364457211,-0.3258566299314334,0,0,0.32606857132845063,13.914958202007492,0
-0.19931578598201785,-0.1714411605825676,0,0,0.3133865326173258,35.053087124592395,0
-0.4482647302048176,-0.6417475324669566,0,1,-1.070561220920146,32.55423661034708,1
0.30688687145412297,0.08283050800193598,1,1,0.44023269176192037,27.041827603041977,0
-0.7675029734967551,-0.5638217044743735,0,0,-0.2006333909353875,18.44215480810677,1
-0.5457497663243066,-1.5763738935845053,0,1,2.5898585538859744,14.544174233953864,1
-1.9692755752412834,0.5174260124051865,0,1,-1.090872060963842,50.997739453946444,0
1.0720731818517355,0.726983826165794,1,1,0.0027456251597910977,8.268342551118993,1
0.3534208057975624,0.9683563985479959,1,0,-0.37849026195348773,38.58863099196793,1
2.255202675393435,0.3343219181745982,1,1,1.099066841992534,27.641246840208826,1
1.9518083168272449,1.1594882423157076,1,0,-1.1771052248975584,65.08198562893102,1
-1.2895540186142842,-1.7036234420235206,1,0,-0.5970915019623704,18.828266713983876,1
0.4944787200314167,1.3972957060440485,1,1,-0.0687991425889088,23.06224704412451,1
0.4228344627624459,0.8173687023088121,1,0,0.48390204719005203,38.87079105966273,0
1.251375843359002,0.4277181076733051,0,1,1.4541012921750422,1.577840148310915,1
0.16376433177749417,-0.12288853862085852,0,1,0.32052031436471484,39.63297899486553,1
0.4359922688563878,-0.2887198832305259,1,1,-0.27599239916303825,17.86663576776959,1
0.28490962044448553,-0.019609307258366404,1,1,-0.6247815150945099,13.481853487394988,0
0.16829903816687627,-0.27167539953126885,1,0,0.5138618810563642,5.250848285339046,0
-1.4013968789461346,-1.0253853487790312,1,1,-0.9387374976860087,41.96430246008227,0
-1.019552197218385,-1.1551366177632936,0,1,0.33120204234363404,64.73302754503845,1
-2.524185208356642,-1.7806386835498158,1,0,-0.8947234177186012,33.08430855864635,1
-0.4405221805616122,-0.07795088789954902,1,0,-0.5326764219585554,16.552324724806905,0
0.05089985560933027,-0.02977433781470024,1,1,-0.809313490248304,25.982302111996177,1
0.7736421873842225,0.5287434406402443,0,1,0.39393490708229556,14.391495718620348,0
0.02599810111548165,-1.947608574911225,1,1,0.28043286604049855,62.84063218802479,1
-1.4285455119640111,-1.812192698298292,1,0,0.22192203734162622,21.226846711077183,0
0.555263516914979,0.28551493644991666,1,1,-1.5314870191835144,85.5339938947898,0
0.8357111119764171,-0.7553954284967809,0,1,0.11876908215506113,1.1474578630010543,0
0.9948388868711939,-0.4647298813598151,0,0,-0.760770988041589,25.912722299475742,1
-1.0931849810023717,-0.9664899969423646,0,0,-0.8404526800552026,86.92630209799874,0
0.27593141455541986,-0.8039368150130289,0,0,0.5639066329107832,30.669081279329415,1
0.8880761182262695,0.8606737074960475,1,1,-1.1078808113429357,20.7266525428667,1
-0.29193620646038837,-0.215223803806599,1,0,1.1135673844095257,50.70482383879536,1
1.101645316305515,1.172817561657514,1,0,-0.36885965039762086,33.83796713599954,1
0.8887966461052327,0.9177649611666745,1,1,0.5804652661161507,29.370264654879637,1
-1.1695228686132737,-1.0443566176421344,1,0,1.2255325954149272,53.64234631195507,0
-1.10005480404529,-0.3020911560149997,0,0,3.3092470564523384,9.784610204925336,1
-2.721816164599475,-0.5654118866371991,1,1,0.8833948369180823,28.360904503440555,1
-0.22975998983949603,-0.47931282580363266,0,1,-0.10069655928230226,6.694521422597345,1
-1.7095831043864687,-0.4346622215986099,1,1,-0.5135834850748622,100,0
-0.3879119035991734,-0.6592343076460044,1,0,-1.249106089113803,61.24210554902928,0
-0.544096379502901,-0.08347756568480513,0,1,-0.8433421755576885,53.30025346771318,1
-1.3089959364906336,-0.29203048600913134,0,0,-1.3340249970624736,10.264978285255241,1
-0.7537462634853677,-0.9954969345524411,1,1,0.14014241672141184,17.657965438531246,1
-0.5887457239433654,-0.6179146549471947,0,0,0.37056466605789534,6.60937780663586,1
1.2892775004123287,0.4016671154499757,1,1,-0.8295775059266032,7.80700211417528,0
1.812482421197228,1.5442046380852905,0,0,1.1904048680893575,100,0
0.004584533855266708,-0.3701060926924103,1,1,-0.7862952951074529,41.668887377370325,1
0.03609544642102031,-0.41325370682801565,1,0,-0.07649100880212505,34.46331567144158,1
-1.0827090987790051,-0.34955069529995697,0,0,-0.21541013656426178,41.29382953606436,1
-1.9548572686089132,-2.6312402913913893,0,0,-0.040507495391821885,100,0
-1.0634887158656832,0.6081669552715112,1,0,1.0137023775786864,100,0
-1.1231545987591258,-1.0034916630650783,0,0,0.20456402486646544,24.792302915305843,1
0.42168378957194524,0.54993042957344,1,0,0.6159285425346327,18.24681862896424,1
-1.2779336537054669,0.10328775859929018,1,0,-1.635454673865342,21.713174331619427,1
0.9622133676303181,-0.10227493185750919,1,1,0.16785374670091815,22.48963487385844,1
-0.16901942197192904,-0.0011315840769484248,1,0,-1.332163664772537,8.456120958364037,0
1.277293685001148,0.5667342397234528,1,1,0.8137650269275855,27.07594014625214,1
-0.6610139843111009,0.9913961476328751,0,1,1.6864278652916445,51.279776612577166,1
0.04500385416943048,0.5604098047030182,0,0,0.7990513932319124,34.15397975900092,1
0.4843564209041322,1.233910923396346,0,0,1.3016082249894545,15.82553046289301,1
0.8198135856635291,0.8219669059411222,1,0,0.4197904412110061,50.203786253371476,1
-0.9488627677085825,-0.25530143993124266,0,1,-0.45376343501326105,87.00961405654,0
-2.341102598665643,-1.175453323681545,1,1,-1.064319457165989,15.204824347419581,1
0.2479731421366642,-0.2758793584607975,1,1,-3.593389952767125,72.13133855925888,0
-0.011505442572664493,0.36344930925117563,0,0,0.0027546761330855727,0.2847990769905371,0
0.5258874601917217,0.13765496234736455,1,0,-0.9443726084423885,13.582750839473984,0
1.639598958969252,0.15841201982338005,1,0,-1.3501695564519138,22.8714365333603,0
-0.3166079094562758,-0.15220304012093475,1,0,1.2637624290651643,32.656232745825854,1
-1.1711442462587174,-0.658421080356824,1,1,0.6814457323078325,2.188731524865486,1
-0.9036149132912362,-1.1660930588365344,0,0,0.25249258881965686,79.79476540691726,0
-0.6620111243034769,0.6553987083992974,1,0,0.6366527478324874,10.911878119532377,1
-0.3847488522141422,-0.05826172051363851,0,0,1.3015266758251067,78.04136172697409,1
0.24591825565802136,0.7113149714495078,1,0,0.9803642535536369,14.681158943392582,1
-1.3278261965869866,0.14945265009157538,1,1,-0.8888565693910978,40.72972467968108,0
1.341119323824362,-0.050181535355728,1,0,-0.03697352099302797,71.82252232674524,1
-0.038465841820878026,-0.1381381659243716,0,1,2.5048476003441076,4.026363939142044,0
-1.8807193088240797,-1.1397109777282428,1,0,0.7958197851169062,81.24953346331179,1
-0.7380257170070853,-2.1780360721096272,1,1,-0.2368052551061114,3.573444627945255,0
0.45391150219337784,1.1643380986387646,1,1,-1.6999443205051097,11.248407452545369,0
0.8487774798239648,1.4851596935871454,1,1,0.6457299423065513,8.548256404313184,1
-0.26130497766002214,-0.7771297907100556,1,1,0.36342579747376774,29.460877698579424,1
1.7349773627146552,0.7725712511418803,0,0,0.752903655546377,56.962814015632986,1
-0.7024526591343442,-0.020763598525929905,1,0,-1.5636468757303665,62.670342920961616,0
-0.8441544254207032,-0.6774857613278688,1,0,0.0906505330727409,36.85728840850266,0
1.489442996115043,2.098387086101255,1,1,-0.7623264190893712,66.03567785595213,0
-0.9925237738161593,-0.9308682297736983,1,0,-0.9772306776603822,31.813173224950173,0
-0.4444563740923497,-0.5795835116561068,1,0,-1.7318961570975258,59.93200160471641,1
-2.16129719018161,-0.7601420651523694,1,0,-0.9141330544551766,40.64888349187912,1
0.5104798185875439,0.2993118650854339,1,0,-0.32964482215409985,5.747837272570549,0
-1.0649198469102559,0.07420436092990168,0,0,0.31604344681063357,18.777355961606318,1
1.7447235298012798,1.0396841529131748,1,0,-1.3800752356629387,25.196754266965524,1
-0.5144216958727329,-0.8959754112811602,1,1,0.07126083829749752,5.40291751612462,1
0.5127446931490476,0.4049364732012297,1,0,-0.9590678313867195,35.77338568543082,0
-2.718775542665663,-0.9069143383651026,0,0,0.11958409035365469,70.92058871106025,1
-2.7340473039004305,-1.574626139104035,0,1,-1.0865737108506837,13.528041882432145,1
0.7133196368046242,0.4412866024483148,1,1,0.3635295139431814,15.057811622894146,1
0.0042712973022029106,0.18757076642110382,0,0,1.5972136640475079,15.786876569517425,1
-0.8386141919306872,-1.489049398087829,1,0,1.3777164692370494,31.77507464025025,0
-1.0114061092261288,0.38248670048216493,0,0,-0.25689729719199556,6.30953620823428,1
-0.3023391002365004,-0.7059238463081048,1,1,0.16484028782699434,15.612683651312587,1
0.636135909677599,1.5284069155393636,0,0,0.17107564968429853,39.32015851733811,1
0.25644984517339386,0.5410340105366299,0,0,-0.14182436662706122,41.145796547246306,1
0.007274999812655477,-0.22636678097017476,1,0,0.4475261019601027,14.738735298795342,0
-0.49014199522639906,-1.397290192820652,1,0,0.5394037813374236,11.801598210530198,0
2.593141987851916,0.6474110519909477,1,0,1.128387598748646,20.050996442661685,1
-0.6129198228421254,-0.2060536431792918,1,0,-0.39997535755390784,6.959779400138806,1
-0.1551434607799114,-0.533709566507559,0,1,0.7361713088453672,10.769617171784915,1
-0.20228267609145484,-0.4751024664939498,0,0,-0.09118381606319266,25.60878610848215,0
0.7115954060735742,0.33483276845677257,1,0,0.44367909347109663,22.596064943725764,1
-1.3198897008469916,-0.5909231336670957,0,1,0.006384511575973671,52.27579152582269,0
-0.03547239557732243,0.44764411859585146,0,1,1.0520383155474295,3.060640032801715,0
-1.5669463325943986,-2.4172820531853167,1,1,-0.06986944928032779,40.22260208818645,0
0.8337354891090666,0.8045717735570379,0,1,1.5770883399169118,34.052188262483654,0
1.3323706513233766,0.7491466978986906,0,1,0.7202975849613708,79.3892929582377,1
1.4228968414293321,0.15286329035927926,0,1,-0.5062179691540242,60.65789183816994,1
0.02721153846961848,0.7744485439310891,1,1,0.809519169322014,10.317731041090962,1
0.7800695217891754,-0.05396355899540212,0,0,-0.26193078824713345,12.83960041541235,1
0.21614186390553222,-0.39573618825261053,0,1,-1.515464952508373,4.1196510522147065,1
1.6426485844059788,1.5931213823246257,1,0,0.39010686301665465,13.71211010182197,0
0.6337251892288938,0.09040612094158362,0,0,1.9264780059729136,24.8905553539156,0
-0.2726236069549188,0.843606562168102,0,1,-1.3849673705189771,58.3894382944961,1
1.5330316109326996,1.1211645072832428,1,1,0.1883848198327351,16.084382026816563,1
1.243530712454304,0.9029443613318061,1,1,-0.29587102635564216,25.500401566882353,0
-1.8700563578585163,-1.7924187383485355,0,0,0.5637131939695242,55.90982980891112,0
-0.30970357391628145,1.2815430955029359,0,0,0.0252714398510112,39.46571433862521,1
-0.8611182042388089,0.7230163983326723,0,0,1.270928118985635,11.339030774357585,1
-0.0682082277927362,0.11493438115443902,0,0,-0.1915801376192216,66.43501931959591,0
-0.7568696374910191,-1.0059184961473369,0,0,1.9316280371243653,23.634483448861225,0
-0.3650305481151811,0.15550219738932425,0,1,0.1280621093501727,68.20036748146877,1
-0.5217237283403209,-0.2206545172831283,0,1,1.5760371121729218,5.431498695279972,1
0.6239105799636796,-0.9694345048115756,1,1,0.9370617224113359,20.154170246557424,0
-0.8894180283399268,0.08876028955225396,1,1,0.7817575542214293,17.37402149551439,1
-0.8121447868699984,-0.9365625160186026,1,1,-0.1441336855525562,19.71773266468256,1
-0.12740097373757125,-0.6805882296101913,1,1,-0.031052191524763535,18.981993406113105,1
-1.3524400722514676,0.43659714996926047,0,1,-1.046350622004638,5.306093209946084,1
-0.2277336965396656,-0.6793027017809397,0,0,0.13909703525954698,8.616424821969984,1
1.9994446976285545,2.3163196561605393,1,1,-0.5297425524543673,54.289465574850766,1
-0.29728695589832793,0.05974467766155009,1,1,0.7102360542451555,22.87182873831043,0
-1.366010677316575,-0.20148653581544668,1,1,-0.8384895144195837,8.026831745072128,1
0.5061905103299162,1.0129338630133777,1,1,-0.44966553877049464,18.531014615769745,0
-0.19293127232883334,-0.24397136066656083,1,1,-0.3723461696329867,24.779593660891027,1
-0.6278629779713675,-1.329658675277329,1,1,-1.157439637890998,85.81163325869227,0
0.9600310857411372,1.9656766505346819,0,0,-0.027547979150551957,15.1175665717715,1
0.8407170460398423,1.2747545101315998,1,1,-0.24565538832293707,8.441670675695027,0
-0.21929356371336348,-1.094379855457732,0,0,0.7497820482073357,84.38256154296998,0
0.9408967041337356,0.42276249894023926,0,1,-0.38219794082400727,42.27635935364866,0
-1.9133631559191204,-2.02335526994189,0,1,-0.22763100766100414,12.216427984707938,0
-0.3812712458497276,-0.3190023071893314,1,1,0.6178436756091971,11.549900725544203,0
0.8568691728097494,-0.09820843725758227,0,0,0.6791829185126875,47.2419356909286,1
0.15208888383394506,-0.7236190693131759,0,1,0.15590709276165488,10.236520764780614,1
0.9556424399382136,0.598491723079404,1,1,0.8709719175135077,16.727133507335154,0
-2.9032895813927855,-1.08889685661471,1,0,-1.7145273683895093,100,0
-0.6744013063572123,-0.451750509598075,1,1,-1.0134825570642068,10.406512337012797,1
1.1766089347345716,1.2891191493936458,1,1,0.5898552327723339,59.69414317205438,0
-0.23833735758436117,-0.9564432018148995,1,1,1.776316204706744,4.118167763000251,0
-0.2448465346117041,-0.7489753225227567,0,0,0.22952684458462178,82.52210620077794,0
-1.402474593126244,-0.22861140011201575,0,1,1.0035534860373605,22.82726422248992,0
-1.2877150155094221,-1.3421199742404535,0,1,-0.40289870936803585,16.687066992653765,0
0.42673651406404384,0.523179676799259,1,1,-0.04022812153728601,5.419112695846038,0
-0.3709090137153329,0.47206544822734436,0,1,0.8505637917750721,10.19679970676199,0
-2.3140208467453505,-1.9137234842400432,1,1,-0.517499815125173,31.48065163105866,1
2.499310500482083,0.7110326348107782,1,0,1.681942654028121,58.263282015962936,1
-0.1216778294447798,-0.8018204281221951,1,0,-0.26265637565556704,43.1948035396105,1
0.7405045276134996,0.6031422332898103,0,0,0.4333505084638519,29.064053490778928,0
-2.3336235223896806,-1.108469706015699,0,1,-0.9441258275453274,43.33245922029384,1
-1.6845924057781039,-0.9151419943191811,1,0,1.107719462175679,36.631856004800355,1
1.0056314692653616,0.5008021260295207,1,0,-0.32199624909958946,8.805572437689692,1
-1.0472474900128235,0.048338178474893856,1,0,1.1519593918966855,2.7498355750896226,1
-0.07996039931081002,-1.0616539344872225,1,0,0.35291913683157083,16.95113596943741,1
0.4138937597771492,1.542353277311902,1,1,-0.3358901361348733,7.769162818648073,0
-2.2665879576695107,-1.0165204881531602,1,0,-0.7452330903931498,36.995289923681014,0
-0.9633577496637808,0.08354292317179679,0,0,-0.2172297259621356,24.88947780772562,1
-3.0651161193577345,-1.8323359936061525,0,1,2.1478284620856685,0.5783046833667159,0
1.5596309307842648,1.7770444445118287,1,1,-0.17465402584044387,63.11622890347674,1
-0.7067587621288718,-0.07768522504660536,0,0,-0.47194240367695894,13.801361389047681,1
1.7318975662808802,0.5584231292881451,1,1,-0.8734748022774739,16.319021818137475,1
-0.2191466983747763,-0.1011748689933113,0,1,1.3430867515523535,20.247488275826,0
-1.0783837555549383,0.014075981242626878,0,0,-0.9534490048202922,77.69581528499155,0
-0.09642214148684647,-1.4926481237007354,1,1,-0.8851423400691127,50.197883184631316,0
0.42734934574309386,0.024457173123626302,1,1,1.1242289725643029,22.627865031610725,0
1.7410749428189567,0.522046014364401,0,0,-1.572028222259583e-4,5.675652080335417,1
2.0012836215405456,0.1336932788146974,0,0,2.571696040754132,5.475706512007232,0
0.45264426387120327,0.29600114955823237,1,1,0.5584135359595958,1.8710455069172498,1
-1.5744175708945094,0.18141466460819466,1,1,-1.9218740579343807,22.152936526421968,0
0.23437701073758552,-0.6190083600456011,1,0,-1.1635998481651932,18.621590344392267,0
1.3506550238650963,-0.4376461439331829,1,0,-0.8948241361048339,27.267718131019727,0
0.18538488612473783,0.008273588912243182,0,0,0.17186903591759606,73.02924935196445,1
0.24299150525791996,0.20959688585390593,0,0,-0.058072223388299336,64.58213736928765,1
-0.30076869281248797,-0.46720278086293976,1,1,-0.51340922129584865,6.6204693394736385,1
-2.3418807960867993,-0.3052308849619385,0,1,1.1291948214665866,40.233012439005336,1
-0.3300140891088737,-1.2143934251701431,1,0,0.5552129294189481,18.333380677628323,1
0.7574755618339343,0.5154877044633631,1,0,-0.45737220297823583,5.289672071973354,0
0.12553671478565898,-1.285106734246831,1,1,0.12706102914232323,48.80631715640752,1
-0.13887827159689703,-0.7307109651476499,0,1,1.7716370025720887,84.1760239231665,1
-1.3965970408706994,-0.7537746993256031,0,0,-0.933057457766609,100,0
0.2992052396345132,1.3956624567280305,0,1,-0.6703927195578051,70.61475992917617,1
-0.045861092386965174,-0.030168647683885344,1,1,0.1574149434986936,24.733111526640776,0
0.7986874404643367,-1.0492993242827373,0,0,0.11378023586178787,23.8488980327829,1
-0.68681134812696365,-0.44939528946291407,0,1,1.8337004604008165,16.111507965637053,1
