x1,x2,x3,x4,x5,y,event
0.5026155808002192,1.1973891595370887,1,0,0.8596716442266641,7.3879880090459,1
1.4997312674334502,1.65880070824055,0,1,0.5497362980402593,23.230480517616407,1
-0.2892501557578091,-0.14966603805641324,1,1,0.10171000984090815,1.7873857768425363,0
0.8933360069652184,0.0887059626585408,0,1,0.28618309129998043,7.528134576651357,0
-1.2232663418229568,-0.7220500108325056,1,1,0.3191334007928414,10.435024469181112,0
-0.3786913359830504,-0.3488119423655901,1,1,-0.3870213484714858,25.325115041586347,1
-0.8184689883902763,-2.3323390995223967,0,0,0.1316348668192646,100,0
1.1694186337538055,0.5386127101752058,0,1,-0.6964707887049699,10.585939946529713,0
1.4611718454524938,1.5575710868833539,1,1,-0.0444797948579747,17.94115137012256,0
1.9506324529174681,0.3409875932576376,0,0,-0.15291593599243872,35.94381501003595,1
-1.8311068811454225,-1.1771567522601778,0,0,2.071848569351557,40.845686087235514,1
-0.0063853058297214625,0.18300053048556525,1,0,0.010878033712061422,82.27937540964786,1
0.0907951340500522,-0.10836810750689846,1,1,0.3974956816629787,13.279878413923319,0
-0.07053299931151948,0.0025374131580011908,1,1,-1.565104029389544,15.764584908124103,1
0.1779260971440136,-1.0392385125468235,1,0,-0.44150944585619595,31.53885213044596,1
1.5775186479803225,-0.1291427714536525,0,0,0.9915561782243882,13.39697748373238,1
-2.1905508689753628,-0.9715128246297111,0,0,0.542081739686378,1.6847574065686464,0
-1.5266835760570372,-2.0469070639890936,1,1,0.562012322055758,25.67380296836807,0
0.10252102276898797,-0.8310052222834823,0,1,1.168925622440494,100,0
0.2865636511443421,-1.0191937643718858,0,0,-1.572081098305172,19.212770979331967,1
0.18461411587676607,0.05439910109445342,0,0,0.6283992116095298,12.023172534444358,0
0.7834951413592931,-0.9543020224702923,0,0,-1.0759697527439873,71.55670073920086,0
-0.4704445869357081,-1.0941305865026356,0,1,0.22876048862578335,2.8634521396728307,0
0.7657965295150819,0.1886310258585972,1,0,0.22661006571508674,30.715441045425955,1
-0.2607366310206113,0.563608127206253,1,1,2.994370599557051,19.90303182849497,0
-1.2041768270464028,-0.309488673082891,1,0,0.17497448801144141,86.44303396353735,0
-0.3733691622782801,-0.8287297705357939,1,1,-0.33807668916870687,29.303369246781436,0
-0.103051344651526,0.84356642367932,0,0,0.4073174748241549,99.92811471894309,1
-1.6288448660532644,-1.2277826445723372,0,0,-0.02654307687051683,62.868126319892134,0
1.6817771430086703,1.380710880703996,0,1,-0.15163858397379867,17.84737711782634,1
-0.04770799841202345,1.602496558724299,1,0,0.3323964402399193,33.5341323419819,1
0.5597867944716927,0.36891271980475515,0,0,0.48966928957111855,45.31324672020705,0
0.5693554324775644,-0.11989666717689695,1,0,2.0942561645774678,0.41054122578249785,0
-1.6372241620843313,-0.5472149562046571,1,1,0.27733711347054835,10.511047095704253,1
0.14432300973068823,0.19872078446945857,0,0,0.42655082097600877,25.156200011193523,0
0.16783404439796462,0.20852910248987036,1,0,-0.12698733937825987,39.89446915008616,1
0.6337611407869637,-0.10345676685309713,1,1,1.0156361471862216,22.175824731000016,0
0.20912857790736064,0.41529689604900843,0,0,-1.3235652951217987,5.097841549075986,0
-1.8635952248580978,-0.9306391624497762,0,0,1.0834369114127744,9.289467242386278,0
-1.4688116676106906,-1.430046234623719,0,0,0.22512790777969016,9.530268701539336,1
0.2503442333528606,-0.012457226080548861,0,0,-1.2591513852871627,27.125745760508345,1
0.501116567217823,0.19405013985521816,0,0,-2.429215258741929,37.32538675151673,1
-1.1394630753751938,-1.2908758192527945,1,1,-0.3580226485031182,17.646856815264158,1
-0.35984215789435986,-0.823986793334403,1,0,1.6848867809933428,34.12861161750768,0
1.0906569527091639,1.6888637899689356,1,1,2.121409587672996,11.515785751716502,1
0.3936789818850997,1.3018681169902295,1,0,0.15873168777426208,10.535740746467953,1
0.5546292666452065,0.3345417344892955,1,1,-0.5832786734850706,33.54705121485679,0
0.7627637282336677,-0.46970298009324196,1,1,-1.2215632144790909,23.112710267175235,0
-0.7599182005039744,-0.44448846137141035,0,1,0.8497718492771921,7.788523127784979,0
-0.010321620818910597,0.6085960630434868,0,0,0.05192035066797675,23.269287302933495,1
-0.7457427160136657,-1.3185260815227209,1,0,0.17469932255198356,6.214736343839469,1
0.8576453088456596,1.0252530902402601,0,1,-0.7811481341313454,31.267447998188736,0
-0.18823128568745814,0.38534601754439163,1,1,-0.3032994305313394,76.15266071866121,1
0.8542319129423221,0.9580460102250248,1,0,0.18747055106812988,36.380068764748394,1
0.059190156114313386,-0.7149940512099119,1,0,0.4059854522900613,70.36244910550836,1
-1.685904081690663,-0.8958697958207865,0,1,0.15722128452078188,40.542209148017726,1
-0.016296315343357685,-0.4884826812040082,1,1,0.7535006035778933,54.32317359656893,1
-1.295913766875546,-0.9158027881905941,0,0,-0.9751364485178436,100,0
0.14311460502146572,-0.9111178326975721,1,1,-0.8093584227718842,19.694115288640866,0
0.376899215498631,0.6017784366338194,1,0,-0.18799691922119274,20.85933643565514,0
-0.34715750993364325,0.5508771677433756,0,0,-0.5080861470734696,9.59295446161332,1
0.730915494294019,-0.31168417129600234,0,1,-1.7174905567342733,16.41450421708935,1
0.25926318817122174,0.11754529325674004,1,0,0.6998128875330122,1.992802171391129,0
0.38619991062601927,1.650906861449147,0,0,0.15565304636695965,1.9769303624816204,0
2.18873493690074,0.41734782123620706,1,1,1.4752502283224824,12.698567620255673,0
-1.2410593625766155,-0.2732542782945528,0,1,0.38090172352775425,5.348046998072402,1
0.4985173731774564,-0.0937679627217349,1,1,0.5018065332421675,14.193306993263873,0
-0.005515732611216559,0.15206184292701805,1,0,0.13191911465715833,74.39575456327294,1
1.3617861001534708,0.009363382694790867,1,0,0.4781486301989702,71.1807106295129,0
-0.530506154901658,-0.3705599191813689,1,1,-0.6158166392196839,20.011661322639625,0
1.067857601586059,0.1642508319713677,1,1,1.5644400907439624,41.971159127402004,0
-1.2522052626838662,-0.7374153816044671,1,0,-1.7308848475561132,71.26981111123466,0
0.13880010311222424,0.8660351107160202,1,1,0.8660000940838487,11.373873652764393,0
0.39315446365478307,0.3205221791858266,0,0,0.9283191913539082,18.347503718732774,1
-1.8445967542112665,1.044577191373339,0,0,0.5006965448952673,23.193944082448834,1
-0.80264124926131,-1.267782961499502,0,0,0.5136503257138118,24.062814873993588,1
-1.1096009517524013,-0.3374959733630024,0,1,-1.1233191426280662,65.91166040898544,0
0.7505863802852104,-0.3127752319345706,0,0,1.500212051670279,14.157353330648913,0
0.26541981162198963,0.8898430077889654,0,0,0.6953470678402518,12.7116373423527,1
-1.6117598445340846,-1.336985850163789,0,1,-0.5847337653756863,25.970053282149458,1
-0.4636449929293792,0.21966561377761007,1,1,-0.9449192719302303,9.504526872521339,1
-0.36409857086105724,0.23522671439917076,0,1,-0.6367788803281211,10.040673575275525,1
0.25473652058553536,0.4475305842711943,1,1,-0.06611363730727493,28.67197407343366,0
-1.3684144204671254,-0.6704174176565433,0,0,0.39919674876856853,60.906940472786346,1
-1.1238445906706909,0.4424654948720591,1,1,0.3910446187023798,29.034981052299617,1
-0.17367659998398216,-0.5507796917178022,1,1,0.9373538588440148,28.2755053881672,1
0.216093437824665,-0.13596566099677118,1,1,0.38079475235968285,0.7332006310085507,0
-0.21552052573173155,-0.632835687126191,0,0,-0.6811563923095576,26.189524736670034,1
1.3319013149735734,-0.3233010804544326,1,0,1.3407307098621761,26.870750655473863,0
0.526354805959101,1.1332795289052666,1,1,0.09369377050883702,4.662462585769989,0
-0.41844957965874297,0.9780161720573899,1,0,-0.8601445430671923,49.31875546897619,1
0.13320103052920035,1.0580317773978598,0,1,-1.6995859713845225,28.643027032077473,1
0.4664273614604451,-0.27608793376402074,1,0,-0.9565572653541826,23.590858782849285,1
-0.43108247394723126,-0.504678258727023,0,1,-0.15510664494456936,92.02895344005516,0
0.5246638193628732,-0.4173504829839333,1,0,-2.037262900601207,63.196810155101616,1
0.6324204034011738,0.10599728053266233,0,1,-0.08687298217936981,14.020081559187087,1
-0.09837568568334061,0.9311878682691483,1,1,0.5927364839380379,6.033073869013637,1
0.7564498173631989,0.43667654256014765,0,0,-0.12571934981925162,69.75244480554171,0
0.7307884511607939,-0.358049506770915,0,0,-0.6716207149526239,13.160259550101024,0
-0.9271447704417521,-1.2221133597177583,1,0,0.736518580343729,100,0
0.06046047406897786,-0.8626282326962764,1,0,0.25421365882422825,45.79032154317699,0
0.6085352384869703,0.6523095852583611,1,1,1.011245534665115,37.37589819925158,0
-0.6400326523560133,0.4498157981878779,0,1,-1.8236024436182572,27.52995198107382,0
0.6161115475372401,0.7676342199050041,1,1,1.6767879028526227,8.93423708244056,0
-0.1628261253472353,-0.1386734494889501,1,0,0.5417159012869375,3.0561848228044926,1
0.666389818031286,1.0201324014259088,1,1,-1.0770797141329498,6.145975357743651,0
1.388704806573564,0.165361941167947,0,0,-0.7039604115251801,30.461142514869522,0
-9.479648968027425e-4,-0.4928751149537627,0,0,-0.16970286781383856,64.40839913567541,1
0.554436254660854,-0.6807236318579737,0,1,-1.2747734984567174,55.65617736205119,1
1.320575758947491,0.5699710269142286,1,1,-0.7087411412553706,47.410359424172974,0
0.3372737767655938,0.9631737012278965,0,1,-1.0519326785551726,35.84424000220392,1
-1.830644763430946,-0.27683105975989886,1,0,-0.09673830107433805,36.63692839085197,0
-0.050470451166612446,-0.05411161531189775,1,1,-0.6328026174935367,25.250702034745395,0
-1.2222269709790732,-0.928011100590319,1,1,1.538368134889943,31.082839770194852,0
-1.486773976049521,-0.5590719625767476,0,1,-0.3416268807903758,29.470305556078337,1
2.121460421876978,0.41519843154067126,1,1,-1.657348226746894,42.59824503159851,1
0.6380651844220405,0.3072777525408883,0,0,0.8099273712186555,36.972778286108856,1
0.2248895915764857,0.9997759120139494,0,1,-0.9569535198725254,18.171138708575597,1
2.6766319271839967,0.26798013090440764,0,0,0.9912038862541005,29.69141860596355,1
-0.6842006370721507,-0.26228061122352886,0,0,-1.025342319921127,73.77601596743807,1
0.562491201550168,0.8664410677862467,1,1,1.9451978009479205,26.72752659481831,0
-1.5161985903158093,-0.030045683588078687,1,0,-0.229928974284169,100,0
0.2853102086315217,0.518522761524298,0,0,1.550783181368823,85.34618343130435,1
0.32573976157612444,-0.8615984236253427,1,1,0.12027475103471172,4.752915693660185,0
1.5102372810323912,0.284396089317836,1,0,0.7922920084369294,50.98095833860553,0
-0.18297029527107836,0.6550315008717803,0,1,-0.9190528175050732,30.31001407656006,1
0.05094982405167839,-9.177705469717475e-4,1,1,-1.9537163513625622,4.33157338262723,0
0.9005919243595553,0.4378428282942807,1,1,-1.3831463111559044,34.584146351516075,1
-2.899788500849799,-1.6981849699695424,1,1,-0.700289082235131,45.260742394929366,0
1.3080329114075968,0.9083127420616548,0,1,0.5218455658403249,19.157382252753,0
1.044724089384049,0.5916920805253525,1,1,-0.3569254955251219,2.1792694730897386,0
-0.9603764962656791,-1.3992624566373413,1,0,0.1193612709386698,16.51786458890847,0
-1.3840165630903762,-0.772357990969589,1,1,2.234434892046172,2.605031402628228,0
0.3208105335446965,1.0403441647441702,1,1,0.39108732707118393,42.83650705293002,1
-0.7037607432108312,-1.031485920817953,0,0,-0.09679811084912326,100,0
2.724162371748801,0.3404843446438053,1,1,0.004584115590447469,18.568080206970937,1
-2.835040980914651,-1.6285954815711283,0,0,-0.11761527199760223,12.359065587029134,1
-0.9057175505518108,-0.5278360882220468,0,0,-0.00578404172925118,48.02826639050895,1
1.031055532029014,-0.18002947682078674,0,1,-0.6368718804646233,44.11656344570027,1
0.15878188057898796,-0.5284828425142514,0,1,-0.32745226542511824,79.96501810182609,1
0.7822462527190386,0.4383018872823778,0,1,-0.9919803740863019,29.375615828135963,0
0.1157567755897673,0.48062725181154464,1,1,2.85331821862592,20.891050359172148,0
-0.4516459472373653,0.8043923433866568,0,0,0.09698233590174855,11.620707715138819,0
-0.14016955332264466,1.6665427862947015,0,1,0.5005711963613771,19.8975004640616,1
1.14585127263086,0.1845835258946466,0,0,-0.5869180332364505,22.34152777491413,0
-0.06309335571886558,0.8697907277834479,1,0,-0.17381703933909556,97.68068598131293,1
-0.3081157955892181,-1.7468436209094536,0,0,0.22359786356813138,79.60282998591028,0
-1.3516136400528214,0.30264190800270474,1,1,-0.1661105395824773,18.80330069461436,0
-0.6148926421487828,-1.6082147779444744,0,1,-0.012958748297560411,29.765046577107423,1
0.8351726154791383,0.8082314324192565,1,0,-0.4564009963906131,8.7368559293648,0
-1.2257354660679693,0.5680075212251152,0,0,0.5425485929658732,91.18349317836528,1
0.3031032525239488,-0.7626972077594871,1,1,-0.49392110165925807,33.135858883997265,1
-0.5779668051424003,-0.5647631688463537,1,1,1.9373597671853753,20.435906867925876,1
0.01314358224133894,-0.23081502627553271,1,0,-1.7670496741522443,20.1552478571383,0
-0.14641781414310381,-0.5466714935364866,0,0,-0.8790215406925689,53.18329796826854,1
0.9781762739879908,1.6569313739606566,0,1,-1.6241143383291188,19.000993473473045,0
0.2746936182648093,0.33948238518924057,0,1,-1.951119641472375,21.19081614317832,0
2.0073630406631318,0.9030927866270703,1,0,0.5389195046647945,14.865835722400629,0
1.1026507586851237,1.6997906562029867,1,0,-0.887334242400717,18.74331411219865,0
1.3192477610317703,0.47276326759840137,1,1,0.20479065090880014,4.040673102525605,0
0.3481929352751984,-0.4337787850556082,0,0,-0.2525618907968397,100,0
-1.9266312708672086,-1.9260038839105365,1,0,0.39882641423814924,71.01921472786009,1
-0.031021879713340552,-0.44897214353373505,0,0,0.608794791184884,11.158603783299734,0
-0.3644836379576199,-0.0633865261485379,1,1,0.3956051259796727,21.87685227532979,0
0.5841774621157034,0.6321022039749417,0,1,-0.1485039448646237,4.010057539248614,1
-0.5923229831101557,-0.5900273802666868,1,1,-0.9162911952932742,37.72345881506445,0
-1.0572407763030922,-0.418561275585964,0,0,-0.8929539558859008,20.782736235113774,0
0.25067384383645447,0.40812894648257847,0,0,-0.8442088699607041,46.035482781397405,1
0.09214364966407378,0.6491391277293038,0,0,0.3771132826179081,10.542277795980196,0
0.46973266368879935,0.7443878474216533,0,0,-1.982938689704482,35.11776081549538,1
0.27228937220409427,0.6664005858350518,1,1,0.3786369647569508,3.8093032529093067,1
-1.876870394492133,-1.2388730723279533,0,1,1.822756437876155,0.8857879630899775,0
0.9924775761158261,0.32062120782074677,1,1,0.02444242784189795,5.0646303733475735,0
0.5701556655614237,-0.2812472496806194,0,0,-0.8520290995218249,100,0
-0.9663961916584243,-0.015871326099244576,1,1,0.7562385207155007,41.707625809191995,1
0.3704218092539762,0.8544227626126605,1,1,0.06716638044194792,22.5991936629759,1
0.44391154368689456,-0.33173651929760406,1,1,0.12238421402604008,19.48056651804893,0
-1.167493902462103,-0.9827878340697679,1,1,-1.5511310445878053,13.900935027133198,0
0.03918725249907399,-1.4218944740959292,0,1,-0.6672595249069533,26.868002132754054,0
0.3378151616887623,0.4518152263790981,0,1,0.024685602866135706,37.23650039422379,1
-0.8406187503957545,-0.46946883522634797,1,0,-1.3105146964254688,100,0
0.7338308771222384,0.08562059131716959,0,1,-0.04248337441630071,6.581721059334501,0
0.509052762937045,-4.7170410600672064e-4,0,1,-0.7877342679587462,24.83944990331881,0
-1.7582487455445315,-0.61877677199305,0,0,-0.5334304225154276,84.22940813648118,0
0.36482588869532523,-0.271172114369887,1,0,-0.14761611611296718,100,0
0.16419255571864566,-0.455702435196235,0,0,-0.42422965628523074,29.75298748518586,1
-0.14635061780892566,1.8660937646295745,1,1,-0.3597869606108858,21.792569182580674,1
-2.545858037678231,-1.5805175169110874,0,1,-1.5160111297076035,9.81680646359106,1
-0.44559199131905236,-0.5314409046439184,1,0,1.3081717921559617,16.037106010400414,1
0.5931274931944414,-0.20469015931435813,1,1,-0.548848604655126,30.958857661117758,1
0.8016823816007269,-0.48966160612759385,1,0,1.801566022183168,25.479277848689215,0
1.7651457310123773,0.4660415403205426,1,0,-1.4967991655994175,15.867737759630462,1
0.9795572483943983,0.03203714226350668,0,1,-0.8246766414702112,34.64369594800908,0
0.6066039334489342,-1.4752699926088728,1,0,-1.0307706446117038,30.440644575342205,0
0.11262233290916591,-0.32892295032852953,1,0,-1.103654022121956,17.143330840651473,0
1.073277980764948,1.6356715507396073,0,1,-0.2703146281040372,1.416542731894151,0
-0.5584008256202787,-0.018426057417246733,0,0,0.10279120840817525,33.790104642259365,0
0.23457535394816967,-0.3201128559706704,1,1,-1.828145388557009,46.359040262927195,1
-0.6157260818548038,0.39681152877249115,1,0,-0.9575627902929745,100,0
-0.025969370195972508,-0.9559797807499096,0,0,-0.816817692170759,100,0
2.074582498144351,1.0129645456830927,0,0,0.20011815684713938,6.825517437826173,0
0.5629204630294985,0.8389375938788128,1,1,0.28482335485129173,5.195391838050528,0
0.3193445583238232,-0.47758665027363134,1,1,-1.0530520447528449,30.960899383984096,1
0.2349121486328867,0.9576244632125079,1,1,-0.2760034446063103,26.146126548940977,1
0.22423938791783177,-0.004353302902282988,0,1,-0.833736642344024,6.827105596196777,0
0.29614837064982874,1.194635259138956,0,1,-1.1137935734771776,24.898797364906837,1
-0.042794550430332166,-1.450912080783898,0,0,0.354455648274984,38.437746120685865,1
0.5684188958831853,0.06485228936609866,1,0,-1.0472470724622431,16.7925287276923,0
0.3607033240133916,0.527318934411023,0,1,0.7789837819884801,15.080809446100337,0
0.25530928421082644,0.1035043038528147,0,1,0.7293347934448768,17.628720293633837,0
-2.927030453761697,-0.964822987856816,0,0,-1.6549373404194039,43.55620665962058,1
1.3476575593012967,1.098489717670097,1,1,-2.485261283255452,13.301846540534488,0
0.5114472280655312,0.33986166929945294,1,0,0.7867824074899504,33.71512690617333,0
-1.8334940238353108,-1.1978745526757297,1,1,-0.18469576483469902,30.39594931228456,0
0.5510231704720372,0.210631848503606,1,1,-0.029460196430653608,15.027232376851112,0
-0.6776270251591303,-0.5431123449824012,0,0,0.15879539028525527,61.81332826779436,1
-0.8971733313032269,0.33226459998228475,0,1,0.5450531793626902,100,0
-0.6646770891971906,-0.2560585496068783,0,0,0.2645801500641284,30.336317767596096,0
-0.1124145665028938,0.2970396350069884,0,0,-0.8511725313084818,2.6199352380331256,0
-0.9972041162507347,0.4711464094221199,1,0,-1.2233742616493783,29.943896040274748,0
-0.2734199932834166,-0.8889789185714259,0,0,0.6415927028606839,29.137771391099246,0
0.4372977438196299,-0.8921647919111608,1,1,-0.19251206664772977,15.232338363106171,0
-0.0969166253905441,1.3593356606751485,1,0,0.5063356369475841,75.92669614125462,0
-0.31993962957842603,-1.1929550813687522,0,0,-0.4527446053013307,33.706545154729625,1
-0.46865770841741966,-0.6584668878223844,1,1,-1.0140988985964707,35.38584853618172,0
-1.220412053023597,-0.467334685524425,1,1,0.22421437562564894,82.07919848807197,1
-1.5590849356552008,-0.5867419784832286,0,0,0.3160070683322146,25.72968639683136,1
-0.8680958058897813,-0.34973910597549485,1,0,-0.31529173135352656,86.12522560375578,1
-0.047216150848969726,-0.4618621460224784,1,1,-0.7305398488048428,12.599948572461221,0
0.7354856061741741,-0.8889379079985018,1,1,2.0686851481893425,23.06064620715289,0
1.6858664805356143,1.0874057191354933,0,0,1.4303021342074946,88.51129495220097,1
-0.7180091895075832,-0.017678660815618585,1,0,-0.469864942690843,7.893319404963428,0
-0.6103361119917156,-0.0994626169988087,0,0,1.1792088811103028,60.21095063066756,1
-0.4033514712899952,-0.48492289516993325,1,0,-0.44631556519795745,6.813269692393249,0
-0.23570552042225404,-0.17069493556362764,1,0,0.05280425527087986,11.64385829371366,0
-0.41818300742988246,-0.2493841282752302,0,0,-1.2764270678803826,2.3139966421428126,0
-0.4571070199176753,0.25166362587077784,1,1,-0.9125820188180774,41.821890514643194,0
0.045269664160524956,-0.36371270533045136,0,0,-1.2739017329521165,100,0
1.733391825387628,0.8703345976199739,1,1,-0.5445193082516661,13.031382657332742,1
-0.7858066143579142,-0.6199346739190645,0,0,-1.1716794371555679,8.511355440029078,0
-0.4289291779843951,-0.4712819216375396,1,1,-2.6827220049856253,45.88367862676122,1
0.6770733209450319,0.6420405345820482,1,0,0.3445112269554402,33.03684068707585,0
1.7751274894194484,1.06131279220784,1,1,-1.2930212349180132,1.3367861236948748,0
0.27726187172308703,-0.13921558805872303,0,0,0.28011099393686345,13.021925816543177,1
-0.4616976872649326,-1.5759019017766471,1,0,0.42340686416873247,16.14823547068252,1
0.5036312914429664,1.3774447385675601,1,1,-0.23793079895510355,59.10785122597138,1
0.2732865552617986,-0.16224843664402291,1,1,-0.9160346974033318,5.467059731688904,1
-0.5487782848257077,0.743744264023367,1,0,-0.6199390364281316,71.37327875972927,1
0.7982451430529123,-1.1325684507506582,1,0,0.7528163654559619,100,0
-0.625984789120442,-1.1639214243324,0,1,-0.822436127343919,13.180494016361164,0
-1.5369737978844498,-0.10412675155786799,1,1,-0.38352108713515376,42.77527619258687,1
-0.3851255043995469,0.8634575494599412,0,1,1.578166544011843,100,0
0.5522516826884553,0.1894681801223919,0,0,0.33248010313609966,34.20651299163466,1
-1.270891433495657,-0.1803381477776227,1,1,-0.3796394368335486,15.548470346846893,0
0.0199116850828402,-0.2641170820347286,1,1,-1.4765182165078314,24.79337706237319,1
-0.8372323824229454,-0.6703518653561267,1,1,-2.5003111232639355,83.01338202671161,0
-0.006049716148111048,-0.5754309902668381,0,0,1.3265821667431015,27.690047417077178,1
-0.7686934730510147,-1.7952027283738397,1,0,-0.13774203484730388,80.50779267187691,1
-0.5335240690401152,-0.05190107429458912,0,1,0.19729541332438588,27.86745037252438,0
0.2232572904723728,-0.9704969565783544,1,0,-2.244499118281109,48.72987752363918,1
0.3433528576842841,0.2217478494747417,0,0,1.1356302581927213,37.264984669665914,1
-2.214433247880721,-1.030833975527234,0,0,-0.29563547388778966,15.671459108380652,0
-1.457778916216189,0.2800786264230515,1,0,0.7279134766709356,48.95842731912855,1
-0.19208345384978434,-1.035218737121231,1,0,1.8348515373939558,21.228940709877904,1
-0.7095743917421522,0.6256077156525678,1,1,-0.9437429125672595,100,0
0.4577288127475744,0.8438172940016178,1,1,0.20106502208340618,26.564970351255884,0
0.04855525133142582,0.14218960759080518,1,1,0.6981505226004093,7.089223205461245,1
-0.7984122492638394,-0.8812101898010303,0,0,0.19671115409701356,57.62164298722028,1
-0.14508987740950288,-0.5403968787962595,1,1,-0.8296862749766943,16.123399001180015,1
-0.0010782508646714152,-2.0263393478375633,1,1,2.1758117009888522,11.629839042275659,1
0.0946316606568269,1.2495367785342797,0,0,-0.15197017167634688,13.43785094396218,1
0.6920240656628578,1.6991351268010315,1,1,-0.7171599251882818,35.13384598848798,0
-0.5938135592570779,-0.4985418011735271,1,1,1.8887531404059679,25.759087334575028,1
1.5104290295949268,1.9559262608109749,1,0,0.02406555002970858,63.475184638981666,1
0.6024189959961459,0.6551625463689112,0,1,0.622779011577101,11.66186233755288,1
-1.1765629680190701,-0.28771651845166135,1,0,1.10771328659305,30.915484176589338,1
-0.11143902083346295,0.04059021521763868,1,0,-0.1403415020080382,33.444315021526094,0
-0.3465105296531051,-0.5401714231275301,1,1,-1.3959215840447994,100,0
-0.80076253850813,-1.6568283534078827,0,0,0.526077411419466,18.981263835267647,0
0.740837654554006,0.556368276081031,0,1,0.6735759540327798,20.15999122922257,0
0.6176599187029965,1.6898307009697657,1,1,-0.22589668355603532,14.263494450222106,1
-0.8722341565059224,-1.1131966547703571,0,1,-0.4735395039308036,20.248931997948684,1
-1.0930976454106065,-0.629211556514223,1,0,-0.11132809450809691,33.89558752268353,1
-1.1789504553113965,-0.9494408833614185,1,0,1.534534176361382,38.91974332229009,0
-0.936640028590984,-0.5953534060855474,0,0,1.9646656445326272,46.10305170735369,1
-0.1223419735502754,-0.2754895539045833,1,1,-1.5205941882278187,65.85419053739471,1
1.0597391698432823,-0.042285799726574536,1,1,1.445950979573328,34.85635157422687,1
0.4810913452980086,-0.4776942642644777,1,0,-1.1666217520365523,60.940470621152265,0
-0.7410726607215952,0.21080604183588658,0,0,0.6318797007687058,100,0
0.569791869117095,0.06366641388647595,0,0,-0.7240423941200591,12.2084433126638,1
0.3051504699352454,1.0507569154480842,1,0,-1.5312246078469631,6.785216791567091,1
-0.1773609724155837,-0.9325712662682607,0,1,-0.018756338183301503,25.074181998885543,0
0.4660130733678922,-0.06865710378551448,1,1,-0.4030837938932061,21.177516116792656,0
-0.6906404168860879,0.9564137250556504,0,0,-0.8629979517046249,50.155152665982804,0
0.3250318454516884,0.8703624343988354,0,0,-1.4490608709682038,41.600300801919715,1
-0.612428877966246,-1.3486710844691194,0,0,-0.46861788933178705,29.49565458665576,1
-0.423375823532988,0.20227590142462018,1,1,-0.602764268535704,26.792485773246252,0
-1.2902343739018094,-0.3724027199679309,1,0,0.19937005735213162,46.98401834372979,0
0.04413214838206623,1.128420925227779,0,1,0.6625027266446266,61.24877319540319,0
-0.544856085132973,-0.8265739883081127,0,1,1.3895576520353536,29.70670871948332,1
-1.3261681790292297,0.19274917682745152,1,0,-0.8353906128048412,29.66577507424598,1
0.1796435714742705,-0.45107611110650014,0,0,0.06535411982954271,37.20917243174777,0
-1.6572119834737207,-1.0593816943795917,1,0,-1.7489252771423431,39.11224571704144,1
0.5870715422664948,-0.21649370842349253,0,0,1.2201391084523265,1.7877719762741402,0
0.4210347297158645,-0.10295080726634145,1,1,1.2861607564591833,21.54617958875566,0
-0.30136398780726453,0.135859357677553,0,0,-0.19017391865496902,100,0
-0.5772997830818721,0.48405970751409716,1,1,-0.3995707898680451,20.790232098463004,1
-1.3164926726708388,0.7083823001849527,0,0,-0.992416372178217,100,0
0.1563208522557341,-0.2303450332567808,1,1,0.20935809685382412,42.19486928728889,1
-0.5465929919811464,0.22823221460457993,1,0,-0.9485161125750052,15.4958776296856,0
-1.0628267313204474,0.2511543058097101,1,0,-0.7660009768852419,37.380737473860314,1
0.24941952314766053,0.8329412964181898,0,1,0.008053235708642055,3.999251818770966,0
-0.717220953180806,0.2393496177887211,0,1,1.933066617577256,16.616366077139507,1
0.7692553250361782,1.4126786711887223,1,1,-1.0361896550238359,29.09778710774582,0
-0.2422355362076187,0.10307930355388838,0,1,2.0657088892972157,6.972921610284866,0
-0.1685494447570352,-0.8332723575344432,0,0,0.5187485950005533,50.513214718090026,0
0.02185753922012121,-0.2045785545192421,0,1,0.6123770537529146,96.61050452415661,0
0.008646859619274538,0.24145822611770437,1,1,0.2617851762153113,64.70261112071414,1
1.1152722428220285,0.45433262820802545,0,0,-2.761265792439215,2.9544715210446713,0
-0.7402668281332128,0.4686922998647356,0,1,-1.2682517088894392,22.430175789212086,1
-0.3915586447360287,-1.931505437048838,1,1,-1.2793030589580405,2.1205258104947395,0
0.413366009129361,-0.4597477112868201,1,1,-0.25500975984541047,4.276776179535021,1
1.3501017961245847,0.2533521091102749,1,0,0.6960795646439548,0.4732759941619518,0
-0.7291562505519139,-0.230052517961635,0,0,0.1077523307504284,54.38740886624857,0
1.268839866636431,0.21686464227881969,0,1,0.4633540439707245,26.913928103615685,1
-0.5173720112814326,0.6051433940290805,0,1,-0.9672419884842943,5.613231712210852,0
-0.19095820475029726,-0.286481095580404,1,1,-0.7199800044669663,8.761978941617723,0
-1.340384172107776,0.36339304183342425,1,1,-0.5939263060986526,5.7498031936657155,0
-0.5671544280525803,-1.0049750678221532,1,1,-1.72299824923214,30.27898931195967,1
-0.32661147695520026,-0.2761366566703929,1,1,0.9354192609600885,21.209356502769623,1
2.422031355110869,2.014429483232503,0,1,-0.2755524880193583,13.084631879774449,0
0.6890080939365513,0.9230169362210028,1,0,0.7792496352587609,13.316312709077872,0
-1.9116883598115917,1.2663540927134131,1,1,-2.0643678797019165,0.16623220240835554,0
0.03286799977948083,0.5284405026961668,1,0,-1.2329766757723508,84.20164934417419,0
0.49004714995283566,0.3552578097248723,1,1,-1.2206334349097556,7.881437633156702,0
-0.39765017688313725,0.7955591806797663,0,1,-0.12063562547710437,4.089462585186028,0
0.34691766961299586,-0.9441312607954705,1,1,0.0661507637363272,9.429987256659206,0
-0.3720307003540305,-0.7237005706076267,0,0,-0.24987846655089258,64.69995330074622,0
1.556031078288999,1.018687027816803,0,1,-0.9320445403976882,79.35288543073025,0
2.1950629391962995,1.0877577094807753,0,0,-0.8343054739479117,18.492751457484545,1
-0.7645738397394876,-0.6319730281206278,1,0,-0.33548330172310037,23.475471390616786,1
0.8948622483848909,-0.2685529005769409,1,1,-0.40032069426814076,56.64002295918788,1
-1.7457069413858435,-2.513417106884532,0,0,-1.6645212413383004,35.74398145232515,0
-1.9682768393464793,-0.7978043934831393,1,0,1.476991712407364,47.05180296386297,0
1.948705190766753,1.1802021510478857,1,0,0.8358561947700501,0.16146299014018423,0
1.8836909472524714,1.3584824099727024,1,0,0.032658502166701686,7.950740347154667,1
0.6387704586883985,1.3062443182140593,1,0,-2.030542851577469,9.225413676038348,1
1.5428102749693076,0.5948046889569079,0,1,-1.3150602378011274,11.125388590967669,0
-1.4342202284477183,-1.0880924887787842,1,1,-0.483601722346711,54.62201660953406,0
-0.22221406660448953,0.9999311793643781,0,0,-0.3873500103365861,100,0
0.3337166576434704,0.8284291369033997,1,0,1.1089177975157252,11.169957442966588,1
-0.7836943137099617,-1.4829240481184396,0,0,-0.6561110812806656,32.71051640285748,0
-0.1514990101739814,0.39332941964744145,0,1,-1.0664656479911747,23.743103250577878,0
-1.157063175701641,-1.7160223460944395,1,1,-0.23680173717864048,24.845985306560284,1
0.5311781641614329,-0.29209582894631786,0,0,-1.1701020534001596,6.85609748992093,1
0.39871459052678077,1.1661374304270296,1,1,1.4730401542356342,3.611080373457062,0
0.875618793460673,0.621275342818427,1,1,-0.8997389318220967,17.719692901822793,0
-2.471141191003917,-0.9588813428039823,1,1,0.9684617124690812,3.2114414609754283,0
0.42730968129359886,-0.44407738880120895,1,1,-1.292234303812869,38.02776561371719,0
-0.44401061878532583,0.05594440135697468,1,0,0.2245681152864506,23.295483369190034,1
-0.13188791173292647,1.0093472239254142,0,0,0.7965793783057515,11.01479837376442,1
1.2123784154151966,-0.3649113306083309,0,0,-0.5909425188180419,30.032322568955227,0
1.2870795848270462,2.098671409962883,1,1,-1.9181290019845163,1.9741168176011812,0
-0.9633904341774552,-0.4057766437344423,0,0,0.2173818835590917,91.37131346490274,1
3.112965816776774,1.317371137364975,1,0,-1.4142402457170427,20.929146378104367,0
-1.7016572117821491,-0.10274512363305965,1,1,0.07373988922246065,32.20248961669414,0
-0.16988841197408366,0.2716094161204497,1,1,-0.8788441408348427,4.792919819995508,0
0.15043230583700018,-1.5030410670757133,1,0,-0.47181315721461525,57.778432664846534,1
-0.2791935243271171,0.004447958538618457,0,1,-1.1502225859245305,10.260224527696254,0
0.425288616763301,1.341624376515214,1,0,1.0115380386031336,100,0
-0.7637341534313853,-1.4063634084383454,0,0,0.2894927365867706,3.3355046216403896,0
0.4029644992038593,0.12726737445656117,0,0,-0.5115741121609723,46.98282526202604,1
1.7247502104393477,1.5061626123370577,1,1,-0.25116576589695055,4.5516724412358425,0
-0.5319983988250183,0.3863298534958862,1,1,-1.6095557411200152,5.986503308329172,0
0.41822502460827166,0.4021488329588192,1,1,-1.3190607685482434,38.15536303759089,0
-1.335414209035695,-0.9278738854142795,0,1,-0.7021744034305587,0.6950245119478851,0
0.032663844978714426,0.3936317277641861,1,1,-0.028467971280924088,42.944717836888906,0
-0.5501672040012503,0.6257535519039803,0,0,0.3627707676389415,79.32002250413996,0
-0.5175423663560255,-0.9362685784743707,1,1,-0.18595473782518435,0.20351121124473626,0
0.03169141593145759,-0.8787483261313539,0,0,0.22657258071968317,21.83879766957201,1
-0.9891812091567622,-0.45095391010411057,0,1,-0.013534189228945783,17.380848791151514,0
-0.9449600816264507,-0.49098250520989467,0,1,0.11480847084052444,42.94110762319467,1
-0.020561905786820947,0.36975027369929403,1,1,-0.4070288092475701,26.045181828121937,1
0.1748927158020293,-0.48876079190877675,1,0,0.38994210641042093,61.5055677176362,1
-0.3233726981958229,-0.9249077247666061,1,0,1.7602525958028417,24.956931415574484,0
-0.39087803343083055,-0.6771681975816239,0,1,-0.5730480297783999,50.68271218874847,1
-1.761986418642283,-2.1933353630882233,0,0,1.3276371935975664,71.23318202766791,1
-2.583894866543745,-1.5770297296779305,1,0,0.7622339286052588,100,0
-0.7531632209965385,-0.6341823388587673,0,0,0.06994084290614157,29.30474167308581,0
0.7346338298064036,0.4895851258875775,1,1,2.299279759090897,32.334070255643496,0
2.4785305296906115,1.2253420505890558,0,1,1.30486128698835,5.825374352016987,1
-0.0219125642691734,0.09291046392117963,0,0,-0.14001971146913206,17.742626842109715,1
0.08768744845371747,-2.2409952364016155,0,0,-1.4478568282212334,23.497087795732803,1
0.7200990528908843,0.08596074876721033,0,1,2.1780826576426513,9.563356687550161,0
2.0626932367457678,2.140684002160362,1,1,-0.82100277814389,58.90343162537878,1
-0.02073712415816349,0.4953221447751357,1,1,-1.4497146602301476,18.6649929782992,0
0.8690883064426288,1.578603368968071,1,0,-1.847987918080393,41.506667346516345,1
-2.3736327631089256,-0.09787385690083794,1,1,1.0313737110095558,43.89346773329713,1
-0.27076079545656684,0.22597669200516135,1,0,0.15331940187631263,15.079340732460745,0
0.8073041303174514,-0.5926064506651614,0,0,-0.9274167997645633,20.504428999145087,0
0.024892556496978042,-1.0348178419498952,1,1,0.0847451508950868,5.626544057745237,0
-0.2851724935540416,-0.6291017321729163,0,1,0.006364713912868357,39.15498824059638,1
1.8719871932332353,0.5027516876513289,0,1,-0.46173628283050666,32.26588471567406,0
1.0179007639811255,1.605874213771704,0,0,-0.4791323536440399,49.843455847900515,1
-0.10190758414824473,-0.08212300582978677,0,1,1.7378333854794659,14.590738329375288,1
0.7074664507908123,0.30611358429766866,1,0,1.7689624676015403,24.01735976304672,1
-0.7378818747634968,0.6769457775011011,1,1,0.47719924657937235,24.00207483580406,0
0.10921574502042049,0.11702549463308323,1,1,1.2874073454566919,9.66808750253996,1
-0.5010119029332035,-0.8312514111606726,1,0,0.23149083187533803,41.60638488339121,1
2.0132613496458935,1.3925400237277186,0,0,-2.1458625676143277,27.038579869952425,0
0.36841522851313674,-8.418709606216046e-4,1,1,1.0503887774377483,14.833202798821942,0
-0.6733987349323273,-2.3344058622390462,1,0,-1.2978275567877076,14.351597357025186,0
0.6094479290612745,-0.10776729206205865,0,1,-1.7023308638815082,16.32396531614617,0
-0.22805696563710676,-0.8602276014839997,0,0,0.06399919452924532,2.660153498388424,1
0.8188147609473544,-0.5843483522510987,1,1,-1.466809707667016,63.72604239265454,0
-0.1949874361619011,-0.566313320438799,0,0,-0.03055463674131361,30.26825830789221,0
2.0942921227150153,2.018467686975433,1,1,-1.3777428128158988,24.919504863292925,0
-1.3434926234633908,0.34721614064927475,1,0,1.5967272672819728,100,0
2.5856633570161,1.5175647689459204,0,1,1.6232014533617467,36.62203604463292,0
0.1839868238317213,-0.8366470147679087,0,0,-1.079113614398185,41.78825279007256,1
0.5994681183912256,0.21501691465496245,1,1,-0.8727737818483535,32.681271312575525,1
-1.4434368426312372,-0.7288191192321337,1,1,0.3319204404933514,16.92605682887948,0
-0.9028261169044899,-0.37427120957069504,0,0,0.7135218983018693,27.801298341831142,0
-2.2667650028513875,-1.1238754866226712,1,1,-1.8138442856203503,8.302084592786157,1
-0.7058422456289534,-1.3476503634058647,0,1,1.9799406345989319,15.773715714035694,1
-0.21295589371971319,-0.2361095562749341,0,1,0.4519749573971706,4.154926131084088,0
1.013349894250318,-0.16682140348387509,0,1,-1.9283254533820198,4.828874760487368,0
-0.6171420859745361,-0.5836015211840218,0,1,-1.0418237329451228,27.47752707421072,0
0.954262582298598,-1.602470342328663,1,0,0.6777538718768079,53.17448260324516,1
-2.4174583990524363,-1.4576820172625753,0,0,1.1923598387579628,100,0
-0.090303598260698,-1.522177980277312,0,0,0.1602873759803905,15.504324636416602,1
1.3806774121460592,0.3231930185691255,0,1,-0.04606461482455228,11.391660117904715,1
-0.13286032636976638,0.20680576640305376,1,0,0.655092148332299,19.627755739351468,1
-1.2529217210898826,0.15157074120353875,0,0,-0.31548226637296223,7.242087073184461,0
0.3713742836109421,1.287750928202287,0,0,-1.3095373601119014,47.79027682500277,1
0.8746030665907206,0.6778300774213953,1,1,1.006331475378969,24.564719579079778,0
0.0625847784737256,0.26726109293731776,1,0,0.3466152684071214,21.898394161266797,1
-1.438195592619094,-0.1161127054611596,1,1,0.04734929749570993,34.704055028768835,0
1.118842958230714,0.45189628818883,0,0,0.047067557106780934,41.57547116518075,0
1.1775836063552017,0.7803491202598608,1,0,0.8261868164657223,41.097758288117475,1
0.3827245030147608,-0.4932384261160513,0,0,-0.6429552491008037,64.4047660149036,1
0.7987282852081621,-0.12588323759604714,0,0,1.789045398646978,47.06917076627079,1
-3.0211955863091235,-0.7948674674527684,0,1,-0.8192364454215632,48.466398746471796,1
0.1294422241242249,1.0730853043984756,0,1,-2.094639753734952,24.737170632469695,1
-1.8661506779766202,-1.712577065721712,1,1,0.33778903129201343,87.66438516788048,0
0.9378845740025111,-0.5874450389057402,1,0,0.057876815174426555,58.39182343223739,0
-0.78130606127652,-0.7845171443766272,1,1,0.3141034627265087,22.223556408386653,0
0.6232083313912388,-0.1458144183392865,0,0,-1.3987571592190624,16.825266893463276,1
-0.7144213159156889,-0.27102620000741845,1,0,-2.2796887677176905,39.085972271804685,1
-1.8712582630927148,-0.5796150537253337,0,0,0.5038708315165097,70.36645056831905,0
2.8804506392286555,2.576085629174319,1,1,0.9976669688084481,35.170951418173,0
0.1726908181268035,-0.5953311502013632,1,1,-1.0877020037202794,8.1749669969485,0
-0.25840193478111095,0.3926567961289314,1,1,-0.5896857247890017,15.516578275153755,1
-1.0868726024186741,-0.25165064813508337,0,1,-0.5340715357896024,57.67963723438505,1
-1.70063097500356,-2.2059441972991607,0,0,-1.9825848544832663,96.79566157875055,0
-1.0169686214900964,-0.5421855343620252,1,1,-0.8026018307086857,5.133390305886193,0
-0.21505286966313586,0.3513101480257656,1,1,-1.609761965711555,0.4277818062522947,0
0.8833484436530797,0.9215259560810609,1,1,-1.046206515111028,7.570790890041709,1
1.0120865479597294,0.6968288956260457,1,0,0.48111778182671494,85.08242783422665,0
-0.2877895277777094,0.8553393631913172,0,0,0.023758855658868212,16.865315616415213,0
-0.36318422884020046,-0.3353135616029572,0,1,-1.3880308668744314,14.941056073729104,0
-0.9049526491996829,-0.9851818091437667,1,0,-0.3164693881185878,5.23904580589898,1
-0.07834773398623128,-0.07361700016021396,0,0,0.15757913150885833,57.34082544857243,0
-0.3050506459204808,-0.1955497013951913,0,0,0.13516062697148729,20.88616712278679,0
2.2235897320101095,0.5582893359253434,0,1,1.1403430335223175,10.49367268143891,0
-0.8691744617253959,-1.1334622124805536,0,1,1.0043300322093398,82.21215549795505,1
-0.9241646798417867,-1.4625362404263484,1,0,0.969260087159412,20.64065692088754,1
0.3527073341707326,0.3505151524349812,1,1,0.3559903180187569,4.101819635996959,0
0.10355925879343218,-0.32098205891381737,1,0,-0.02202194931083428,55.70382027099061,0
-2.1234719306075514,0.08244584310248904,1,0,0.9553973923716779,23.903187455991038,1
0.19542518005579085,-0.6613183304173234,0,0,-2.6965478028673178,100,0
1.1444825600119966,-0.6593303683152995,0,1,0.4565295705730384,19.25281833672192,1
-0.21824395005780708,0.9826306750564707,0,0,-1.3472289279558487,61.3134791920167,1
-1.0574521378157289,-1.7291483242584862,0,0,0.5879192722213596,100,0
-1.8576033661557159,-0.41711743993211214,0,1,-1.1474383680084106,100,0
-0.5630766619480515,-0.7627786206296114,1,1,0.2085093631644937,9.382297196379618,1
0.6359755186924665,-0.743667448186889,1,1,0.829742899438031,18.958314525207992,0
-0.7822732673751356,-0.5483759999954614,1,1,-0.9516622039387582,16.819051032171362,0
-1.501424911090776,-0.717379431596736,1,1,0.31418949089462295,38.74242518950797,1
-0.9236948575682205,0.27135451836413027,0,0,-0.39128252830401394,52.06642730978436,1
-0.9306043627780054,-0.29175772619037493,0,0,-0.5770506719383255,68.58636102503534,1
1.193879870973132,0.4488135726730894,0,1,0.4945614558092698,37.02225572057013,1
-0.1435576427848116,0.48165312634135327,0,1,-0.41062645073731086,21.845734466007276,1
1.0743932316299274,0.33377060852811247,1,1,1.6742206015010492,41.30849941280806,1
0.9504679396251813,2.028657385722667,1,1,0.3064965870282364,34.36736253887007,0
1.6527282208331748,1.075940723379869,1,1,-2.150209751838693,10.706664101025584,0
-0.757802743419261,-0.044070190505356044,0,0,2.212299916970262,22.610355856452575,1
-0.11742153066316308,0.9589516789231687,0,0,-0.29876363840836545,34.507880956693235,1
1.1190894281574382,1.3701060504024247,1,1,0.9597315524810046,16.101382510224823,1
-0.5925822384620301,-1.1269402367408698,1,1,-1.8887282151760283,58.02218628924953,0
-0.1072138900383251,-0.31210465771085993,1,0,-0.3488609762131923,26.541456640285727,1
0.7239751232742739,1.2596431742342324,0,0,0.8774282640717743,36.193955019626884,1
0.8578557194400925,1.0211073838258684,1,1,-0.5939580972619942,17.991335714542863,0
0.8588837657656079,0.9970437308875656,0,0,-0.4607826034398075,8.480810368470395,0
0.7567572384384433,0.8286981752056566,0,0,0.9953795800303207,16.82524482986787,1
-1.5001627827619337,-0.7425818692891947,0,1,0.03326258677274621,90.89125522274243,1
0.4817487937642491,0.6487999475427264,1,0,0.06158562107217453,30.756541021279176,0
-0.8632322677260689,-0.2741694254610415,1,1,1.398385965830758,21.046724044386274,0
-1.086527196289978,-0.5903025022202838,0,0,0.7560898104712684,7.014600165957713,0
-0.7371042038116012,-0.5474744341313509,0,0,-2.2152363703861147,96.04119601394501,1
-0.5776972362551784,-1.1316736285626545,1,1,-0.5158339430324758,31.902936644425743,0
0.5662926952822248,0.25765475023744827,0,0,0.7907283596525168,67.86785387780762,1
-1.5962521692357454,-0.6300541120258748,0,1,-0.028249481674428527,25.13432880327041,1
-0.6700304970499685,-0.3970253647503107,0,0,0.781842002568694,8.64024135798904,1
-1.1520796004079294,-1.0963159217176703,0,0,-0.2784748090809711,58.641107605841114,0
0.3673341276521599,-1.0092849118905922,1,0,0.8430659032410216,8.498965845999098,0
-0.5762729755451809,-0.17791820990809126,1,0,-2.2082022300235695,79.74890992938187,0
0.10166510696005887,0.9187083318990549,1,0,0.5470096716400206,33.92561504343771,0
-0.35798518785577854,-0.3556237832744237,1,1,-1.6539498168074027,40.318313322542316,0
0.2983648993399801,-0.36105422044664237,0,1,7.453466800063998e-5,32.42031832146884,1
-0.5167945823011222,-0.7557857566239446,1,1,-0.1113174710627482,9.821468905396548,0
0.3091524979110113,-0.46561423146870323,1,0,-0.025648967077329846,45.949084401031826,1
-1.2744876066577457,0.04729981380843262,1,0,0.23315063419704715,68.65952614672494,0
0.14597090304578414,-0.021706328179829648,1,0,1.861117152084758,70.46522122351698,1
-0.15452221217598688,0.12286496587036697,1,1,-0.04158970664380402,10.134425674652713,1
-0.7814563873067406,-0.45770439241159466,0,1,-0.8161223022115446,52.260345740164965,1
-1.170192752350116,-0.4252916776225444,1,1,-0.4703414074581712,2.310500504567677,1
0.26973799030995477,0.3690172318198597,0,0,-0.254328177576471,0.16095878981546335,0
-0.6179587999545588,-0.035156666033286044,1,0,0.0016945321353460197,100,0
-0.4041380871096321,-0.15493432231533721,1,0,0.5994792903745513,8.022702188094808,1
1.8626400926161661,1.7874051158827085,1,0,-1.3707924878345845,42.52990771832567,1
-0.3604653379617781,-0.6969431534255054,1,0,-0.3584610631105086,70.89741627567841,1
1.6843468984370988,0.7430290803357955,0,0,-0.31874621183559554,22.86572312000744,1
-0.339771792243696,0.25089634961519713,1,1,1.0178234274969111,100,0
0.657117441698921,0.18932138875536056,0,1,-0.8004350309966631,41.41977261096798,1
1.4432238168813754,0.8756104288405412,0,0,-0.8936482810052969,14.833826784338042,0
-0.7064506067941227,0.15668440411944407,0,1,2.0393800137437754,14.361456514467639,1
0.1807917533140471,0.7911929834398334,0,1,0.8349064190465821,38.11149161070331,0
0.37934995782518494,-0.6218650010887903,1,0,-0.49240301783600915,44.93672108487377,0
1.071369094037153,0.8750130922849538,1,1,-0.36664721162555003,32.622929797062795,0
0.1023989784736962,0.02549671581128563,0,0,0.08808853630263896,75.92525070197337,1
-1.470819569076907,-0.4104123334781238,1,1,-0.17761037748395642,30.862540759959394,0
1.2425804733201251,1.4637945060183757,1,1,0.7042426042900889,21.871851587637487,0
-0.6107274043316897,0.18650022340175443,0,1,0.47956635880472953,12.040726393373104,0
1.789646075427555,1.2119649329085327,0,0,-0.40206343429821,9.900127767200736,0
-1.0052859019546263,-0.2599541382871308,0,0,-1.9208631714093434,73.17073688907406,0
0.26849539347908724,-0.8243306292366632,1,1,-1.0757432244932144,10.905947020599598,0
-1.1548762845741598,-2.2434252583147223,0,0,-0.721314246249562,23.78857046996046,0
1.2905433696974062,1.3922099535988064,0,0,0.8520381221192418,21.876826014572902,1
-2.122683736277195,-0.4087599353105623,1,1,-0.6117405786569604,45.135966813416005,1
-0.013455967422012653,0.26395299170744063,1,0,3.0286529593184808,41.7889916463081,1
-0.7812183765939718,0.19229364582916064,1,0,0.6936015178691206,75.34137999298794,1
0.25702688012774405,-1.2681021004924207,0,0,0.7457947736618395,27.137142032828745,0
0.042436296325426705,-0.12650725850302294,0,0,-2.23991914647004,44.23735577353123,1
1.1755714915453825,0.819216696702078,1,0,0.032124969921809694,25.20168409480682,0
-1.6642048765402369,-0.2575487085571727,0,0,-0.41809717141871633,100,0
1.2395028159262647,2.3902380103658967,1,0,-0.7052233673152835,45.0167692965366,1
-0.4486045130815648,-1.1145527559071955,1,0,0.97955729715671,100,0
0.9383692209475405,-0.1648350167497128,1,1,1.1445005880400023,0.3563019923030476,0
1.0449777683314496,0.7614039714826872,1,0,0.6574619471873898,23.28599754521146,0
0.14144079727235673,0.1279639370613847,1,0,0.9895237575256953,11.29494934773999,1
0.2886508555559576,-0.0686639034948584,1,1,1.2329361816648958,38.81326144328473,1
-0.2569079416185727,-1.207713442158869,1,0,-0.27090897409620474,9.128208066041763,0
-0.7743734009103922,0.5964580004180401,0,1,-0.13074754446637923,42.76243454120785,1
0.667328135807861,0.74061364104409,1,1,-1.0018577746738653,15.423021473043754,0
0.38342967104402653,-0.12303209842011467,1,0,-1.9403998249759462,62.26632766186856,1
-0.010065515849621268,0.13873455968511608,0,0,1.3232275115613705,11.722874236096882,0
-1.072323025613764,0.009836774675504034,0,0,1.3092771693493872,100,0
-0.10757175081589408,-0.21580254110129532,1,1,-0.38369889003042007,47.28141628526569,0
-0.2737777154348496,-0.6928993388678143,0,0,-1.5950397960179947,34.06064043477465,1
0.4645160178100961,0.13877069982260715,0,0,-0.8848033399197942,17.297263386418216,1
0.0722629770882118,0.24867782375190173,0,1,2.044368988338097,3.635656861224914,1
0.10733434198524777,-1.2271555877914737,1,0,0.4034920147707545,2.315463915016324,0
1.3445729665174924,0.18151033493253615,1,0,-2.265038027775238,34.642403065613024,1
-1.2749104800793876,0.2694884361287805,1,1,0.41840007482724606,26.26785926481917,1
-0.9625274898873842,-0.5665454851492081,0,1,-1.4773881432752314,31.15064960228233,1
-0.5140478341654648,-1.3056803761839186,1,1,-0.6180122430878283,4.658408530062076,0
0.5754741510911129,1.1414939179816257,1,1,0.05072876653410308,49.1390332238796,0
0.34756549562822764,0.7841259801592639,0,0,0.5902445242846972,47.41505085272646,1
-0.7353874614331116,-0.5595419368174308,0,1,0.7290118762346384,45.24153987716935,0
0.8667534845401126,0.17117843433851676,0,0,0.9358475857418291,6.238330507794793,0
0.24756808663582616,-0.2022454793100455,0,0,0.302313011160848,20.991531059815685,1
2.7590682375786737,1.5104827374311367,1,1,-0.23981052264455952,7.786751847921916,0
0.9650612089539691,0.06922441151365871,1,0,-1.6776640245976442,23.378504419064484,1
-0.6533058816350812,-1.1001689011882447,0,1,0.9653244876610649,20.165859389792573,0
-0.5475545144562735,-0.8900829908194804,0,0,0.526573430494646,55.90968633915322,0
0.4155724854582394,1.7015966732063461,0,0,2.147682690582438,52.139953345162056,1
-0.9933147630009239,-0.6524829523308645,0,1,1.2539243553386707,53.88002292219496,0
-1.2702479563835676,-2.8262381915297796,0,0,0.5614495363410017,61.6976309095132,0
2.17221179111447,0.5460990937406103,0,0,1.1332886641627093,28.98098926933537,1
0.30865301311934373,0.22176668716966677,1,1,0.4967652300185277,40.09703904194405,0
-1.4489820796728679,-1.3000580152549985,0,0,2.6309608856209823,33.17957099482114,1
0.009474854119022698,0.2787006108177302,0,1,-2.134327653516655,14.458614854724443,1
-0.48687430228613615,0.734567135906984,0,0,0.2523590563934861,6.284153281052975,0
-1.2818360598210727,0.6446498888420267,1,1,-0.5442083130122661,20.355771268644215,1
0.43202798154110866,0.1131779226100871,0,0,-0.044865166414667396,20.807001145571864,1
-1.6371434645438503,-1.063695085101431,0,1,-0.13470034587796859,50.75809940234291,1
-0.0886144127162916,0.09609404759891532,0,1,0.07880757088408523,9.13927742712177,0
0.34868487171888995,-0.5996996622439896,1,1,0.5917382754226022,12.761532514265161,0
0.5276241865679342,0.0068881762089744725,0,1,-0.9029872318980087,8.805890170493617,1
0.4956351165351745,0.016158654833330677,0,0,-1.6331159527082584,46.346369942569105,1
-2.193983785930872,0.012495043079712831,1,1,-1.5629918475646418,7.275131918367597,0
0.12998487289923502,-0.17046316411323992,0,1,0.338794922087934,45.10476664101163,0
-0.32707452079594,-0.12451021075100635,1,1,0.6461761157287342,13.205784015033528,1
-1.3904942385883172,-1.4083315111607433,0,1,-0.9785989909114274,48.97391536320115,0
0.9200424223402035,0.32530354120119365,1,0,0.7012725713656798,8.810998230019619,0
-1.57720300440802,-3.19097628180387e-4,1,1,-1.0722237066704943,51.52868704005309,0
0.8470806582814783,1.1156304290593548,1,1,0.8525036108846791,41.04795537123901,0
0.9979848274649078,0.4975320668566089,1,0,-0.04154172781037286,37.60651693532067,1
-1.4171169571348612,-0.5748923754720461,1,0,-1.2069305985150163,36.92569289423794,1
-1.8164235315144341,-0.36178783216352683,1,0,0.2633347615699384,28.442258265145387,1
-1.3556741515750361,-0.3126875031112683,1,1,0.5628886149207516,27.250499467541843,0
-0.043888824940201555,-0.4953247787977032,1,0,-1.003737368596055,10.669095316851724,0
1.560223845332635,1.4253145049382674,1,1,-0.7458194865773922,12.586433331029113,0
-0.15553218681026706,0.0826828725593655,1,1,-1.6979442816356887,32.07645284549314,0
0.2524883964463202,0.6801119278146965,0,1,-0.06654854169786446,40.22603200820536,1
-0.44237706603515103,-1.4496145541046204,1,1,2.1423774077204127,0.48372592641105927,0
0.7184551405348563,0.032923151414952556,1,1,-0.7162596395917269,15.59220004781106,1
-1.5784866641664812,-1.982432835273509,0,1,-1.7114283458999822,0.1566782552428536,0
-0.6460334975080537,-0.9620869514977696,1,1,-0.5803455835072834,6.8348152066638805,0
2.102756733540114,1.2310191506341628,0,1,-0.7012912142391364,5.169744244002208,1
2.2404819681325945,1.1431367345431238,1,0,0.1527263744460577,23.5704170430622,0
-0.8585207324848022,-1.1241250345683593,1,1,1.354137706678982,20.750324899178025,1
0.4408493749166958,-0.44385490898983593,1,1,0.12826258602525709,12.793291839661709,0
0.8876293114772738,1.9411588192783351,1,1,-0.12475822599027761,43.57692250819543,1
1.8650126195535928,0.9374935611292656,1,1,0.005355018180362992,24.2192416589651,0
-1.3152875866849645,-1.3823977954723585,1,0,0.22377412664827986,2.740572539767537,1
-0.6133351123177456,0.06613433401425312,0,0,-1.547953739790342,48.955469521515845,1
-0.5814092889927137,1.132721831376825,0,0,-0.07891002047862622,39.77945125011391,1
-0.1158303824713542,-0.92532109775706906,0,1,-0.6019986749247498,45.81617797086511,1
0.28713072371568155,1.0392689319264798,0,1,-1.5520934115187306,42.87033570849199,0
-0.6454990773656825,-0.3520123536363917,0,0,-0.057588623886018854,15.723792878822465,0
-0.2686662954560827,0.1844260897912158,1,0,0.5148263640911469,3.6690979422784356,1
1.6760933816938515,0.429604001358482,0,1,-1.808229641036439,10.197093141549834,1
0.36210839152649166,0.9227165024388986,1,1,-1.477447226165787,23.619075367839276,1
0.7494332059598416,0.2425318467062696,1,1,1.3321698393605563,18.743495267639844,0
0.2809117223860923,-0.40551429449595905,1,1,0.401550376132797,33.25002268235054,1
0.9899070446955693,1.0018919536100483,1,1,1.3828540248585615,73.19548387598135,1
-1.7112822883990504,-0.1716448159668036,1,0,-0.9246997039284535,37.466733051962734,1
-1.0297645467873942,-2.2277417755940947,1,1,0.5114697963156354,24.8699966358281,1
-0.36308586626378303,-0.2135545891214859,1,0,-1.5796634757194883,12.967364459352048,1
-1.9525023540447701,-0.60691600900851,1,0,0.837966454476449,90.91911316726382,0
-0.8409254760614624,-0.9106571197817399,1,0,1.0782127689378747,41.797467862974216,0
-1.5012510558244698,-0.8881458552905604,0,0,-0.6246075957322536,51.55848076286158,1
-0.15687162211078715,-1.2261059061426927,1,0,-1.367405561549062,95.26962265276788,0
-1.0235099556092524,0.31760754486289833,0,0,0.8387104271286661,91.41726562461731,1
-1.8977272917940071,-0.6110154117231202,0,1,0.8497808075413622,5.2079120240567525,0
0.17728555132829954,-0.7174988562579631,0,0,0.44934094453573376,61.05166136036385,1
0.1577890684171989,0.30143773374264865,0,0,-1.0104829026141378,9.110537367118035,0
-0.21266105981095326,-0.18724312479635352,0,0,1.1878199931653821,16.09823240477222,0
-0.02361628312401797,0.5957582048642048,1,0,-0.15666872008244725,71.4670844299771,1
-1.9058967898719106,-1.2362624025208824,0,1,0.44806743478986294,56.750433347422714,0
-0.8508813083729739,-0.17625566264532458,0,0,-0.4694754360370337,65.2609592769542,1
-1.0175483373992598,-0.24536556639211565,1,0,0.2867597579182816,50.377106833916585,1
-1.3144637164008444,-1.732250174812211,0,0,1.0396529325021597,32.295555196308264,1
0.30470277296852866,1.249087085736274,0,0,0.25338718019203194,30.79060246232656,1
0.9771000996914909,0.05041433678952212,0,0,0.40963513215714137,76.60101490101235,1
0.5966040727566813,0.7892723282615037,0,0,-1.023305757143823,5.375020963159492,0
-0.10861608644686505,-0.6432826364678944,1,1,0.3132263763571376,16.068296644340364,1
0.5709723379918161,0.5396500026308292,1,1,-0.7970987846241586,4.443088859329795,0
-1.7215392373819751,-0.357482387723539,0,0,1.164376678422607,70.68021587380056,0
-0.3048475331050553,0.17466121690533226,1,0,-0.16442936098745262,44.88551901679328,0
1.1488528573118513,1.9358917332529946,0,0,0.2343723325657665,9.39305870413502,1
-1.1337317874881134,-1.5122377239678872,1,1,1.195467740493892,5.961318947522688,0
0.9285689004825383,-1.3625193455559523,1,1,-0.47368980796225924,1.1289310552525598,0
-0.6171181159752659,1.1699191233650632,1,1,0.2835558623288054,20.660067593274235,0
-0.6137100805132334,0.9610051488839163,0,1,-0.8207411856937409,20.339397615212306,1
-1.2806740607456566,0.5467881527985267,1,0,1.2239800047033125,10.831626050969295,0
-0.03362419289676142,0.15521257657429066,0,1,0.6212567598771358,13.451958392659543,0
-1.0072897644826557,0.7219255846324134,0,0,-0.7273364224829517,31.73935752718837,1
0.22079589576026457,0.8845473335091503,0,0,0.1220994105749537,81.67215317027136,0
1.5953934501272746,-0.13247783657237067,1,1,1.6734523631730023,33.439197869608996,0
-0.6836163630920452,0.31708822824541644,1,1,-1.1904612515140036,2.9212144935918225,0
-0.649351589406517,-1.0287140199428169,1,1,0.19617182213308812,4.894170208857182,1
1.0843100599923376,0.5680917538287074,0,1,0.3424362736254529,19.69457158421557,0
0.3761377088402107,-1.4873915999205911,0,0,-1.5173692108568684,13.341890032233293,0
-1.2083763687374403,-1.2930052573964201,0,0,0.5895520266019257,11.115965551189294,0
-0.4248247118605284,-0.01659243320137843,1,0,-1.0198046913792984,14.60037049282614,1
-1.9682488178346071,-2.317705456297108,1,0,-1.02661866159257,100,0
-1.2811213435650397,-0.31912474331602325,1,0,0.20613858223091922,28.017069578591414,0
-0.8538184543549716,0.3780521001122503,1,1,-1.0973039623295586,48.596367003259594,0
-0.4590187406544607,-0.629484351809843,1,0,0.13737228839067636,100,0
0.31943983359099953,0.36650755205543317,0,0,-0.023718483039830745,42.62501384320372,1
-1.5696270072819378,-1.1012454919741437,1,0,-0.7022807506544698,43.344261367847594,1
0.814365279034114,0.8120366258408201,0,0,-1.2401732530168856,37.56414930118072,0
-0.011538161293983626,0.843654202427454,0,1,1.0581453084736536,23.504124514409174,1
-0.11980336508185041,0.6205691878636755,0,1,-0.7680347276155549,7.193547603563519,1
-1.1216487268129594,-0.7469287327779748,1,1,-0.912004548257978,9.145509828371805,1
0.5204182492970507,0.4545635503034724,1,1,-1.7866452353537259,85.13879291456756,0
0.3140215208553622,0.716072300186152,0,1,0.3126948772132973,40.77081978934429,0
0.6626976932949454,0.08279604110981084,0,0,-1.2011833841177122,14.67314163540151,1
0.5059342477840421,-0.4218872550770152,0,0,0.4625275383801513,21.71206186402752,0
-0.2492496746145694,0.2230007824343868,0,0,0.9848621937837072,12.199904202057585,1
0.8522918539633352,0.5584071929925207,1,1,0.20412028852391909,40.99353249247043,0
0.1353301601892186,1.2066812119815697,0,1,0.4219769052946756,15.528233575111235,0
0.80301404167871,0.8233070112989879,0,1,0.42273864332027417,74.57118361589283,0
-0.4151263202632675,0.14810996924539785,1,1,0.9140274158456019,17.48706561356746,0
0.8577680094320456,0.8740491549610476,0,0,-1.4702228135100945,49.09672789025494,1
0.04860659512918797,0.03429027202647776,0,0,-2.154912182770467,52.70798836472318,1
-0.09854827615275892,-0.3881971453220501,1,0,0.49586333490433004,40.614166674657405,0
1.0143828783304114,1.012057448105634,1,0,0.6397837370374682,53.86851290387165,1
-0.4039667185995143,-0.48668483974174753,1,1,-0.8859339408946885,62.76918793937692,1
1.347875846522576,-0.25702568450885666,0,0,-0.977682423314059,100,0
0.4944262129898802,1.1920055440363215,1,1,0.6334495467437299,6.008959104881437,1
-0.866189707433451,-0.03272188837378531,1,0,-1.2357807012616018,67.05576617591701,0
-0.06718692190701647,0.9721043387024488,1,0,0.5227041368788563,37.31073113178336,1
-0.6737985684297181,0.16909082344362236,0,1,-1.057431373624191,18.761850190944863,1
0.5930300715813287,1.5728975031037529,1,0,0.3472924149494247,11.189293215853743,1
2.911774984074904,0.8838711582152566,0,0,-0.7640982824081232,67.6471456252198,0
0.33014979433170527,-0.22942490828777787,1,1,-0.725874445195607,8.168039080940744,1
-0.9540240421335893,0.33507264633118183,1,1,2.276363126179783,41.63891796544582,1
-0.2550998663971791,-0.16071440985545715,1,1,2.036697457698589,1.840111433288143,0
-0.5205700992545861,-0.6271725794466956,0,0,0.8924074984646598,76.76047312147061,1
-1.5331416941494123,-2.248459398437997,0,0,-1.4658975514308816,67.6457692131781,1
-1.0558397605483183,-0.38551889663513694,1,1,-0.9801256310544008,0.23019499231303356,0
-0.3265149711547028,-0.23754378944395071,1,1,0.5670932752190072,5.558105011578896,0
-1.50104400314991,-0.3128417933021267,0,0,-1.3041967015532914,17.80554248254179,1
-2.7908991204978477,-1.9881396268765332,1,1,-0.18787908064117304,26.267481381451628,1
-0.8595696802832987,0.44211054058506843,1,0,-0.4025214033489133,85.88180119524125,1
-0.8192880651162588,0.8753291687378191,0,0,-0.20213024900054255,98.38350166092401,1
0.037807915527892755,0.15002089732003948,1,1,0.29027861643125136,7.97355772682059,0
-1.3570027329633378,-0.4483977075413751,1,0,-0.598152408205424,28.41653660939923,0
-1.941589601338012,-0.3367146088824583,1,1,0.7061806928605004,38.324521041880566,1
0.8838816251715562,0.4098510476751554,0,0,-0.20105240305101243,33.29846226154376,0
-0.7410538796916742,-0.5751892818793012,0,0,-0.1969083260744368,41.54892388425234,1
0.9797361227483831,-0.06414746624713391,1,1,0.44569171739322266,6.891992374125304,1
-1.4465676512873533,-1.4722416014651019,1,1,-1.003108883984348,3.3804454919357814,0
-0.8607243187811127,-0.8802718735240476,0,1,-0.5841007481101467,44.70151565730406,0
-0.3261695386534414,1.5485072354590794,1,1,0.9118616361354027,12.754983805303686,1
-1.6795568567374586,-0.6796987754014268,0,1,-1.7938701732342222,9.375450481080154,0
-0.7906799515712364,1.0747070793425038,0,0,-0.7370084786287255,35.62477823928144,1
0.6294064436216276,1.3122260074179506,0,0,0.4853843774103218,14.202186501216506,1
-1.1689654114429884,-0.5407224721242896,0,0,-0.2148362767869976,2.085069894666271,1
0.5689833656258109,0.7084462117792032,0,0,2.1674548415344828,54.7784791857109,1
-0.16738904511367936,0.367534893940142,1,0,-0.18657523729128356,75.6058199831601,0
0.15854690549111958,-0.6878424759230098,1,0,-0.5525659629263201,27.526476882622635,1
1.546174229343729,0.39081997994939094,1,1,-1.2765933092372124,5.019806140748816,0
0.8937625053953848,0.9977876240837543,0,1,0.3892840132109671,11.62052837638899,1
0.7006320633870652,0.042929615451751946,0,0,-0.8215335122742926,33.11259196276811,0
-0.4132552252401316,0.09088092461968933,1,1,0.380468241590088,29.84729349626537,0
-0.5586019725946162,0.9357236578158992,0,0,-0.16968244738412983,13.213287690822119,1
-0.2790226315672227,-1.0077647304533714,0,1,0.0512816720127827,8.111364612901143,1
-0.7940642560200701,-1.6629996275069858,1,0,1.0539692333274489,37.589680111205396,1
-0.09747287908280074,-1.7560633566575705,0,1,-1.089913642778498,27.901646793671407,0
0.08211944568460545,-1.6336815314267816,1,0,0.20160996884310337,6.0469150469232495,0
1.2189321311855528,-0.05903577473652333,1,1,-0.13332313240267696,27.277987876484406,0
-1.7497332041112033,-0.5872157251402474,1,1,0.19127506700918281,25.765693837540464,0
1.0312171953150513,0.25081940069709996,1,1,1.1932586324329622,63.63140098453721,0
0.9315255404378222,1.047124714967273,1,1,-0.7023628665565055,12.005603049672715,0
0.7362092207982956,1.4905839816042457,0,1,-0.2727796982297548,33.05044402086731,1
0.4087218592799898,0.9638484823339035,1,1,0.7759662973391626,4.0780618589407736,0
-0.45309315732808914,-1.203363075110257,0,0,-1.1253995721927261,11.12574084967316,1
-0.4874441117605003,0.4515132059387376,0,0,0.020778272121314063,9.741703607215118,1
0.08188284155973469,0.5240445222887471,0,1,0.709697067928619,0.7892076854096354,0
0.33468954027001485,0.3310803199857529,1,1,-1.063736073992414,0.3592064454473905,0
-1.3912160547525811,-0.616981438732411,1,1,1.5644734538107588,21.71770870173867,1
0.21148820065266058,1.5378032792100582,0,0,-2.295425112426791,3.078038829365193,0
2.248973658841229,0.7716952855724832,0,1,-0.9435033880319723,8.493573380294558,1
-0.9001593852497469,-0.8139773600103379,0,0,-1.1084849018696565,9.804162234211901,0
1.037358433710738,1.8463743504074062,1,0,1.6663937775037176,73.51531386378443,0
-1.1378312026358643,0.5536476924266447,0,1,1.0622214778882322,1.8530416190251726,0
1.2031644146085825,1.0637769582535523,1,0,-0.09795757076779416,19.537154809301338,1
-0.21077814782038143,0.4780278813937071,1,0,-0.8430273091541791,96.21427116825564,1
1.5780004279177586,0.6144089058517005,0,0,1.9298301829521232,14.01399917994905,1
-1.2953837674886866,-1.4735542269313548,0,0,1.390391450835011,82.89996680567933,0
-0.9490204817025284,-1.2073898944178163,0,1,-0.15807830546575932,21.79850832740103,0
0.38913287032470734,-0.13212174794183124,1,1,0.8549109878505072,13.997408025368197,0
-0.07773388803502712,0.5930308900010242,1,1,0.8466165797901501,11.292049418572628,1
-2.155338540904846,-0.8821257820638767,1,0,0.6605653015962561,53.61743121499045,1
-0.7438410230582199,-0.8197916232290741,0,1,0.21628449661668558,52.41368745891741,0
-0.8489890851764167,-0.16991316284698482,1,1,-1.967604146679922,7.6554447910120444,0
1.185449133280183,1.4146040128700597,1,1,0.613582512536721,14.52089586291521,1
-0.07058639361008011,-0.36840275529245037,1,1,0.36261570771450763,5.967565760221203,0
1.0865128418358003,0.4804461700891033,1,1,-0.8252554860122493,88.4737490108693,1
-0.7956535341270831,-1.4902366875965576,0,1,0.08994246645251375,12.859636808507165,0
-1.666474840030159,-2.302619078970684,0,1,-1.1077464131805954,16.998067397007706,0
0.3228624622398413,0.3330295942792231,1,1,-1.0258609501484677,43.480492554730986,0
1.1313294364851307,0.06446214071249634,0,0,0.08308110954329445,39.478920095834944,1
-0.4725684830867096,-0.7789542327768396,1,1,-0.8603205351656805,9.997686831949856,0
0.4435497844244256,0.8490694056174353,1,1,-0.8997948227591827,14.58571958978248,1
1.6189047845739652,1.572251374978872,0,0,0.8877683589870999,22.937733231828574,1
-1.160543514494291,-1.365771357157993,1,0,0.32407205173085735,68.780940965704,1
1.443261321348138,1.2604575390878474,1,0,0.5179571827334428,21.15041132172714,0
-0.5710104628484901,-0.38633739441716736,1,1,-0.3277926369704292,20.89135190481495,0
1.0091568369049368,0.29476018542650406,1,1,0.5552421832878638,25.20510840609882,0
0.25127426649256224,-0.02305138566135856,1,1,-1.17686235765453,45.01794074155633,1
1.5061524181318058,2.8458933432540547,1,0,0.2295996494733217,22.187382089244256,0
-0.9350237962771006,0.6314572413457055,1,1,0.357513180656153,60.27613742863937,0
-0.6405494474177784,-0.47437982114964095,1,1,-0.6166179772920145,17.240437122432372,0
-0.28951035863727465,-0.9826929463811925,0,0,-3.378002044815454,27.677322076102058,0
0.30254049334688693,-0.594510334134311,1,1,-0.535863076791215,26.819762598108817,1
0.9005081080890265,-0.4977964299060107,0,1,1.760049215585383,94.93318240024726,1
-0.9808353094659665,-0.10283249437886155,1,1,0.11780796654455714,23.01751634689655,0
2.1825777631662664,0.18648486069216907,0,1,-0.07871586343906921,1.5195046805726111,0
0.9184242960044705,0.9449386045202595,0,0,-1.137005447966274,31.07051402463308,0
-1.4672640892077575,0.05927409260213656,0,1,0.4630809302094555,48.35198718292204,0
0.1592746681450362,-1.1905060775269567,1,0,-1.1007975706120956,48.99911428124594,0
-0.36098887302987626,-1.0785648683262783,1,1,-0.019549722537447557,32.15551925674016,1
1.51612216892385,1.978822297520367,0,0,0.029345988707327228,8.599529727563462,1
0.008765323233367829,-0.4763404353032494,1,1,-1.0064317975606938,15.94057072978609,1
-0.8228928913195324,-0.2147233027350896,1,1,0.4189347734216128,36.16919024797936,1
-1.565408253183133,0.015213817308936783,0,0,0.7136691697391906,63.26291740200054,1
-2.3739159356168686,-1.706486582585139,0,0,0.507089454350727,35.23557431135722,0
-0.469053951999528,-1.0170506146926168,0,0,-0.33498482928817436,24.108010537531765,0
-0.7252359936967333,-1.2668587053359597,0,0,0.5661535580919032,100,0
-0.5915628309216919,-0.7161766405515422,1,0,-1.1393394167282538,37.40343722938133,1
0.6384288751463778,1.0868315911327455,1,0,1.8129454041809518,44.04071945860865,0
-0.32897661322110605,-1.7190375798910842,0,1,0.26348772691890243,16.59680081361777,0
-0.6060996865247891,-0.7500834938076427,1,1,0.9576258231232622,14.334890982865256,0
2.131601934037724,1.7543529059300438,1,1,-0.36668580355678376,24.87790394353026,0
-0.9569572139480989,-0.9337124727183886,1,1,-0.2931149329412969,8.566588112496106,1
-0.31799810151036045,1.0344958713523502,0,1,-1.262928755478582,5.58214011117299,1
0.404026180832118,1.5293733177589308,0,1,-0.9821866714287023,29.06856358862497,1
-0.7527752189069815,0.5566534038870721,0,0,0.785847814600064,10.716456692127673,1
0.7447683919620794,-0.32675910367575906,1,0,-0.19085933859224583,8.547022270907714,1
1.7526458197152994,0.6428598256602764,1,0,-1.0983171159468794,40.52053217596123,0
-0.8192118699330928,0.11480884867433638,0,0,0.445842308947391,19.260671384959153,1
-1.083431174586725,-0.08668456074706588,0,1,0.9491834694807545,8.651093049337243,0
0.5646107501147954,0.3565417747213814,0,0,-0.024019901160241438,66.32492157325153,0
0.5408150710494869,0.8988196653249274,0,1,1.5948090748437935,20.997470983936314,1
1.6388635592004899,0.10943818452970433,1,1,1.828365433407093,8.373248794471955,1
0.5783523546653215,0.3983153109932828,1,1,1.0918600444838158,5.54500203326665,0
-2.0370544674038498,-1.5367625770669286,1,1,-0.03826992280897066,59.63680721382173,1
0.9224821558331168,2.013884378581324,0,1,1.0034092218651367,40.91746101012984,0
0.9411907066782386,0.6485496410303202,0,0,0.5323622140822517,18.414359179211228,1
1.1319761525083165,-0.19467721458567955,1,0,-1.8290336060950012,92.40344406779018,1
-0.09943264710471204,-1.5907686975547093,0,0,0.41360444358116794,100,0
0.06798835225277272,-0.9992521349785778,0,0,-0.3432801626687494,32.14175650009876,0
-0.04544975042606519,-0.8125159842882101,0,0,-0.8560146891380789,100,0
-0.5115450628902374,0.3482248188051319,0,1,-1.4802239061184264,59.924936229701416,0
-0.740886721303045,0.37742403309149686,0,1,-0.12999213882123473,1.3877866484956158,0
-1.5944003926157324,-1.8978025745210436,0,0,0.1956406361101611,32.66881420119063,1
1.2775502384560184,0.3766084730629536,0,0,0.9500987448142878,19.874769981358206,1
0.2162455128405087,0.8077469568892791,1,0,1.3943967167460696,45.257703322172596,0
-0.25553765809020196,-0.9490400926181367,1,1,0.6582449861274703,4.533886293422935,1
0.3463855118396129,-0.4030142659742212,0,1,1.5396796262902748,52.728113933476855,1
0.2005076016692922,-0.2926280612826565,0,0,0.2599354649754327,13.289923960251516,0
0.7967944492950058,-0.057137850443680305,0,0,2.2077781242247294,75.57943456320632,1
-0.758366661163239,-0.41221425059804606,1,0,-0.57914273911415,39.433622267724644,1
0.3701118002809076,-0.30178183813629955,1,1,-0.19129784208045206,2.7837662869788393,0
-0.8712608325459509,0.5576974783518409,0,0,0.4295531020087505,21.469274998824382,1
-1.7997898353773818,-0.3186727282328945,0,0,-0.6736201848261294,62.44318033364649,0
-0.4880259401215044,-0.3956833458750092,1,0,-1.524501209064171,15.465877733665216,0
-0.16070192851511192,1.555331332744964,0,0,-0.5662220613520053,21.908545081534047,1
1.2683987163433579,0.898831808854462,1,1,-0.849904801855089,12.759057422885292,0
-2.1631453438268826,-0.7523136355702783,0,0,1.076317906090771,100,0
-0.6253839525066104,0.8214163224134821,1,0,-1.3979172084344924,27.028008787784604,1
-1.2848845676752874,0.2467538243359505,1,0,0.08074597814007382,12.018063684317049,0
-0.43839978350058284,-0.3799468460790149,1,1,-0.1621929080375519,7.641311029889928,0
-0.6073048792486487,-0.7234668831812101,1,1,-1.195275076898886,14.696196300630136,1
0.7387083179061991,0.4307240203897136,1,0,-1.617517203685736,69.32555063089319,0
1.3573678125909576,0.9463503553046282,0,1,0.9631947246163979,63.170056612663565,1
-0.48346145093889725,0.0316624830509063,1,1,-1.635349375178813,0.34215219374176975,0
-0.2522666079536927,-0.16761634095937517,1,0,-0.2678766596306941,10.042012775562455,1
-0.15586193319624655,-1.1286654246478791,0,0,-0.2115653302781039,78.59574307459965,1
0.9460429576741641,-0.24312352611801075,0,0,0.5956604938233516,13.213234302878694,0
1.3076290853327488,2.142534561724486,1,0,1.0075727808865795,9.33012024541019,1
-1.5353097026778137,0.25299064151734674,0,0,-2.216940157975206,24.320836521000015,1
-0.4840223890831573,-1.8228226922366277,1,1,1.016406182193666,20.682418732613588,1
-0.9436018440566016,-0.34822250591025355,1,1,1.541591007068323,52.05170418203219,1
0.016579755066963957,0.09988761899650637,0,0,0.17421461920175393,16.0272775908756,0
-1.211628163153194,0.4977389462504579,1,0,-0.9696412776981959,19.457022052237953,0
2.095257167152125e-4,-0.8794785974031354,0,1,-0.603991725332889,7.739188746427325,0
1.3825575684357316,1.8621916583156168,1,0,-0.9920913259776922,25.522318543197446,0
0.3633626194145321,1.339428222071728,0,0,1.914133817123708,42.89437620410197,1
-0.16640052126733723,0.4399019202622013,1,1,0.12051577983053208,21.070357027846182,1
-0.29532093941664567,0.42198257178558285,0,0,1.5251093327973018,28.32595499042109,0
0.0027740739901030383,0.257433827864239,0,0,0.8926525651213144,30.164183960710922,0
1.1023719744295928,0.8338165652343064,1,0,0.0906073795063716,19.07817539930589,0
-1.1309483374144056,0.7737110286885248,1,0,0.3591567506334254,13.468779095894526,0
-0.710198732383329,-1.3156386365067636,1,0,1.7714313977664793,100,0
1.8978509025808206,1.9465256376380213,0,1,-0.14797751353146452,40.42947260252531,1
0.057872025926555964,0.1790803620128551,1,0,0.3726617137595789,10.260465804969185,1
0.41550679040008487,0.41734417094824894,0,0,-0.41644645955481513,11.721676017529331,0
1.1374926501245717,0.4718203359987504,1,0,2.658832564089265,37.68777299745868,1
-1.2575402604251373,-0.05578358617617374,1,1,-0.4087037705170218,13.826006225098011,1
1.614655626473848,0.3256784638638803,0,1,-0.8280752320078377,12.082187097639528,1
-2.322320612257335,-3.1399846408859844,1,0,0.3923046980310414,100,0
0.5228269403299591,-0.0656556384462752,0,1,0.1475030264525573,9.373722582140218,0
-0.22776965100426289,-0.08320124685524927,0,1,-0.5608453355127321,4.035673688023393,0
-0.1802634086633944,-0.11280742624567007,1,1,0.8862677934609734,93.48586724656963,1
0.13734073737446312,1.151556247151726,0,0,0.5925817369686347,54.36542772880267,1
1.565171115178133,0.709252114048204,1,0,-0.27942466571390556,12.106119021796381,1
-1.1860842468324786,-0.6357951683291844,1,1,0.38691389152857314,35.91645951048328,1
1.8326474051438746,1.7747016728326046,1,0,-0.05046394694321131,27.794533809882065,1
-0.21748673909508942,-0.04507821690585542,1,0,-0.30229109799432147,25.36013330075057,0
0.4534545535805264,0.5637929097491533,0,1,-1.9140010436546029,79.1772431680611,0
-0.41336537553421016,0.0711199864962555,0,1,0.5679140960860011,72.80608202223303,0
0.6464125894678453,-0.45839729449875327,0,0,2.2978345458736276,23.55762122107502,1
0.37102173676314565,-0.24334841199219792,1,0,-0.06426117147491128,11.413408473406855,1
-1.70735441997463,-2.19423830557917,0,0,1.639271966020117,43.84683053807952,0
-0.9754888572609967,-1.571483305701787,1,0,1.20180666145037,0.6481577616049338,0
1.861714511011325,0.9654670229447989,0,0,-0.25640388432519784,35.816969580763534,0
0.875411093769839,0.7431164225464598,0,1,-2.4994454376840802,39.074140811959396,0
-1.8934976848512257,-1.038370851307273,1,1,-1.3061642264242757,15.338716330022173,1
0.11199322665754552,-1.0614425896809072,0,1,-0.6069709732741526,7.848291656150591,0
0.21043551893798013,-1.2901527813698501,0,0,-0.1618660376219362,53.32912422809314,0
-0.3805576393236902,-0.06173105286413183,0,0,0.08618717758932314,1.7332456587934286,0
-1.2777647855119054,-0.2551981923812442,1,1,0.7624470319702921,38.977499711225285,0
-0.054803673720087584,-0.3923914218456694,0,1,-0.2157131432733346,2.9815430235651994,0
0.1556596500592546,0.7376092741901287,0,1,-0.26725101881509056,25.86293895682179,0
0.06206283051860276,0.22497992464420796,1,1,0.3899113729030876,25.329997556755746,1
-0.8283996224352956,-1.495565419888508,0,1,-0.5791810360734846,5.180531012404113,0
1.9925581696565646,1.7416708976663133,1,1,-0.2611175784550175,15.619334436941147,0
1.4367162590125129,1.5865861447760128,1,0,0.6298835665190696,3.3608314868084617,1
0.698155586285013,0.78477605494784,0,1,-0.8895473385376433,35.98598247102495,1
1.3372478238909895,0.16990635015355782,0,0,-0.6218189375085439,8.695319052125567,0
-1.3952141234453572,-0.867300418993469,0,0,-0.027063697476870735,39.44132827848429,1
0.05671760009193977,1.463725916634203,0,1,0.4136346181913482,10.512311217031243,1
0.640730182835712,0.5679446887386692,1,1,0.5304006399741162,19.738111066929505,0
0.36990313279186277,0.06473299271867022,0,0,0.6121267305672047,39.92196133581184,1
-1.4675491359893507,-1.4836369468755155,1,1,1.1904914113676275,54.76857293219282,1
0.9343846125029385,0.0035950869783728523,0,0,0.1289034759281179,5.025341499741517,0
-1.422575372601436,-0.11800054743944133,0,1,0.14108937832756607,27.123639629406533,1
1.7654532913225858,0.8577708270030756,1,0,1.5921728129645156,17.90434628774017,0
0.8751511316092405,0.9786138886251656,0,0,-1.2254277538981546,36.40860148648642,1
-2.1400031416260656,-2.244201211732485,1,1,-1.3102376741625321,32.678227776200394,1
-0.12511346950308894,0.1403416100143128,1,1,-1.4163132672405214,9.219348345619391,0
-1.09799940349944,0.27197236035865113,0,1,0.7892065568608501,75.09130596546105,1
-0.25310187475835605,0.2392544892190572,1,0,-0.25450702342379666,13.647778148457764,0
-1.55338097131976,-0.41895126684487755,1,1,0.10154209617605103,16.39036365748206,1
-0.08275299444368987,1.2942174074193837,1,1,0.4965228035307911,19.52614068716164,0
-0.859244762347486,-1.147302277598091,1,0,-0.10382069843037778,9.364084203021996,1
-0.3601545380573893,-0.3047457847542799,1,1,1.526024811216643,58.54122100452086,0
1.4889454176537544,1.2582724289255114,1,1,0.1753274724287736,23.249664107500056,1
-0.3806888533665885,-1.7163456423105108,1,0,0.6197623062528751,22.360792739417285,0
1.6670541458049537,0.6893870506366417,0,0,0.9679163861320668,42.71082594802651,1
0.5829858272761245,2.7025991321917178,1,1,-0.40330394334603076,23.683157096961594,1
-1.3086247589119702,0.0665360599252246,0,0,-0.3816564486234898,5.256262276399578,0
-0.35719855767659775,-0.0732112336338521,0,1,0.7466739992028898,34.46351821651965,0
1.4969865067177004,-0.3750479697311526,1,0,1.1314454809354282,12.797747312673906,0
-0.08226540046689498,0.6288962621433329,1,1,0.5366794903614186,62.6203313329552,1
-0.8503156669647599,0.08849127662782569,0,0,2.208864250997348,56.88097236037603,1
0.565288000916236,1.670086118852963,1,0,0.35859874753155957,93.42097649722551,1
-0.17588760883009028,-1.157747683356856,1,0,0.7358723542890846,33.748977107530365,1
-0.6974832518636568,-1.287691361768242,0,1,-1.45044093138003,7.034608475978602,0
-0.38300226279510075,-0.19184744271203366,1,0,1.0280990386290778,27.55730521463072,0
-1.4361673087647293,0.4403539714847885,0,1,-0.9305047683186927,12.79173949201522,0
1.7526306976722057,0.9704019812064699,1,1,2.2747486504256216,14.657857852954137,0
-0.39017560921554933,-0.8430495885359679,1,1,0.3963693107257187,8.05514795009759,1
-0.561339869404342,-1.8592598755167942,1,1,-0.2664964515229295,60.113625000137766,0
0.9312781395940998,1.0372335135216075,0,0,-0.36491567824082516,18.069855480267698,0
-1.1567496050538937,0.1279749284411652,1,0,-0.21491040014095814,28.192184127962392,1
1.862426713620233,1.3670240554453073,0,1,0.14406596489549642,2.835765075523016,0
1.209756296946118,0.3637074328541343,1,1,0.8420703012694746,1.5959330195340302,0
-1.0486259960390532,1.2204315955502367,0,0,0.17612696763040225,1.8869970689538296,0
-0.6109896269216601,-1.6955090168831264,0,0,1.1881729730540451,21.609137352761834,0
-0.8306344347560685,-0.15638204851295467,0,0,2.1348295191431164,100,0
-0.7307553663588033,-0.5695937798509487,0,0,-0.9152716291511346,41.543543253127176,0
1.5405239358414542,1.0120407743992943,0,0,-0.6671856451901825,7.541713197335755,1
-1.324618617387024,-0.5183140474836563,0,0,0.22112984825207052,88.21003428259588,1
0.07399176714648358,-0.14665228919511442,1,0,-1.2522042532604785,100,0
1.6837516093377292,0.6860897801394619,1,0,0.9096429976399464,29.68076655001172,0
0.042897377783732836,-0.22148929492525832,1,1,-1.122688726582661,29.984080216181525,1
-0.07721754562411313,-0.07010001535865326,0,1,0.9600930338933696,24.74725055031107,1
0.33073350095754767,0.4995745734670627,1,0,-0.17369841740155118,23.38672101890956,1
0.0566192562597558,0.23780107862527045,0,0,1.9161461118591006,68.22653326003446,1
-0.1590208560776012,1.2352094891432677,1,1,-1.4387272053462923,14.778861990329412,1
0.508274797319347,1.804632019738049,1,0,-0.8576508335431753,77.15206790804271,0
-0.7058776858392941,-0.5261204826884557,1,0,0.34164381488096357,49.78070862755155,1
1.5400528426772115,1.7225372271413621,1,1,1.1989434740975058,5.390743572936586,0
-0.8989412019724925,-1.6810826684451325,1,1,-0.5739304476569909,4.726878222307927,0
-1.1798326453422583,-1.1085366841459103,0,0,0.24609688757316248,100,0
0.42914798431362633,-0.32439548021592857,0,0,0.4521239492237808,22.76829591526563,0
-0.5684506706423633,1.2177240631346793,0,0,-0.30113883374699346,5.116371001948733,1
-0.6810058136080587,0.2870384362770803,1,0,0.2142703916576627,18.003527704571283,1
-0.27198651943655505,-1.2503275522645003,0,1,1.6108963922791173,13.627052112697728,0
-0.7953370360439777,-0.3999083444479277,1,1,0.4838999347986135,87.53240268702592,1
0.348529669435533,-0.14188985690006328,1,0,0.028656455320287832,85.9897462065829,0
-0.21697333517978765,0.5722604444749043,1,1,0.8349314591603508,0.12464093341933694,0
-1.4203151291893514,-1.4572973256525281,0,0,0.29768201464633876,64.67413504162914,1
-0.2501392374699865,-0.042734685335559436,0,1,-0.500595965957958,88.72242621987823,0
-1.1796086989011942,-0.7003368393142166,0,1,-0.1607695979041564,50.41631855052498,1
0.486595761636829,0.6454232926965627,0,1,-2.547581818687633,22.564735931085508,0
-0.42158659441678353,-0.5333532556678081,0,1,-0.6730811352424861,20.00151034810561,1
-0.05899449814482895,-0.29747991388717226,1,1,-0.34503427259982095,26.324781391414927,1
0.9855528282088243,1.9273032130044627,1,0,-0.8092450917451753,64.26633693861206,1
-0.7951839558429673,-0.7157532473134933,1,0,-0.05270968203859473,21.699113806832354,1
0.5818775314935068,0.03007014432394267,0,0,2.2266359217582234,28.764909082957793,1
0.8343709057720189,0.8656763700459034,1,1,0.16528940947945245,15.216245333847068,0
-0.8875518923418183,2.6832573038754193e-4,1,0,-1.4208629402086974,48.72124917000731,1
0.05777193764995082,0.21556159076684905,1,0,1.5910601576868404,53.456435235299004,0
-1.311984711998559,-1.6906494272255814,0,0,-0.8802784191767514,100,0
0.0949174167514874,-0.921449622560646,0,1,0.20138687809465855,31.164815688039948,0
0.30314152991755544,0.32955751935804656,1,1,1.0317830050747214,0.3204848446764052,0
-0.4105196953848776,-0.04416694282298192,1,1,-0.4207504050882876,1.960823757067932,0
0.03470017308344692,-0.013669283493733943,1,0,1.0225103040567,2.6404888494899534,1
-0.10960747397286315,0.23892901234058408,1,1,-0.10894590492144547,28.693285127930995,1
-0.04717828494734678,0.49989767977652777,1,1,0.6914553912873289,34.968196158623385,1
-0.24213679366670057,0.7393635510545841,1,1,-0.3499155920203416,26.031790155646302,1
-0.1337061335055841,0.595752106886864,1,0,-0.1785476545900598,17.42471565313007,1
2.2288984855556806,0.6444981842678902,0,0,-0.0703774726395244,53.97572423011144,1
0.12318710344319547,0.6161918521442689,1,0,1.175684550564672,16.061845165787595,1
-0.9743483375763196,0.022951664628175883,1,1,-1.0898502965467751,6.5142395659489,0
0.1942184503947072,-0.9469719393451841,0,0,-1.5789771535627197,6.858687735116799,0
-0.003471019479461711,0.044470367478709076,1,1,1.9838050944592198,21.396848775109756,1
-0.11229695405572948,0.4554476554040602,0,0,0.34815213227073755,9.96739463913099,0
0.939509300548613,-0.3465781504113844,1,1,-1.2537330773335043,53.16889955857658,1
0.5836484692177306,-0.5462115780111987,1,1,-0.2977912438073704,9.11577259688809,1
-0.7303703902569733,-0.8540841069980654,1,1,2.16922826990291,1.6314979008243793,0
-1.079106777576118,-0.21424205054871076,0,1,-0.7989059728682271,7.120444152726571,0
-1.3804902565113137,-1.4598537286273117,1,1,-0.8992307691423276,10.291361508010747,0
0.8012339047701963,0.39508875080453626,0,0,-0.3313724304057723,7.555187962921652,1
2.0119121582961195,1.198585910829383,1,1,-0.471411390678794,13.02837004148224,0
0.6774481128315794,0.6791713579768849,1,0,-0.8805736032223227,30.551199867571995,1
-0.8443954546346361,-0.18590545594662322,1,0,-0.748526405556739,34.05625539105962,1
-1.9887962394616203,-0.9763935792088998,1,1,1.2529554941692709,16.54169954878959,1
1.3713427451348015,0.5808339568508942,0,1,-0.30785390222103526,15.291901564551813,1
0.5488782159338335,-1.4091067294523305,1,0,0.061081580700537694,53.55730772347892,0
-0.6466103778568423,-0.4045216246775323,1,1,1.8646797105282236,11.818609554057245,0
0.2102459480799167,0.5174187670659434,1,1,-0.6091464302219208,23.33670009557532,1
-1.323616295597067,-0.7842737671659983,0,1,0.44703677016622995,29.06184909263823,1
1.5534883957713743,1.1350446199015247,1,0,-0.5629716419416945,100,0
-0.7908874778103278,-0.7344292297734933,1,1,0.23972788873502462,18.84416552966859,1
-1.431186321875779,-0.49900672921552564,0,0,0.19010679012950324,18.740690749795753,1
1.4183823437840113,0.13022530634575724,1,1,0.15968409822723742,0.12731074668550985,0
0.4108830301065022,1.6039214627188623,0,0,-1.1906275921435894,53.36230480696863,1
-0.9575343455127775,-1.376236809218263,1,1,-0.34773936348075185,25.66546928111025,0
-0.5112969532100671,0.12362844257985872,1,1,-1.902127547106946,22.991297406791222,0
-0.9993756753594094,-2.6472177638774896,1,1,0.816118839145346,21.39429478404406,0
-0.21596678301989963,-0.5454559913242074,0,0,1.869457207820647,18.548399785689018,1
-0.116281819528128,0.489330013853229,1,1,2.1006985679634997,27.40348301230238,0
-0.11128077211549522,0.8111980850508412,0,0,0.9618704317195085,27.2597498820233,0
-1.083270036225233,-0.6531482609913105,1,0,1.2037867385143397,36.14027925879463,1
-1.016709250672017,-0.8026061388511194,0,0,-1.3643700556475649,55.79875377404774,1
0.3487502156366248,-0.0658645760588229,0,0,-0.002099822504691773,30.041791225630053,1
0.5677551555390555,0.6739550760218904,0,0,1.2033418139695533,14.440665557975832,1
-0.35812068039573,-0.8760834591399856,1,1,0.19616098008922941,58.020475685965316,0
0.3548864167068308,1.150761048207226,1,1,1.31728245295635,4.07209407273051,0
1.3129574096151224,0.7713590508816343,1,1,-1.4453737746539412,41.78214803868862,0
1.3730108210594145,0.8575171283971563,0,0,-0.3051755379980288,42.54842825382787,1
1.9448646160563003,-0.00293961770525486,0,1,0.5854508841260044,4.187463800407116,0
-0.6753410404675627,1.061849524957025,1,0,1.0318350292216385,27.258237593014343,0
1.4850522181835553,0.9492524025703031,1,0,-0.03654670433868357,6.636503549477011,0
-0.48960461900166313,0.17532449289570848,0,0,-0.8306279753491794,41.697758657302046,1
-1.8454102534335803,-0.5595001156853028,1,1,-0.7921799482311577,65.122164222172,1
-0.6468138871934092,0.8205538117131601,0,1,-1.14709120617618,11.347696630372027,1
0.11290786396380742,-1.3052759080196525,1,0,-1.305759091246152,46.74116345265965,0
-0.9543335681132704,-0.9563626973760064,0,1,-0.13596716721818133,30.669325827201604,1
-0.8298094847418827,-2.927305846361767,0,1,-1.0158416786614388,0.9376134810846017,0
0.10708591638147082,-0.522269467668716,0,0,-0.8360062252977476,48.78678312608861,0
-0.822813943698262,0.4300539496627881,1,1,-2.1315014451513052,27.470364449076534,0
1.6603516949856905,1.4909535232261606,0,1,-0.14584653326024385,40.61619534698488,1
-0.4003390451598551,-0.07421012376703257,0,1,0.7480990619081481,10.975345237490295,1
-0.4379073912252851,-0.6396956134005878,1,0,-0.6687869518873195,88.76939825887607,1
-0.6857908339631168,-0.3176409794396507,1,1,-0.028645497089268102,2.220626522821517,1
1.0599718519560044,0.8001300765696,1,1,0.14766104636254185,35.58966941268625,1
-0.6463753148637993,0.990023612494183,1,1,0.030718160855948216,55.74113678647958,0
1.1612046438851638,-0.15372931905410903,0,1,-0.03782902585838071,12.343818683349923,0
-1.3408652738260975,-0.18938054674588195,0,0,1.667901849750304,5.870985274118235,0
0.516444758544931,0.5306546202054353,0,1,0.5123804132075004,8.836245195048127,1
-1.5617346900532396,-0.6206165920664826,1,0,-2.0231842184460898,51.466535559599286,1
-1.894548545339437,-1.3461033729954954,1,1,0.1908057151342287,4.580270861410302,0
0.2857857026504403,-0.6901540173257021,1,1,-1.7651726880381298,59.7415427008308,1
0.3115659859106486,-1.0381936162503012,1,1,-1.7930589200407387,11.48938122831717,0
1.1332714921651372,-0.526653835105737,1,1,0.6759636021089451,79.84267483025417,0
-0.13859468903266153,0.11317860479244407,0,0,0.07125683757156638,80.6034980574581,0
-0.07170322874572534,-0.8133944619478264,0,0,2.057212591525181,43.45351706705223,1
0.7484076896120141,0.9935711443242246,1,1,0.6331723748022154,17.901970896996716,1
-1.1205406294078126,0.2530774758702963,0,0,-0.34241840434183346,90.65905137835384,1
-0.480923111575924,-1.114145415765721,0,1,-0.40335503348308854,16.97791104345812,1
-0.5429907068554414,-0.26656863616762355,0,0,-1.3591265046607688,27.65437184443816,0
-0.36835467367989905,-0.8517431677353076,1,1,1.1354880822872206,32.33304763628186,0
0.4289344530827632,0.4891470377176408,1,1,-0.9272832914022578,7.3564475445020445,1
-2.5231086576114152,-2.866350675376419,1,1,0.38654600155690777,61.54275751889873,0
0.48900775935138613,0.4586722986947872,0,0,0.592812631517164,4.683799083279546,0
0.5482279824526791,-0.19789302729292607,0,1,-0.5883715991901038,77.79906934042384,1
-1.2829433818189826,-0.34830229373307464,1,1,1.155691184205145,33.19043466514906,0
-0.7568345517849976,-0.21550157930510255,0,1,0.18518922533284882,37.917104189572505,1
0.02847890878497337,0.0948580800915473,1,0,0.03669870869922323,25.01514687124576,1
0.007462982466932413,0.30322638175522165,1,1,0.8286156732209318,0.306454851067304,0
-1.380214540620781,-0.37476282659283733,0,0,0.8651783901422345,100,0
-0.7835837627414618,0.5422043428384844,1,1,1.2172087662565882,44.209426017220345,0
-1.0217981864944994,-1.2738301004648869,1,1,-0.5928468731874302,55.21550592588833,0
-1.759967586814701,0.3965136412635515,1,1,-2.593844223011598,10.13272484153003,0
-1.2227715265187744,-0.44033863990393984,0,0,-0.08629477526885206,37.56893483462439,0
-0.9845603113865217,-0.37655490911232653,1,1,0.11212642242148667,8.382961875854534,0
-0.2895715056510728,0.40696496377319236,0,1,-0.5811380804861744,40.625419019643466,1
0.4888628338315081,-0.2654255869069612,1,1,0.6260072130454764,6.910491212107461,1
-0.25196171610128854,-1.081399573801532,0,0,-0.7370438159398005,22.521037027231895,0
-1.993857061501925,0.94129788294864,1,1,0.8976786349757961,21.130396739527473,0
-0.7772433470835844,-0.7290752630422589,1,1,0.43956467777476654,21.610125920420618,1
0.2043188472201092,1.3689153896775135,1,0,-0.35287396051777864,7.756745294540089,1
-0.4926848916009033,0.6331532152278335,0,0,0.31971386684837755,19.777234314005877,1
0.04960917955054411,-0.622379651707361,0,0,-0.47916204576721966,24.1429181278049,1
0.4408511214420082,-0.7713268956896013,0,1,1.2708673080429238,1.9519306667566303,0
1.1821239961726286,1.0089516460803434,1,1,0.31254144665071365,46.59623056482925,1
0.28572099733964434,2.102144660873813,1,1,-0.14469009226958038,6.163711001738546,0
0.11239692452508669,0.24425364875436653,0,1,0.20585406173496815,16.9447456870083,1
-0.445112919349868,-0.3777675755703331,0,0,0.5021424342795823,19.02790116754613,0
0.28103473654829025,-0.4099159143963909,0,1,0.29271070845514235,36.08083024131476,0
-1.5981638232054554,-1.2506016749909354,1,1,0.03424216912245733,100,0
0.8080923532237151,-0.24222226589806034,0,0,-0.47801209708387576,19.562366084286765,1
-1.6113002110757144,0.06590668957826018,0,0,-1.8147728773327545,43.37339869700123,1
0.7227388576417947,0.08586128146402472,1,1,0.10610821081361263,8.314215357172872,0
1.577361330451176,0.5013959550629518,1,1,1.1493187558824356,8.157716659774062,0
-0.4173513346043028,0.17085082623689338,0,0,0.9344652905514076,68.44077429458179,1
1.4020557326424086,0.9150461747201863,0,0,0.8266278334839293,36.33839679353746,0
-0.4660812684432944,1.366232077585111,1,1,1.3162557841942346,32.38091054119171,1
0.20465441681577046,1.369057834487274,0,1,1.3461717952973216,14.772577514451571,0
-0.3995177848406782,0.11703128386135056,1,1,-1.804811482723776,24.13757429482726,0
0.2546535899339405,1.196314111476148,0,1,-1.456363943920045,55.449652230237085,1
2.021079020750949,1.7441312533047648,0,0,-0.7194957683750612,45.805870278092925,1
-0.11526865462782292,0.5554991611978168,0,1,1.0462990442922084,22.650816740413855,0
-1.5616870753201675,0.7132272522769083,0,0,1.2953972885205585,13.857944526167616,0
-0.08043176820759998,0.002939155361205356,0,1,0.7487221852747282,86.3306457131211,1
-1.2830328812636276,0.19467070766621541,1,1,2.05614957850421,34.68307792812215,1
0.011978723696539009,0.570332821333554,1,1,0.8108638227314185,2.3289434609523694,0
1.7362381278291987,1.0117755369875754,0,1,-0.44724891919378984,35.75013877215901,0
-1.192510053836536,0.2129879421587071,0,0,0.008506106854231893,60.47893967318389,1
-2.1194102877427827,-1.662184487816236,1,1,0.05391586819293044,29.867138418505508,0
1.7239401338709732,0.8306847477193069,0,0,-0.426452239650391,28.628701198050617,1
0.3693712403803194,0.05955950755372211,1,0,-0.7227366381132246,100,0
-0.12888501172922812,-0.8476197790201176,0,0,0.25400697163886693,8.83805455715374,0
-0.636786829561813,0.36810678984054274,0,0,-0.39409255147570776,36.77871141813466,1
0.21663798802925363,-0.5574300866775077,1,0,-0.49954387730595023,7.687651435783805,0
-0.45138332211785936,-0.6878686122479026,1,1,-0.31160049514909754,9.049769745219892,1
-1.1369189534233646,-0.4753812547577587,1,1,-1.437811191549913,5.264886192365128,0
0.07728886314770383,-1.9055759742095681,0,0,-2.363099405545749,100,0
0.29034649797751666,-0.22732743701300312,1,0,-0.033923728031727225,35.68831049302863,0
-0.18819529278327524,-1.183409318680763,1,1,1.2319046713091562,15.543427877437908,1
0.43916209664193545,0.9976690638489245,1,0,-1.8326891739300182,32.498278562599694,1
-0.9996529642502142,-0.8485231342956547,1,1,-0.7015018389611122,19.639759956422097,1
-1.0248806669504533,-0.1332028253519713,1,1,0.36859362978451876,5.144616662954147,0
0.432728196745587,-0.36319647038148717,0,0,-1.068199500890725,7.659040283839837,1
-0.3287434722711325,-0.3107925254470615,0,0,-0.08581956053376309,11.133790360780853,1
1.1092359205498106,0.23192803672898576,0,1,-1.7961115983011209,20.217317643601866,0
0.7079553510508175,-0.5832092844998198,1,1,-0.247923839531169,20.658674800450935,0
0.42670382837457027,0.26114488091058846,0,1,-1.3150366730632448,14.257066762795958,0
-0.9820841790179751,-0.6297134365797638,1,0,0.7286588319277949,14.194538185463804,1
-1.2804817969939168,-1.140977531506882,0,0,-1.2064827806451384,10.210024707906824,0
-0.25776277161108296,0.3203449634712738,1,0,-0.8753716726724717,14.336504714408914,1
0.8766040407230619,1.3913185487407562,1,1,-1.7981947660200694,20.12316737263144,0
-0.4409403016224859,1.4433143396102808,1,0,2.0027801110334713,13.759449918904687,1
1.1487431004877027,0.5944764382989919,1,1,0.7195002766255734,18.43946480192389,1
0.2226698405791625,2.1102477497690213,1,0,0.9777981975867953,12.800254324086959,1
0.5039930187141649,1.2655997960027867,1,0,1.090618329943836,69.00244897235248,1
1.2395825799156712,-0.2631721675489628,0,0,-0.5639974792730331,21.69643995554279,1
0.3204820213529156,-1.46916025183696,0,1,-1.5930322889996147,40.75923661949427,0
1.2654712319814627,0.9839400399780917,1,0,-2.088069733139778,17.59797214043235,1
-1.2861282429224707,-1.1917232829618487,0,0,-2.3885737670388063,21.817902464359605,1
-0.5250218104508557,0.29229344506276866,0,1,1.3985762614598083,7.658745269796299,0
-0.679704934687057,0.16254723459787812,1,1,-0.27747319322273567,9.018649807991416,1
1.5372826354878653,-0.14033342832895856,1,1,-1.2852160450397316,4.9653003752257465,0
-0.4016193431215975,-1.6400564350809128,0,0,-0.6672214633095558,32.85827812336473,1
1.5523354371821012,0.04590326679005252,1,0,1.3449950992163286,39.564478197563,1
1.3872139032035884,0.2594874586770912,1,0,1.7979362737206015,7.093950479103778,0
0.2347019134679745,0.008741623767354947,0,0,1.5438173542112887,6.3199375229696875,0
0.9003919758820156,1.5664388760968264,0,0,-0.7102502535861699,0.7896462421843974,0
0.9943252973646314,0.43613710425828567,0,1,1.3216802931982485,2.8490202231253976,0
1.0434399986991043,0.8080949262323267,1,0,-0.5499897443906899,50.84909314618004,1
-0.8642268069095446,-0.2973325618465179,1,1,-1.5571024641636289,19.696012955546518,1
0.32524526362712447,-0.035016884232894396,1,0,-0.6187265679559621,61.13856748569862,1
-1.50514827618935,-0.6322654739982085,0,0,-0.7444196833282618,83.93336123691847,0
0.14406574889742504,-0.15536658351080607,0,1,-0.24656173218527574,83.50963818250378,0
1.0981081968658577,0.5480004346548084,1,0,0.3841107790640461,32.908344084654985,1
0.9221132761709319,1.6087477723787993,0,0,1.5023211850684515,8.866272271471589,0
-0.057563282164341506,0.05431682850267969,1,0,-1.1004826831614853,29.96127024194208,0
-1.1458577987708576,-0.0508588298625573,0,1,-0.2871858835035369,15.000556271712036,0
-0.75218443833131865,-0.8323775822291251,0,1,-1.9304088075522394,17.06445488060782,0
2.1763422754048385,1.641976927297613,0,0,-0.1644215386714258,100,0
-0.36310391450334617,-1.1794950540805482,0,0,1.5517263100103669,100,0
-0.681443200025111,0.754696455375472,1,0,-0.2673089995499004,100,0
2.711495726720079,1.8257649756959278,1,1,0.30551669823781136,11.072868100107948,1
-2.1791529396827496,-1.0531550729763042,1,1,-2.2721990777709444,49.62471498599914,0
1.304925738681684,0.43035305034177984,0,1,0.2671297870373442,26.068666870215576,1
-0.4854289148061873,-0.9338875786557758,1,1,2.8920753240402974,7.876982944561413,1
-1.7414440793450938,0.17047971844169563,1,1,0.6204174225139001,12.626651366465003,1
-0.25788561930129156,0.08019732073451594,1,1,-0.7324420551505825,60.46796251582109,0
-1.3831325154571215,-0.6578343246662919,0,0,1.7884046537299505,11.472794963975348,0
0.007023682452671493,0.276430814557479,0,1,0.2580148994060836,9.542855734809475,1
0.18891595201454112,-0.6735676787219544,1,0,-0.32206708031147,11.28744004638318,1
-0.7527853270586853,-0.9003922991102774,0,1,-1.1741281945792585,9.835065648762905,1
-1.5286607633361973,0.17132767936453464,1,1,2.3507117621193974,17.729854302527652,1
0.8781821021278633,-0.5157716950413131,0,0,-1.4534590039229518,33.3011890686724,1
-0.4446125357050855,0.4944618719977924,1,1,-0.12730309035955215,23.577129561033832,0
-1.0818207929214803,0.04406248579046734,0,0,-0.6277280161280969,46.73747781874485,1
-0.3015082992734513,-1.071658988671107,0,0,0.15135023281149038,0.18780037007770903,0
0.6461169419961089,0.14390579880520107,1,1,-1.7319740163941348,14.607106035196287,0
0.017276660873825952,-1.1348519568567512,0,0,-1.4556769402448455,12.05041978148232,1
1.8636048795970535,1.3682918918343352,0,0,-0.8895479195065483,1.2614436501187485,0
0.5409988081077283,-0.8539311914740919,1,0,-0.4169102752522097,17.550759709478605,0
-0.17420472255969324,0.8219511619830965,0,0,-0.9048698437297327,20.366836971351375,1
0.6386277787144624,1.4922580870994495,1,0,0.03394232463589141,12.194720127524723,1
0.5838680777053744,0.6940558826317197,1,0,0.6477790133247792,53.39760227162777,0
0.4337718060088655,0.8588952387220883,0,0,1.7170640580670278,1.5772873049647183,1
-0.054298494724511336,-0.7805911990651372,1,0,-2.112890588228776,23.175035976378616,1
-0.3685857878218747,0.14173826369747833,1,0,1.54676683973175,85.0293036043964,1
-2.377358683567802,-0.921154642935092,0,0,0.26880894487412355,77.91470941490759,1
0.8782035918064828,0.41206820055366933,0,0,-0.003526002167694715,4.986609094581315,1
-0.498776275592153,-0.32526312768502547,1,1,-0.36916807446723277,61.78440975002574,0
-2.1020000568149437,-0.1258842236429052,1,0,0.40750246545710356,35.01389784250252,1
-3.627528833730648,-1.8031050916578102,0,0,-0.2341408634075602,100,0
0.014257160811717962,2.532456649277873,0,0,2.439326566407121,20.294157515492532,1
-1.1798746741120167,-1.3985684332158026,1,1,-1.461979381760244,13.121122584548777,1
0.6328586579584436,0.07432547986793575,0,1,0.49944973689953354,8.785011755686567,1
-1.9962055420095177,-0.39638984028992197,1,1,0.4428128725122338,20.097067621598224,0
-0.86069645600687,0.31207780576160815,1,0,-1.1268862590718112,70.45235724793561,1
-1.6898563171043826,-1.1905695909437388,0,0,0.9604715232436474,56.06365887917701,0
0.4855772024954341,0.10750627507561422,0,0,1.7002103896614198,41.59167729951755,1
2.0693010033453443,1.563696148906738,0,0,-1.017206016988517,30.35799200997069,0
-0.7388038312911854,-0.7593233894298679,0,1,1.1416070792289186,24.784548230981265,0
-0.6156218432251138,-1.0768929558267801,1,1,0.010975029697022395,31.967013442033924,1
1.4299156543704348,-0.46920939156527364,1,1,0.020753799275120798,14.387806098301303,1
-0.2474869491284529,-0.3576197357822972,1,1,-0.3546333126569008,8.378311188990832,0
-0.15621424351328256,0.9129759315147558,0,1,-0.44700506861651546,14.338993758189844,0
0.20533547139570818,0.09960481190465348,0,0,0.2538159663672451,14.703399666047886,0
0.8535054553176028,1.241189648202884,0,0,-0.25495108190518273,47.57982622567669,0
-0.7120257181149072,-1.2989874548331994,0,0,-0.5482958781099999,12.875368195661808,1
-0.291737714716803,-0.021003740675372973,1,1,1.998918802488683,33.48865079154682,0
0.9829146550899981,0.4687590701563381,0,0,-0.4368899204574565,51.23682912425532,0
1.9768715774882408,0.23082194253764277,0,1,-0.2785880296675272,2.5576270794813296,0
-0.043438602356542504,-0.5877122183883614,1,1,0.5387426656885028,16.0642721161963,0
-0.994549631507616,-0.4701741502726524,0,0,-0.13409215392872367,82.28352668672096,1
0.822025021854509,1.3597176209358062,1,1,-1.8388965607113699,41.16404378817891,0
1.5020264785564765,-0.46363524454437166,1,1,-0.019507862114530553,1.5996506543998954,0
1.0120671249342337,-1.1502718090306514,0,0,1.0310706363172273,61.80155872180869,1
-0.1795415190295228,-0.03644841477649227,0,1,0.8417912912032671,18.028899396683087,1
0.40766980824451127,-0.4559861696484638,1,0,0.7356619501239541,38.232312807227444,1
1.5084263905468787,-0.633341237134709,0,0,0.6434216299169225,11.781509266953718,0
0.4624488734723388,-0.22677288144564015,0,0,-1.0768394736688567,34.592482487333065,0
-0.40556460660072763,-0.1595131359821471,0,0,-0.1652356962299998,29.520714598531004,0
1.6055179876804657,1.0776255122230407,0,0,-0.5654677798607715,16.42215255933765,0
-1.1181555886625425,-0.67642158100916006,0,0,-1.8748581332348762,81.49073307808725,0
-0.8202957846820195,-1.0165579850751756,1,1,-0.05544332970798894,54.8403546517836,1
-0.7017963887251355,0.327125061502317,1,1,0.6361918519992849,17.652456295411714,1
-2.0450688974438505,-0.8887653165423067,1,1,0.393599302604997,40.28965227346264,1
0.9775279272920305,1.753306714111923,1,0,-1.5887565251846343,1.9831193277378107,0
1.3115740243732659,0.4325761879368373,0,1,-0.6581317143559557,1.4692107705835709,0
-0.040035425591040306,-0.05689124749952283,1,0,-0.13672083632488521,100,0
0.030721090813785854,0.1551642820499657,0,0,1.3991680091152352,58.44005622298031,1
0.9423930973418828,0.8344615667778157,0,0,1.4890402663113464,24.85884432564588,0
-0.8888924502929116,-0.3404337548065274,1,0,0.9814405009991374,40.33332648742673,0
0.5413120787922495,0.1057404997244612,1,1,-2.2309101917138077,48.50781738340722,0
0.41287139627808905,0.9657691299732483,0,0,-1.00333130276758,53.32066909121992,0
0.5087368796287828,0.34515645178301757,1,0,0.8057953811031879,4.419977229266712,0
0.8771536243694701,-0.5211544610187873,0,0,-0.0376834797833929,14.869811974389025,1
0.3833512375800638,-1.2086515181680606,1,1,0.28883592183733425,30.354281449732923,1
-0.05896328492230714,-0.9740135738595765,1,1,-0.08434604636604555,22.093303502663424,0
0.997446248696273,1.6658592203379716,0,1,-0.5344231299476082,6.500435635822563,0
-0.5713720260200263,0.20577175402256376,0,0,-2.1604693432606683,9.792378687088574,1
-2.359147679500255,-1.384369691936559,0,1,-0.46067009388908925,25.63574772590877,0
-0.506432804450657,0.9345744594802905,0,1,-0.7029492170832969,33.30991618373172,0
-0.7588063312225294,-0.5072575759686229,1,0,-1.0803841677053394,45.7112806060154,1
-0.36803791726693147,-0.133051180744005,1,0,-0.46403904036367843,28.54927473004944,1
-0.3061336590873795,0.9300109825035207,0,0,-1.107975398867983,9.048415588563227,1
0.4762553534002845,-0.5935002755934755,0,1,0.30967325119796646,25.99377195926989,0
-2.2378901370573887,-0.8965555952919353,1,1,-0.11507123925525545,41.40095507384615,0
-0.4956216144544508,-0.683624050581198,1,1,-0.9571036597623491,24.557100948453048,0
-0.027322322765725566,0.7333284756296102,0,1,-0.3145474435692611,22.714453700204917,0
1.285374670242545,1.3224108489058763,1,1,-0.3388452608155029,57.57813409292486,1
-0.5629289981839247,-0.5999761618377643,0,1,1.5924631336847197,29.565716593153052,0
0.1504010082632616,-0.33566522389985143,1,1,0.08581661854331848,44.51995599430222,0
0.24868159588649882,-0.5344604177560165,0,0,-0.88342857428394606,25.949985270422864,0
0.7953629240490105,-1.7030996708720147,1,1,-0.8786070698155547,21.632143281188604,1
1.8047819432450405,0.7973020837119833,0,1,-1.3115470190637564,9.676144388167502,1
1.5638592975986392,1.1156721093611446,1,1,-0.28330836990767955,7.835682915075124,0
1.865072481535497,-0.03841675637132136,0,1,0.6070346858850422,35.12352645527681,1
0.09860155416390377,1.33149710391627,0,0,0.28890654773842495,55.32441598347352,1
-0.29143631148848104,-1.1075831924161386,1,1,0.17437111146441786,3.9001949916070218,0
-0.5541202776257009,-0.8116408716226311,0,0,-0.31902748776487194,73.37002249767235,1
0.636804628023722,0.8616160832461497,1,1,-1.289147920820063,59.405257044586044,1
-0.1462541063828092,-0.45270185401018964,1,1,0.5280641016694216,42.533088698574055,0
-0.5889907403581994,-1.6137060586544651,1,0,-1.2043615586123568,67.56684013223891,1
-1.0325807292051632,-0.4634481269708943,0,1,-0.042891644883354244,1.6459421463374646,0
0.8084479763765308,1.0843242507472446,1,0,0.6642160613888832,29.767693940998264,0
0.329910367921134,0.8426533884373204,0,0,-0.6765294518040805,47.79464855335412,1
-0.7511800205917663,-0.6810854771853209,0,0,-0.9300053889244135,13.489844267154984,1
0.6822415137170674,0.5909585972984999,1,0,-0.9035731238693641,3.884379795826502,0
0.18027975601388357,0.9055754246064041,0,0,1.6075056282063223,31.58243906765174,0
-0.5113277840590458,-1.1376560104163789,1,1,1.32002231355437,21.363462388949134,0
-0.5853145358324574,-1.050650174313658,1,1,0.29021945879146005,22.278548200330853,0
0.48748007553190514,-0.3739316624827167,1,1,-2.2871252875396904,30.73980780832534,0
-1.650034285666412,-0.25406416650168706,0,1,-0.7624198468466363,17.907313344137318,0
-0.2763855102868085,-0.034643135341266174,1,1,-0.5004338468929378,13.463545675348984,1
0.17189762993253885,-0.04399328982213564,0,1,1.496330799654822,44.05261853823814,0
-1.0043808895185609,-1.405083780666901,1,1,0.5088203405440638,31.622668986544575,0
-0.7223852596859914,0.1597110492237872,1,0,0.34736134281056597,100,0
-0.9398996555567934,0.03259365312014745,0,0,1.4058912045812002,1.2989997468132495,1
0.016649149534783782,0.48123119742849385,1,0,-0.24060495109302674,9.565678212634475,1
1.6295007731552158,0.1394457879479848,0,1,-0.9478899885459537,31.748659022762787,0
-0.30397254273613383,0.3025178206200491,1,0,-0.8640480836702518,83.54077391233439,1
0.12975524766596705,0.33407338596529196,1,1,-0.3206780130627172,69.64961151232527,1
-2.6656975891543833,0.2567989083112412,0,1,1.4293489896487124,1.0216598002701256,0
-0.22263227946648606,-0.24186442995792817,1,0,-0.906418453305437,39.49796878497849,0
0.7423578505252584,1.0129147031445658,1,1,-1.768016215925648,32.76306575594197,1
0.04815634801464103,1.1784731782107027,0,0,-1.2677589909369709,37.24481782737392,0
-1.7974373869130147,-2.7513220167109202,1,1,-1.7278004186863247,8.248764564036605,0
-1.2627038354502405,-1.3471719910022788,1,0,-0.5510079719363135,3.3530010630113063,0
-1.7049199911237867,-1.0286881469392075,0,1,-0.012443165637418785,49.15478487959399,0
-2.892614092753323,-0.10046678455311109,0,1,-0.41137897775375315,59.74715848079908,0
-0.6994495144402453,0.9341713266842243,0,0,-0.27076874840434995,100,0
-0.18162528958356844,-0.15311751145372166,0,0,-1.2260802759179885,13.053193972277771,0
1.0319669493163863,-0.5159104044104205,1,0,0.4434238186031248,5.162427800674405,0
0.5031969063569756,-0.5095907203864247,0,1,-1.1554183878849054,21.32379645695861,1
-0.13233341333762907,-1.0421889708222805,0,0,-2.6173565625783524,20.575080301330374,1
1.3214824864025987,0.3896786927183207,0,0,0.6223892916974243,100,0
0.8596923784212755,0.9492601885091558,0,0,-0.3965296624862799,30.127359157586067,1
-1.2153519071282681,-0.2892599682502426,0,1,-1.035341316260764,11.454121838784697,0
-1.5949084317880189,-0.6517948661307255,1,0,1.0901340439824565,28.42582456476018,0
-0.006124022413774734,-0.3359474738346385,1,1,-1.926511601809639,84.03992607598548,0
-0.556869869963276,-1.0841359593675683,1,1,0.1430900763284145,34.385561593164205,1
0.34373554296196634,-1.220583659369188,0,1,-0.027070154808998208,7.798399955243456,0
1.4560232968107674,-0.17487851887632655,1,0,-0.4893246862504712,25.44785764608842,0
-0.7382415004166016,0.2925217866384493,1,0,0.6713761143513394,19.49607479845182,1
2.496327882433001,1.2278024050757692,1,1,0.956546979091387,24.086273631838672,0
1.3052285580259602,0.24172909192342074,0,0,-1.6383248388248548,2.6829698272387432,0
0.3645467368277669,0.7016458880073114,0,0,-1.001318350373266,9.044553916583261,0
-0.15974186980626712,-0.5154279035196107,0,0,-1.6282776084817643,100,0
0.3230942206112869,-0.07020097670029274,1,1,-0.04190240889119326,16.01666617859319,0
-0.8185464936439215,-0.19141781424334822,1,1,-1.73204758528334,74.128597154754,1
0.3222498593330856,-0.5499680667548233,1,1,0.12375213631710917,11.737081937132862,0
0.09714411413330266,0.7873397188487035,1,0,-0.5151511945634087,6.916278993229041,0
-0.15145794709414226,0.20760610803772445,1,1,0.07848552110988785,15.245569287063425,0
0.911334352948701,0.6123388559479495,1,0,1.1830275022824155,12.090228369529319,0
0.4464030354943652,-1.029314371651324,1,0,-1.2078487841356225,29.322813903519787,1
1.7730117177186648,0.22313838184126755,0,1,0.3555135596617285,18.313164732102596,0
-0.4471782427383145,-0.4100520400148857,0,0,1.2835723008817745,100,0
-0.9370344510819206,0.7872779580621633,1,1,-0.23247349513383855,12.485777056175552,0
0.7929324586708425,0.5433625121901025,0,1,0.43440325139120883,19.926288317680097,1
0.31284703369963335,0.8532415375139091,0,0,-0.6149538437323943,70.9103450451019,1
-0.17355568889878434,0.43247177566480244,0,1,0.504349385593557,37.52853627400897,0
0.4458895123999783,0.806052673565554,1,1,1.1148200370209806,3.9849549684265413,0
-1.9146732427652406,-1.1379629984185642,1,1,-0.582349062079702,93.21555706493578,0
-0.28310038514926417,-0.2574585345230288,1,1,0.646282326302198,1.5519546775806488,0
-0.4783601656400798,-1.229708491413628,0,1,-0.0656263685237743,22.850913565256977,0
0.503030736305855,-1.1474413267424364,1,0,0.7275049502757711,21.779520939352274,0
-0.10131372598809534,-0.23466377410330772,1,1,-1.0201831264377963,20.784376155991648,1
-1.7115357862010698,-0.6009172846785846,1,1,-0.4106012857177548,36.25025416257802,0
-0.14542913897073245,-1.4564771995034744,1,0,1.33558819002318,23.08979750920901,1
1.0882504645737423,1.2505098575057034,0,0,-0.17653711217672016,39.123577582534146,1
-1.185805777489561,-1.3070839228903937,1,0,1.7453084523059443,27.330522879035602,1
2.521502900056334,0.2452057287626841,1,1,-1.0737849241877298,16.926607717186116,0
-0.4073916434113702,-0.8747659464058369,1,0,1.065713839944762,70.89095842135437,0
1.0261286982873163,0.419280575995617,0,1,0.2674011233950842,13.705035559713663,0
-0.9924517122102756,-1.3315642197928301,0,1,-0.44327334741930186,23.82190176054636,1
-0.7649418599438651,-0.491709627146332,0,0,0.9962220514998038,3.2559605718875875,1
-0.10395618154626697,0.04651416907047456,1,1,-1.3387263346209664,51.68579809199269,0
-0.6269871027658783,-0.6429580716482732,1,1,-2.062819775113887,21.344110681420755,1
-0.9473155950031305,-1.596007037069842,0,1,-0.026879552217658836,72.50613884293683,1
-1.3270415673421194,-0.34309611310051774,1,1,0.12719561185252973,12.878767944505128,0
0.44988866920107096,1.384964788368578,1,1,0.8400524533583267,26.328568261571036,1
0.030510349866134163,-0.775527973387837,0,0,0.42934053269872513,41.31756220922929,0
1.4465020776632131,0.6121755158172629,1,1,0.31756128968159353,13.86224639935965,0
0.651720491418848,0.756766384606425,0,0,0.9748406189276226,16.516251031474482,1
-0.5585745869951945,-0.11837284891616295,0,0,-0.6724759614655611,32.809999621997825,1
1.6500317540732723,0.0793183049583529,0,0,0.5928496345979299,13.186059894039149,1
0.8178676900953522,0.6653286688640162,1,0,0.5975055316374479,43.12743750279372,0
0.3403824924169949,0.46123191279193176,1,1,0.38274938812310005,13.79868225952858,0
0.1499130293846917,-0.31389045028550966,1,1,-0.9563887575396481,45.788589452041606,1
-1.1794691320571464,-0.4256650775836199,1,1,-1.8736859402791217,23.668559091125164,1
0.11354591314711213,-0.38903836582702345,0,0,-1.806283526348917,33.096735321425626,0
0.4055651703923637,1.0064073874345474,0,0,-2.1985523497903117,7.82911539492478,0
1.4345453372209709,1.3656666566140103,1,0,-0.29057167344647084,17.841449973498698,0
0.28702251998813993,0.7176398236629828,1,1,-0.21228549074780212,9.264738864715966,1
0.09102899047870475,0.30405838645158745,0,1,-1.0294159249544934,21.414542769042466,0
1.1465051400276938,1.1818313851414395,1,0,-1.2780671067147082,36.87819926060805,1
0.2724590272639358,0.5578236922849741,1,0,-1.22917633397966,31.67851105231496,0
0.7389790268525901,0.6835188789851245,1,1,-0.793098323751085,33.2478060680108,1
-0.8930148208619741,-0.8277829637263606,0,0,-0.1609636986438564,23.66345788967335,1
-1.0488130021790596,-0.3378975488609335,1,1,0.7329607419622379,2.632281684968697,0
0.8641973239896373,-0.9061939745450229,0,1,2.492345198675978,4.495291621188395,0
1.669204689825505,2.090874743254551,1,1,1.0671763456762604,8.878261349860642,1
-1.0902397306864604,0.7599539672828465,0,1,2.1504848450745615,6.843140286178258,0
1.1704998544595206,0.8201006221494225,0,1,0.46173775820642404,12.456353304813666,0
0.5584624320466975,1.1606716492684874,1,1,-0.054604610808419496,13.03207075110996,1
-0.3410973216838723,-0.664050869508207,0,0,-0.8997137103866075,20.564054962650765,1
-0.3443705215611322,-0.8529715357508222,0,0,-1.2724126806713631,19.32712743525056,0
0.20073199008950948,0.3264959876941429,1,1,-0.25072923788233253,7.588293465031056,0
0.7712913616164728,-1.246643042624938,0,1,-0.1210786450740078,5.508867523277161,0
0.9684006294151463,0.52147287885148,0,0,-0.7646308369310533,23.964755547613233,0
-1.9545230107972353,-0.3267447941771263,1,1,0.4417743296933747,23.59995042088044,0
0.4300418316091279,0.6638428143594005,1,1,0.1318084061387915,2.062917350593314,0
-1.34798007503357,-0.5072368209955656,0,0,-0.9484006135564921,36.43073527532499,1
0.41790044913431396,-0.05137023888699363,1,1,-2.0295710774092925,0.8382563329681444,0
-1.6284145605586642,-1.1446345362975578,1,0,-0.06716362937252718,15.110062055556625,0
-1.3171589408160216,-0.426657195744776,1,1,0.8794273522170831,7.256194430955839,0
-1.404040763854542,0.10787814056642875,0,0,-0.8637313604992306,33.46998601990814,1
-1.663756000158512,-2.5652395812239006,1,1,-0.34232282660806607,74.80723219230983,1
0.29956095514103204,0.297261908459844,0,0,-1.3736478505452077,13.188368830698378,1
-0.5561348084444097,-0.8686297025217671,1,0,0.5514221014604651,17.979122440357546,1
-2.0142748530319055,-1.0549807128705944,0,0,2.121124814252816,100,0
0.6216426106712424,1.2753070082861349,1,1,-1.554518273790857,31.439197043647262,1
1.8760707148508378,1.816057274069805,0,0,0.6096846437394836,44.999958741365184,1
-0.7847787603126146,-0.005959311379011734,1,1,-0.646247542070311,4.224494434710143,0
2.069067942407252,0.9548116335548368,0,0,0.40733227847029996,14.587878549857141,1
1.0960274529283618,1.6780710584670557,1,1,0.4962663944425323,4.22703341746506,0
0.6556912691212458,1.1455460123760606,1,1,0.1810534759700369,15.657137088955384,0
-0.3280116943510172,0.49404620226041407,0,1,-1.58163246373185,23.915304506662707,0
1.3480267455579975,2.0080263124598465,0,0,-0.5355298596900836,10.398839297746415,1
0.3039065043882139,1.0023405128633016,0,1,-7.043860748440144e-5,24.774252431855263,0
0.4610984344500609,-0.5863743173199657,1,1,0.022906800295438186,80.89398974595754,0
-0.33783011149196873,0.6739896113761901,1,1,0.07268893758078802,1.6466372621727596,0
0.5738325617477011,-0.4255322353158162,0,1,0.32207087554039926,8.812465359608307,1
-1.1001863310055355,-0.7681197721111817,0,0,1.164697224094978,20.766636036674416,0
-0.8111957761611691,0.8134654332437605,0,1,0.5530291866363044,1.6638923537579628,0
-1.9652754820361917,-1.1512970206706217,0,1,-0.23470522550931583,4.848890085562354,0
0.5007854399624176,2.562456071083602,1,1,-0.0632347461427834,5.525322155958933,1
1.0337352785282559,0.17308973133693717,0,0,0.2186726059046622,25.28736869237678,1
-0.4544227654707654,-1.5425470812011555,1,1,-0.6772614467000384,57.733886475207655,1
-0.08537617542609352,-0.03058871839189417,0,0,1.2849063581411597,29.528861885881692,1
0.6170151542032392,-0.6414418786338579,1,1,1.1180023308477502,36.54582246030035,1
-0.3478696383449333,0.20211484421926998,0,1,0.9259212608070677,5.872379151284682,0
-0.5876227776924634,-0.16808909887580087,0,0,1.0228258367952094,39.89705028751383,1
1.6984619366619707,-0.2735075090245569,0,1,2.747296996958108,17.193198077120783,1
-0.7768090988042511,-0.45551507631419175,0,0,-1.0610107708563332,57.987689824304056,0
0.10202486050815639,0.1809677834988972,0,1,-0.21900389875481627,25.852590506248667,1
-1.6327510875695588,-0.3759079673501513,1,0,-0.6179078412192704,16.85142048242744,0
0.7908534979217584,-0.2596355399765224,1,0,-1.1269318086978828,43.120434454366986,1
-0.2692210175531747,-0.7886830732176016,0,0,-0.8821923365958163,8.592321246854036,1
-0.9388354873419557,-0.9761446605172588,1,1,-0.084826935911608,5.780076773274744,1
-0.2351915441877185,-0.6569061307083058,0,0,0.6342480834930727,22.776984657882416,1
-0.5023424309611515,1.2868162243664742,1,1,-0.8534992379925245,53.835933525774436,1
0.2604358587558728,0.002781134123475665,0,0,-0.39744968912408274,55.683419465620325,1
-0.13695434371644283,-0.6415031169244,0,0,1.066258689022821,13.684641790276993,0
-1.0201070990736185,-1.4331808677633255,0,1,0.1484733382958927,1.413942667319513,0
-1.4102854745915316,-0.6183887063730633,0,1,-2.4171318547398744,35.42923711618649,1
0.8442851051826794,-0.8622107032108587,0,0,-1.0660739346194,4.735230531467197,0
1.2462809472539143,1.9105447219908225,1,1,0.07429872324720992,13.58260050357179,0
-0.10798063455657418,-0.5531783303959243,1,0,-0.5516306021857241,21.861702696912076,1
-0.5891046331807324,0.6279117799886322,1,0,-1.4014015559374415,80.45667971513124,1
0.03012394460163153,0.11316110810573796,0,1,0.627443446585477,18.163739699305303,1
0.8486757002180055,1.1270187517092214,1,1,0.8944010037977224,20.64176396094994,1
-0.18474190186313558,-0.6664460148260944,1,1,-0.5431631601263155,23.112705281905264,1
-2.149403542366817,-0.7023884223847379,0,0,-0.10301159355601935,10.786128963098488,1
-1.9658465387485695,-0.40128590860919244,1,0,-1.185601305727107,88.77620021970066,0
-1.1675417639872998,-1.112569862190953,1,1,-1.9296112214096586,79.50635510580487,1
-0.29751084081210427,-0.14270778326012043,1,1,-0.6267654651512514,2.5815792126087653,0
-0.7670603513557036,-0.784586107539291,0,1,1.2241595584342235,59.49057713443857,1
1.0963609043133207,1.2932764742497027,0,0,-1.3161078903863221,63.79606120527421,0
-1.5710625131358487,-1.306047720081329,0,0,0.607967707970827,100,0
-0.17159705752077878,1.1627954622642336,0,0,0.743656022528085,14.827262753884547,0
1.1555095494247707,-1.261564238861641,1,1,-0.2511636247261667,68.15254594979783,0
-2.3789377689075244,-1.1385091702927737,0,1,0.8055718182301119,100,0
0.20256899792759533,-0.025529088795411756,0,0,-0.4488280855546531,17.661756337909395,0
0.45504518748559786,0.8446971880275657,0,0,0.9791045739204516,57.03027046365375,1
-0.16315002833318085,0.7443995459285798,0,1,0.6528586155329933,25.7338684037541,0
-1.0336005261290053,0.9446860908301956,0,1,1.9000526268642506,20.65377480868812,1
-1.6454937396752014,-1.6087422009467152,0,0,-3.8266967287300493,31.93914335187029,0
0.14077025172405605,-0.7177500347049159,0,0,-0.7221093059337947,59.72462542461702,0
-1.6164075680988343,-0.6547770191926464,1,1,0.8329555973080651,15.596246384154014,0
-0.4446358706701764,0.21686969757575886,0,1,0.21690752871643568,53.853899653014764,1
0.8265613803061767,0.590642731768562,1,0,0.7777343862082838,9.616554071708403,0
-0.35705469824793196,1.6322424029812597,0,0,0.015029113149235392,71.38158820363772,1
0.7334690101818947,0.7091421574774934,1,1,-0.4698185468577286,10.27407098210281,0
-1.82039810827461,-2.132981086917909,1,1,0.41268707418466244,100,0
-0.9249700214102415,-0.9197488001721306,1,0,1.5932481840626977,52.86092263051498,0
-0.33863974737870256,-0.11245117665889345,0,0,-0.5991460585220542,51.019495789285216,1
-0.4769520036439597,-0.7285988588660591,1,1,-0.36864528322806023,38.622425151011086,0
-1.9320268609739186,-0.6023110253673938,0,0,-0.9015812782783773,40.05978671637067,1
1.0633817623748085,0.4470730240212666,1,1,0.9275610443518235,24.119142933511444,0
-0.08545033478544656,0.3514348196603645,0,0,-1.7484140542995041,31.769265003896862,1
-1.172704335974466,-1.7301794414123381,1,1,0.768473266653419,7.100852615710285,0
0.6623901220744529,-0.32570485533469623,0,0,1.2546711314558479,15.866399835601579,1
-0.5993509977542752,-0.5877255668280013,0,1,-0.41924083357468367,3.960478006253324,0
-0.3776230539859219,0.7717883402451571,0,0,-1.764017164363434,32.74522979527104,1
0.45074087024725695,0.889124341799185,1,0,-1.175005873377429,26.466320310778233,1
2.029114323716402,2.2476868805123047,1,1,1.2954058457742614,3.667882471204002,0
0.8442895181086615,0.7570926584919869,1,1,-0.1465522418404237,38.26228542718634,1
-0.27974169578001706,-0.7549133188110317,1,1,1.101190815499417,0.842996662383448,0
-0.033835924363017175,0.13872647894512352,1,1,-1.8331171375594881,14.545706410702305,1
-0.755640792421783,-1.2826202116806305,0,0,0.4939579510536563,39.755272816869144,1
2.1765621599115486,1.269611981550563,0,1,0.6971480514873805,21.791356056437053,1
0.9910093398709111,0.17900597595819528,0,0,-1.2478940087036055,21.191918008911397,1
1.068400231828128,0.4847957678776503,1,0,-0.6511747960035038,59.58966596472053,0
-0.6870673797138648,-0.303294178617437,1,0,0.9621531113342358,19.64565389261518,1
1.219665158943589,-0.6988625560901354,1,0,-0.17762565540329053,11.101850100318263,0
1.5353045866196033,-0.8962611727821984,1,1,-2.357524189803885,35.886671370567925,1
-1.3354976058262313,-1.6780391388939289,1,0,-0.2296324886960493,70.70230889960759,1
-0.7859564579686044,-0.20544314085179238,1,1,0.8237752730771926,28.17652976452334,1
0.1640811428791332,-0.9913096522222636,1,0,1.0558150007419569,100,0
-0.6771275643998602,-0.26537479384955664,1,1,-0.4071554468407212,47.82827753602475,1
0.09931774693093014,0.8957313626232932,0,0,0.1360951280485912,5.1522471096892986,0
-1.4171347928613833,-0.5891998964762881,0,1,-0.7101776183440467,4.334071897590453,1
-0.3035108223607974,-0.2869701716836838,1,1,0.3167704457877624,28.849259733045052,1
-0.8466385502202367,-0.2731891184737253,1,1,-0.24633094724228183,15.955172513989659,0
-0.838333814972673,0.287628821572461,0,0,-2.183258371492223,10.364661469170136,0
-0.533082707267518,-1.1425752307779284,0,1,0.18197084815535036,65.26108942835337,0
0.6982219514850174,0.18068950077301488,0,0,-0.7229644960057029,100,0
-1.307819759088928,0.6546179398139831,1,1,0.5515756262159481,9.33635207169836,0
0.050948659587426205,0.24003293609360726,1,0,-1.384196837032796,0.7919092867544415,0
-1.1909467153048703,-0.5312656969012806,1,1,1.5537676239816085,100,0
-1.7729574908171983,-0.6238221326062252,1,1,-0.26974396391425454,13.414691908511717,0
-0.12121899714176916,-0.9655905726843093,1,0,-0.5707141526881774,7.9169843844106085,1
1.1319465546122827,-0.042362244914256775,0,0,2.009150157394707,37.78534328549504,0
0.02928850744455843,1.442538851999509,1,0,-0.6515668155751363,44.133834436914974,1
-0.19964610344356357,0.3426940833147486,0,1,0.8024139985498354,17.226900533633835,0
0.9756787924564089,-0.17166094276098548,0,1,-0.5237810510251701,23.261292677248417,1
-0.6608462088122391,0.4860463354084269,0,1,1.2740646208326607,0.6976487891044985,0
0.5471572115165922,1.5057546886261604,0,1,0.022710972875234724,29.06092485337666,1
0.011480308072749586,-0.1001627750214022,1,0,-0.5016879460848409,43.69487666987254,1
-1.9040838595508593,-0.900533990694834,1,1,0.7587236877452997,58.561147798874806,0
-0.5017016863643835,0.6064585615021514,0,0,1.8485882234018902,14.05379114913263,1
-0.821492221581479,0.8211167603372298,1,1,-0.4141473302993075,11.390743566832462,0
1.8314389633082562,1.8980666056001245,0,1,-0.11241686077722891,48.44792845377425,1
1.2786952588492202,0.42614794033489983,0,0,-0.5658576924150642,3.2297316249082413,1
1.4964365512430018,-0.0534096562814691,0,0,-1.7713804975656882,31.960002391372846,1
-0.897909645955213,-0.8437443914663614,0,0,0.49988074507442476,12.406263854502864,1
-0.7350992444959843,-0.13152438234323302,0,0,-1.4117827694656122,49.46343672347783,1
0.04968599475576004,1.0308125778684971,0,1,0.6610123218881007,7.489661603344104,0
0.02730033462563469,1.0382900600554554,0,1,0.37214116243891404,15.48372451998312,0
0.10453547558564132,0.673009801415463,0,1,0.07434712468648105,5.9540666962951345,1
-1.7851454788041494,-0.6184664923849499,1,0,-0.37350901593073027,26.660711813372213,0
0.15712751338994738,-0.8845241759446829,0,1,0.5674459482260474,17.598842475128222,1
0.5380927853708256,1.131236373403889,0,1,-0.5211362167962617,2.195002507897908,0
-2.361828595542385,-2.1391138870817796,1,1,1.8249864496330888,38.85490304047804,0
0.5480716661436776,-0.26244069238139683,0,1,-1.4317703945213323,29.732713468232316,0
-0.5933545291862381,-0.06488539011843444,0,1,-1.8872705459181396,6.18162903658405,1
-1.11104650837156,-0.11582989866399762,0,0,0.7065993123557446,25.72322873340347,1
-0.07573962746012665,0.26948437554557503,1,1,-1.4545158369880327,25.89538710764002,1
0.35956707547643907,-0.8159702290176585,0,1,0.0816937698426356,8.659295408686663,0
1.5706068218946965,0.33061170493472314,0,0,0.7855381448981014,0.3843406418230031,0
-2.35089782930419,-2.0666417709001177,0,1,0.7997387904807637,48.853563361643864,0
-0.62910206698387106,0.15529784770647775,0,0,-0.25297628394087907,6.6880304552281915,0
-1.4336028251913786,-0.011429513387988588,1,0,0.7468302017001528,32.3057875538424,1
-0.18985569128085206,-0.10835211201186659,0,0,1.0512391073496534,32.90135489982922,1
-0.64116466174018,-1.2480382950128126,0,0,0.14752924652959093,0.2683686651112817,0
1.3600838968079492,0.13573365555368044,0,0,-0.43893020264589167,25.8590199720562,0
-0.009933520078749352,0.5381439336465778,1,1,1.0790551519162639,19.934551993433203,0
-0.8926053025860581,-0.46470553881504983,1,1,0.17833198330321226,82.00086670647214,1
-1.2470466260287447,0.26389970935331375,1,1,1.218144569115771,43.07109304756397,1
-1.0765010845745882,0.33465427797819813,0,1,-2.147517641997509,1.1605904156819717,0
-1.166580829328621,-0.4541852468179172,0,0,1.495842298044253,17.640022303028566,1
0.42133747521664155,1.0190662071821928,0,0,-0.12362891547789229,100,0
-0.7493877573413188,0.18427577731349187,0,0,-1.3834047670779346,24.224259267323692,1
-2.1158259127490098,-2.8670517685789565,1,1,-0.9852441409077985,13.947223756540303,0
-1.3056634577633797,-1.012916125996846,1,1,1.0120597906409268,100,0
0.4704174770319271,1.2312328126579666,0,0,-1.9603990931676822,15.614206480396467,1
-0.5276976485366889,0.03219833685891549,0,0,1.1337156406903428,33.24114228109927,1
0.4266970100953445,0.24930808805285054,0,0,0.21714795737598652,24.919065925010504,1
1.154503779934869,-0.019798940346683058,1,1,-0.8092707811662861,38.802496092329875,1
-1.2430181894212213,0.5347581582996831,1,1,1.0775716879440858,7.423980059399177,0
-1.2544246925548892,0.0916222780780348,1,1,-1.1505408999675146,7.333641455990765,0
0.13392974704604824,-0.2605611294492709,0,0,-0.22360035937464195,100,0
-0.10770430816919103,1.2277358846189643,0,1,-1.443657220863388,17.969746407789312,1
-0.8068979821905502,-1.1036520450821252,0,0,0.24031351005035806,40.71217556599697,1
0.5985845342488408,0.8242194554024214,1,1,-1.197356625140384,18.430359204740164,1
-0.2581564743373465,0.597248696575729,1,0,-2.0338517932555855,7.482873347031663,0
-2.127122150722317,-1.1801761793519936,0,1,1.3708544405381013,1.7142615010460815,1
-1.3444925616105359,-0.8758570834340775,0,1,0.2248690069733316,10.398236355488002,1
-0.631653799946821,-0.620723629021352,0,1,-1.468471474128293,0.21003992155643653,1
-0.9608334448478081,-1.1621266904676566,1,1,-0.5765936097444921,18.30676375786039,0
-0.732365574157329,-1.0378743242344963,1,1,1.4567430173991534,56.03390431521963,1
1.5357288879063964,0.03170818968276523,0,1,-0.9712182937291665,43.51642275498605,0
1.8287755790047235,1.2808321781563812,0,1,0.06651803356731852,5.551729180497839,0
1.0077096740835982,-0.7933223699061486,0,1,-0.19497554522700442,27.331560484666444,1
-1.9576183290301334,-1.1155696749680506,0,1,-0.0033286910221204547,22.50158244559089,0
1.1382719245775328,0.6569184518301302,0,1,-0.08259658329265555,17.249184548624115,0
0.47403570427617775,1.2815197800370222,1,0,0.7040463641946298,21.58564487101744,1
-1.1673355961238405,-0.8559558545881756,0,0,-0.010306043577462853,100,0
1.4228409300540905,0.6092470396536358,1,1,1.1524423042800047,10.389605038754759,0
0.29223535351348146,-0.4152555075787083,1,0,2.1171542047803187,35.52423923639492,0
0.6022842462329362,0.2661525603563909,1,1,-0.2557013427652993,29.756880815671874,1
1.345390064097207,0.3226919132736366,1,0,0.747183423602009,38.04898574669727,1
-2.3914588738740266,-1.4555676145242076,1,1,1.0328643683175887,13.394982017696561,0
1.7676216921788204,0.22422032252222146,0,0,-1.2308161265677626,37.64333459556039,0
-0.5336327622681176,-0.012310329719366075,0,0,-0.16401605760456794,72.6030996842302,1
0.49866059737265783,0.05466923843156549,1,0,0.95342752586107,35.7113315219489,1
0.5322192595959111,1.1069463824790562,0,0,-1.7556807206543543,78.00145371400578,1
0.19275769365568962,-0.5302528574788392,0,0,-1.239281313049456,9.617707750710526,0
-2.018645119530568,-1.8182810766440225,0,1,0.4352282642908544,85.09965871381438,0
0.4640187992259845,0.8911633140276198,1,0,0.2812855073657866,17.834635480267988,1
-0.9409553134917213,-0.2772279920075303,0,1,0.6047154680677653,17.93555757775693,0
0.9657261834825528,-0.34673392322390484,0,0,0.7943571406615004,41.011828094095506,1
-0.4411707560290752,-0.803874603477526,1,1,-1.403853700913418,3.959827410026971,1
1.3956731915049652,1.4847904999884844,1,1,0.40884849630203257,9.444171392630443,1
0.1935063258358129,0.2803332983689486,0,0,-1.39215636969137,37.61379815114689,0
-0.42664416616628104,-0.281573563110484,0,0,-0.7938406929738393,26.641087034703954,0
-0.5063493202615315,0.2821204449500988,1,1,-0.31732924678314184,62.448132602344415,1
0.16173859572914287,-0.3953857080942214,0,0,-1.0333008804383563,30.889457376932032,1
-1.5908595503898062,-0.04043951333456097,0,0,0.2245580698756943,31.957648584967657,0
-0.7851421610768323,0.1595287846680764,1,0,0.6746980588236972,18.295286242454747,0
-0.6811234461574227,0.9711050815721186,1,0,0.44725800689703016,26.88553672313097,1
-0.3806701240217708,0.6051652580813787,1,0,-0.061887567021229176,8.05841862785781,0
-1.0240215929146992,-2.2555293109589543,1,1,-0.5654104279718717,3.4183618219235723,0
0.8251214341848734,1.0587508232989569,0,1,0.4306964365588593,46.867892990520744,0
-0.07243094942811512,-0.660051540285358,1,1,-0.9333193965202814,15.431384389485252,0
-0.24975028360589835,0.562221349194642,1,1,-0.8678197465443445,31.046296017424176,0
-0.46876676509071424,0.4516946077007729,1,0,-0.22778149477969853,11.831128351660396,1
-0.8663852317711664,-1.4578001004139192,0,1,-0.5854331238934957,17.195388896110355,0
0.8432076317899788,0.8677603864330568,1,1,0.16926952267232578,72.6353431850884,0
-0.03294286079905957,-0.3910532054763476,0,0,1.1290815174706208,28.885720415749496,0
-0.927318639325013,0.017936243022402154,1,1,1.1866715718577396,7.85473099670449,1
-0.867734051629582,-0.8128431387418498,1,0,1.1122146411859293,93.88656486450182,1
0.8497741157244342,-0.31965858223915616,0,1,0.749942401273693,14.281576809483703,0
1.6277889003554311,1.5902275919498297,1,1,0.3222592440717755,41.440134078917886,0
-1.0940061512502133,-0.4728921047127418,1,1,-0.22401842281416245,17.95419221907346,1
0.2724301253153874,-0.16085547121635116,1,1,-1.849083901637512,30.911561670148355,0
0.17538011698447328,0.34062171210820125,0,0,0.5353808855335255,67.94565759974853,0
0.12750717769039271,1.9423840481368813,1,1,1.1536713987305767,1.347209007100188,0
-0.7467825287313739,-1.1644784720464523,1,1,-0.37822963148862004,38.93360561414793,0
-0.3099931696012754,0.04577166410374023,1,1,-0.11166496964938494,10.295403041210482,0
-0.7477149656398,0.6728811226107623,1,0,0.8013635342125978,3.0345775006778983,1
0.8433805465454224,-0.7365296571087545,1,1,0.200699131185012,16.227857058549095,1
0.7636330853223688,0.02613343891733294,1,1,-1.5940927396263493,8.005508483512926,0
0.8488495541014299,0.8092739893699075,1,0,-0.43253618800465116,33.87944070910944,0
-0.4964507269634931,0.09247312892301396,1,1,0.9680262696859376,44.20703932990475,0
0.6556771784955935,1.1563050508495603,1,1,1.1985055031304122,0.1138737182070048,0
0.19333504754459274,1.0359250769691335,0,0,0.07515522154231712,61.55502364901267,1
-1.2744858745580478,-0.8382526414202554,0,0,-1.0977600807456267,38.99241470781801,1
-1.3138481847321493,-2.5580148835896677,0,1,0.5478868571149313,2.9153058561163423,0
-0.6077176329046784,-1.3223640896096127,1,0,0.05893158068311921,58.887781192214035,0
0.6681103593024176,-0.7714335606185587,0,0,-0.5640699099637744,100,0
0.6748556159231701,1.0759733626917072,0,0,0.37572087677471894,50.67709696256313,1
0.3434354270221535,-0.4189296544984423,0,0,-0.37707023116141253,99.2517638793808,1
-1.021539715417438,0.03172926275960619,1,1,-0.04085188949069398,32.99100903194742,0
-0.3964868417478206,-0.29706326104133074,0,1,-0.3017401178065487,92.84186859557309,1
-1.4292112734098674,-0.26743225340834564,1,1,0.7381914552983565,25.698972354052756,0
-1.8132857325934824,-0.2524071539792889,1,0,-0.13758787597321392,46.34494743763717,1
0.31182948993941784,0.15715234623157645,1,0,-0.6319983369863695,1.8456578763187401,0
-1.9901734943265232,-0.004864888374552789,0,0,-1.6919376015267396,25.52071981113604,1
1.5661235630628334,-0.37702365940914384,0,0,0.3007299563847959,34.517609361235635,1
-0.1280677723554369,-0.48317558866157023,0,1,-0.2514066586590973,10.600928059525192,0
-0.5809499349521773,-0.254737994245063,0,0,-0.16567531790944895,36.8372722535243,0
-2.378428032364971,0.08932246044375813,0,0,0.38114505338482146,63.62913930993357,0
-0.48061314905118585,-1.3315529686391019,0,1,0.41918661567558013,9.956484543433906,0
0.9304838381705095,1.017917816760157,1,1,-0.6039987244376319,35.932042121056725,0
0.4418027538527477,0.1395221968748213,1,1,-1.155797427342361,27.805290913119823,0
-0.9280888436654164,-0.8269767099983016,0,0,0.34217999694033124,9.799081688824899,1
-1.304079545226498,-0.8654319645960638,0,0,0.598631820197309,14.5559041582503,0
0.44550878668252353,0.22164795116423563,0,0,0.4094011622986889,28.839464681771858,0
-2.5006253904232114,-1.1111905851912265,1,1,-1.7538331692012317,25.915967797645106,1
-1.3977806142628915,-1.9238643392392376,1,1,-0.1714659486897142,0.1311858677337755,0
-0.34449944181868897,-0.035993166029187035,0,1,0.37406562258136,12.760315560679887,1
1.59450059623517,-0.1506908764656565,1,1,0.45137526616793067,21.41946187067122,1
-0.8377941164369308,-0.6695300423659736,0,1,-0.19128834872904135,0.49099748237240193,0
-0.3713736954703264,0.2683512506838903,0,0,0.7624438423860418,31.73928355845135,1
0.7753299253403189,0.5832496540721046,1,1,1.1564447345318285,5.659176835950124,0
0.8155582424016933,0.5478163400791445,1,0,1.138122448273187,47.30711948710778,1
-0.2874405669521366,0.7107648071099391,0,0,0.6564224689345763,20.748980172838685,1
0.31070173614638846,-0.8896596920619525,0,0,0.004529173496348589,4.987878124463518,0
-1.1952846176485024,0.5803782339744593,0,1,0.99274004974991,10.479660017117114,0
1.756344031377665,0.5652968021057336,1,1,0.06663014587694446,19.78180897176339,1
0.31413218066805515,-0.6332733485092574,1,0,-0.041168033699407774,3.101452943252164,1
1.1657553858448322,1.5250230913426894,1,1,1.8537133768452856,45.23788860767504,0
-0.5904429263908239,-0.7477434750403329,1,1,-2.070246401434182,7.565457331568177,0
-0.10239023114667377,1.5592553938869569,0,1,-0.9099140611748441,8.393994396872245,0
-0.843082395226579,-0.8465068603994252,0,1,0.7745938231609323,11.064347228284513,0
0.4884055816717679,0.24334152520186636,1,0,1.7910676796755238,56.854093021202196,1
1.0801763280679149,0.10337995786082071,1,1,0.6991947558053292,32.15833259211257,1
-2.5787683636154504,-2.1198233287866937,1,1,0.14839751462684278,35.43739743840137,0
-0.22437799428864064,-0.2530329401164688,1,0,0.13573472049698218,32.12502876168873,1
1.2627713740502333,1.6779172478620206,1,1,0.4819112003501806,42.97132937176698,1
0.3544833164127754,0.6213200534287744,1,0,-1.3991847916550395,11.15312307330443,0
-0.6382386389792675,-1.0436626624114658,1,1,-0.6074745525624856,16.244641614220857,0
0.3416257876464854,1.8539509056115224,0,0,-1.0949554180241794,23.327875886521667,0
-0.156646463339644,-1.0719634779857194,0,0,-0.08632107358410826,31.535646988315015,1
1.3375150235461717,0.6271280371278186,1,1,-0.6101517260576425,12.87109530919637,0
-0.16104884715768883,-0.8738166463046478,0,0,0.6153699458746668,17.20527513682538,1
-0.6371018320210537,-0.8003487239934132,1,1,-1.744090962333082,20.926382907924463,1
-0.7350400454427499,-0.6367060393330005,1,1,0.9636348969710916,52.4140247704184,0
0.9314308442026991,0.11852563441590036,1,1,0.3874807476505547,59.38477549740046,0
-0.06522180354360316,-0.7548737967505034,1,0,-0.5982349322171373,15.818224958352042,0
0.4180363592265117,0.8997068210445242,1,0,-0.3338796747802738,27.21608847560203,1
0.884245691656698,0.4175672724481406,0,0,-1.5207357139239446,42.73584038026553,0
0.0049428422122921745,-0.9442748726419474,0,0,0.897284961478884,30.332885607915635,0
0.6110421004357846,0.5593238023970215,1,1,-0.3305741181810369,8.492084613024701,1
0.41147954316099195,-0.6265170110356324,1,1,-0.12948784569771457,9.8041455991537525,1
-0.33371330659114945,1.5571113199414262,0,1,-0.24071315485052633,71.12000088543546,1
1.7689216970274209,1.022673611048538,0,0,-1.5974945787706776,45.99035479643153,1
-0.7002287036219201,0.3817652634170695,1,0,-1.5418410302029353,60.85151979206133,0
-0.41882972213560077,-1.7958081055741713,0,0,1.2590850889985654,41.94648128165489,0
0.7525393338458396,-0.5660260927152596,1,1,1.491234275493042,26.353297112403048,0
0.2092536967997077,0.08459782817179792,1,0,0.6192600129401655,10.281828475293793,1
-0.36089377200614,-0.5445342308331947,0,0,0.2700815411606348,56.16927274551864,0
-1.2421843752050457,-1.1767831909158302,1,0,-0.09391261253097657,68.87590982859493,1
1.6974144792498438,0.43738081921933436,0,1,0.6705668648221267,6.495980416350574,0
-0.7540000482619427,-0.6860762228673997,0,1,-0.02031835126254307,5.690469623462121,0
1.644223993403787,2.2884512788663423,1,0,-1.0163846112013275,23.42068834992667,1
-0.8094409018652349,0.07181082923015003,1,1,1.1972022502674375,29.361394702049644,1
-0.7654525679746268,-1.370933128074746,0,0,0.9652008974384012,36.69792084216911,1
-2.5065921159161357,-1.4009594604168196,1,0,0.9775709789027842,77.45074895337565,1
0.411849148181336,1.0665533876656483,0,0,-0.14640264870476344,12.781637689677744,0
-1.339384587461039,-0.6253184648527117,0,0,-0.9102352084526769,11.559334051914524,1
0.9017361847308192,0.31847496188646607,0,0,-0.4799875339068155,75.31991363076064,0
0.13359830326104907,-0.6033186635402588,0,0,0.8414932718567507,3.8330495747774287,0
0.9314005964066272,0.6990291505128123,0,1,0.22736405347368152,26.072620623796553,1
-0.43478034124782317,-0.7968760270777921,0,0,0.35920172361854846,36.78033114842895,1
-0.28367326735437315,-0.17299569287078567,1,1,0.8875278660088028,23.506287898912525,1
-1.6831602870209676,-0.911380629682301,1,0,-1.6635240666108135,4.3601707574816215,0
-1.8332878987319376,-2.4984218956377724,1,0,0.8551481397966352,98.80047260121042,0
-0.2885696870712591,-1.8353729511912484,0,0,0.8661878264368963,22.788357560217495,1
-0.5014338040354103,-0.4125612224187477,0,1,0.5546951999865765,73.96561427427812,0
0.26723856676975716,-0.5461069382863134,1,1,0.7232100527051691,22.65404610287816,0
1.3965298146445555,0.5564198448705988,1,0,-1.9323302141779484,67.8574560448432,1
0.4521477389993779,2.191907878077733,1,1,-0.8719576527900719,40.68507186201393,1
-0.35951475354867996,0.22760035294342443,1,1,-0.8065357771930338,12.352094052738348,1
-1.3500402036105432,-0.3501343967572571,1,0,0.5799199956004043,16.84088779748885,1
1.4191441972500076,1.6858416476067086,1,0,-0.7807495743481188,1.4268469697206065,1
0.34711334938756555,0.2812992081425361,1,0,-0.5835745700102711,18.237711194675096,1
0.49991553213962864,1.3593763906121092,1,1,1.876290657623542,28.75319097505329,0
-1.175646420305325,0.4872515791448263,0,0,1.9922837617255327,53.03222320119167,1
0.43742569315731267,-0.3323332773293247,1,0,0.13743758780648452,89.64539612235144,1
-0.19257115058404833,-0.014607913217165508,0,1,-0.9455570781708669,4.651522256043644,0
0.7190656470774343,1.7211563375875565,1,0,0.34081528110694775,11.605030056878597,0
0.2861972475041182,0.8395110233999785,0,0,0.7647038804159512,27.434784679410807,1
-0.18695750885809712,0.42983755277788377,1,0,1.6133898458683993,69.80176024115288,0
0.2336008823372725,-0.3684885806495531,1,1,1.2101744136382206,40.894560089620406,1
1.0688673449384567,-1.3043680351646971,1,0,0.079018661474304,65.6699123936586,1
1.4145392150504734,-0.9507737094377244,0,0,0.7419377163975518,64.94993685103475,1
-0.7105583929706133,-0.18496041217774245,0,1,-0.42598401646977363,45.81332492435604,0
-1.4828627434653552,-1.6787725449460187,1,0,2.0688668076603007,19.59820352907549,1
-0.5744794010433122,-0.12712198937653704,0,0,0.057076283696067376,3.4400153213061686,0
0.04519501392411253,0.08920507456166876,0,0,1.988136686115499,41.13080247140094,1
0.05937899607404812,0.5665748871281479,0,0,-2.1278825127394283,50.85861781428319,1
-1.6029366085448582,-0.796010938955546,1,0,-0.024883141342510053,94.97414265728429,1
-1.0698703277856219,0.1961236314610214,0,1,-0.02852435387755835,18.80343290003074,1
-1.209411502820624,-0.975089002308347,1,1,-0.7462414223016839,21.896152993008563,0
-0.7324259120410896,-0.36750182322888975,0,0,1.5377137869426534,1.979134792928997,0
-1.521989607741632,-1.3240118819457316,1,0,1.9082240630600784,20.397469956992495,1
-0.2848496947770023,-0.43334044621863427,1,1,1.049238554678205,5.1022019775581855,1
0.9281264035884031,2.442715493159005,0,1,1.5127197099240974,1.6540041814389013,0
-0.6887496463738008,0.6110724957474292,1,0,1.7327920715069516,22.4673544241299,0
0.30510551598251684,-0.24044643783068662,1,0,0.7226335735775908,87.6914348957103,1
-1.9095146669526302,-0.7404508402460132,1,1,-1.3227801316654577,28.854125145708025,1
-1.803962014909717,-0.8720254736657987,1,1,0.406128752594471,36.32262902001624,1
1.5925016587038774,1.7386776824517685,1,0,1.0971417551869642,18.497084694089843,0
0.11425851854957311,0.005525727309708753,1,1,0.8328920767546105,27.68567966323308,0
1.5933466617880367,1.3669032969161423,1,1,0.6955049402743642,14.731669618813662,0
0.39100836308951165,0.6569647996520093,1,1,-2.1273865856984764,10.417654660645525,0
-2.2410490392170033,-1.3706735253554179,1,1,-0.3971950647583934,40.82098931858113,0
-0.322984958015385,0.6523045886690869,0,1,0.33739342793975696,5.473612507231799,1
0.4661242926789868,0.12698993277766724,0,0,-0.8783550696093825,51.002735223863155,1
0.3074013219595115,0.7989014762652383,1,1,1.396124948721901,52.402397089801866,1
-0.5015761763340053,-0.889144904470232,0,1,2.3632207279825335,10.251210709244019,0
0.3303128759834416,-0.16066064830312765,1,1,-0.4385083770261855,47.64230563792463,0
-0.5940947014398527,-0.17832227968355613,1,1,0.97560079828987,32.599153516009686,0
0.23614612593446635,-0.5563680109383916,0,1,-0.8784611660656683,53.644990940250835,1
1.3824862019950652,0.0520621035262403,1,0,-1.5820232521941746,13.051657471260521,1
-1.1503066383788656,-0.308192517479026,1,1,1.214307991157855,41.54816356386459,1
-0.9645171880752264,0.051147655353315336,0,0,0.26265698561705053,48.66977672322043,1
-1.0298306645178337,0.3515001469323694,1,1,-0.4181767936780407,14.29720417391029,0
0.11287782674868976,-0.46058131244993733,1,0,0.10327610999972704,1.859707231987498,0
-0.7141991154014081,1.4770544778968793,0,0,-0.3451278552621152,87.81075039401081,1
1.0584370247510955,-0.05989241511782617,0,0,1.748652470436676,25.883600073800505,1
0.9407054542185602,0.2515853239432951,1,0,0.9734811026688979,20.961274202052298,0
-0.05610394795058575,-0.6970737633462778,0,1,1.2280924194621512,30.827442389315173,1
1.5254358898403502,1.6292487460594332,0,0,-0.7521298491098815,11.689076524264062,0
0.37458860526374466,-0.6183154070648675,0,0,0.6574486029743927,48.1884436577832,0
0.3701665651520774,0.17727148306030455,1,1,0.33419305385023546,9.75823170025203,0
0.8690169194444499,0.39344093602446584,1,1,-0.44232668649599266,0.22604592404666948,0
-0.9074545554882484,-0.09980308220839862,1,1,1.094104358873089,19.191859459363087,0
-0.4119829231957665,0.14306815912777712,0,0,0.5165889658672781,13.84019217145038,0
0.042010572523019214,0.16546182964923153,1,0,0.709534934647528,25.681601474806545,1
-0.5420691377446244,-0.32559829846752686,0,1,-1.5973638101846388,65.5344859900249,0
-0.7087600011100018,0.45190190683314185,0,1,0.19828750596316602,7.406842477384635,1
0.29522243435744444,0.05078572370622815,1,1,0.6335413129185112,63.84569263010374,0
0.7279477927210598,0.34954350286421265,0,1,-0.6795175589900515,15.286660875916015,1
1.6537067928558886,-0.9301363822303028,0,0,2.0851972187571417,17.409730682979713,1
1.7794888938608349,-0.3994546383966495,0,0,-0.35736413363151626,22.520201620867674,1
-1.0353519989755393,-1.6425850957737778,0,0,1.277008580100599,65.66600516149437,0
-0.8938730614982814,-0.9420105694004878,0,0,1.5283079069979346,69.06010722993851,0
-0.6196411535828052,0.14807979324350795,0,0,-0.7899389947087974,42.74840256840599,1
-1.642718489473267,-0.009107617505656918,0,0,0.40923603823334376,3.141538593517008,0
1.1536471389250496,1.6261477774969233,0,0,0.4313003199517048,4.600374057070083,0
0.9260469417529286,0.6450628304480408,0,0,-0.3562981886742773,25.543701241497057,1
-0.6810720499985652,-1.1873286374511545,1,0,1.8704874723616307,26.93152440584402,0
0.8461152597939787,0.3583716473375821,1,0,0.9336270324728599,20.205870406797604,0
1.943343778023576,1.8959612096176488,0,1,1.1357010570757735,12.00510750898962,1
0.87488847834107,1.7002390925009565,0,0,0.9879182345018593,58.90046643171308,1
0.5947842880164212,0.10821377192624873,0,0,-0.16776186703981782,21.60270445935622,1
0.05752017199093631,-0.10929443576200669,1,1,-0.5686666749363746,25.562833908907646,0
1.004685424829936,0.7197926196034825,1,1,0.7624650925595595,26.58933821949945,0
-0.8596743288778017,0.901791784116848,1,1,0.48999106959257366,100,0
-1.12013459000376,-0.33984584039315696,1,0,0.6218791568820884,13.185313659042654,0
1.2802770314945338,0.16954288948013446,1,1,-0.41496651219165703,3.8150660375211767,0
-1.766924680928895,0.6199739366359096,1,1,1.1163862520624346,40.946209971740586,1
0.9816069757549811,1.0297738877008211,1,1,-0.607567707375357,23.976415539133008,0
-0.6033353870123914,0.019877833847100235,0,0,-1.613787744445663,35.653355297192924,0
3.0284981340081787,1.0954280016432953,1,0,0.11115034398474308,61.246640331886645,0
2.7127519818967563,0.6621191390742472,1,0,0.1268024077724936,26.428597301431303,1
1.6908438935544918,1.146457093185747,1,1,0.4638763949484408,3.5237396393989946,0
-0.4321130771490072,0.2751484113925393,0,1,0.7735820195943762,31.606057614065396,0
0.04929396254251992,0.314829193637263,1,1,1.3849760295836504,8.565333802188585,0
0.2642955920842009,-0.3710696624878763,0,1,-0.23053051954105963,26.525948375265152,0
-0.18613570325912096,0.196241634443585,1,1,0.12402983140440293,4.849893369703838,0
-2.4771179365784985,-0.7564843208549542,1,0,0.6911757567035772,19.89230308258133,0
-0.7744649975380029,0.31506006309908763,0,1,0.4094820785193605,4.002644924912953,1
-1.5821016949890898,0.38788016253946733,1,0,-0.6910054936514013,100,0
0.9798500813555702,0.15291900397555047,1,0,1.580476421982172,28.499118257744147,0
0.3620254554838477,-0.7550865502660367,1,1,0.2822859915973562,30.121431104865756,0
-0.01660854470368241,1.1124970630399826,0,1,1.279040385485808,37.740126681143465,0
-1.334568356745641,-0.4966052931720617,1,0,-0.43448316362620243,21.802442067539392,1
-0.25874391347900383,-0.27241604115360374,1,0,-1.830591011416082,100,0
1.2436995296163036,0.6432120327377806,0,1,-0.037316550475819305,21.53831422324375,1
-1.6460082931556494,-1.275420076733214,0,0,-0.6306622711458122,85.3608403377317,1
-1.6767649230617894,-1.5207027195251461,1,0,-1.2490323463330881,52.492696896851974,0
0.5799770810102336,-0.07564917278415317,0,0,-0.7667612518616663,1.4729602303186602,0
0.1393928744628332,-0.358961154747347,1,1,0.7281911994388197,9.49406594616445,0
-0.4476737816979662,-1.4121220505198269,0,0,-0.0776790623051802,67.3683930591513,1
1.0396809975299939,0.02969666439406904,1,1,-0.4004986319289583,11.44063040010388,1
-0.06405530882104357,1.214447331320405,1,1,1.5442377321400014,29.151115346522943,0
0.865215451956944,-0.7770099918840956,1,0,-0.40627432424756293,17.423713802391024,0
-0.3576622595061589,-1.2340853407698347,1,1,-0.6923269010709002,12.244432868061674,0
-2.059534993234776,2.4723800529402595e-4,0,0,0.600353612485484,1.1126756110399585,0
0.03658388042249996,0.15474629615500013,0,1,-0.2552080479647394,50.06122993785477,1
-0.42137257369096387,0.006289023860174908,1,0,1.6577548988576456,88.76836010409069,1
-0.05789676564933658,0.23327253324008698,0,0,0.02818507225514994,40.12133068527775,1
-2.0349970811999833,-1.1898553283424202,0,0,0.7354725047552989,47.81448690563015,0
-0.052189850034339486,0.27413367954648815,1,1,-0.06169399687896716,28.82782925769126,1
0.19382082350669202,0.3098437286600929,0,0,0.7206690281913138,30.99212769695318,1
1.8260181863630858,0.22948027813198757,1,0,0.05070682209184614,24.415318623147314,0
0.40990907928889847,-1.0203100265987801,1,0,0.0594020704322523,75.70913182166403,0
0.5276886100127454,0.6331861253139206,1,1,-0.042853715897150604,100,0
-0.07650778883456517,0.12340218619530802,1,0,-1.215597769253321,80.6722625350639,0
-0.0822698601626302,-0.8307191548773782,1,1,0.9331671753727036,4.952973669470254,0
1.8866792162656303,1.9562261061733,0,0,0.9497428298482667,30.138611609870736,1
0.7170914679212296,0.2613705656717267,1,0,-1.761304763282238,11.495852208054481,1
-0.13086523490078708,0.28263628301248284,1,0,1.3634222110328267,0.33598057477390164,0
-0.07616233029262454,0.6584152110039945,1,0,-0.8247866631628744,8.163802746286482,0
0.07283573049256864,-0.9803330834251509,0,0,0.380628556579912,20.144728206294978,0
0.9591378428820146,1.4683883317646373,0,1,-0.6118603036057115,32.134574916125324,1
1.9130092368210794,1.2902967114319277,1,1,-0.2640712526702811,14.47333124493804,1
0.816305287959878,1.7331962715830038,0,0,0.14151504329064687,19.8824422506498,1
-1.1518340191361016,0.16520787046927576,1,1,-0.19758147835350595,1.1809758257725524,0
1.6348580518371911,0.5196293506350649,1,1,0.47620966629635714,27.498645117853957,1
-0.26967992695767284,0.6156306634470492,0,1,-0.43947349206687797,0.5228889002290387,0
-0.32968886927561897,0.35999168752969635,1,1,0.6899952052331132,0.33414354495403004,0
0.38771817115478574,-0.6619175756546115,1,1,0.9321897711470637,29.658122150122622,1
1.5856293695245562,0.15655796072510642,1,0,-0.38823878258739075,42.19153611443527,1
-0.8238424512301568,0.004031253096486609,1,1,1.7638213489512824,100,0
-3.1913018861154727,-0.37312764163278667,1,1,-0.7867413812532201,15.070875025624717,1
0.32639212744302215,1.45573283146258,1,1,0.5583169121316656,69.06750176994142,0
0.3142648782597968,0.47201283317958953,0,0,0.03209127331962443,5.403894746669816,0
-1.0359326576159873,-1.5127815647542089,1,0,2.843718183177156,82.56496724715649,0
0.6501125614812507,-0.6626270260416627,0,0,0.06291012515302585,19.421754979067682,1
1.3520625105091983,-0.3673433243761265,0,0,-0.9127787916393552,15.02015729520231,1
-0.6185110575128402,-0.8488146727148904,1,1,-0.5057947652901165,25.726461062098295,0
-1.2615176255222016,0.1382102063363727,1,1,-0.25165697898019623,39.51586047150882,1
1.3862887507509147,1.6072932499786852,1,0,0.11744233952798994,30.03412215349773,0
-0.30827482361798075,-1.2168549958470338,1,0,-2.085273470966203,52.06545484082846,1
-0.6059739450465343,-0.8233126731740119,0,0,-0.0489892150987152,64.03466069514067,1
0.05385320936870659,-0.7310887705091667,1,1,-0.4587818647336967,8.223344240565071,0
1.1892571745882685,1.3019733172527834,0,1,-1.0072012239659518,4.014226398452685,0
-2.0154057650279573,-1.7781411494389407,0,1,-0.3149489970390154,13.034215333439615,0
-0.23116098779345798,0.5329212379700254,1,1,1.084539307901037,30.24545857693843,0
-0.3339703827663573,-0.6440074416379692,0,1,0.01705679200854217,15.046755118978432,0
0.23859915250408076,0.018901253263376203,1,0,-0.4209957749160234,1.1804759547182242,0
-0.18951589393700144,0.11951945399192372,1,0,-0.31815107286787414,11.896588006035326,0
1.0628585311563958,1.6176562062988036,1,0,-1.7797219124407888,68.19482458901552,1
0.4098220013092017,-1.6076317517373773,0,0,-0.758827350883874,100,0
-1.8187654141105725,-1.127819001338263,0,1,0.42716200628200807,46.76467694959597,1
0.6732317448253533,1.1056904868410253,1,0,-0.5636244797677193,14.636371512834002,0
-1.1299700532204036,0.05525263262773383,0,0,2.525543444217301,19.30749474759615,1
-1.0552818565460624,0.04618780420765389,1,0,-0.010781065481395556,27.833196297397233,0
0.8272127343496609,0.642356295084463,1,1,-1.824963834009466,60.41248890890365,0
-0.7409419912443787,-0.6776270800874467,0,0,0.015029950632583588,65.41085166247392,0
0.05959835814257161,1.5868292075263,0,0,-0.2191545688777705,45.09704081395277,0
0.38533264531775074,-0.5403508110174128,1,1,1.4692419254190574,17.088696103868482,0
0.6993491404798786,-0.11028010668364152,1,0,-0.9268107323483474,19.33717989017923,1
0.02272719838518309,-1.1878281839730491,1,0,0.7679502004647019,32.62695684123601,1
-1.091222633607017,-0.2261543454825276,1,0,0.03739252495904767,7.601932755666614,0
-0.4654023776149152,-0.9586529705144975,0,0,0.30686709695098463,86.55590558720618,1
-1.631927789296779,-0.8857792417665975,1,0,1.1257267581325412,23.51379451423093,1
1.8013989186453634,0.10354076823401548,1,1,0.6714662055394872,28.00364646407824,1
-0.4910596403115996,-0.5009488939436861,0,0,1.8927278321571328,100,0
0.42639653603140065,-0.7820301046378557,1,0,-0.9154263348859387,7.510789961678079,1
0.11146837540429266,-0.5905310809853463,0,1,-0.007966912438512457,36.122896578007975,0
0.6966726075860901,-0.08982332445611563,1,1,-0.7034604175140537,24.074542209528527,1
-2.079156976273122,-1.9097537113489989,1,0,0.09296650044928355,20.834125169627136,1
-0.5667964350675133,0.6849628360897724,0,0,0.6478563132478046,32.02798911996969,1
-0.4854413748390048,-1.2525844899710215,0,1,1.7910967827733335,5.652239372059972,0
0.20817768273067547,0.745885242214892,0,0,0.6955992913573037,60.66763086517444,1
-0.15685291019683492,-0.5536654920347114,0,0,1.2773840023561276,36.72745424066377,1
1.4859148769064252,0.03142710822846617,1,0,0.12608105713324885,6.885486385708097,0
-0.1223210145661157,-1.792701804963658,0,0,0.617124294489344,28.718575196552507,0
-0.578462810039337,-0.14629344660280055,1,1,-0.6474154450913224,12.747029176729201,1
-0.1820474098276184,0.045589292850959084,1,0,1.5762506650321995,10.16718916899342,0
-2.0133565464282834,-2.7604669754334354,0,0,0.8317798074145715,100,0
-0.39204350179435826,-0.9207559898162937,0,0,0.16330124379303476,47.86686271028996,1
1.3816178507095966,-0.030111669995952606,0,0,-0.8459963368742984,16.111380015209445,0
-1.8970766218089636,-0.051532443229451275,0,0,-2.3183478197040444,90.25568711965383,1
0.7313706219294251,0.3782366959939444,0,0,-0.5614109864133443,27.253246081107523,1
-0.2141452925894945,0.14311249056839412,0,0,-0.37528890903376266,28.179345954954705,1
-0.9642418821004791,1.3667532669375007,0,0,-0.23355225233956659,50.04568961350427,1
-0.7680710122344941,-0.9370202102016996,1,1,2.0203121097295282,25.08357234100046,1
0.10609344791822692,-0.7922824742739197,0,0,0.2780914337135199,81.42859181621812,1
2.4256638666818096,0.6788676581587401,0,0,1.2081736662957916,12.092919335241266,1
0.6028041024805078,-0.16126146154197685,0,0,-0.5051610432444764,41.49104558576085,1
-0.876043134609092,0.08314131525314639,1,0,0.16125675490383526,31.512213050664027,1
0.4525710918431262,-0.06051654865802783,1,1,0.7196944005516596,45.767962214751506,0
-0.5557522037424153,0.42247266304510883,1,1,-2.1830043994425954,23.088455481691202,0
0.9743870578964744,0.5679611689859185,1,1,-1.6434433021588293,22.880024754373956,1
-0.1749340896765959,0.046963243580514985,1,1,1.0483007334217271,7.558198652262607,0
-1.210497217670713,-0.24613601220776515,0,1,0.7196587840656636,20.19063421845232,0
-0.4910942521738381,-1.2982005143649293,0,0,0.026149053232650262,14.46344909485087,0
-2.1806044028892453,-1.3411024654600205,1,0,1.035983964907052,100,0
1.2985292328006035,-0.8553970934932196,1,0,-0.3718040508113854,54.23268936404116,0
0.7431668647775801,-0.16198231703484983,0,0,0.20435674945933394,24.23340686913153,1
1.8250306166524313,1.4016787674312101,0,1,-0.48358732838696733,7.3600181938643505,0
-0.23337883162576226,0.1446799116896389,1,0,1.287475150174295,6.999931545295535,1
-0.6146786369478896,-0.14588083783853734,0,0,-0.3725320380864035,100,0
0.3361433550299235,0.5533960094880491,1,1,0.6343302854814598,21.417019909059142,0
1.0911917102068844,2.363851465554823,0,0,0.7086234710222811,12.231061961489901,0
0.3049320163221599,0.17038857078462633,0,1,-0.05007026959459845,82.47980787212295,0
0.7476851061408741,-0.7119615357471636,1,0,0.4669062236801025,13.195970157519586,0
1.3315165066586152,-0.31873013586889787,0,1,0.11723090611618166,15.60053403504019,0
-0.8133761096455701,0.46669695445106163,1,0,2.2068048718394806,13.996059116301556,0
-0.6870677167527706,0.3947614686118416,1,0,-0.3655488175101977,19.355112076244286,1
-0.3928340827324467,-0.31401714097386124,0,0,-0.8230893254084272,100,0
-1.4302006702409151,-0.7335415905777672,1,1,-0.7752788952935384,0.7934209652164418,0
2.2060074648971515,0.5737661732105632,1,1,-0.3810536056450684,4.052693827107029,0
-1.0257813125190995,-0.37567512868732655,0,0,0.0693667248141379,12.511849898932908,0
-0.8217604528471588,0.045158592574204126,0,0,0.25867027271684784,34.638804182859275,1
1.1969527929522465,1.826903155006198,1,1,-0.3670826063611773,15.953855052233967,1
-0.7615682698128923,-1.945715832531469,0,1,-1.4130512514428213,34.697044695427074,1
0.11656028948294826,0.6594086156509509,1,0,-0.8593247789581595,36.57194537346059,1
1.2064796710481456,0.20470552274587572,1,0,-0.5781500978426878,34.87519544992853,0
0.08551937469927999,-0.6953665345375231,1,1,-2.591944838165691,21.250335242838158,0
0.11831150583311424,-1.1133149885129865,1,0,-1.8340413779326785,6.166031602168647,1
-0.23358410844176775,-0.9545453739943349,1,1,1.3706488670565444,27.025343006140258,1
-2.290645195785404,-0.7443536926487391,0,1,-0.02106017245641306,45.46310032584718,0
-0.4022675360763556,-0.8107283223373948,1,1,-0.6895599820107926,14.304438918570908,0
-0.7581436248773233,0.5489463428280403,0,0,0.5132223179035329,48.028047561528936,1
-0.612733269053298,-0.5421982418431647,1,0,-1.1528574266468294,34.569470699268486,1
1.8076138892764286,1.681923108728796,0,1,0.927390285137063,13.023331370202781,0
-0.8818808140143962,-1.0785611304367646,0,0,0.24330251855175078,47.757289401776085,0
1.216459962416972,0.6771013789296412,1,0,-0.4665293237852358,19.411926490105262,1
-1.9022975870881902,-0.5062100193380783,1,1,0.1915880341356979,50.03381158815729,0
0.8659803244304904,-0.2697589335141871,1,1,0.6775043988482736,21.42073956293449,0
0.892158896674897,-0.7515867449700658,1,1,0.20635436105741195,7.539364633850838,1
0.4853184156609262,0.2993561394430667,0,0,-0.34882629458310543,5.228932859581239,0
-0.10422341399218288,-0.7575976467312872,1,0,0.03347686171117247,100,0
-1.1216408837577543,-1.1020519474002386,1,1,1.4012391803286974,55.057159567456075,0
0.4662813169400886,-1.1742386379030134,0,1,-0.09470195900985175,14.333228039522375,0
0.9457109625527245,0.9619413285305636,0,0,0.2989327513787063,61.45051845901541,1
1.6086285688551356,1.8713300242478281,0,0,0.028350756350985277,73.99616409100221,1
0.3204637403373622,1.0277734941315473,0,0,-2.093818085484783,9.819442037764793,0
0.19171561296604364,0.6672099312964248,0,0,-0.8729824120560733,61.60408624076778,1
-1.2475140175413648,-0.36674861827220206,0,0,-0.004204374517348556,45.84898460550053,1
0.8248392699880039,0.740554180522981,0,0,0.5853155374988032,12.587273684249052,0
0.39478508110793387,-0.893401530723319,1,0,-0.24009070265411603,52.46370497717253,1
0.31651130619462486,-0.056553641847705005,0,0,-0.6944448432829536,42.5102134914527,1
0.8668844842131906,0.5021659686236659,1,1,0.7711163700413717,39.99665404233065,0
-1.7383787601818872,-1.1157774733063894,1,1,-1.2723462239772767,4.378127543273992,0
0.005867953333102287,-0.911469288415914,0,0,-0.2001811229570358,7.735202287671155,0
-0.24999358880489728,0.42718168557691055,1,0,-0.27985318193256664,20.329292997363055,1
0.8390895479998077,0.7522805669494245,0,0,0.6913425144677288,38.86973877688407,0
0.054131167399498074,0.7093139404592377,0,0,-0.43838171870084097,63.09158173002941,1
2.2695542771823916,1.6401689790879344,0,0,-0.9723659077399387,56.454729229474076,1
1.2738414309195445,1.357155426275394,1,1,-0.63331311132129,6.777026336751084,1
0.6689187933139891,-0.24684877496962854,1,1,-0.07641403412139824,40.17395761662237,1
1.9829228519547133,0.5107513350251094,0,0,0.5225512684379346,41.55065717604564,1
0.6789265942327076,-0.790521569527751,0,0,0.9459782548709519,12.47771443630506,1
0.719783276190884,-0.7798851280144132,0,0,0.3448191523234153,8.354034895022496,0
0.7823381070655295,-1.1933564673047246,0,1,-0.38020122978265014,16.922813100421237,0
-0.15234934895356372,-0.07384487498659964,0,0,-0.006996917691120559,4.566295496941967,0
-0.3569958132472603,1.5033274637034175,1,1,1.1474031344097146,32.432140580323455,1
0.6858620758686234,-0.4748628728700216,0,1,0.3840776191700969,28.60194043849351,0
-0.1347553152498579,0.6142637427645053,0,0,-0.586210909010012,10.257050332063727,1
-0.29745068929241075,0.5796460413925238,1,0,-1.1729773630572486,86.7377231237593,1
-1.5758899043076784,-0.4083932154151422,1,0,0.25966833044905285,54.83816489936584,0
0.5966540059683206,-0.7042694904297231,0,1,0.7765396226101903,67.38346450705212,1
-0.24475749984148293,-0.3227534438615042,1,1,0.3122915992181713,52.73555121791751,0
-0.8104994656370453,-0.5609093085088266,1,1,-1.9090765886592012,97.65742028224045,1
0.5526330291685906,0.34057790018412637,0,1,-0.8648594365058089,27.024367544803493,1
0.9193851013528054,-0.6077153456347837,1,1,-0.4095811502625738,56.00928042397775,1
-0.7902651345977837,0.35063262361524244,1,0,0.6074268828704332,51.70797969947339,0
0.14796461796052732,0.34388508871734236,1,0,0.932797593079021,40.34679963052602,1
-0.36875094557549876,-0.6991608924721172,1,1,1.1091490549644596,12.544133914275418,1
-0.037560484329475445,1.4664032521623935,0,0,-0.714623660632915,9.053314072990842,1
-1.2162938103985876,-0.07222600435226234,0,0,-0.3268984050003804,42.33257141268654,1
-1.4966564586249007,-0.9723072395154014,1,0,1.6645545289710861,3.781272724265686,0
0.00748957040201537,0.33247995561126414,1,1,-0.6342002219462263,23.218603582448477,0
1.2228273428854637,-0.36887235633084847,1,0,0.4314547280033871,5.480504461564971,1
-0.24797185107953915,-0.9615130156988468,1,1,0.5589851532624236,9.840642977533514,0
0.4935178185070673,0.42325400410726977,0,1,0.9814066886256121,6.10481376272965,1
-0.42055354230278136,-2.0682640930430836,1,0,-0.40033511586256587,13.780483140752407,0
-0.9309790506214413,-1.7283733553924905,1,1,-0.16055965387862792,41.66294594475502,0
-0.9410000498803771,-0.3081917569114714,1,0,-1.49149118155703,15.830670170954985,1
0.21831253488127786,0.8543030972902531,0,0,-0.23080704563100424,20.141848785263566,1
-1.8384596714572685,-0.093927121653952,0,1,0.03377618644970395,15.07189035784797,1
-0.7743618916295293,1.103557733988469,1,1,-0.538330770270071,20.532341265820012,0
-0.9885347153876006,-0.804334333011982,1,0,0.8468633960961488,79.84336896477978,1
0.39703567470502177,-0.7658545427744716,1,1,0.031341357112931297,15.480358095753934,0
0.2827535535759613,0.5953308184453143,0,0,-0.8859301580382049,8.441775505282756,1
0.08836967350654605,-0.8875310186322308,1,0,1.5304111718378846,84.16985292103881,1
0.21132800596005624,0.9314256529761256,0,0,0.8146637198990024,21.00075566345149,1
-0.5678377493397451,0.29703601001626345,0,0,-2.8495977576632643,11.204624968104516,1
-1.5570543089168145,0.26776899943277,1,0,-0.746455648334601,22.400149363724186,1
-0.5186424336733317,-1.8755825011742917,0,0,0.7396531350846548,33.57073037586696,1
1.683384607856449,0.5789190883151154,1,1,-0.4899467245758349,18.3944264722772,1
-1.3342228975796124,0.3504870786639589,1,1,0.6535193881088933,6.597237133109519,0
0.4066349920356282,-0.8226127389071496,1,0,0.5088110793254712,7.742528252531537,0
-1.3923247180663303,-1.0752338056715627,1,1,-0.7961779316985582,17.301460405580894,1
7.311706529707859e-4,1.0198550445781425,0,1,-0.6597913801151809,54.36721576348046,1
0.07945943234542359,1.0008079679553326,0,0,-0.5292990995352344,38.34425549822746,0
0.675269173981795,0.45660500434169454,0,0,-0.9950016939880031,42.834813608835404,1
0.2711337662726903,-0.09226700793050743,1,1,-0.4182215931098006,29.308548181143255,0
-1.7325492549989296,0.4105980032636938,0,0,0.7487441806299353,30.973752261979644,1
-0.39016129529731347,-0.05482047607247065,0,1,-1.247613835315317,7.2423914006404315,1
0.9027194299163002,0.4641945742615068,0,0,-2.656392891332738,18.60555145319781,1
-1.0670702510604533,-0.49733054377900265,1,1,2.5962319401618728,18.726704020114262,0
-0.1939694678692813,0.7725826675305943,1,0,0.7142458489300413,0.6042435899702719,0
-1.0706734242495821,0.2574452241657609,0,0,-1.1209774120514129,49.85313171728305,1
-0.8081457509466714,-0.8675675230288777,1,0,0.47040853761103446,49.80002565656967,0
-1.4206881899603803,-1.5257950112054943,1,1,-1.1780552824737647,27.185422621219626,0
-0.6789605394056311,-0.6910468522235351,0,0,0.20563103450933967,57.50969020502822,1
0.3945231351080767,-0.7323243049983312,0,1,-0.45722996939944527,4.24502418497832,0
0.4699991730607328,0.3795994334570623,0,0,2.821288222884881,26.490969553152556,1
0.7332581646963493,0.3915033201181189,1,1,0.2672817216977167,8.656040688127904,0
-1.3254285458475346,-1.8728803261845428,0,0,0.5228286598998592,43.8574566989737,0
-1.3827692123225113,-1.3718419585477015,0,1,-0.12926145557570634,52.29134776421768,0
2.1374818154959927,0.8399246391553443,1,1,1.3531278111132916,20.75750974815833,0
-1.3112943935696193,0.01254434797845494,0,1,0.5962366111666665,61.72265578566982,1
2.809967100169552,1.5265534158952612,0,1,-0.26955766805370396,26.915466031666266,1
-1.3151924760728095,-0.6362759095345301,0,0,1.341071206929832,100,0
-1.1238851074646345,-1.8376315630736912,1,1,-0.7271385444009838,66.48148061246415,1
-1.6342907663369954,-0.14832497980321158,1,1,-0.1943031289455775,70.7578524085854,0
0.13619916583428224,1.3051308318636043,0,0,0.5978650383001441,41.204720998029934,1
0.1531991971773655,0.9954675723073159,1,0,0.6075986924690535,36.48547169961125,1
0.9321982570871045,0.6336318441277076,0,0,0.2970377983784945,3.362212875100387,0
2.6350453747652804,1.9046010006202105,1,1,1.57513395376986,34.059649882181,1
-0.30997622596866625,0.7729656312346882,0,1,-0.6848480995636048,11.960494053486972,1
-1.158074837619085,-0.3126072699752028,1,1,1.244291979674129,6.942489686026351,0
0.02336920745489586,0.1607147124376325,1,0,-1.2568747727927054,22.10533766365018,0
-0.4154881518533713,0.7874123786705279,1,0,0.4709127244481542,18.022089261754868,1
0.169310008182186,0.43892981942630643,1,1,0.8230067846173372,27.387226251266124,0
-0.6929581196727,-2.5319077019858582,1,1,1.5176299684843917,1.79994271241635,0
2.5408092644643423,1.943184229554296,1,0,0.0731167889499861,14.630134923366434,1
-0.513349836050727,0.2124660879127923,0,0,-0.41291052184120086,97.67460923628458,1
0.4682341624195499,0.5778745963072419,0,0,0.22180772577844973,23.349438460582352,0
-0.5274614795225755,-0.01592953205589548,0,1,-1.241595215032829,3.6571553971149804,0
1.0503589137865892,-0.21764178323402128,1,0,0.8789763446424347,0.36038159952662097,0
-0.28776105188822065,0.9641739731260195,1,1,1.256813488110641,14.92515554310714,0
1.56277879282827,0.26381041249486514,1,1,-1.3389841771273412,8.302228031572108,0
-0.0036488888690369963,-0.22629072254276467,1,0,-0.25222989211908775,24.7680193809987,0
0.22314675839057826,0.8472402206177722,1,0,0.049061810551188995,38.570879956028335,0
0.6517612533566265,1.1717578749579771,1,0,-1.1103081808830104,97.04878858847874,1
-1.3711182465180602,-1.0517832302176702,0,0,-1.0849101013592586,5.10882769954421,0
0.9700856865874248,1.8619876829657647,0,0,-0.35977281190887955,1.0553443601180132,0
-0.16905491699887043,0.7215516602378588,0,0,-0.5135670115055454,30.06225042435299,1
-0.33807555008968304,0.06455032406991212,1,1,0.7864393665231726,11.712615145030815,1
-0.11199811871630959,1.0089624144050005,0,0,0.41614151889160694,76.3188519580877,1
-1.8430353971315623,-1.434245019167905,1,1,0.8921746200315313,32.00706587927755,0
-0.2611715277642863,-0.2714554570422677,1,1,-1.7985934528312941,25.063695492874263,1
0.6650173369564493,0.2512722151238628,1,1,-0.20650215316959006,44.15420485841577,0
0.5298037300627456,-0.228309441001395,1,0,0.6129514256454947,11.329365468826724,1
1.0915047521638954,-0.17315011304691896,0,0,0.1653483336570393,49.452049973653736,1
-0.41869658750238703,0.7485953888389965,0,1,1.6844963505578219,8.630471086120204,1
-0.582519513136872,-0.9553865995947157,1,1,-0.710216425215171,69.47215400911944,1
-0.32656934215640526,0.269940281690365,1,0,0.5532099527126043,27.2266255107372,1
0.9880254931065552,0.15412335880113515,1,1,-0.23312913208450733,3.404367191209161,0
0.19817015297525126,-0.48879424164124075,0,0,-1.142869236253854,47.34903593437227,1
-0.9807384247306702,-0.2848148751081664,0,0,-1.1883666818559997,5.754903063941808,1
0.15978767822906417,-0.6115280497382671,1,0,0.11377861437485573,67.06191301601184,0
0.9915607776196348,0.9087423858034414,0,0,0.9389538318057651,31.129159705289172,1
-0.6288747519154787,-0.9451597959872632,0,0,1.5320744889815743,5.756662612805087,0
-1.7681982967286705,-1.1429506141507888,0,0,0.928433776366965,5.356946115449947,0
0.6334470839341891,-2.2931451663306075,1,1,-0.6326724491905499,19.815354816955878,0
0.939347532237347,-0.7691924742219666,0,0,-0.23925276484591476,23.949226882856987,0
-0.2969795872481965,1.0016718450999813,1,0,1.1684210650299292,3.2330279160435658,0
0.4807428996121926,-0.9398497658231804,1,1,-0.3434225135145172,25.631261052673466,1
0.7330539959742756,-0.42633437125644286,0,0,-0.06745557869842218,47.768462843199536,0
0.9387455349297201,0.29889104690971985,0,0,0.9613254704229236,14.804787514968792,0
-0.38065189963178364,0.633865315262301,1,1,-0.48777864497875745,22.849654550575618,1
0.3743543815888432,0.3120295766853413,0,0,0.5777422576661518,31.674206645071656,1
-0.4074144919302881,-0.19659533271076016,0,0,-1.0269688813023787,8.74695678612834,1
1.1331774340546026,-0.42519285934003526,0,1,1.1764691064518444,18.984501757065804,0
1.6649399297309715,1.3874911354738582,1,0,-0.3460205063273414,49.7786072789435,0
0.7662411015622812,0.0702851558949642,1,0,0.16410117846881744,35.552059553333585,1
-0.3792718345031573,-1.2752871372748034,1,0,-0.5403513421599566,4.514169613861292,0
-0.2335912021561286,-0.7825177800893012,1,1,1.3021417150485755,3.876752491759292,0
-0.5030276958031402,0.4269695982071869,1,1,0.5105547164427546,10.812369230154577,0
-0.69963882810815,-1.3642147434718126,0,0,-0.2283597698059503,8.109501138923665,0
-1.3688567491059724,-1.8180879852825935,0,0,-0.43375810707740825,99.1836442861034,0
0.9639983678317905,1.1880927862358026,0,0,-0.2268866542633895,1.407857250881377,0
0.9054223763795397,0.7399713392057471,0,1,1.2127350486736168,60.0355575668758,1
1.059042902307017,1.4522680029962285,1,1,-0.9701570433785375,15.833412339161049,0
-0.1504178965595671,-0.2393346387265142,0,0,0.023673716698018914,43.971266008510966,1
-1.0920244129525905,-0.18697644902683547,1,0,-0.06400151341965273,3.096968472304723,0
-0.8542522105764917,-0.9123255261636543,1,0,-0.8240075507312432,48.91257088425176,1
-0.7227299166538304,-0.7435585992922913,1,1,0.6982801003595047,34.52641697704068,1
0.8559889681114629,0.18910358865611893,0,1,0.25435208390266256,30.722001928367423,1
0.49136114888251514,0.9048121482761637,0,0,-2.1695924397729414,16.252040495612114,1
0.1554190739734527,0.5569454307788335,1,1,1.3674745922010523,22.90585349572067,1
-0.4196179301603266,-0.1904898379953657,1,1,-1.2345900864863306,35.91797121779292,1
0.03866544042966312,0.6161341089760417,0,1,0.638918462765215,6.0381838146062545,1
1.0855338489135202,-0.3968091205740474,1,1,0.838542675648644,6.580405762185398,0
-1.081660549728576,-1.2068907344146385,1,1,-0.8417514011124405,42.81157156658833,1
-0.16967944151595518,0.9163503645284647,1,1,-0.2170225047105649,34.73905241471349,1
-0.443061655640849,0.8056128479799398,1,1,-2.3523552678958466,44.86622375204386,1
1.4015892388366862,0.4348365548991777,1,1,0.5387478776895228,24.00724992813321,0
1.4382286311187906,2.0249384769498455,0,0,-0.45745423498596133,80.04980211019662,1
-1.2656381921987143,-0.06326136724869069,0,1,0.29233468581721905,56.0377844123867,0
1.3768549533802892,-0.6041685792247684,0,1,0.8754170868273771,41.48254628287753,0
-0.25430033665976925,0.5004885459350594,1,0,-0.6743341183077407,7.227680491556152,0
1.1251382299357433,-0.07712465935879464,0,1,0.4859676368676439,25.323219017054253,0
-0.8864637510053817,-0.6618171046605514,0,1,0.7240647297204942,20.486358996908645,0
-0.019261934202304737,-0.7706760804403906,0,0,-0.35206053929053155,4.244040476236317,0
-1.7588959925384677,-2.028123833073475,0,1,-0.35413931207446797,9.069258883857465,0
-0.4762063021516304,-0.2713439424349697,1,1,0.8137438056704116,26.740597363131194,0
-2.579209489508586,-1.5251392509545805,1,0,0.43537093268981397,64.45943513077648,0
0.38805083269375146,0.3107890032703605,0,1,1.0304481820649878,1.2456621912100185,0
0.27800493415325367,0.39226482588269956,1,0,-1.261337572030574,33.224568291851725,0
-0.7288287150941333,-0.30960728434435025,1,0,1.1422490724330705,71.1149565507042,1
-0.23208437357763856,-0.10131948820440016,0,1,-1.623191783117579,21.32035264146831,0
-0.8894881758982963,-0.3407366430799794,1,1,0.5455931571983065,39.061776820992314,0
-2.85223627274949,-0.12781917402495302,0,0,-0.5145159886087026,57.16097227946335,1
-1.92862514572287,-1.2956818755458974,1,0,0.5127032564905954,12.11633764696855,1
-1.1903624074784485,-0.43795508533925365,0,1,-0.7789716718242582,21.142680846467744,0
-0.8475930647955094,-1.199281010034189,1,1,0.8528617856804585,40.78990981068462,0
1.0790061983006018,0.88856297077947,1,1,0.1593303947764423,32.736234348685166,0
-0.29945381070642096,-0.0026328097472897993,0,1,1.371687547451499,38.73285178222219,1
-0.6062196450613411,-1.3007954335353222,0,0,0.7092909901180627,33.43288382246619,1
1.576587356098157,0.03908829678068104,1,1,-1.6378750678304637,30.035660213832372,1
-1.7603185273758015,-0.7000794654650307,1,0,-0.5734588667336676,95.17659521838209,0
0.5051162525466351,0.7261462389987565,1,0,0.9810369072655342,35.649475028906956,1
-1.412954184710491,-0.605349683379376,1,1,-0.7165504983878056,12.609845800388607,0
0.7154662486478947,0.9713278943921639,1,1,0.4165638244436099,5.484033250090766,0
1.3475300436085866,-0.21403699216429506,0,0,0.006252695993364905,36.311029224162645,1
-0.8633060179969939,-0.4863811133273115,0,0,1.07150316379659,100,0
0.382009596579658,-0.5912546695925962,0,0,1.4746222053506008,17.39817293980058,1
0.2664512477880844,0.03602921950709456,1,0,-1.7999949283326744,0.32034344749618526,0
-1.4774673242839498,-0.8424394023879141,0,0,-2.505824231908874,11.066044520941023,0
-1.3199027892382047,0.5779403907180914,1,1,0.8275381811056407,6.945111296297074,0
-0.23636288132280606,-1.516151298934141,1,0,-0.32338932161950296,43.1375037847097,1
-0.3177292220305927,0.013056808968220951,0,0,-0.063854607523308,13.914109552100422,0
-1.063748589577981,-0.46217521580533516,1,0,-0.34727827536172573,56.433418973860114,1
0.6973594088941788,0.7411819577751788,1,1,0.6045519538810128,2.5154151345994524,0
0.47860585981237236,1.1278001364130283,0,0,2.055978926117548,14.96610574351494,1
-0.16346691853999118,-1.3858535856154706,1,1,2.056756588914748,23.423289173152504,0
0.10747167558327164,0.03293333579531862,0,0,-0.8348609004073377,31.2247299481668,1
-1.1216145962178519,0.21910703833588585,1,1,1.009776884608445,18.175336962199747,1
-0.17208177187359905,0.2987902803593847,1,1,-3.1642631940293837,4.432808474583547,1
-0.42891053128785567,0.35757827429011646,0,0,0.9210077725445871,45.859571980008226,1
-1.3444789463672395,-0.34816760310717304,1,0,1.50879397875904,81.16017139610793,1
-0.3488330161135899,-0.7217118098581683,1,1,-0.47557424145268734,37.49074639556441,0
0.027608848868380838,0.6567502656717401,0,1,-0.42590876524056215,18.701718844319135,1
-0.7983397718922511,-0.4386522310081129,1,0,1.4290383728045597,41.876687151783436,0
0.9560609132045195,0.04318280099230726,0,0,0.6043830131028771,6.803115837930257,0
-0.2910243653019012,-0.8246103578057437,1,0,0.04427201918403174,7.370642274353774,0
0.9733956853484562,0.0891297745168595,1,0,-0.8395004039648598,81.21905285404881,1
0.4827642863168721,0.6475316645673402,1,1,-0.31847624353500975,12.553952234019935,0
-1.1815660560052315,-0.08997622649726722,1,0,0.4117103176150251,30.908670555301327,1
0.6647184903772938,2.2386048073608684,1,0,-1.8183822655657687,64.47855713604311,1
0.38925785491779596,0.1807178616043786,1,0,1.0817494125059142,41.11552252562442,1
0.09009480831295182,-0.5890443814005915,1,1,0.67509177293274,33.313340281118826,0
-0.04307599530058513,0.7618948835342692,0,0,1.5185371300417077,17.81342153575714,1
-0.9273468109683194,-1.0717612247751123,1,1,-0.9294641850302691,41.93528675109398,0
-0.6286040517115737,0.15792325639434762,0,0,1.0125895327116938,68.693470496717,1
-0.26830372180013806,-0.86912274492314,0,0,-1.0720161575229041,41.63258553901079,0
-1.543781231870899,-0.3855039955238335,1,1,-0.9654242006261542,83.29346122448005,1
-0.5709284379257047,-0.5651193698383064,0,1,0.8927168728618663,32.36337401582932,1
-0.10739961528879777,-0.45269421893748085,0,0,-0.15995681515659646,36.627721271437636,1
0.7037360910729001,0.6289960822378717,1,0,-0.006301698026534835,100,0
0.0454193976561121,-0.7078291678006422,0,1,0.5720023975762459,41.27723065919787,0
-1.4568315994006833,-1.389092396722135,0,0,-0.807699182262085,52.821365891507966,1
0.4053974863536733,-0.22358827934644257,1,1,0.39795051863062275,9.042038351873844,0
0.8526285420429406,0.1457102179272181,0,0,-0.959719002563314,54.95356116716041,1
-1.8649448347943522,-2.125075190912183,1,0,-1.0740004768898666,59.526636568539196,0
0.9747099097166722,0.3279243042923025,0,0,-1.7247156895513245,17.08540641095868,1
-0.11466170821407676,0.7708340208746193,1,1,0.9090832649370492,47.47281191119055,1
0.276819759562337,-1.3164182450662187,1,1,0.9629345639611527,7.118125987078942,0
-0.17724228543682552,-0.7649137397170982,1,1,-1.3318831947146714,54.17970858528132,0
-0.9467153109907747,-0.38395605145555567,1,1,-1.086337215079903,35.156616939569105,1
-0.19903769833275292,-0.6760077068973191,0,0,-1.328041090266492,92.83792193480689,1
0.9419533753218133,-1.0484897746710349,1,1,-0.8068631115560093,4.403915729827368,1
-0.5963824535800418,1.1366925860372399,0,0,-0.017519329399875383,18.920515122190654,0
0.09414408836463758,-1.3196257879830724,0,1,-0.6243501000430733,10.947704064760847,1
-0.37977493993598194,-1.2173576018084857,1,0,-0.4558756372379413,42.99276989471812,1
0.036670629875946464,-1.0939749220416064,1,1,-1.121435938688738,21.365323490954083,1
1.6025592708658076,0.40154801465916556,1,0,0.09202306054226228,65.24263930210707,0
-0.14769315952961265,-0.29660585464249106,0,0,0.24704477199742744,55.37655744384484,1
-1.1847054883304926,-1.0840503450122956,0,1,1.0483068347088522,13.91713169127182,0
-1.1080616964741148,-0.5578292582674893,1,0,2.5148986651407648,1.1887784168426476,0
-1.57612925091239,-1.1626566876893385,0,0,-0.3968508345186176,6.568218499024145,0
-1.1916482416544623,-1.4847437696211028,0,1,-0.021013521149331423,2.9843159933864074,0
-0.8660843666795182,0.06179649818185967,1,0,-0.48385996854235025,29.69644602976474,0
-0.6116170709965995,0.5509905350525097,1,1,0.38099105560677754,13.725520201327214,0
0.13114599127607623,-0.5464606240328379,0,0,1.3174647993889934,20.537170161750304,1
0.6202035579032283,0.5489065817517629,0,0,-0.17744936649913148,28.048006689352817,1
0.14862513889845633,0.25211487875958905,1,1,-0.6791896437445427,54.7930378122915,1
-0.5065062835430915,-0.4413170383593852,0,1,-0.05351578534320662,21.03296665130912,0
-1.5883267198373898,-1.327912130218553,1,0,-0.45159716859916543,27.436399621391395,0
1.6958965616090704,0.3054544635177393,1,1,1.0549017379589114,0.5898728407448397,0
-0.22776137516446815,0.887698101101805,1,1,-0.6741794627951717,14.754313297969409,1
0.4064222200522833,0.6745146583867528,0,1,-0.7458612487875506,19.1309741911719,0
1.0784989941093814,-0.00930607913648418,0,1,-1.5352023161581105,6.650735612325033,1
-0.15178898623963982,0.06015428852157381,0,0,0.19934329705701162,57.484787882375706,0
-1.5035584494405205,-0.011087942538996809,0,0,0.44034990985482775,19.100998505580097,0
-0.11701988172599469,-0.9428453023246254,0,0,-0.08072373794946154,8.326709087827496,1
0.6086801557742142,0.9550171726018672,1,0,-0.8688131247006672,2.9762614710421706,1
0.217845672253429,0.8002574059280976,0,1,0.17813915151112253,41.15207592471009,0
-0.20339780822618145,-0.7632273627122547,1,0,0.443469005733884,21.750488835736544,1
0.36819070389598557,0.17011952109469886,1,1,-1.1396680537668318,28.372404399788216,0
0.13657160617335268,0.6661967775753976,0,0,0.791628732537537,49.115299733861555,0
-0.639134014046775,-0.855336935391487,0,1,0.066557623613974,70.22635338937862,1
0.30421177658666204,0.027045428790558268,1,0,-0.2457060520919595,27.5663773184926,1
1.7469833308697231,2.0383628765705324,1,0,0.8304748860572709,100,0
0.9227334556396505,0.21976404025399832,0,0,0.6010418119877551,34.24500218536024,1
-0.14367141168641462,-0.3256399556654739,1,1,0.25595284572461874,14.056051248294194,0
1.6020065680263291,1.4877327193058378,1,1,0.08422942499519508,27.430095489701518,0
-0.09687241831372159,0.8931997829381988,0,0,-0.6069847317516185,65.34759676597858,0
0.06304455785130472,-0.24370983716853162,1,0,-0.2996477665109386,20.745155161201883,0
0.7795015383414512,-0.39328425984329374,0,0,0.731078302768253,7.575054005725714,1
0.6792890322683571,0.2867045251901317,0,1,0.7338924970721606,16.69283561517079,0
-0.4980104282539465,-1.4145633765462637,1,0,-0.5887924574016699,28.426073805170354,0
-0.11516261634496681,0.06528930992266407,1,1,-0.5523825991167887,1.7120708825003164,0
-0.2169558147012042,0.055498084184082905,0,1,-1.3642980041404984,100,0
0.5250178701210866,0.6751343824705437,1,1,0.6287924516722182,18.33725247964904,0
-0.8862758856203864,-0.013529485530623386,1,1,-0.49582226881584923,13.169026460871423,0
0.202629861860492,-0.34413131895275545,1,0,-0.5330428850759139,63.59966217735644,1
-0.8910122142389871,-0.46265053250434585,0,1,-0.75555663519867855,23.6922592787116,0
1.4711253369602393,0.9857752943298231,0,0,0.8819480982856926,10.541523533441097,1
0.290392114710973,-0.6446441733201549,0,1,0.6008632787919959,2.774056009834131,0
1.0174611767961668,1.2759223912665403,1,1,0.3883045849636286,6.597760148353718,0
0.708722413784413,1.0311328070566663,1,1,-0.46819205286123144,6.139553455163169,1
0.9721297469709133,-0.4067929174340868,0,0,-1.5893994084997773,48.486623140695,1
0.1648135274381601,1.3024062315382023,1,0,-1.9268967292867762,47.54035150148596,0
0.3712267776155732,0.4552003970058574,0,0,-1.1056554164859649,100,0
-1.1647470258640162,-0.8455100324766027,1,1,0.5668793570945013,21.060987989512995,1
-1.0204392231777089,-0.8652538480214421,1,1,2.9006735601703193,31.733535283072012,1
-0.18390916184136186,0.8031365611342538,1,0,-0.32549589303801496,71.08908607504483,0
0.46254915013736747,-0.13593295127311425,1,1,-1.1434158231501477,11.964410817991958,0
0.3253948872218314,0.464770530234119,0,0,-0.988338342421359,4.915954877632876,0
-1.2794522182425259,-2.114301275687204,0,1,0.19432976980325603,5.145119807990489,0
1.7799135424775026,2.0368103341638304,0,1,-1.5490854876546103,51.140712797951345,1
2.270310782611923,0.308181819506098,1,0,-1.1845700708080669,32.22803968826742,0
0.11752656754960471,0.5246776110044817,1,0,0.8638574404366208,18.600927602451005,1
-0.9423007334775388,1.040845541614087,1,1,0.04635717614688274,8.79625548527694,0
-0.35229830550008157,1.774053221064603,1,1,-0.795766643950639,18.622757867171835,0
0.06308861114488855,0.6059098325984742,0,1,-1.871737533248398,7.850698019070171,1
-1.0490863855531816,-1.051101589174646,0,1,0.44424065358865134,65.56577464478123,0
0.9234242624301541,-0.6368905782112727,1,1,-0.393700849064997,6.8113961420496905,0
-0.7556843844016752,-1.5616258525963356,1,0,-0.30410619965962876,100,0
-0.9412390943566422,-1.0457885449416389,1,1,-0.38939837163098373,7.940874308609687,0
-2.009068924068728,0.36196185107949086,1,1,0.8402209337203436,19.856388339108094,1
-1.3887453722555785,-0.6887226675491329,0,0,0.3371970468385742,22.235147622384112,0
-0.8133912167794078,0.4869783412343898,1,0,0.40263107468207576,25.53015563673177,1
-0.08031208243761889,0.57630976854693,0,1,1.9913539482399494,4.960890346277316,1
-0.26151733200109895,1.6913121142687686,0,0,0.3604263769401119,51.350340235146405,1
-0.07934823569374948,0.18921199269621933,1,0,-0.8680586041756828,14.639461416344393,1
-0.038557923800743375,0.7188115554178754,1,0,1.6146750824751177,28.0836172422179,0
0.631926374302477,1.0441274980499884,1,1,-0.7617588759843229,0.3540459548797404,0
0.7642454704290063,0.6024062929028352,0,0,1.2771962914161734,29.08053479621097,1
0.8031885223601888,-0.5853654317544366,1,0,-0.1273185813962831,44.35043628526365,1
-1.368069720829653,-0.17444815658982593,1,0,0.16692796938849816,59.72371178204472,1
-0.7321297149886964,-0.09174578517503745,0,0,0.2324364112969693,100,0
0.6082475229153617,0.7574397562383497,0,0,0.5123551468900608,24.64103202135013,0
0.864688946783587,-0.17871224061289936,1,0,0.4606459588420061,84.29079602495287,1
-0.709688584782563,-0.7894961532894358,1,0,-0.13882530244148059,38.57756203855468,1
-0.3400318737343743,0.42897980342542497,0,0,-1.0108697113325444,18.87824306542765,1
1.1972601594301762,0.829658423552402,0,0,-0.24392490725523133,52.73696082234251,0
1.4897621405671642,0.6818262571618119,0,0,-0.2792065265229717,38.86913796228341,0
0.33142300711165307,0.5963053633527045,1,0,-1.3062323648201641,22.31720230693065,1
0.34580296320141984,1.5819169014331484,1,1,-1.5321493624627176,22.49886539446169,0
-0.27245546032144874,0.17135851174041328,0,0,-1.496009820195222,54.561861645892115,1
0.5702054936880566,1.0736243417856401,0,0,-0.3367727801515898,18.25786399959483,1
0.9196564844901524,0.4897114727118453,1,0,1.2694586555279401,31.567428023519906,0
0.6634840407193918,0.8759310514061781,1,1,0.16689383533259328,3.9373573611228014,0
-0.5649707939511625,-0.0792084883738857,0,0,0.9991137744705628,34.803595679134624,1
0.19306063693049935,-0.054573704194560535,1,0,-0.6893679464491098,43.37299181062253,1
-0.8373182302299824,0.43624778838933387,1,1,-1.5389780598652174,5.6756575581847315,0
2.833481901816403,1.1455062617611043,0,0,1.9444626643233127,100,0
-0.9524535868914488,-0.5209133451029407,1,1,0.2897530862025044,25.85980817663334,1
0.25326294386322246,0.29380074104332043,1,1,-0.20299728413211887,12.926623726659807,0
-0.42824135395484225,-0.6524584642126074,1,1,0.6422853742402455,12.197402974042634,1
-0.3607241307755627,-0.5969365788924063,0,1,0.7503905271342073,7.273211625029721,0
0.7542742481791784,-0.5808166096669038,1,1,-0.46252477043351514,23.79923653155192,0
-0.24564384438870235,-0.5026910942622141,1,1,-0.32328770742365326,46.120768873588695,0
0.20472163527409643,-0.09895673896029364,1,1,-0.6272352799935619,19.647472083768196,0
-0.7022729866739003,-0.4464150014787205,0,0,0.6901246353475331,56.43829097547297,1
-0.5119798009555083,0.0915358910982016,0,1,-0.2668914267311613,16.659558230243057,1
-0.14137602781711234,-0.34751177536954403,1,0,0.009959333577397481,40.163230415036686,1
-0.12323739780752761,0.5548936179063403,0,0,-0.49145809228050646,69.13084018606686,0
0.11229836671885925,0.3427701387995291,1,0,-1.4378121461301276,67.9922403190171,1
0.3914850824100617,0.3963543113631315,0,1,-0.6939200687996299,2.8834975701250793,0
-0.8042178923425402,-1.1367398573886671,0,0,0.47337566515151985,42.10766558241998,1
0.39252421320395897,-0.16805956384867285,1,1,-0.31334228808997755,5.554982870119988,1
0.3924740700735719,0.22270180554185218,1,1,0.6760328970178161,20.568741576287856,0
0.911886045896687,0.7230764283531149,1,0,0.5831920465491138,35.11774215508568,1
0.5238982747648558,-0.3826997463890209,0,1,-1.3402824691718267,52.58746610536563,1
0.765421870702875,-0.4597261177919443,0,1,0.7884814546067128,14.25738283585142,0
1.0180944192344192,0.7320700232414695,0,0,-0.27653823992361937,64.57996677842225,0
0.377894811567847,0.8013038667515797,0,1,-0.7932137446964515,22.35632854108171,1
0.01782080711347828,0.2309406015783021,1,1,-1.457687599873808,12.807329265479593,0
-1.2494345204795265,-2.441800928842853,0,1,-0.08485763208697708,24.896419025179124,0
1.1361193890554997,-0.08430105600413829,0,0,1.3776616997420679,11.55203412620741,0
-1.330594741113022,-0.8820275553048403,1,0,-0.011628313522899399,16.280445337860467,0
0.48074958855883604,-0.02880870578562758,1,1,0.3645143863886782,13.122896007191803,0
1.6086857583080196,0.5872079383450884,0,0,-1.121686766822368,50.07483800373509,1
0.2550651072663677,1.9008655903504557,1,0,-1.6050347499393942,17.31159611860635,0
-0.9435169363563969,-0.7954408032632287,0,1,0.9799405582383812,18.673041984100763,0
-0.19133189103009351,-0.36157108345280525,0,0,1.189935252352771,49.85797798771032,1
0.22006267653257472,-0.47402239790143724,1,1,0.17355862848625375,19.790773616027845,1
1.8102913050865486,2.0289549641260627,1,1,-0.5133644864822414,27.05485432613507,1
0.13873446230944675,0.569791131614076,1,0,1.125131925282662,74.15685268479534,1
-0.12931298771623237,-0.886390283809393,1,0,-0.025400763480187653,80.667376930445,0
-0.2799526993259923,-0.6590983488353563,1,1,-1.3448370639996354,29.84837692365136,1
-1.2917117694643647,-0.772890797884404,1,1,0.5913071204774216,33.8166900363195,0
-0.6946128610197004,-0.48796487171624264,0,0,-0.16786513355256266,67.30348791071071,0
1.1083008055236476,-0.12018239432810651,0,0,-1.2461442826493914,5.527792424716936,0
0.422369548135858,-0.888185027383413,0,0,0.6800941021772217,93.30020567040391,1
-1.1478578805632367,-1.6062044836797411,1,0,1.1963466928331334,100,0
1.4377666268474838,0.5703802271721488,0,0,-0.7970889989560733,32.07464793215123,0
1.2036648018713438,-0.3407085582962557,1,0,-0.6353295168482175,62.222706920161144,1
0.12142051939300928,1.2348375537234322,1,0,-0.1448990088799996,80.44156283665953,0
-0.03580901778634428,0.6654690675067487,0,0,-0.751188258323186,58.38699108777624,0
0.13863323906959657,-0.9631396266556531,0,1,-1.8138368700054825,30.32793279197499,1
-0.5486335564369629,-0.20513062905665666,1,1,0.7920041169658769,5.366362126239661,0
3.3900098828124907,1.0728010907346257,0,1,0.9058727347323787,6.931722398169944,0
-0.8940818194610689,0.6440303099706676,0,0,-1.7129548974688353,17.09069193420595,1
0.045880544904120774,-1.2367444403364343,0,1,0.7770623864586995,74.4759485985016,1
1.7047347979932415,2.3023731594917254,0,1,-0.4516918772484822,22.937227020996186,1
-1.7900095011115325,-1.1032857968614187,0,0,0.5170821660060024,44.96633182087211,0
-0.5112175738645931,-0.508733677374718,1,1,-0.8555344873199853,11.273811348841495,0
0.37649176108922433,-0.48450597382737953,1,1,0.04108183452343003,22.92463010244013,0
0.7992002281404161,0.597947481601813,1,1,0.90692100142128,59.12076798863108,0
0.8996957863853272,2.572908213481571,0,1,0.5004000846334672,20.993654629662966,1
1.144281327086913,0.944590852847311,1,1,-0.777577294857293,7.659794109916913,0
-0.1162323571942953,-1.3678046642410937,0,0,1.1701197755808546,100,0
0.3992444697151574,0.19145481408366535,0,0,0.3161729736021215,30.621830752299946,1
0.7114017205492059,0.7807168845694492,0,0,-1.5733158339225277,60.954330004618335,0
-0.30355939526723374,-0.7019060019782649,0,0,0.94156728503401,24.818486838861084,1
0.7126507927043504,1.4021791159683636,0,1,0.7257163521527679,34.85594541381704,1
-1.034157578517237,-1.7074366003245873,1,1,-0.11948102247355728,50.43696132039557,0
0.19804087436496612,-0.1855075922083566,1,1,-0.5325646055616935,0.9892628136057481,0
-0.38296410917433626,0.5028990205111161,1,0,0.5121178039758055,23.9306923541628,1
-1.5624619392438832,-1.16626842920838,1,1,1.3638861036716066,25.182912591394885,0
0.045181627640472254,-0.2424013806145642,1,1,0.9403169825302647,36.33337313029002,1
-0.21613434968068249,-0.20584226857901589,0,0,0.7090271927701824,25.726935732968915,0
-1.6372822373541165,-1.5749368314108327,0,0,0.4862799143883564,77.5951408507292,0
0.49673949963626557,1.003975619421134,1,0,-0.02680304003875529,6.739421057241039,0
-0.8095589621284872,0.5883649576394461,1,0,1.6064432915025704,100,0
0.2764755942997152,-0.19901080972229132,0,0,-0.021458542610642624,100,0
-0.8899291314915759,-0.1899652734754726,0,0,1.9405555923777327,36.640422786089864,1
-0.6825828316782602,0.8650404345514724,1,1,1.5057436365925634,31.78352611848787,1
-0.22354448611360542,-0.06471396045121176,0,1,-0.9127241152567397,16.278914939914305,1
0.8104155149547951,0.6803455783593864,1,1,-0.9016689072212932,27.373210162195598,0
-0.9045599021117887,0.3735115337357757,0,1,-0.49639230218589614,6.640027541942491,0
-0.2766562977101549,-1.3094284929618762,1,1,0.229630797846209,29.858800043647502,0
-1.1629676952806,-0.4906114813375321,0,0,-0.9283505564837147,97.91955845628927,0
-0.20992102397581847,-0.04882959734838925,0,0,-0.08188943106656438,2.162611515268233,1
0.20692618359987075,-0.26113743163492953,0,0,-1.4174210678628465,20.638655754683302,0
-0.998801548223835,-0.9514057706229151,1,1,0.5664088827740208,5.594611884832207,0
-1.7369111026781243,-0.6965565869080099,0,0,-1.4719015189316036,10.071867091465242,0
-0.6557136146219427,-0.5844835890934116,0,1,-0.6154229051717335,16.8407738104865,0
-1.8804411113822,-1.2813520460971364,0,1,-0.050176783601732534,50.832233384142114,1
0.46400652016477717,0.5020239939562524,0,0,0.47706199643042313,13.812440259974574,0
0.2644237887434246,0.8418327068005894,1,1,-1.1618982638318645,0.03684300574367809,0
-1.1350713933949583,-1.0516461803357915,0,1,-1.217641862166112,15.273687731495999,0
-2.5499928060605557,-2.1920251752971076,0,1,0.9063687266995492,69.48350413539622,0
1.1290485301849182,-0.623867504773636,0,0,-0.2973174538138993,45.11478024222492,0
-1.2732227071500153,-0.7645327796399503,1,1,0.3949909410882161,0.48075353392387526,0
-1.322600359890899,-0.10834291675431473,1,1,-0.3566098864388906,35.241553519132474,0
-0.4557499684329106,-0.3006393535555586,1,0,-0.554124592796576,25.0974441369972,1
-0.6524983163444915,0.10524102466161078,0,1,1.608276955767274,15.081297736999005,1
0.053068966063794146,0.17711825045408783,0,0,0.760428533803999,18.16860978263727,1
0.09874679786860174,1.0355168688226921,1,1,-4.932954251980016e-4,50.927753791354675,0
-0.6664939025137446,-0.7038523544633216,1,1,-0.9850273427338284,49.75387346751381,0
-0.9916213322900121,-0.5698032040588304,1,1,-2.2315450104617183,10.57446493801889,0
-0.7423833497952131,0.01884273012441312,0,0,-0.30114856028086784,96.0188892787611,1
-1.1252531586526515,0.7228200198843112,0,1,-0.16526082002315984,9.726657044227458,1
0.9299748071653754,0.3635953816137133,0,0,0.7928825897739665,43.72711242117307,1
-1.0861270340332916,-0.4747531484031725,1,0,0.3585413325330325,46.06163294287135,0
-0.7782537733314341,0.25675098421225073,1,1,-0.021271417404024138,65.35643323694651,1
-1.190392963346844,1.3243748220081577,1,0,-1.9210351555767915,42.11373947447253,1
1.1032862730743203,1.387450912029668,1,1,0.5504035678997988,6.606599107389342,1
0.2038230302131639,0.5294028978818326,0,0,0.5963253023844377,46.417002799121704,1
-0.5014422654655325,-0.43049613420738253,1,1,-0.847312163467665,10.417571064150385,1
0.16089007165093772,-0.20995163578302928,1,1,1.1185757025267145,22.242509100262524,0
1.359441121548732,0.2104970217630931,1,1,-1.4087323769185012,32.12561827692698,0
-0.4448143131328992,-0.6583235048671523,0,1,0.07533679694974858,45.75836064484745,1
1.2568974836043136,-0.31407889956971025,0,0,-0.05326762211412175,79.91865666285311,0
-0.38230976490732266,-1.1322021975989502,1,0,0.09012933925123076,67.89527707030449,0
2.1074186002591495,2.3592148812470546,0,1,1.5511491827327577,42.14515602811232,0
-0.7298324396246915,-0.31340119464934907,0,0,1.8136626676581862,3.3995910591716294,0
1.4719273699161588,1.6726301076670342,0,1,-0.6809831866146254,8.911406367219378,1
0.04198025396197776,1.3885322028599651,0,1,0.3300524904625048,24.017356714779694,0
1.0820781566293736,1.3842071259183162,1,1,0.46271446552124973,18.605453484620696,1
-0.19263652853920452,0.7023533349193264,1,0,0.7850059401017748,21.21029436271629,0
0.4223088852296163,-0.1026151338422071,0,0,0.16330361820278658,15.8867930665505,1
0.6594024538265488,0.4632936566183864,0,0,0.03934524938890119,53.20819885897806,0
-1.0550183038781793,-0.24633995461000607,1,1,1.0415080264042,25.30237874290767,1
0.6640939038646074,0.06675235956464942,1,0,-0.23322275498680806,19.88372942953189,0
0.8392894852131069,2.085221349264618,1,0,0.7736127898362343,66.62419731959827,1
-0.014395828159982296,0.3787476617765263,0,0,-0.40123839115532045,25.924783912877377,0
0.4454689375450498,-0.6897868355726363,0,0,-1.8442452684350528,0.19360661493184023,0
0.04050863362114734,-1.313225028913498,0,1,-0.30119672875825837,15.742557996052819,0
-0.2679559392764419,-0.38166648421606675,0,1,-0.8231452478149929,47.874972977976824,1
-0.5563049266746871,-0.9983696734320547,0,1,-1.7642484192111296,34.355441538451245,0
0.5650893900783959,-0.7665535138184538,0,0,0.785187020584865,66.24474781910656,0
-1.7910036401945184,-2.232269808034318,0,1,-2.2358565509293995,44.90100502234239,0
0.34860494550166105,0.3305135035288811,1,1,-0.4015853384778847,30.387677380609382,0
-0.8992029544389817,-0.7212155552945717,1,1,0.050867084233738064,12.960885297797171,0
1.0235930447745272,1.1153572485972498,0,0,0.4741340481998652,12.541308025118374,1
-0.48767096646323954,-0.40632134623416194,1,0,-0.11066351805710008,12.549178450504659,1
-0.022217193854166185,-0.9432479302553918,1,1,1.7817411308078008,12.112921011010352,0
0.3167953708276997,-0.1336582109223316,1,0,-1.016255797613318,22.074345063278106,1
-1.244768672749463,-1.0794120119471549,0,0,-0.8420941972738029,39.23445555468167,1
0.6096412437300847,0.01597349915181412,0,0,0.8842192570664414,5.53430386400775,0
-0.6963582874230851,-1.603998406432889,1,1,-1.6342959765464113,6.181987832164138,0
-1.0849313395331408,-0.33075694070733125,1,1,-3.2640554872740783,30.856343673685963,0
-0.4702608566944095,-1.1673845039881212,0,0,-0.3458616218161279,93.14344114754788,1
-0.29251782794004116,0.8639579032520608,1,0,-2.8588826808171075,16.735425459241124,0
-1.717987390417542,-2.3537342857338124,1,1,0.3986754496559447,66.21159233760197,1
0.4467008330400687,0.32905458837651747,0,0,-0.3231226147731275,24.463603338272783,1
-0.26315453817965323,-0.283378589408679,1,1,-0.22094262262574055,10.76631203485773,0
-0.5794973309351449,-0.19939920813777598,1,0,0.19976111090686735,82.74187166262222,1
-1.5196506906462521,-1.2494240850715441,0,0,1.2369735560434805,47.10426991985881,1
-0.3543507394921985,-0.06351088778325913,1,0,-1.3941108661686468,46.12578710083504,1
-0.4020873874802109,0.18234526554403907,1,0,-1.1512425444307854,25.915851609048836,1
1.2103051068225563,0.30235108087317947,1,0,0.1650776808660511,27.122413407455515,1
0.01668939641751577,0.27113820074905937,0,1,1.4880833885188385,15.068492180651678,0
0.7656483551272864,0.29081534036985734,1,0,-0.6826126991022358,38.21915069276382,1
-0.6839786696267348,0.6336535897214819,1,0,-0.21493313086868895,62.64148753693243,1
-0.6395313181131824,-0.2994088367189951,1,1,1.3445659568743242,31.07911924252436,1
-0.11028240298070185,0.97038536102714,1,0,1.4988207903017627,3.304849983018221,0
2.124442857024456,1.160171177217714,1,0,-0.8601394152687122,38.152384923221554,0
0.7760577174405326,-0.09800579747442834,0,0,0.8633866921409448,38.56909465079622,0
-1.340438075783524,-0.7082549202014388,1,0,1.4253139731890108,12.484969439191703,1
-0.934395535860019,-1.412910914594811,0,0,2.035414888138532,100,0
0.5764007479725026,-0.15635889830509592,0,0,-0.24533662714758503,11.315556741047395,0
-1.4821499330992405,-0.3617364658798156,1,0,0.30000763388949353,55.78703179847953,0
-0.11309847965041993,0.5065300817962854,1,0,0.9082368203089088,2.9025600735806747,0
1.158277493633983,0.7317291743320276,0,0,-0.9806157469613096,19.193029834547907,1
0.1914102614469947,-0.04169055848643757,1,1,1.5903364644320932,57.103415399960866,1
0.19294126511454765,-1.2321388235637418,1,0,-1.6832047567018324,24.264577901587305,0
-1.3599375478648175,-2.0610792576980295,1,1,1.8043928181627034,47.29170077802869,1
0.6278644698762137,0.8347573326933849,0,1,-0.05063938990820779,6.851562480426277,0
-0.9816164302587137,-1.8527302422074774,0,0,-0.5703232883688312,23.89674672152423,0
0.7550656558631323,0.49250383996243297,1,1,0.12450351446369547,30.73213436109233,0
-1.2845488450952274,-0.4298462243429153,0,0,1.142409563958366,10.005703313663638,1
0.3300231237773043,0.8106166238948093,0,1,1.110570162167077,9.795673002056029,0
2.4350734475703817,1.2985538684672355,1,0,0.01761029701678692,23.93501662162155,1
-0.6310237932131484,-0.32429216369369684,1,1,1.3327211101138656,4.524114886793486,0
1.9460927186723505,0.8412671920703985,0,0,-0.6097600650165611,18.201180356320016,1
1.5614903089638357,-0.4233900428307361,1,0,1.6721398418971787,15.175381992307663,0
1.2071097462931695,1.3621298514984117,1,1,-0.9254217797682959,9.22527813318188,1
0.6711113898938093,-0.34758828955223053,1,1,0.33882411248433,66.65557695381922,1
-0.26976960169861575,-1.2774778312649326,0,0,-1.6235293953606709,33.072987012779386,1
-0.6736463467679803,-1.3109774293056717,0,1,0.24187323380977996,88.352057152121,1
-0.5918462613267245,-0.5448787957732254,0,0,1.8844767371389917,27.163411614626487,1
-1.337394287158545,-1.481627070010893,1,1,-0.7834628935261105,21.124533266670404,0
0.11866097422692448,-0.8290622695383795,1,0,0.2501561323029198,36.88841256525409,0
-0.31408889045385935,0.34273731964779697,1,1,0.9948141764489354,48.128515324872225,1
-0.48387074272693786,-0.7830667214293763,1,0,-1.4302699402281858,5.1588158396688115,0
-0.003437542916736319,-0.6585890439011274,1,1,0.14333324660470972,13.492614555231496,0
-1.8004486110327818,-0.7496404404555065,1,0,0.8191922461074235,100,0
0.4517601210651935,-0.5197146053424995,1,0,-0.2765230209450027,33.862930637843725,1
-0.11031815015385746,-0.571622925146326,1,0,-0.22805734895364466,100,0
2.292898723839834,0.339406455451259,1,0,-0.4462903825466069,47.95392464468212,0
-1.149927121571385,-1.5824444202197525,0,0,-0.9042277357171054,62.21913827888237,0
1.2292048274121399,-0.8843211103301443,0,0,-1.4703104113336107,100,0
-0.4748174668645745,0.38582779955088337,1,0,-0.31348492751936413,12.00877275011887,0
1.3536218575953383,1.0679031867157338,1,1,-0.38583933205571463,28.92348265217894,0
0.45169181572065176,-0.8004559483367859,0,0,-0.6061073053881633,18.612532971935426,1
2.3580317274285307,-0.35695834526172154,1,1,1.2229478850320954,22.817178574514195,0
-1.0512796878238095,-0.7618538173042251,1,1,-1.812952387420729,11.695216562618315,1
0.6895852014271433,1.9635048916476423,1,0,0.19236177211881159,15.751417220431719,1
0.2535037104247923,-1.1988772975100301,1,1,-1.895477264028947,11.946871889726662,0
-0.5638460229462046,-0.5567346136013733,1,1,-0.6667853053726671,12.591516810381531,0
0.20034224260231226,-0.42042849884334854,0,1,0.7982087013205649,99.4364485707442,1
-1.1993875079303158,-0.93852492294705,0,0,-1.82199129553622,38.6105031706666,0
0.09682857012879262,-1.7583262756132556,1,0,-1.7833459401163414,60.27583614176783,1
0.5126711935680283,-0.17584899756266065,1,1,1.6831363211622627,40.885545031563844,1
-1.039042027586426,0.4535473398526221,1,0,0.019977850231738353,21.482720849278287,1
-0.105802355409523,0.2619278111344056,0,0,1.125064627453564,35.41558339497658,1
-0.44086485595860997,-0.569307905776221,1,1,0.6510525197898972,32.18197175667191,1
-0.969570552189159,-0.6449202470655495,0,1,-2.14002127247139,40.38831971658314,0
-0.6645895783108231,-0.5967128727096921,1,1,1.6097243963166665,9.012034111904136,0
0.0629039208764693,-1.0759424952676486,1,1,-1.1463424778488416,34.060977189058846,0
-1.9600534104796992,0.3361501372544432,1,0,-0.9146106798500288,45.31615860679516,0
-0.31307696955470676,0.6395774591531498,0,0,0.4151478338934161,8.933443681859593,0
0.32467487223736113,0.9277975208804979,1,0,1.055953887742994,12.865010442831924,1
1.2898917615399603,1.4955924723100926,0,1,-0.06780886246473071,27.18680098752881,0
0.20495239994011036,0.1635460009921184,0,0,0.9570869216118915,20.193664230333873,0
-0.5809645102310154,-1.6953689976160282,0,1,0.10551105094299291,17.8502332585284,0
-1.5095022087438754,-1.7861942473339067,1,1,0.26739918443763094,15.680308347387404,0
0.47063017477667185,0.6881617033448012,1,1,1.163964666423995,28.333142208082382,1
-0.14203080098275486,-0.1836875002859688,1,1,-0.24739943828880026,19.51896014635502,0
-0.19768393997783987,-0.12747988559132084,1,0,-0.4632522438669577,24.861671221091072,1
-1.406424083052381,-1.3906494473924154,1,1,0.07324332529703223,24.43625285587538,1
-1.0302692744222202,-2.3286112248841295,1,1,1.9288604263740112,16.884573039095347,0
-2.2461020635820135,-0.8425070045433649,0,0,-0.5081092611282241,50.52531603256633,0
0.4040288438958099,-0.565980814799473,1,0,2.3355140553082476,22.88757995766294,0
-0.5763668098247609,-0.04299444920263587,1,0,0.7826797669449249,40.98209240306422,1
-0.5173724004227793,-2.327370814002711,1,0,0.21741973507211135,22.67577129260915,1
-1.0077708581400266,-0.04473788614583729,1,0,2.5926599661022665,2.609360901185023,1
0.01881723225929305,0.2069328399969043,0,1,1.5467243301546134,33.2564128789157,0
0.5891390984901482,0.6316734689245354,1,1,-0.612332216615353,19.332180743228584,1
0.6199067256141757,1.1777338410871703,1,1,0.2585387715976346,6.627415759064266,1
-0.02051765053607536,-1.2200390647151154,1,1,-0.392037111323867,6.272469785853408,1
3.2065368855668e-4,0.6556990288766539,1,1,-0.024438080899649803,74.91913246090748,0
-1.6353861120648423,-0.13313581296343824,1,1,-0.759309232165749,53.998949320868604,0
-1.2299836718333113,0.5544545715795822,1,1,-0.5236276064075855,7.038331666345777,0
0.058218509546468136,-2.1198219971283088,1,1,1.0102819232326379,17.296104318606965,0
1.5454024989614359,1.2259240358344043,1,0,0.7787721760775773,7.21710939826663,0
0.7799825292813474,1.258682247310157,1,0,0.4867890115174427,23.882267620241226,1
-0.63296376367251,-0.6274694841671749,1,0,-0.11407745004227063,28.030896079981382,1
0.3073628577592424,0.7442935500178812,1,0,-0.9832519622918087,23.822623525892183,1
-1.4460680484175268,-0.20590848628322012,1,1,1.2966864359100965,17.042670629860766,1
0.02484836595641422,-0.4879957950654984,0,0,-0.4673987187596698,11.590366399682477,1
-0.9090274717522517,0.07805109085629802,0,0,-0.7941623613144766,69.02038599250038,0
-0.6640033446424732,-0.9624987428040681,1,0,-0.3920691826958091,37.39779947732465,0
0.790284333189761,0.11721709645291417,1,0,0.5006273808774085,59.56559457295988,1
0.7009227346750351,-1.1385605542250867,0,0,0.1555300397458512,46.31518916835799,1
-0.26070089150363274,-0.24799552616182313,1,1,0.7856080609570991,2.3446601684785042,0
-0.08511602371408397,-1.3222561475244914,0,1,0.10127487926543631,28.161802141663678,1
0.02803629669167479,-0.4928026481146993,0,0,-0.49162590052164623,30.822596124388237,1
-0.16463881325833443,0.5723942166266712,0,0,-0.15227712762136195,54.006796698637466,1
-1.2655600059378538,-0.209968966063591,1,1,-0.32643217095722077,1.9965882267519268,1
0.08223515812759298,-0.12822582815264288,1,1,-0.20506720189106856,14.673753079460903,1
-1.2928203557657432,-0.7174346854496102,0,0,0.08358401738242321,5.66314153637969,0
0.5958031792869849,0.6712960448290519,1,0,1.234263844424503,10.487151224442563,1
2.26073291305779,2.475763547134286,1,1,0.7169676522671946,48.022268355568855,0
-1.5789913410924015,2.3273211710117536e-4,0,0,0.3098184638137952,40.19135789860608,0
-0.05860544954052861,-0.02041289673850483,1,1,-0.8341376299832569,49.37216924279613,1
0.903527579437824,0.7887014553461864,1,1,-0.3889134635403112,61.56444234373189,0
0.09731908519073082,0.5103384421451448,1,1,0.42265634995009094,2.608965976704669,0
0.32529949565712496,0.8304067989784326,1,1,-1.2945463562248862,15.36348297185293,0
0.6325949157602274,-0.05581884088404948,0,1,0.015702057707536764,29.900569666509746,0
-0.43490008891715937,-0.33858209660442573,1,1,-0.7021932249111486,30.744873039256284,0
-0.21658998614434016,-0.3842226831729487,0,0,0.6607340132665731,45.52626032985882,1
-0.10663079336666478,-0.38263260426818607,1,1,-0.07853112121937915,1.7182507298216605,0
0.7855508268458794,0.8353464104495549,1,0,0.036528412508316954,18.599331607031484,1
-0.5747093678640954,-0.5053141757664606,1,1,-1.3777556355613534,21.12273295309514,0
0.05020565294576733,-0.8055653712555182,1,1,-0.21659486860391167,5.075548657177067,1
1.5669939662561343,-0.04776244912293781,1,1,-0.34322736757172406,46.060294240646776,1
-1.1440946104624898,0.20638219052667828,1,1,-0.28507966944647417,34.97920773048289,1
0.2804297813532444,0.31031941524952067,1,0,0.7563708610135189,4.3564371769205845,0
-0.7770199358008517,-1.1910023839194126,1,1,0.8136788093928269,55.68535865209178,0
0.47777578759008515,0.36520756759619755,0,1,-1.3774571909945226,30.054301802736546,1
-0.37199020345598166,0.25926663740872363,1,0,-0.27955265853633865,50.02707292812103,0
-0.8276761590619323,-1.1674062181431164,0,0,0.7694435128708597,23.837327645802283,0
-0.04637114277074618,0.47679074448270997,0,1,-0.4409377335366642,9.40190926928032,0
-1.2637411891188657,-2.677951178840143,0,1,-0.6808016457607008,93.41735399896406,0
1.0160910541167207,0.25881317086942524,1,0,2.448185895109042,24.092892156808233,1
0.20574828469233972,1.8279650117841253,1,0,-0.7707180884185495,18.32387680835656,1
-0.30790434381867837,-0.24831149867313934,1,1,0.48975525187008284,36.26153601382988,1
-0.940417670043141,0.004789538551049521,0,0,1.174514510984377,15.683378111605524,0
-0.2681330246937534,0.5451498187171778,1,1,0.16285143598805205,19.073333274154063,0
0.42714883558170713,-0.49934419335249586,0,0,0.6580489867757398,92.22104393029457,0
0.5286856304378894,-1.184914213850477,1,0,-0.005640034932983691,15.405572619112544,1
-0.09677359878419382,0.3707671961438084,1,1,1.021909662165575,1.9743659217250853,0
-1.6177391986867458,-1.1927161595683375,0,0,1.4256001648919436,64.10969851613346,0
-0.5908773158736818,0.6942825398247571,1,1,0.014047187394886806,4.49645073150842,0
0.5786600579181367,-0.4147547127272331,0,0,-2.229976214494166,87.4719200062674,0
0.2673567640835557,1.146091549406922,1,1,0.7027753460561597,29.79540774518668,0
0.5592865333818586,-0.19448399798650717,1,1,-0.2110849797689258,30.8313451222126,0
-1.4613940522467845,0.25919097870622143,1,0,-1.0287444849158338,62.68188057724664,0
0.4051954774647297,0.689941344613962,1,1,-3.389360438022021,16.592330224694464,1
0.7661302790441874,1.3453963639588602,1,1,0.44257680198702554,12.568268753744158,1
-0.8678773849389474,0.25870617805192053,0,1,0.40179209552782313,39.81111687502076,1
-0.1315365009514616,-0.25872464868121786,0,0,-1.0572544136715827,10.216462173281435,1
-0.8906121052989928,-0.5701877641189358,1,1,1.3921262571661053,6.335972567318243,0
0.09047860114610244,-0.6357975225121411,0,0,-0.9734824345311026,32.119608574800715,0
1.0740397217758095,0.9867949007576866,1,0,0.46559147279303686,12.086909716959822,0
-0.15994094160431047,1.0184267279788328,0,0,-2.0048199158342235,42.5572150716565,0
0.12467009598903293,0.9593303822191516,1,1,-0.6225279171692748,11.999796122903138,0
-0.3975606353212838,-2.06327068543032,1,1,0.2336209167275209,16.515415015493467,0
-0.8686465638574371,0.058813019938303734,0,1,1.1994120708940386,15.940342170307286,0
-0.22268853735121416,-1.1251242110509432,0,0,0.6692603477705745,6.145352929635089,1
0.4528935106287967,0.6482027656531983,0,0,-0.25839128751610085,65.29913487289296,1
-0.3539730040481911,-1.0138094733654435,0,1,-0.7093882039171893,2.132186418296441,0
1.7556384847036,1.2289813802649583,0,0,2.439579525701857,79.64991031274151,0
0.00443813632803763,0.3302238990716155,1,0,0.36219867556828833,32.101655618178675,1
0.764678517789122,0.5444570677373934,0,0,-0.33525807148406195,17.51450190404687,1
0.7326410613774071,-0.14997702529760254,1,1,1.6318813280421294,19.731866046365102,0
-0.6167850695259938,-0.5660664497115805,0,0,-0.7356825907764681,57.802628966733025,1
2.246611762707467,1.1606021635159511,0,1,-0.4192387191134528,15.953733530312816,1
0.594322233788763,0.7249367904496747,0,1,-1.740774666011452,10.12914128578141,1
-1.7803160380514367,-1.2151946414809855,1,1,-0.09702490488815237,1.725688116156232,1
-0.43287707054167646,-0.4475313459750244,0,1,-1.2259989272473681,17.26515242172474,0
0.3585296359994377,0.6229660059469235,1,1,0.4274085604778617,24.72336886620938,1
-0.8540723811762314,-0.18019822136816582,0,0,0.8796675169349296,56.95199609510877,0
0.01157564706417925,0.03447848577993804,1,1,-1.307659670906336,5.2282452997501,1
-0.08848995153021738,-0.9665369818375528,0,1,1.6009636248820054,18.0509061750669,0
-0.3310100850041009,-0.8931778156561097,1,0,-0.6677738270532563,75.47658670654869,1
-0.2811644782007611,-1.0955175900617544,0,1,-0.8077454562420252,1.4013310405366732,0
0.66313147883056,0.5016682455002097,1,0,-0.010246903253505904,33.08643202460862,1
0.40574688757794697,0.8563962022212925,1,1,-1.195777639512619,19.709394059817186,0
0.22254946119199,0.54824185279282045,1,0,-1.37172216845746,21.469235751072137,1
0.528016766251394,-0.1998993619264936,1,1,-1.8530164579865303,21.735935875621585,1
0.019939059254869617,-1.5845673817338994,0,0,0.46735103274920614,0.15088869876955605,0
1.6988848455590966,0.1120153134699804,0,0,0.2850492191415575,17.594940254225307,0
-1.2326503554810342,-0.7730175204234709,1,0,0.07317976032884249,31.27092857783452,1
-0.3992123973007221,0.8498664127174715,0,0,-0.10056423172836575,96.99522047855608,1
0.2974912822555776,0.1812314933247412,1,1,0.004836032142792243,19.065383077742677,1
-0.9258410376692172,-0.7588570883204715,0,0,-0.3915557071949741,74.86805346766951,1
0.4713294211507724,0.020475015004608882,0,0,-1.6932007980764379,6.244685363299536,1
0.6946353556211191,-0.598194948748918,1,0,0.6346059957409771,48.67679146370262,1
0.1217541357447632,0.05785342873447495,1,1,-1.7422536455807713,0.6034629525156842,0
0.5828591212310896,-0.4172212217635546,1,1,0.4658543182257844,24.34547647291714,1
0.20887817864952973,0.9059517542256939,1,1,-0.3086449395098326,40.32102727764509,0
-0.6541268194024463,0.06041421848593043,0,1,-0.04446643581666151,35.63283902614211,1
-0.09212174091484548,-0.9918791352770233,1,0,2.1801762383288397,0.718777790819612,0
0.9026679339051201,-0.09037617480577137,1,1,0.18757700350029774,20.614426886241578,0
0.8335999707727338,0.05900322829723348,0,0,2.319043267603366,39.72643043027667,0
-1.753773198874383,-1.3112041104750913,1,1,-0.9854199988841281,13.853287478656659,0
1.7987589540557625,0.6390501774224209,0,1,1.0485439396397194,51.6417692695625,0
0.9381070507869048,0.15472898273110675,1,1,-1.1324381723449888,65.53847797402494,1
-0.6498381647284498,-0.5991924764581609,0,1,0.1909518596175327,0.4968954376688308,0
-0.5469397002795504,-1.3841137093136717,1,1,-1.1999911447830018,16.339452867604468,0
0.2117557542453893,0.8257328620656472,0,0,1.220065909013088,20.431767275895474,1
1.609081596106542,1.4688359516141087,1,0,0.05370307713871016,17.88911965624473,1
-1.814753344567099,-1.1957223507447279,1,0,-0.9836564307644141,100,0
0.18826748354822814,0.5141721368943586,0,1,-0.10988479258161034,19.447317804387332,0
-0.1154958907219255,0.4004913490708031,1,0,1.0497314003279166,71.38833943639153,1
-2.1477150693850118,-1.1710951455235303,0,0,1.2644530312525557,34.07372909256703,1
-0.9378130834959918,-0.5854866865156585,0,0,-0.953838803738586,77.27813050033608,1
1.1872228235928928,0.3368341183385297,0,0,-0.11458618854146195,14.499399966889476,1
0.9450308599093779,1.237645014587871,0,0,-0.754625737466105,64.57667957840312,0
0.4336666251127401,-0.566586819868263,1,0,0.29621875523790636,61.43905364070527,0
-0.14225064912932003,-0.24175983864857548,1,1,-0.4798587754423513,22.897471662526616,0
-0.43699096475084986,-0.93276875045311,1,1,-2.8219272137131406,76.16280164475242,0
1.461785425568226,0.3301809546476033,0,0,-1.5482472802010645,38.223718370945605,0
-0.4807257541825093,-0.7341205748744941,1,0,-0.34945411790850783,30.30295849824194,0
0.44722195503808543,0.3330740402791436,0,1,0.8455570104526883,23.193207130865854,1
2.240451203266506,1.1589875275042862,1,1,0.577107116472977,20.79649369759191,0
-0.29693598802985344,0.8039597422607322,0,0,-0.8406465782773224,72.62659979262969,1
0.7609504039715829,0.5735805934461234,1,1,-0.9486143845794841,4.432449071902657,0
0.43504718154536837,-0.30442605803690476,1,1,0.44531966196255135,6.694639571097924,1
-0.6185604301002767,-1.1247592586686088,1,1,-0.743101568012317,3.2471948340108976,0
0.5779304986860859,-0.5374347088478149,1,1,-1.6832992190045317,57.63737973652489,0
-0.6257547365247267,0.6008826897431497,1,1,1.1106650217517235,10.66600423279638,0
0.7874642797724203,0.2463677803896035,0,0,-1.6848799850892386,13.359440934575058,1
0.41219534418766546,0.9024929722114765,1,1,0.0560379549467765,54.617056213119234,0
-0.871453728998488,-0.6915521188573894,1,1,-0.7622609527293238,68.08878770101744,0
0.037607264360779415,-0.8055386231165305,0,0,-0.7714024744799629,18.213923450832105,0
1.3439546064442043,1.2208233885070516,1,1,0.5336342178621817,40.876972675844506,1
0.11236289492652973,0.8412751620460959,1,0,-1.1270835246889979,100,0
-0.0162392053505589,1.092527128315934,0,0,0.8007087100060318,40.88938847582807,0
-0.18546375536270404,-1.0519533985925107,1,0,-0.14756542983252158,100,0
-0.4907217754834513,0.2047724298607882,0,0,0.2196608432243957,12.534820605304573,0
0.6452978994429002,0.5316396329041597,0,0,1.8202314994061297,1.2625384102547281,0
2.348165385380708,1.2975175248969286,1,0,-0.7008321163676603,15.154668486825267,1
1.59574999699851,0.8459121549185088,0,0,0.9788243989774784,4.616958515445116,1
-0.032070805103771464,0.7000457283442263,0,0,1.5480266745296654,53.92091366179338,1
0.5787717025965032,0.693585974296643,1,1,0.10838542954544435,5.156846191975593,0
0.8389208283744558,0.7329578917356454,1,0,1.676992691779543,27.310866364584783,1
-0.21460952622706087,0.44604968195641825,0,0,-1.0542380481973976,27.832884803913288,1
-1.6883682413981729,-1.162799869707256,0,0,-2.1688422095607094,7.718946203180169,0
0.5111559584395523,0.597356264243326,0,0,-0.4755689386672506,100,0
-0.14755909372176293,0.13784441726853053,0,0,0.09058024538419744,25.35456415010666,0
2.153897306629359,0.5690580108549445,0,1,-2.3152494697980686,48.6944110096909,1
-0.2689653494551844,0.8521100513206774,1,0,1.4055169751331924,21.370775094730842,0
-2.221181740404055,-0.2121123668158872,0,1,-0.03868318517619115,39.109505136913924,0
-0.2949112133535305,-0.3974552635449594,0,0,-1.2122145357604155,41.59103116146584,1
0.756942400841914,-0.09780494939775702,1,1,0.62602029878916,95.92357990214678,1
-1.5651943984309944,-1.0229965788937674,1,1,-0.7616627176076809,9.277136966910334,0
-0.46812873151650686,-1.4980764614368258,0,0,0.027433075744250156,25.69321862502859,1
0.9382868895557466,0.11799719172661904,1,0,-1.141846623579503,9.797577067235336,1
1.47442609973802,0.40149267002637523,1,0,-0.31925775985171817,48.361254048515,1
-0.08373460024283239,1.0496543294058682,0,1,-0.7878391431060495,14.482460120333801,1
0.47204481408650784,0.6873967568787036,0,0,0.8137645123284568,68.96660909195218,1
-2.368572065125616,-0.6061340717436564,1,1,0.5447193227963096,31.01594807761209,0
0.7928061984470561,0.47601866138272353,0,0,0.45077815557294354,2.836310862717172,0
-1.7079269644933373,-1.4079081854734348,0,0,-0.34899485716962286,7.95074361892975,1
0.014711774431866286,0.19615857087072078,0,1,-0.7404503692650546,21.510010665073345,0
1.8406497180631434,-0.8138365806646263,0,0,0.02433326120720532,31.304513267564083,0
-0.2863318208297604,-0.008678298632015025,1,1,0.12298172947871956,19.339644004496982,0
-1.9794655712329086,-1.159268116187663,0,1,1.8048554381901911,16.206577765182224,0
0.2041337939408916,0.31595438900404627,0,0,2.6003847936248845,59.61011560683932,0
-1.1368589986905,-0.9176401887619016,1,0,-0.49349554308025095,97.55593243253345,0
-0.18096264408612134,0.31116546897643405,1,1,2.126701650027102,18.682857077549638,1
0.13894228505393239,0.5816320449855488,0,0,0.9245162359057295,48.27138596187512,1
-0.16900806058965315,-0.5128155694949792,0,1,0.07130331649962088,60.07444740575291,1
-1.1697436762320041,-1.8878809824271683,1,1,0.845103689572934,57.675804890788385,1
-0.1768129895115633,0.49325292928776576,1,1,-1.0223534030162094,27.148820897673357,0
0.98937427776965,0.18538378393956928,1,0,-0.7534828133975218,13.71553270697193,0
0.4135924867613977,-0.8711981428427618,1,0,0.6623805803697553,18.761025145176685,1
-0.5458161458830171,0.08516761930595701,0,1,-0.08691431995375161,24.08307910243582,1
-1.8898779231752254,-0.7833748518744414,0,0,-0.2882188359375516,84.94030630641899,1
1.4813147036191667,-0.5685383929397734,0,1,-1.1376751208094829,32.90081263364194,0
1.5220787701110718,1.197221831564276,0,0,-0.62626393933964275,26.890522600032718,1
-1.659789764205173,-0.3803814204792597,0,0,-0.2582199673522167,58.54776960246666,1
0.09178288861963566,0.3935330282825198,1,1,-0.6536606745263527,23.682727460358603,0
-0.31859685574570157,-0.32871048326594027,1,0,-0.16348970763411758,7.264614737023185,0
-0.8671816594196206,-0.7231492514195754,0,0,0.06809210932085887,31.837808006859625,1
-0.8489165671213558,0.14174208297481422,1,1,-0.8185826583924346,15.352016951766526,1
0.8445454236958124,0.3330654584908553,0,1,0.442194603731657,46.99780025760366,1
0.4807243580096864,0.7969999700768207,0,0,-0.18686059039064457,9.351241721380521,0
-0.7613263944532751,-0.20043472522604802,0,1,1.0575530845896248,56.71569714237025,1
-1.3805141031492998,-1.319266624933391,1,1,1.2032455984479276,21.805254052886095,0
1.4052081304009243,0.529229121596922,1,1,1.0263652488218553,16.826027685467743,1
-0.7460308248426742,-0.45781507068779814,0,1,0.15975657891770564,71.93041383195039,0
2.0493024167467304,1.5561161970589477,1,0,0.5550458206488342,9.360546325343874,0
-0.03542040604519309,0.44395163843576757,1,1,0.029956905883332444,23.704764425112618,0
-2.153279694812644,-0.7306595793232038,1,0,0.5299177511527344,27.38056297019943,0
0.6591747090529709,0.9080388987929296,1,1,-1.1903267625610479,7.125917623851126,0
-0.2953152864187588,-0.8169606512142855,1,1,-1.865073876265018,13.572837589926818,0
-0.42995340338888277,0.07370297240012491,1,0,-0.31874228014121775,12.699031499108266,1
-0.8297747094978968,-0.9470713948527123,0,0,-0.28225634596235694,87.74830034023444,1
0.5450301638385245,-0.3273674595023716,1,0,0.05819136627546538,63.5648807564421,0
0.11201403203741282,0.18286274215057546,0,1,2.18464693247192,9.570477729219528,1
-1.0640684249992225,-1.6167596155165738,1,1,-0.22655504703994464,39.09112274250822,1
-0.6645142060999606,0.9454269822651118,1,0,0.7409371718571256,26.786509449407564,1
-0.7752540616887432,-1.3096019761815036,0,1,-0.015221442971756404,31.576814876797904,0
-0.7595639054371814,-0.5941656305133551,1,1,-0.07151075407924892,28.51252960906638,1
0.49254632981895663,-0.6018543820348758,1,1,-0.541344866446545,7.861473222267429,0
-0.6924738124237964,0.21909003988395237,0,1,0.3681861199305125,34.102022901633305,1
-2.904892189476985,-2.2591493676813665,0,1,0.40058755679440844,13.093443804198332,0
-0.42772468445689493,-1.0596453391941805,1,0,-0.09276539246450392,58.31193993523038,1
1.3052328346826005,1.3858021253168156,0,1,0.5473113746309872,15.234171712301393,0
-1.9586525974781508,-1.5949166559751706,1,1,0.32131938882010236,14.333182617669888,0
-0.9337868790602128,-2.6171348951580167,1,0,0.6233760232110122,100,0
1.3315790397448615,1.0699999014861623,0,0,-2.1591732178759644,20.453866501564743,1
0.7625047580071844,0.9151689182836933,1,1,1.1490057923916153,2.8070100134277847,0
-1.239525049873232,-0.4581402156956529,1,0,0.15024565872556314,22.988969064363367,0
0.4878648199789588,0.3343885210356333,1,0,0.7024205378782704,71.5129360441775,1
-0.22256401023292507,0.6067379422761591,1,0,-0.7403715335938135,100,0
0.5891340891902498,1.2787167923069482,1,1,0.645177525981577,17.563882140641336,1
-0.30954423676700454,-0.406659362758774,1,1,-0.21746387250936491,10.871697685325552,1
-0.889733194413943,-1.4354448178260095,0,1,1.5389769987915187,64.89560109058345,0
0.07325578615817707,0.2278265943817862,0,1,-0.40569449190219836,78.66893652534908,0
0.9233329786736393,-0.2228603948840131,0,0,0.22622796398893918,4.561035875665655,1
0.7780577751587088,0.6465792310630923,0,0,1.3198450742878216,52.53542791471617,1
1.6756801092095244,1.0121967380937311,0,1,-0.6707305506235628,6.957303251202526,0
-0.30290126174310505,-0.7084103137872854,0,1,0.6957860003646017,8.978695002465058,0
0.437616250848929,0.5446346543825159,0,1,-0.7594013582154883,9.212380189989739,0
-0.6093773682524076,1.8064892456713406,1,1,0.9475257743250177,26.817529826881493,1
0.6413285791528591,1.4679511066443867,1,0,-1.4232021145208669,41.72600448703658,1
-1.8482016253497158,-1.7813395557145326,1,1,0.8992792569011209,31.42841534000636,1
1.6298853104689495,1.839276445003362,0,0,-1.2136875753686727,41.218499335350174,0
-1.183419858559403,-0.3132594337620068,1,0,-0.25296333044850544,33.446471552547465,1
0.5733638194287793,0.7593565538682827,0,1,0.9328977468357447,9.408691657298954,1
-0.17500899493291747,-0.6431664912997959,0,1,0.9486616206256521,66.81143093982885,0
-2.134584276175877,-0.8618386087621903,1,1,-0.7206299677007082,5.644002945050742,0
0.47925806366912754,-0.10254262781950027,1,0,0.9488043624881739,100,0
0.8834104738818718,0.5274348778706559,0,1,-0.7969484226813888,21.337921361354145,1
-2.0181719275314243,-1.4800477474922351,1,0,2.501151617325908,68.6700760712081,1
0.8972059172131794,0.6737695151367449,0,1,1.0023028872889939,11.13602519437733,0
-1.5587001470984918,-0.8016750591704839,1,0,1.4566534885401474,40.31329653649087,1
0.7979841255533289,0.23608777413279053,0,1,1.024636383164559,18.634233265113068,1
0.15265347380846284,-0.32060099349818916,0,0,1.1256460092528915,42.10718684581045,1
-0.24538230734797753,-0.9075527534803567,1,0,0.4211309865786528,9.789062011875783,1
-0.5053964758515113,0.22886261119283763,1,0,1.482719771072611,16.39630735980103,0
1.4586359604495742,0.9790240148197572,0,0,-0.09607045883097892,22.266827747449877,0
-2.236957400164061,-1.450409084788756,0,0,-0.15488585879455583,100,0
0.9719098600562254,-0.7587076032489197,0,1,-0.5485692560994496,37.806514353871115,1
-0.6986112661815811,0.060260233499582316,0,0,-1.11825542816021,4.7120188152382,0
-1.3979691237380578,-0.5857504322688023,0,0,1.0436240096480207,19.17382096345232,1
1.93957982584771,2.854708039119994,0,1,0.5892654286203752,0.09615421861250946,0
0.1096737807466776,0.31746565657195447,1,1,0.15423540364189137,33.64689291560131,1
0.38416307192310883,0.22161941278259378,0,1,-1.3366730299016982,18.03772866824936,0
0.11880910245302503,-0.50682905662586,0,0,-1.9437499894602435,44.70881251953974,0
-1.3451788342977942,-1.4696637640977657,1,1,0.16209638279492955,17.169458457188515,0
-1.0006696833484539,-0.6663052134347665,0,1,0.9328370445707429,2.568173075294969,0
0.03420008403367932,-0.2410364844611658,1,0,0.07290485848465504,30.034894304133854,1
-0.6360620116551934,-0.564265850853593,1,1,0.5578186215467439,5.653228013661987,0
-0.631356025327266,0.1665172578200545,1,0,-0.4209918086123702,25.475894721642184,1
-0.07269605391524471,1.609105555626787,1,1,0.014964534626060995,30.502567578053615,1
1.8883775592973489,2.3120386691175177,1,1,2.8130418226275826,52.34830489466474,1
0.02548001698905162,1.8774036221159485,1,0,-0.3486311102573918,2.3449579513447785,0
0.30937282112832437,-0.26345811256276164,1,1,0.8611338489482012,5.1108131441783495,0
-0.049988368117276825,1.1439321438816237,1,1,0.9939737447851466,20.046820783746455,1
0.3002988584818382,0.9555177097587948,0,0,-1.3584377205812925,32.171338703822066,1
-1.887496055159559,-1.8762048514495304,1,1,0.6702954179047363,28.335770132389595,0
1.6831480459840749,0.25854555252601075,0,0,2.0487297414215693,16.338963663774635,0
-1.5172817540779795,-0.26778224656762284,1,0,0.4504010498134446,48.04579179627281,1
1.2843924812982621,0.2604211814397877,1,1,-1.8561688816353044,87.04079143735889,0
0.3814843346303746,0.4985769590136264,1,0,-2.8434508145613955,91.36000076966418,1
2.511996547955407,0.8554271174950998,1,0,-0.22172499795002817,52.80118170142736,1
1.3594869518150299,1.4326986629580156,1,1,0.4990847796648435,18.258837241835913,0
-0.22219878375656604,0.3290525711419372,1,0,0.47155650253648856,78.19769987146272,0
-0.6570185397441394,-1.3920689484835493,1,1,1.3653611775752617,14.629755383030718,0
-0.20317535684386115,-1.3054449691735814,0,1,-0.4832234660018278,8.787923901646671,0
-1.3381832116353474,-1.2415200516676477,1,1,0.7275070984897729,5.6986120410439565,1
-1.1122536534882947,-0.5093419383722406,0,0,0.7717421871837946,81.64055379878538,1
-0.8773120554522086,-1.2049527860290725,1,0,-1.6319947406494644,87.74570083562422,1
-0.8856276597388548,-0.4422735397105449,1,0,1.3356235481432577,100,0
-0.716083488010705,0.15972198366701484,0,1,0.2945204141847899,43.62531527929889,0
-1.0371637110846543,-1.3478807180776518,1,1,0.8347914923322451,30.221835416694624,0
-0.09303577334473839,0.16819482418355933,1,1,0.4260441719741784,29.26294195149965,0
-0.32433081018288784,-0.3116244322946348,1,1,-0.3820223130401953,8.076631238614596,0
2.5531598393000325,0.8841789836764403,1,0,-0.3297362898267025,5.514811584123799,0
0.3082376296845139,-1.1659726025123898,0,0,-0.16537318505201515,89.37480454076406,0
-1.0850739214130023,-0.8222064784838466,1,0,-0.8233866590172788,34.04025308270609,1
1.6678469195296761,0.9904095320309148,1,1,-0.640919375464706,3.887287506996262,1
-0.28941480442189627,0.3176583222365741,1,0,-1.34966319065306,18.779515031938885,0
-0.5846703099764363,-1.286714140930295,0,1,-1.0196309949287226,1.2073978008030177,0
-0.938501216545229,-0.4144414186075037,1,0,-2.69118675324193,32.168390699880575,1
-1.9446785905209336,-1.7305623650128221,1,0,-0.22061909405455943,54.29591761540531,1
0.19029793971873535,1.0402310957967271,1,0,-0.5478048652055897,33.096959171004016,1
0.18887019529310575,0.7183141295510862,0,0,-0.7208974434565585,24.535228807842547,1
0.1164811819764793,1.4175348728579487,0,0,-1.2290275211931714,27.367117550676635,1
-0.5597949408795387,1.1321376331593225,0,0,-2.2736026251252044,50.29085114953418,0
0.6743235058269216,0.6721048911375285,0,0,1.0421083157805862,94.1395666477804,1
-0.7232076829562436,-0.29143192345077384,1,1,0.0517399104287525,45.41778345117025,1
-2.6605894570854725,-0.6359715514251765,0,1,-1.3339245693611375,36.83055034286845,0
0.28884438555491926,-0.13284101829307324,1,1,-0.0072964102437928224,4.960021583276735,0
0.05176892067780182,0.38661016198341414,1,1,0.6308280277799001,30.147792903277452,0
0.5758910905290604,1.0051830524445733,0,1,0.6918334697316569,52.23468466007119,0
0.16547189749335817,1.5223255591760474,0,1,0.6957398769492633,17.149860861220343,0
2.7292766500071255,0.8848064335933832,0,0,-0.16756283045337506,29.71596994933575,0
0.4400683531103242,-0.025285840533992743,1,0,0.7747454037762902,18.740024835356483,1
-1.3376849191261302,-0.6151086665670202,0,0,-0.9503609577674966,7.775494279912119,0
-1.413973664971666,-0.8940731697435325,1,1,-0.27762737862139647,9.231820196341488,0
1.115825836985283,0.9212808493103631,0,0,0.6749967747091883,40.48310029917863,1
0.06262483140290986,0.9087116138652142,1,1,0.3557012467986764,34.832011231398475,0
0.7695808616632781,1.0040696200267898,0,0,0.868188895320981,20.15291286062721,1
-1.021397335574807,0.0051069611597091,0,0,0.6751123161262046,48.7038136066714,1
0.2754161228786779,-0.4881419804199241,0,0,-0.08626501157549157,21.732716119933645,1
1.6597632942277365,1.235697478311711,0,0,-0.45469642508157254,42.72405271464916,1
-0.25110182796224956,-0.15607232942050217,0,1,0.7003755920644045,10.049337556531494,0
1.0823356457670603,-0.3344673492144321,1,0,-0.1465940675473669,100,0
-0.8570966725305761,0.23761834613052885,1,1,-1.6811931500829913,43.471961784870956,0
0.24014585643467934,-0.40211277780554494,1,0,-0.060075017323547884,9.84046813631605,1
-0.5313430309819378,0.43983623103893044,1,0,-0.31434373193907883,30.444975851066417,0
-0.5777141094468573,1.3473618352098664,1,0,1.143477144078436,64.50082277556052,1
-0.33837053624809443,-0.3968810373195489,1,1,0.14522211920647324,11.874462743660684,0
0.42711348553538814,-0.18270029422192738,1,0,1.0465815119026127,9.534105934080362,1
-0.4207860552464121,-0.3652393919398275,1,0,-1.7745189235088819,37.98456068122437,1
-0.0693536521736724,0.24269209778803746,1,0,0.4185333534668919,35.44630280676131,1
-1.1182816996817444,0.2644827629645846,0,0,0.2778985070048513,31.556340847664696,1
-1.8872199876241205,-2.0680715677638495,0,0,-0.6457320826526866,14.85730674351458,0
-0.3002236093598319,-0.260213970986057,1,0,-0.4663517867107172,11.234635661522491,1
-0.0038652476130944646,0.30451241209711255,0,0,-0.15415363431727286,2.316175504724755,1
0.11130365687821561,0.6022854341949273,1,1,-0.1285789337952963,7.8548812409732465,0
0.9297770986483197,-0.18074479452469533,0,0,0.8039342879783976,9.5722901221464,0
-0.0017468252520120929,0.25570182476343767,0,1,1.8704945415236334,24.578127475738384,1
0.11498301996419955,-0.11428241170141594,0,0,0.8431690022420603,4.3518134067830845,0
-0.7172182278327478,2.1573360107135184,1,1,-2.379258794302645,38.674801569962696,1
-0.18113011350043223,-1.0365845904362527,1,1,-0.48018961180197306,21.91327561043918,0
0.03566218985032278,0.6001453195710726,0,0,1.544991920562513,61.057299692456134,1
-1.4297864649074898,0.14450428269609117,0,0,0.3461059181517102,26.171045581845412,1
0.03617525234041638,-0.054241858785902985,1,1,1.0836967575138936,40.85052241814553,0
1.4182814620917372,0.9239155769677592,1,1,-1.203060804422233,15.090596453095529,1
-0.40045130112899957,-0.8995258447177849,1,0,0.7299757551140733,27.859651778189026,0
-0.7472986417969042,0.7326430869200826,1,1,-1.6075845737004173,3.994478236106976,1
-1.1387015225221926,-0.6944737109376636,0,0,0.2628741591144738,80.88451259050923,1
0.30875851420940087,0.7085340303478334,1,1,-1.3025128639666637,25.708212823778066,0
0.247273736513125,-0.14819543826797693,1,1,0.2798188690801186,26.05979263361586,1
-1.1512454973246224,-0.6282750715644546,0,0,-0.417983283990699,17.373944392627003,1
0.35463478523961506,-0.44463129552548164,0,0,-0.5631728759657425,46.36160334735619,1
0.4997005017519629,0.7055113580775209,1,0,-2.4716547131560382,2.214238862648738,0
-0.0030340276547153673,-0.24937939426581124,1,0,-0.9568211886509803,18.877647004343125,1
-2.28027748231409,-0.9430030112883807,1,1,2.3052245122702666,7.3886723707609825,1
-0.7282391587433255,0.2748841022223434,0,0,-0.696213773291574,64.95301169854582,1
0.9191738970709141,0.1286701604607644,1,1,0.10795127307323768,23.434114167999166,0
0.6228955733145065,0.18557263543270225,0,0,1.7345226489537395,53.98464398849716,1
0.9350030703242712,-0.34458593097532236,1,1,-1.7126899546396,10.646662668348407,0
0.37097383302551384,-0.6623270892462391,0,0,-1.3759436169782138,2.0689290998738485,0
1.1334734188553086,-1.1552096450675136,0,0,0.2967678677534613,4.751052732815384,0
-0.09260827532569588,2.0987019633968864,1,1,-1.0088492944146834,64.35418948800607,1
-1.0332988663354765,-0.6230674208653206,1,0,1.0148909027916366,58.88405431285433,1
1.1233504037815538,1.125670458588806,0,0,0.898602552970553,27.790825659616797,0
-1.3300911647732085,-1.4845827037623696,1,1,1.444144276974683,33.00553605553478,1
0.15035070624328675,-0.7667333048186332,0,0,-0.7816264020847528,16.350605210259737,1
1.0911361552680028,0.5076405804278238,0,0,-0.3148754368284552,58.07786557469569,1
3.0138176780946226,0.8409124650068392,1,1,0.8803675696261641,6.75812564959142,0
-0.4926453757311642,0.512497497210292,0,1,-2.2553874454802325,9.509749760542793,0
0.08968862472308374,1.4400881563556762,0,0,-1.9288670121786673,7.947140065434226,0
0.572021085659161,0.02560709797208771,0,1,2.006667052708657,58.04802542661683,0
0.09630432583669561,-0.526644563186378,0,0,-0.13646484122095054,30.566504053757107,1
-1.0248523504070615,-0.49872456692272377,0,0,-0.6174442819225372,21.04929363938402,1
0.1638039943020012,-0.365650641610365,1,0,-0.030674357383398156,100,0
-0.5342188744602886,-0.1682382387872362,1,0,-0.88718978164114,80.62142486194651,1
0.5482295561233169,0.5481397981447818,1,1,1.4990209547523006,3.2747194578709027,0
1.2497936343193772,-0.7612438640264864,1,1,-0.6787557364885557,8.051129298376853,1
0.2902220315297026,-0.032812615939350365,1,1,-0.2710511428641712,13.553366653007117,0
-0.8770991476230733,1.2777506744327543,1,1,-1.2048872281008454,41.64235805839476,1
-2.37870761891622,-1.722594210442954,1,1,1.2584223552593785,25.5426898220164,0
0.5218576662835568,0.661575456652244,1,1,1.160246925103238,24.859709470769467,1
0.02582828090879463,-0.23948125596721148,1,1,-0.19464967483431106,41.45657513311182,1
0.7532902481687422,-1.2142984587882948,0,0,0.9079966285403811,12.644051141287866,1
0.5437921475775093,-0.23178753133308966,1,1,-0.9278037351300009,17.92589667448256,0
-1.0655623722753478,0.2217338289432671,0,1,-0.8993799301570363,74.99218880974955,1
-0.40502735467632334,-0.08889679553051368,0,0,-2.532775205228631,74.75717961168321,0
-2.1066241718514664,-1.6653450613288499,1,1,-0.6696384395183248,32.870890614971145,1
-1.0562833031623107,-0.8279536627164614,0,0,-1.3633750428683398,21.793607774131775,0
-0.227078245657304,0.6822859069587587,0,0,0.31088530582222446,51.11846493914982,0
-0.06587713021369573,-0.40945220048369957,0,0,0.39272573215552103,18.03182585883867,1
0.22771106867536414,0.10429791614291152,1,0,-1.1976587235952665,90.62136417187159,0
-0.22291617764860835,-0.4630981943361142,0,0,-0.5512279711935618,95.00634338261355,1
-0.4020561288957233,-0.8883585654930304,1,0,0.9770912142839219,100,0
-1.4817545541441401,-0.7723902388509014,0,1,-2.052707528193715,97.22426281834764,0
-0.8392117508967837,-1.2531940401246822,0,0,-1.5371485262415754,42.254245976363585,0
-1.7207077820162868,-0.40443303961566,1,1,-0.05131103805370491,45.35825065690165,1
1.380454892782859,0.1366026172788103,0,0,0.34361833178540374,26.0660175473673,1
0.699218213398837,1.352681507891538,0,0,2.2397715519002452,57.77763070919673,0
-2.200406459198011,-1.7770067927150761,0,1,0.3017375096484127,23.263790572553795,0
-2.1112523179625513,-0.34515789311876144,1,0,-0.566793097183816,36.17301714008281,1
-0.7419816966116402,-1.8548097670766044,1,1,0.8718367188441926,32.49127809730682,1
-1.6027729893972695,-0.15964971362717806,0,0,-0.9019747534823304,78.19588993927606,1
-0.9899943307485004,0.5466914946948933,1,1,1.2183075298569774,62.29279427754212,0
-1.2341214489163757,0.6828340236966415,1,0,-1.946032573577962,46.69281779992476,1
0.27790069565413317,0.13247563668937287,0,1,0.8530429230055052,48.40521946474865,1
1.215225187870548,0.758934637883997,0,1,0.7937317919592807,26.61252886550296,0
0.13738044195955726,0.02330991634162012,1,0,-0.8556255154480809,36.275249004619205,0
-0.13966293007136688,0.0012983907328535105,0,0,0.35832946144621136,9.631500434929615,1
-1.4495789857163148,-1.356424530360846,0,0,-0.4194478238924028,28.756386343912688,1
0.5926625171945785,0.18152275414303223,1,1,0.8390605827451306,24.430818417439532,1
-0.605883207311777,-1.1924987549853387,0,0,-0.9686107415929098,16.674422678222665,0
0.4075952243561085,-0.03052177080300436,1,0,0.5152763043870401,15.44663961990925,1
0.20966585880526015,0.7135743803915607,0,0,-0.1754761422721282,14.725238809015364,0
1.1662447439333334,1.0111788467138048,0,0,1.1786142872264331,40.85245071892002,1
0.1431406279323038,0.4791970624128129,0,1,-1.8928941415928477,6.889197455509614,0
0.284682112196496,1.2437279878267544,1,1,-1.1805158109795624,27.204527721060234,1
-0.6098106565089894,-0.190199735430742,1,0,1.0964678744803122,2.3101510735400845,0
-0.08423313363555256,-0.7360222590988834,0,0,0.13550694099460295,10.4458765609738,1
-0.3758608763863839,-0.9196235543876021,1,1,1.219453401082249,33.16512687387054,1
0.16259461742867073,-0.37225712285836654,0,0,0.6104861185883976,48.98091517462518,0
0.07795470189403031,-0.7947049034242869,1,0,-0.7937458806275804,19.036289585148285,1
1.8339883093684308,1.236549669879334,0,1,-1.890500827258741,38.97811745547016,1
-0.8464204771738717,0.7704329514566337,1,0,-0.8206835127678721,26.501523649569194,1
0.6276256938195172,-0.22329812092276274,1,0,-1.4520523118415758,30.893621192275194,1
0.7219766077796713,0.5317638900656586,0,0,0.11261740227966457,21.150789528088414,1
-1.256153280733206,-1.8625187152768912,1,1,-0.32685433402389424,6.908683527836994,0
1.5902992893058052,0.466520731014098,0,1,-0.8267472191409556,0.589034321712534,0
0.2694590576737182,-1.181248169457169,1,0,0.5998845988727195,21.792617620453363,1
1.4011629144779494,0.7003807615821704,1,1,1.0736087500980038,40.43756731093367,0
0.9207268651992402,0.18954345511017795,1,0,-1.5532020078399056,40.96319892653847,1
1.2213282241525207,-0.2760025595160094,1,1,-0.18947090688102786,56.455866256143395,1
-0.20661641814482634,-0.4022435493478388,1,0,0.3821539759140185,52.124453322090424,1
0.6709647209149046,0.803752581981008,1,0,-0.5281128714356839,12.022908762926996,1
0.154763195157482,-0.44652882369663305,0,1,-0.0925057066997318,15.950064255452432,1
0.2985714919002891,-1.2347105291900076,0,0,-1.8926787877094355,99.90977781974368,0
0.3603216043387696,0.16118878973062442,1,1,0.5752092785545116,16.419452467857255,0
0.24817421480329774,-1.0407158068777533,1,0,0.3067334685829451,49.00134028924033,1
0.6936958423105256,0.47493939782163985,0,0,0.21070517350831744,7.395473707679851,0
2.5832685195970986,0.7917708387622842,1,1,1.9250244736614017,19.42792522867952,0
-0.21428356285404335,0.6328897131488904,1,1,2.0318050277675623,7.23689594153678,1
-1.6065044230934313,-0.6348282085499781,0,1,-0.5165099526455262,17.940911172068706,0
0.4896262995551943,0.3193683552927453,0,0,1.263748375580063,10.017679793953162,0
0.19160098572559298,0.19189775733372666,0,0,-0.076185941031764,74.25833813383619,0
-0.7890740280450759,0.33748251776064375,0,1,1.1878576870645787,56.31528474908422,0
0.9233639703723241,1.4515510142032328,1,1,-0.816441685561879,28.377575341603976,0
-0.24639300808017012,0.29189195557013214,0,1,-1.627005280107754,35.15352743103066,0
1.0934831791886206,-0.19188873095120418,0,0,-2.0739525515365105,7.55015442903786,0
0.07796569066154062,-0.25694868307639335,0,1,-0.2927951923737555,22.71753343568878,0
-1.7275137645818843,-0.6410166764844839,1,0,-0.740217647019296,51.622041652632355,1
1.4774422840939094,1.6415565319256924,1,1,-1.090054801181734,5.677276532382772,0
-0.690847784703819,-1.028794892848854,1,0,-0.9097115638468772,3.025080527526253,0
-0.20650518422769523,0.010840417165685776,1,1,-0.5565811644044799,52.50146417821258,0
0.6319649792693076,0.02379088515506561,0,1,0.026551583886260232,28.76715510916275,1
-0.04934344891171619,-1.7011802673204106,1,1,-1.762998371427665,31.76410566374389,1
0.2213274266458398,-1.3917813717741006,0,0,0.8032554757291033,7.065267207395757,0
1.4355146857348597,0.3197458443582969,0,0,0.03430524103553869,52.07915997251021,0
-0.6295519582174696,0.6437149030927707,1,1,-0.6265357776638147,24.043364774114885,1
-0.10761374745406911,-0.5290744368827409,1,1,-0.05164938551910699,39.04536481514097,1
-0.9290260680395899,-0.48524126466917095,1,1,0.2353274020089491,7.65642295734546,0
2.192469990745764,2.1496295116150153,1,0,-0.0782493117708231,4.570124148314459,0
-0.6228890793148623,-0.8743308919895358,0,0,2.3035872194758227,1.090783979641099,0
1.1412245727463601,0.7233861748804341,0,0,-0.5423627617241975,100,0
-0.45208168930620335,-0.2668104579120184,1,1,-2.0768663198122392,100,0
0.07951559793741689,0.8381216132126709,1,1,-0.444312478488581,8.556942435806413,1
-1.4051457722137495,-0.07383265507134029,0,0,-1.0746214474717155,23.707937874173847,1
0.7295546064501778,0.47458779906162774,1,1,1.3145682024546603,11.900494479097796,1
0.0340576226962377,-0.9899764799890055,1,0,-0.4282433813524243,23.445453124000636,1
0.933336116582863,0.20465637932939368,0,0,-1.237683963716847,22.22064499426104,0
1.8863396797890728,0.6846679388471713,1,1,0.9466152513054292,12.342593043571513,0
0.49162611362901937,0.13164757035294083,0,0,-0.6111688247628374,25.56460612127296,0
0.07914952635812979,0.39196960321841773,1,0,0.2557022548637158,30.58490782817602,1
-0.35827621045163394,-0.7729053857501729,0,0,-2.2448576060536345,28.975223317021904,1
-0.8157529369102646,-1.7640024906285108,0,0,0.8162037989191459,1.4408047438484306,0
0.9533415239471161,1.3700576310222599,0,1,-0.3843949560940728,25.335885897304305,1
-0.16934571632175044,-1.0755431392520285,1,1,-1.8171230578509874,12.632817729401564,1
-0.5383421419225004,0.21248936529961177,0,1,-0.7710894839312766,39.74825403181857,0
-1.7013547791366685,-1.304676154782726,1,0,0.5249470175622334,100,0
0.22583319133927895,-0.08917262471881525,1,0,-0.411353978588759,8.838334550106453,1
0.5696478066568216,-0.11828017120420997,0,0,-0.2760053271362974,65.43295871277354,1
-1.2302229717683768,-0.6011082168640937,0,1,0.6490135287924035,14.778488917028389,0
-0.30256485931359645,-1.6174934741729534,1,1,-0.8428828174629707,43.631871720804064,1
3.8907457314083587,0.6174290414510291,0,0,-0.673343745603941,6.566136400089203,0
0.19554123102556065,-0.5407386307069054,0,0,-0.23200987130530554,45.65611141076581,1
1.6392755324614083,2.2309172140833073,0,0,0.23966184085669745,20.40104606179861,1
-0.254914748132592,0.1870272754310561,1,1,1.203630133805528,53.74580363150313,0
-0.4467797149752193,0.5920410947620401,1,1,-0.27634571434584854,3.930525939135668,1
0.4036648089005051,-2.127625657406985,0,1,-1.0808883235664484,25.986162694594093,0
-1.1394698050146144,-2.0216366889691395,1,0,1.5876496387827286,40.08887521307442,1
-1.296871483235763,-1.6083055404155515,1,0,-0.3573874510115178,52.56066224092798,1
0.9620455112247367,0.304537501527175,1,0,-0.4755044001002037,19.324511727437567,1
-0.7228431669277605,-0.3495171795447522,1,0,0.5779680470545882,54.872896311558094,1
-1.4703904848348373,-0.4994376956984269,1,1,-1.5591035513422877,31.888455558027733,1
1.2919578912252185,1.3704158135118387,1,0,-1.8341172679948525,23.39872272100517,0
-0.30147935306264745,-1.4475704144796548,0,0,2.6984088784373728,33.98326438338848,0
1.0879906833530766,1.570595408901501,1,1,-0.014884093729766562,19.31283923557684,1
-1.314317696782593,-1.2360646116285814,1,1,0.3775430520317844,26.93997390764752,0
-0.5888239133847686,0.31269366870857407,1,1,-0.14660205348704633,40.16411096676781,0
-1.303725701929213,-1.342387863482842,1,1,-1.4443500819155168,22.14418511527439,1
0.8839131510035656,0.8159738304844362,1,1,-0.5090583685937713,9.320616800882632,0
-2.2131681933920175,-1.9140474839863908,1,1,-0.3769917250555351,57.14274109327356,0
0.8148194922002493,-0.36961009313903453,0,1,0.18296323803660297,96.91009408523377,0
-1.0819338939421435,0.07012189546259295,1,1,-1.1030199145244906,8.664021033178457,1
-0.023473385242797067,-0.5117471626908219,1,0,-0.7680934214214595,100,0
0.49797088588367605,0.43487450092176944,0,0,-0.4348708961646083,35.58783710939031,1
0.6218449051753884,0.08598437384487917,1,1,1.4366720969822038,16.504292254420186,1
-0.9680516917933814,-0.5627763538679674,0,0,0.31835812781052414,48.68534137676536,1
0.4185572336009748,-0.22250313555742016,1,0,0.46104941198719557,74.98622996423168,1
0.1612612340701899,1.0451224680750004,1,1,-1.409557535322477,1.040996696402131,0
-0.39842455661890397,-0.0891667942773719,0,0,0.7447829779948562,3.193533719518963,0
0.18731409415260916,0.3648968740676355,0,0,-0.8159524446631523,32.41946506292032,1
0.1321657485161977,0.917817041955458,0,1,0.6923773849018663,90.02332345413232,0
-0.008123333672077524,0.9832991165821784,1,1,0.12854583312663603,16.670940210532088,0
-0.7474515396730258,-1.51369046350634,1,1,0.9012215416268625,8.472878233438816,1
-0.2882504510791704,0.8624933555510613,1,0,0.4608177004580853,18.76342387102514,0
1.5473315766625546,-0.4436972241552827,0,1,0.9797943271278626,53.063330681899245,1
-0.6464718480589106,-0.8662524343420526,1,1,0.7790635489840522,7.679303303458483,0
-0.7658685259899605,-1.1777363211005123,0,1,-0.7259436024577262,12.566151435790038,0
-1.095410543359476,-1.270024949715767,1,1,0.45143174191538255,67.73070428081972,1
0.7927031213188855,0.006187620998831134,0,0,-0.39164873787532817,4.139654706854373,0
2.2182212833664408,-0.022810967469673038,1,0,0.9612892762344898,14.171216677340238,0
-0.5864335652336828,-1.3975568133879177,1,0,-1.585894050190226,100,0
1.0955168750378077,0.8010703832434589,1,1,0.9819709407402497,32.49173872791411,1
1.0033863939913363,0.30873705700545917,0,0,-1.3965025430507572,10.112032547940373,0
0.11255407446061855,0.14112187098370813,0,0,-0.25275816038128524,32.95851736791483,0
-1.0069409922235624,-0.43000271521323563,1,0,-0.5825825009594734,43.005572603703435,0
-1.014119803990366,-0.14390811767956574,1,0,1.1131574525611083,39.84308083504561,0
-0.9266423488813076,0.3713843775285529,1,0,-1.1006429981306236,0.9292156678481253,0
-1.2761205019239357,0.2906966910166443,1,1,-0.6432694237506165,38.007274141305196,0
-0.1898931640616978,-0.009162032860689465,1,1,0.7914472909003292,20.54076069439951,1
0.695902015708319,1.1385659611610661,1,1,-0.6493224357503145,25.33458969587397,1
0.3999958737718304,-0.2815240045753633,0,0,-0.6355918940776042,24.00863475807852,1
0.5783225571372216,-0.17582395841246806,1,0,-0.9759927220594576,9.951262420623694,1
-0.43966933648694145,0.21229718545350332,1,1,-0.3082131763789086,36.0249844182495,1
-0.6565443354775247,-0.926517828315188,0,0,0.42024518427073065,33.70476000876866,0
0.17930085298671708,-0.8607092956025494,0,0,-1.7439977248322618,19.38589421807458,1
-1.9517952251396546,-0.8019152470641867,0,1,0.6679265636697869,29.363208117380264,0
2.1378423625858263,1.0247106776980741,0,0,0.5737617181480982,42.6895768593588,0
-0.2735788592320605,0.21715457142584688,1,0,1.645998101988069,67.02157781292979,0
-1.2142760619170632,-0.9468575443216265,0,0,-0.2848576317449141,18.58292731178915,0
0.019028604710672154,-0.3250511696925406,1,0,0.07661582277525553,65.23024546599099,1
-0.020410559262894618,-1.1509003391836354,0,0,-0.9747485221793678,23.203749125338504,0
0.14887195113757934,1.027961132134986,1,0,0.9311136483255992,9.236932583842208,0
0.31588530942726983,-0.30282319316555684,0,1,0.5327317368288406,16.576041704800367,0
0.6869990465502349,0.4571023069484017,1,1,-0.6184736824536679,16.040969488774063,0
0.27474349256887975,0.36947531533789424,0,0,-0.7356625589549872,21.172384354571346,1
0.34486242872866124,0.06706805529525561,1,0,-0.4362030581078003,50.684365454438314,1
1.0551863614334576,0.7304953629374014,0,0,0.19892365158737024,42.78090814011836,1
0.3178277120444635,1.0274239066565598,1,1,0.3477984109322363,27.026059364854625,1
1.3103481196153637,-1.1069922124804865,1,0,0.46074492750800905,55.20219396062272,1
-0.9504530303533364,0.22761756254500115,1,1,0.8390813882233272,18.033813900711497,0
1.4644714609396785,0.34584085799317754,0,0,1.8992390461422404,23.950344907767587,1
0.9634401238208871,0.6842196692996472,0,1,0.656857974899738,10.634639493966294,1
0.657707062877916,1.1711239480874176,0,1,1.5082868801967668,24.426396373454253,1
-1.4096454513287457,-1.5175380923339383,1,1,-1.0292034167011204,39.03557404044277,1
-0.08253605790582853,-0.6350310579377804,0,1,-0.6022847625703612,20.30911705620394,0
1.1081564199303426,-0.7316883193489423,1,1,-0.5826226599050854,65.5031059623884,1
-1.3819667554487332,-0.8223880036913226,1,0,-0.20081065131100487,67.02778071898219,1
1.0032585900947848,-0.07305276688656681,0,0,0.9745580841490632,32.06526435204885,0
-0.5622139851137867,-0.8224318774043791,1,0,0.7272037983096027,7.939928032462533,1
0.4649294011983139,0.22157081781618748,0,1,0.5805208034545034,33.09708518182605,1
0.6859867059691077,0.5031899639569494,0,1,1.6702614903019688,24.638794064399214,0
-1.4692752598382877,-0.6276936921241923,0,1,-0.5709766741258353,78.34709056130687,1
-0.814472635834945,-0.028866306504495398,1,0,1.5593868145671486,8.521084129058105,1
-2.387150525264695,-0.8111455548631462,1,0,0.7597592059613743,6.63029385666474,1
-1.4396616888216542,-1.5042111324693432,1,0,-0.6584944735567524,37.94430760501114,1
-0.319634405725953,-0.281046868528352,1,0,-0.29718897494308716,11.697300870971027,1
0.39655651565114913,0.11267540992293748,0,0,0.8724769942061609,71.62975691329106,1
-0.5260060632755104,-0.7770048750901146,1,1,-2.2389182021569907,75.60300198740366,0
-0.30446876729776073,-1.1518766108140719,1,0,0.5156857295285651,15.908391219060563,0
0.7796032360145154,1.3400782287131305,0,0,-0.6274196976851034,91.5464012632614,0
-0.8484992632754297,-0.3694028527037679,1,1,1.3054404182677881,29.742970857502634,0
-0.17311701296395546,1.0830399542800273,1,0,-0.003013126823361809,29.85837699761398,1
-0.27055629924634067,-1.0047871780650677,1,0,-1.9415333590496926,18.135818930318713,0
-0.5364173378435511,-1.2989646658548075,0,0,0.725970299397935,46.66120106553665,0
-0.11084571940551302,-1.0203185753953556,1,0,-0.7052153662707762,39.89030710108847,0
1.0647973999142897,0.6410612681555644,0,1,-1.2730362932443164,24.901971467738154,1
-0.12150694517797582,-0.15176948410292543,1,0,-1.8990781898085667,73.17197935955453,1
-0.4034257745105932,0.7215273845394437,1,0,0.617187369370586,100,0
-1.083698485036037,0.4288632161186353,1,1,-1.5916746331986436,100,0
-1.8243437353520118,-1.878025809922864,0,1,-0.5429403735459853,16.576703933045177,0
-1.3599839652384678,-0.3005168329122719,1,1,0.942490642170046,20.44961667142204,0
1.130561318164364,0.24195453235900988,0,0,0.830914708635323,14.738190676576798,1
0.539963621997557,0.32631301330127677,0,0,1.0611725344858272,24.42961474768263,1
-1.5191436440691601,-0.9435211648789035,0,1,0.2367616678805422,21.449186545188084,0
0.5256734257755513,-0.8400437655780698,0,0,1.7677108425684356,33.72545499342468,1
0.22762221158278237,-0.7006022938835683,1,1,-2.414286170357008,26.57064682779252,0
-0.1814063126717094,0.1789861023349567,0,0,-0.3908956175593453,9.901087343438316,0
-1.4779599286348375,-1.2060556915783656,1,0,0.19621062136218817,20.71596040005372,0
0.8462136596652468,-0.11967021855397453,1,1,-1.2084264293859108,16.3406193490038,0
-0.9265356203554918,0.06797994585636402,1,1,-0.23471419939408258,34.360886209105324,1
-1.443264268394732,-1.747475670895025,0,0,0.3883720147590543,19.281329588018863,0
-1.7592098492664323,-1.8755681478980124,0,0,-1.1715203959882285,100,0
0.8022111834746687,-0.06566396989685458,0,0,0.3285338262669202,59.37866904074283,1
-1.1043277590765523,-0.9557829648857123,1,1,0.46156226742307593,10.613338424618735,1
-0.07100878861768746,-0.6309154270464704,1,0,1.438046762850261,31.83331696937964,0
-0.00885620685570213,0.1742084840385444,1,0,0.8392943774493776,6.807244772855549,1
-1.6811269621564335,-1.3425144815779277,0,0,-0.11144489488963309,100,0
-0.3375842524626339,0.23744768484750972,0,1,1.5840542703210798,30.69200754054605,1
-1.2002786925260942,-0.4978684433751517,0,0,-0.6999851659691896,6.709541157213477,1
0.26735845223439525,-0.6724647002978906,1,1,1.6624749970046515,31.69458932800211,0
-0.2721066136614201,-0.5025861668097097,1,0,0.47169383926435904,17.004219357303285,1
-1.0241265236640824,-0.6412298666980789,0,1,-2.125804627197016,18.54984858301916,0
-1.116816944879591,0.050284120088595285,1,1,1.625295529173008,20.351417268905045,0
-1.6373062141948853,1.3774787791311067,0,0,0.22455324134942273,59.97213879012845,1
0.056413736184959,-0.03750843913780374,0,1,0.5212197649338641,5.752172625106464,0
1.3934467301663436,1.376797945283235,0,0,-0.20347056170481548,38.169002845137236,1
0.15503763057794467,1.5587273206851242,0,1,0.22840769727175017,2.171904230450123,0
1.5473897194576487,0.5306279782621633,1,0,-0.24079154082060233,30.229755379289223,1
-0.3481148992347564,0.6767757499234827,1,1,-1.1985082437906673,3.2815077339772496,0
1.3809720589353365,0.21433276666386547,0,0,-0.5124227816709097,13.65438526527808,0
1.163131693628446,-0.861691531399026,1,0,-0.877990874816234,55.732166589041455,1
0.3539341715368063,0.031683231659990346,0,0,0.8165016858576014,32.597099896598586,0
0.4725558980392608,-0.16565922378061143,0,0,-0.02798238318766204,21.138834062705282,1
0.3870769353359296,0.7545552094244895,1,0,-0.7856465181632131,13.961151865430818,1
0.4235093830245896,1.906245790638751,1,1,0.07181183266267721,18.142505893672787,0
0.2111718808446243,-0.37346793149522595,0,0,0.28481023313911397,25.84919258727433,1
0.09029281028827937,-0.11454381799152326,0,1,0.1453078441632064,1.7264119684072172,0
1.1516241164667422,0.35534946343535384,0,1,-1.7404584121632816,25.585520822943597,0
0.44382992382024994,-1.1671842141170166,0,0,-0.13466418723903018,80.98219508296184,1
-0.19324894194923165,0.5795804366262403,0,0,0.8347212584339941,30.30654340767087,1
-1.1971087223137604,-0.14358407103548188,1,0,-0.20458756298951464,100,0
-0.03134799307793111,-0.6448139344847288,1,0,-0.9799063385837016,100,0
-2.2237557413216766,-1.1772399528500912,0,0,-0.36852808081123933,27.53273019157534,1
-1.035936542118233,0.135957216017923,1,1,1.0596694249177463,63.78762409768523,1
-0.31676801104902613,-0.34478264454557506,0,0,-0.2554783922122953,18.302113708743743,0
-0.2978885472930781,0.33763127368037527,0,0,0.16683494369576443,24.96365611610909,0
0.24825500765041106,-0.8024529679123619,0,1,0.91177806254504,33.73498971909737,1
0.5014415949264251,0.49197074158270304,1,1,0.18044041121111476,4.971421970145651,0
-0.6854012690619453,-0.041900815167912386,1,1,1.9058077044726205,44.1164087944524,0
1.4561937979022106,0.9215851808991637,1,1,-1.6330804631711626,11.232715790087514,1
-0.4813205832451042,-1.4629548652814446,1,1,-1.0933390098716462,45.91814038047781,1
0.8395173550592425,0.034169045292891,0,0,-0.6282296086245125,42.306583162096096,1
-0.08694591504810929,-0.2377437184954252,0,1,-0.30158991273002034,85.8718676551386,0
0.3524884283212139,-0.6176902345621049,0,0,-1.040617265554767,77.26737819620908,1
1.7910114081871147,2.055410787485077,1,1,-0.5857645274880213,21.970559318922504,0
0.39104908062899624,0.3367801896164828,0,1,2.3406682307613296,39.05397168157993,0
-0.7624486052320665,0.6689203538458818,0,1,0.5582662941700487,38.893269712477796,0
-0.7742153682976937,-0.08058706152590706,1,0,-0.8005442738121614,53.89443292908295,0
-0.7040731378358746,-0.133050040594078,0,0,0.8195081345207376,28.986395272745995,0
0.9780359335306125,-0.9936916815579433,1,1,0.6934279116656813,13.400690988569423,0
-0.604884835747523,-1.452348203578525,1,0,-0.5568791324463376,31.242240270399844,0
-1.4719678181935267,-2.275688516294031,0,0,0.13377830444264305,15.658267456649094,0
-0.08250428199810711,0.14429466739003954,0,0,-0.533596549563758,87.00499050952105,1
-0.11651586307838038,-0.5349334638673814,1,0,-0.7193512727084147,4.266399569212703,0
0.7250493200746292,0.7375370057506829,1,1,1.0472532281856195,38.08696549233798,0
-0.32377278903984746,-1.6187987498051735,1,0,0.13155759506092124,36.67779573001763,1
0.19130180844273156,-0.2658934837967347,1,1,0.2669619742676407,20.94387539724079,0
-0.4945548633869024,-0.5597152282924226,1,1,-0.08277723444602203,9.23823301786879,1
1.3852618594347983,0.17099258748714752,0,1,0.48224249970434724,35.23582073344606,1
0.5517036639251095,0.7292432480480842,0,1,0.9555707045925231,8.057985012650187,0
0.6479288621108136,0.5149907145709092,1,0,-0.3812288530816054,42.11237569461331,1
-1.7243441951542653,0.12517075004281575,0,0,0.02843020697618955,66.30432557187603,1
0.5520462753237345,0.5047103164203617,0,0,-0.6170262383118019,12.78147825510571,0
1.6079697201486634,2.200294200132602,0,0,0.4307258064954857,8.397910286309937,1
-0.4662380347609151,0.7642590056624645,0,1,-0.7806471645784,30.422464318769048,1
-2.055744676678487,-0.8951515563960799,1,0,0.16123634744538534,6.602546682880951,1
0.07928430938896125,-0.19843109258670588,1,1,0.4009413693933553,1.5886015305598546,0
-1.1144217129196168,-1.3289104070260964,0,1,-0.5077200024219908,27.346323132197277,1
0.2068268383716422,-0.4731098926257526,0,0,-0.45057107953881,10.528737276904263,0
-1.3518407251276379,0.27078262889914717,1,0,0.059112586674495586,65.9989536687969,1
0.9158424603609242,-0.9790156056828856,0,0,1.0490720050377234,100,0
0.56371114783024,-0.15503825343740535,0,0,-1.368659629772772,4.612471266282797,0
0.2562872729857247,1.3544407014079936,1,1,1.1428563836045136,11.168204703880443,1
1.3647996806584524,0.8068812312659385,1,0,-2.231264314842617,19.202713283202712,1
-1.026238713918515,-2.4076196036521855,1,1,0.6484583170803109,11.195001134002133,0
-1.0810246517241555,0.46179480571372256,0,0,-0.017915678798687402,23.733009155484154,1
0.3886727120412089,-0.8847023534315277,0,1,0.2825204965133074,26.865920505697616,1
-1.3454387593472297,-1.78519120699075,1,1,0.25597854088473776,6.176893875525418,1
1.7314185460270086,0.5759642255727071,1,0,0.1714752243420763,39.14956427348138,1
0.38150736623728987,0.2170415938568332,1,0,-0.3899221948380454,17.701867094617047,0
1.1655109717874852,0.7121969086033876,0,1,0.953161842941053,41.43072660273529,1
0.7638064129648625,-0.5970783367513824,1,0,0.70729566270162,14.455933987393424,1
0.20673599544650673,-0.9272585240803,0,1,1.0153002291296527,26.77240526935324,0
-1.1748515631790073,-1.0448190343558235,1,1,-0.013496910520407654,1.3437984163089358,0
-1.1754307038572491,-0.12595244696496666,1,0,0.7050462928606182,29.030346403308073,1
0.6040268981420075,-0.2715270495224024,1,1,-0.2941193381034803,42.182033668910464,1
-1.7692174478783536,-1.485112309829636,0,1,0.16490111786777575,5.296030267791353,0
0.14959875210709453,0.100764601889309,0,1,0.6485589420578757,100,0
-0.07495542549148354,-0.4375029012359961,1,0,-0.4317201896129671,9.859526494174967,0
-0.30315537803068554,-0.4663177834748461,1,1,0.8165948055645905,8.744011767871841,0
-0.8574202697983777,-0.44332921170534056,0,1,1.0279967923907671,37.50371755270581,1
1.0604465644408687,2.6193669926881116,0,1,1.1416756314442458,26.298377564948012,0
-0.07915782115778636,0.17271173219761077,1,1,-1.0096384729290986,26.214614239264385,0
1.1996812362610672,0.7686778943296759,1,0,-1.1119456671052883,100,0
-1.5978313422076076,-1.28960028159556,0,0,-0.5280360750888154,100,0
1.0210637347193026,0.5015279776012886,1,1,1.4647555067934923,43.68664077241963,1
0.016029783010973356,0.2786397292029838,1,1,-0.5263573631997037,35.51059448544932,1
0.06482427177314382,-0.09522739673349559,1,0,-1.2822993965248224,39.56287666090496,0
0.23142616252698736,0.45849193686309947,1,0,-0.7964317193882355,17.04898971153893,1
0.47613016937298025,0.7233161007828488,1,1,0.6566229782380796,48.345636605467796,0
-0.13353968744128883,0.15955891077861878,0,0,0.5022955428693306,100,0
3.183714737377398,0.8202135258597464,1,1,1.2248446071103742,27.058608878389613,0
-0.7544196335465886,-0.32294386135818953,0,0,1.0437821501658513,18.59669530763858,1
-0.5724394920050297,-1.164642996113113,1,1,-2.7313069090649957,42.90011080716118,0
-0.02185039547270029,0.7843658535033151,0,0,1.2930654117802047,7.271827069127883,0
0.02124859723626027,0.00916165884131833,1,1,-1.000262777212126,18.144007338981176,0
0.3293567125398292,0.5303966465212776,0,0,-0.5922061529428098,64.49471337902163,1
-0.8883354248184577,-0.1775464871042472,0,0,-1.262344518280053,52.313496458238404,1
0.14394542345243092,1.3776394184614125,1,0,-0.09492279031926423,66.96412189482949,1
0.7042879928040197,-0.06899577054510847,1,1,0.6143883816189596,7.8931241732925805,1
-0.11438075348360754,0.9443782258224602,0,1,-0.2302920651801363,0.5448126368298053,0
-0.9618607673194517,-1.4722781844263906,1,1,-0.6951741935810485,13.487308200401857,1
-1.2219168448448638,-0.5684460387136246,0,1,-2.1768307730072545,62.95742177758159,0
0.7031085504174063,-0.030852693562301192,1,1,-0.8390094124983196,6.1727054745140375,1
-0.21315586006664936,-0.28896070096666043,1,0,2.327846666891733,26.764643663469105,1
-0.13931147238043115,0.5594871559717828,0,1,0.06498752662366149,0.4000109587407851,0
1.2786665815437845,0.6557006790821568,1,0,0.33467931646264043,76.25003182642587,1
0.8760393321492331,1.4059764830545196,0,1,1.305970717031523,6.87446705256129,0
-1.1090610508814527,-0.516808948096131,1,1,1.0547025271472912,11.629256241152234,0
-1.2022899672899101,-0.6538552517936892,0,1,-0.21291982772479184,16.539889002485427,1
-0.5151551068203806,-0.20663874287410805,0,0,1.0335591180812895,18.857620508592362,0
0.22549420852726443,-0.04018591275697245,1,1,0.7110033340906895,26.59046848042608,1
-0.6546137125052579,-1.2174250009523127,0,0,-0.8939594007202596,6.2756144373900895,0
-1.0788304824276715,-1.2814185433057488,0,0,1.0029305898395635,100,0
0.06329308332215108,-1.9349691885900346,1,1,0.38577374191668234,58.5063090741511,1
1.4539874320649604,1.001278397707224,1,0,0.9196942837484708,43.37321548401609,0
1.2228805587915779,0.9698334090790458,1,1,-1.396950039396358,1.6755629661030895,0
-1.5115970936751413,-0.4820050173074245,0,1,-2.137959777119782,14.7087938029344,0
-1.0259049446768842,-1.1525502739000348,1,0,-0.5546153828119413,87.62117930453587,0
0.555623537829619,-0.7399155652861648,0,1,1.053442765052474,38.5850895297753,1
-1.1755106402189355,0.30683599134966777,0,0,0.14570444505133362,92.65048329139785,1
0.27090797416140666,1.244630476468676,0,1,0.3459882679297585,23.61920230723729,1
0.42055196436863185,0.8650795002936178,0,0,-0.8665452972976739,78.09096740290528,1
-1.32362509195895,-0.7039756199137879,1,1,-1.1602500417699202,23.885301114106444,1
0.07037206062376787,0.940313120095242,0,0,-2.3990799227582573,34.907981046375596,1
-0.7843859226617591,-0.5587283594365741,1,1,0.2357721487092935,5.238624505753577,1
0.08881746916831848,-1.481091576848892,0,1,-1.7399038271776113,6.631062022152413,0
-1.039362462834574,-0.3968165085103873,1,0,-0.4853870706772179,8.75587214483683,0
-2.2576999356178673,-0.911533286795257,0,0,-0.6648501937616378,24.094249765135128,1
0.3263092449416834,-2.262328006674,1,0,-0.007575147854188816,36.45257277517034,0
1.3974780182573163,0.401430367119633,1,1,-1.1983550811305863,61.7176046919142,0
-0.826930991733126,-0.44853094490407003,1,0,1.0434564659687473,89.79394369266342,1
1.4427905625182293,1.2359243596636658,1,1,-0.5120395270639283,18.852557261386583,1
-0.2900034212324697,-1.6213531943535224,0,1,0.23831867632833964,2.0395031835361497,1
-1.3535702659231803,-0.623574924991261,1,0,0.6044181896992212,78.74694860300274,0
-1.0053342617692629,-0.6333318121053738,0,0,0.7673792217198301,100,0
0.7965077738824687,-0.08820022309190861,0,1,-0.9460987533814769,63.26591483532967,1
1.0939258691504352,0.1954870662740189,0,0,1.3045224134644318,63.37235476187638,0
-3.2404900561178653,-1.1569710918625002,0,0,-1.2650314346331284,100,0
2.062049667754926,-0.2882005693484988,1,1,1.0319086677040807,31.84363515080362,0
0.6012616690354134,0.5775852321378994,1,0,-1.8157467202668556,31.500667293469796,1
-0.87932411469194,-0.2446164573103423,0,0,-0.32905570959581826,8.176912020065053,0
-0.0447794780401147,-0.5614758973287243,1,1,0.6552364124294422,38.51703762027937,1
-1.2298472968709322,-0.9503194849626198,1,1,0.8622277015469979,2.9961733584427956,0
-1.2831928889142306,-1.0578532383049628,1,0,0.14500547864639077,49.03051201965863,1
-1.7360408227711663,0.7338218998804484,1,1,-1.6426999073774378,12.486533996337634,0
-0.39325793101784257,-0.18625924728887305,1,1,0.9061379284223332,4.851316263819063,0
0.5082806685366895,0.42778233076432426,0,0,0.2969840312111478,31.45105639639101,1
-0.5906747322950562,0.8230360228084515,0,1,-0.927316970935963,18.613518382441697,1
1.421028703987137,0.9142136511110753,0,0,0.9377200978095386,61.072099936779445,1
-0.283558709899106,-0.4560249100208942,0,0,-0.04321135245762881,57.113134818373254,0
0.9104797997775607,0.37149369173964353,1,1,1.373825337182142,41.69773119583163,0
0.8511568659890281,1.1416229963939668,1,1,-0.15040892465077121,12.708404001809765,1
-2.235360626107171,-0.7125953495502741,0,1,2.829761196464626,11.134273280242999,0
-0.23334998823390782,-0.4995642118178123,1,0,0.2728800302211525,22.7377074516363,0
0.7017404654014977,0.5721472599719933,1,1,0.08188759650409949,55.082939461868214,0
-1.7304785765192803,-1.4879870446611552,1,0,-0.33230308662407526,58.02817684025821,0
-1.0546894909976847,-0.8832361945502818,1,0,-1.360067645911513,100,0
-0.9252516961090979,0.33271503897150606,1,0,0.8319968405389649,24.21497510341404,0
-0.9934762778150255,-1.0379538586023573,0,1,0.009065120817562576,4.8648666464189825,0
-1.1849300916544894,-1.6793049775385018,1,1,0.45163466053912005,17.117743784228026,0
-0.10810155923793544,0.05590044124958078,0,1,-1.4878171187206455,2.060444748846319,0
0.7652941370836371,-0.16044418281552802,1,0,1.0095166043704293,52.72163702851477,1
-0.05772876198070144,0.3524654720397272,0,0,-0.26178703731989866,60.13832066654572,1
-1.3582090590339524,-1.0542480276433692,0,0,0.20962850417099255,56.87989667501191,1
2.010765354016747,0.44275696420572075,1,1,-1.1815145116143124,34.99857188347998,0
-1.6593725793736538,-1.3386773051832133,0,0,1.6524607148943862,31.13606878630563,0
1.2953759018581614,-0.6049697139107422,0,1,1.9753843975690801,2.0348088917528577,0
-1.4816635699028822,-1.3690648434879158,0,0,-1.6352560737360544,31.101096324109538,0
1.5758850134764693,0.6121540295123533,0,1,0.5765926358711696,25.884555710382543,0
0.32733435928081644,0.5321813267333351,0,0,0.16043230392399133,85.00584355747671,1
1.3017772882704912,0.9066463922775707,0,1,-0.8554806323132548,68.74050923010405,0
0.04089160783084424,-0.9128511664563165,1,0,-1.3501326817652306,0.5872722935003412,0
-0.295111471169356,1.2342382937520477,0,0,0.9927711596461668,19.212217253673426,1
-2.1942076490048152,0.09030506568110641,1,0,-1.5199327838031749,5.044553177164439,1
1.1823034312760385,1.286665157794728,0,0,0.1737117429206256,11.144061218594377,0
0.029389696258188318,1.1779785368833455,0,0,-0.3663930383650428,61.69864131206709,0
1.6078846637926716,0.33483183496702307,0,1,0.0821401913838112,9.452720313826953,0
1.5325585823884016,0.9280197563141592,0,0,0.42411492583071325,31.37388288272932,0
0.1662388763570388,0.8122554590684661,0,1,1.836203836090942,9.330836109533848,1
0.9754166765233662,0.6712442521220849,0,0,-2.272146004604969,5.152986615408358,0
0.4246686940442533,-0.7799493880045327,1,0,-0.5082481771180111,10.682304323946571,0
-1.2966314057220432,-1.230140773575494,0,1,-2.364851980240213,21.312314469380425,0
0.624977190959426,-0.9641802117591138,1,1,0.7055351119292904,13.572762964593634,1
-0.6948291302934745,-0.9024225844203344,1,1,0.38731969391776916,41.60719168143558,1
-1.0094745015471924,-0.5963934537490515,1,0,-1.3814948349227116,100,0
-1.5207441027012916,0.18592373481663016,0,0,-0.6399963718886289,12.16112626021328,0
-0.9888078795469333,-0.9377816839768686,1,1,0.32226523898574216,84.14978797249988,0
0.7065229570499237,0.709036085268344,1,0,0.9486896057314433,2.527681390251903,0
1.6039292069398718,-0.5699875434494228,0,0,-0.9010484210169764,68.9101967090073,1
-0.13892208797217703,-1.2459760301374665,0,0,-0.8500238544074492,5.379957433285213,1
-2.1214617295685665,-0.9393240045820849,0,0,1.1083568835432822,10.843952235490965,0
1.5972944627907,1.8257592025350053,1,1,-0.33610205652941927,100,0
-0.8401793226168895,0.37654517163136697,0,0,-2.056448178024574,8.149942674307198,0
-0.5343497179759858,-0.11411040623142821,0,0,0.7339454846317445,52.88297896648537,0
0.14956950871526078,-0.3939758365547469,1,0,-0.3496574938172204,3.2736835947553833,1
1.8002005281477944,1.3495141778494846,1,0,0.3831799462175123,4.248964474572517,0
0.5063333258110913,0.4642535697435122,0,1,-0.34271109358399776,62.364806397837825,1
0.42704502725490995,0.6865445504403694,1,1,-1.1187165030210509,18.398574226908366,1
-2.487315604878635,-1.08410678298825,0,1,0.6505154465968754,100,0
-0.6492060350781087,-0.9589259979952605,0,0,0.5025276154154907,21.804131019166118,1
0.3063508824422564,1.2794032475423276,0,1,-0.13207229831927406,1.5369759496255984,0
1.1452244145322255,0.4667167221171986,0,0,1.2314014785968117,8.033903727167198,0
-0.07422831139505372,1.0316512086359122,0,1,-0.8464836351626542,37.00064104685437,1
-0.22269403431697954,0.8325117450082165,1,0,1.2214190292631895,99.64663276712689,0
-2.533009397360361,-1.3063591996645059,1,1,-1.4156381313783346,25.1043152557164,1
-1.638059393140067,-0.8124953321532203,1,1,-2.059108912362809,10.569671127397303,0
0.12122823514919197,0.8842541845895069,1,1,1.1268115270010084,4.768882784478096,0
-0.09991788063054935,0.5840130701061816,0,0,-0.4660763691581513,43.20544169833139,1
-0.013266772289043405,0.7358935178399253,1,1,0.6829469119697953,21.631742665527117,1
2.030006820467171,0.5745568167778323,0,1,-0.11379037385174905,45.210490043397336,0
-0.7960812896867923,1.2168771249404136,1,1,-0.15436105504397654,40.91296486239696,0
-0.8001010581621492,-0.9789134951613758,1,1,1.2524211370751408,31.303965272475203,0
-0.27899196130827,-1.5685117037056269,0,1,-1.6648989479960474,15.871231557352065,0
0.43620403855457607,0.7121447080935439,0,1,0.09424729632289011,5.771564435238352,0
-0.3231220214515833,0.1939519478111335,0,0,1.4505871610274812,41.303472497452375,1
0.8298835676215396,0.0034806977864731414,0,1,0.32558289659297596,41.328226691730585,1
0.25379488490082924,0.33745343214181533,0,0,-0.3735679770299628,63.14156523118987,1
0.4603884331786666,0.4982396480993191,1,0,-0.602565930207348,15.948305257778449,0
1.031629619339788,0.08185192689264154,0,0,-0.28888346442036456,30.802041834322594,1
-1.1913421292439668,-0.8355044266629492,1,0,-0.2164868174545469,23.6620124118938,0
0.8965666652211944,1.8019097124684884,1,0,-2.0014931252691386,18.17339814339758,0
0.04769078545893761,0.1709297092251719,1,1,-0.9303991819200612,12.25815333259664,1
-0.9171945856707188,-0.5995918342936855,1,0,-0.3089981660285016,100,0
0.8978906830500205,0.883972992801882,0,1,-0.3652244588389249,3.5166434247754284,0
-0.2259532640410405,0.7451539848799498,0,1,-0.9983758053585005,19.285698354152554,1
-2.024482821883135,-1.8447851294164985,0,1,1.0214685427672423,36.381425545667035,0
0.8689635739865595,0.5517552512368229,0,1,1.4596026557384458,17.97505167607185,0
-0.09844711358966197,-0.5940875161757974,0,0,0.6825101730678538,20.136141905242628,1
-0.5611514195769779,1.2057851830986857,1,1,-0.2089810512871746,23.233816794300363,1
-0.19405972687951792,0.9382983703762185,1,0,-0.23343921900869138,41.61414548216505,0
-0.5811815136109009,0.6851960048949663,0,1,1.3624480228864688,13.903406023151284,0
0.5190384195283938,-0.722186371772767,1,1,-0.5630616375565932,18.450546358439308,1
1.5273024204915477,-0.6689072475835612,1,0,0.502474133466251,6.80333138613844,1
-0.4891166319426099,0.29276679048760923,1,1,-1.2060727827122322,2.7574206509291375,0
0.05631874618381817,0.04319406482043124,0,1,-0.7475166053443633,2.094997261121398,0
-0.2646100727466387,-1.6025877904983004,1,0,0.7325907802105768,32.065824388607595,0
-0.834266749762367,-0.9202627979723196,0,0,0.9251907729264416,29.478920569427736,1
-0.6944813330519162,0.7869476722165408,0,0,0.38713416471104917,82.61442900814066,0
-0.8540480265679096,-1.3795509955503897,1,1,0.46812708208119247,39.880452339127615,0
-0.2040311196232726,0.41446757792443983,1,0,-0.25801401889246006,2.625280646397854,0
-0.9343014725734108,-1.0130285082626707,0,1,1.3526083031078882,63.00127130236751,0
-2.173524534270211,-0.6707001638816821,1,1,0.28014475075398676,16.934102065969654,0
-1.3320629299600857,-1.507014145194666,0,0,-0.9763812903851499,28.709301897330676,1
-0.5222487209964455,-0.2525228963593757,1,1,-0.7387985030577108,1.6664308965832662,0
-1.017950730594638,-0.2857315589715545,0,0,-0.584838881619135,38.067947995923845,0
0.1600878258463586,0.7060774738643567,0,1,0.9633259923394268,42.62334314969545,0
-0.23497807516115135,0.27927248813209454,1,0,0.724935829241882,64.65218149763416,1
1.049591298079707,-1.4190143079628093,1,0,-0.915978005149089,21.863162992906755,0
0.33322563824847967,-0.0741681799737999,0,0,-0.7132584377686954,100,0
0.7720573816723584,1.2542050467301822,1,1,0.8275397657930311,18.955505527616452,1
1.3110400075088662,0.3924141475338678,1,0,0.08404339765490772,61.25535897120681,1
1.4901896369209937,0.8383097113078557,1,0,-0.31210072158372604,27.27121648864204,0
0.7441463813349016,-0.30582805682592373,1,0,0.0935029814041373,1.2623333432808062,0
-0.24306210287105842,0.8689014384910319,0,0,0.6096142804949685,24.328896559709765,0
0.9496712804466318,0.5964121557573476,1,0,-1.8025630469421192,100,0
0.7693932479496404,0.406201967066493,1,1,-2.333320210858699,21.51676752800854,0
-0.4148484696957574,0.10177501250763288,1,1,-0.9485354663473323,4.287354245814894,1
-1.2473519714306798,-1.019418501089259,0,1,0.9900963389846547,1.3990878259540978,0
-1.5125720392754114,-0.876961722985586,0,1,-0.4337009786536015,40.11612614158831,1
-0.9968809867548334,-0.8919333003814528,0,0,1.0073895962365775,87.51634317213635,1
-0.22799717898898117,0.7331937261388191,1,0,1.5600629583974293,42.7414928454932,1
1.754131824360689,0.6544351308431322,0,0,-0.4635267492015236,7.577692837477225,1
1.7889624882731545,-0.4033843600415892,1,0,0.9403087365206081,25.147713655097412,1
1.2171940016433391,-0.8188286190259116,0,0,0.34156703272331745,30.483170252480573,1
0.8732637789321251,1.0729601215323996,1,1,1.6837632513880605,23.731779940388325,0
-1.9974895890000341,-2.142645863735299,0,0,1.4167726090446315,0.9664804178576221,0
1.9208212482524767,0.25995543744032334,0,0,-1.1668319310795594,28.236407768660175,1
-0.8713705977866806,-0.5402291331123237,0,1,-0.4279679624397716,20.085980436101757,0
-0.9609239435127739,-2.6538824470556226,1,1,-0.8630394715327949,20.312393159662843,0
-0.1924081951248036,-0.7377877841356945,1,1,2.46470570762013,0.026567612410345765,0
-1.1544582262333762,-0.9140887053177182,1,1,0.6556731083908695,38.372196469079114,1
-0.22440344878611956,0.5588040612958156,1,1,0.3827633610415481,12.558514333920517,0
-0.4908316027817655,-1.1162232219004886,1,1,1.1634552489547472,59.169263726236906,0
0.3969531976864984,0.18291394155821497,1,0,0.10571607325208782,20.50391711521714,1
-0.6147263547665954,-0.26249219736719187,1,1,-0.27540034668803265,50.870176354289264,0
-0.034359501222228625,-0.3913151621652386,0,0,-0.12599796416541573,46.02154159608133,1
0.3420284408590904,0.15644931923935534,0,0,-0.09629007805978873,12.427702160101989,1
-0.6416557139070446,0.2558138215702523,0,0,-0.18389135998520253,29.02932440555463,0
-0.9171099216540685,-0.1971119425638081,1,1,-0.2747442822284735,17.718514925542916,0
1.521388719052711,0.83006402687247,1,1,-0.06104762037682422,2.8853876793706403,1
-0.26945579573974365,0.23482052816227966,1,1,0.5347418763448946,16.828042281253126,0
-0.45905159464794687,0.17660633148415655,0,0,-0.3384554209867575,88.92269641538375,0
-0.2489190152070381,0.06578702528857779,0,1,-1.1628018353178726,66.98964486786825,1
1.8307707794682042,1.4807649444945472,1,1,-0.8681283377106833,6.783291172926049,0
-0.1863940630668514,-1.0560236441531734,1,1,0.352678440144731,13.971260616665594,0
0.07526373824693228,0.39728518876807584,0,0,-2.3515432555802565,12.207723077539555,0
1.8809719834971275,1.0852411691828843,0,0,1.5397342103979308,40.14777383133757,1
-0.1504405549327486,0.6742052399747224,0,0,-0.08951580819316904,43.39487982977074,1
0.6671236226875639,1.3984697594428714,1,0,-1.6940150774079403,10.723110685989294,1
0.6858057445875898,-0.49837906435770896,1,1,0.9304991431105968,32.24687025307623,0
0.687536401087501,-0.12385063743326574,0,0,1.173061416493208,48.76351259240467,0
0.6599596974877976,0.745121583762403,1,1,0.8497932254539513,27.409166168930664,1
-2.139841913076617,-1.3830641732277016,0,0,0.6081717329616689,43.81585810938178,1
-0.4761804373556481,-0.5050952348601654,1,0,-2.08640099853037,100,0
-0.8749434472093933,-2.0248910883325983,1,0,-1.8021466275182096,100,0
-0.4115716626989177,-0.6631266090408937,0,0,-1.0349752032708477,34.22146145537229,1
0.19658447849080748,0.6104797207745143,0,0,-0.41203506848984334,6.091386248475493,1
-0.012343486103639752,0.5095221547453774,0,1,-0.3097642009783734,10.57675675321943,1
-0.07456335738382021,0.19813574074120263,1,0,0.7720535566262843,100,0
2.2311793266837543,1.1542300128723775,1,1,1.4612276902117942,48.10412099674795,0
-0.5161661271828497,0.47966265843773837,0,1,0.7043740110943205,24.1738366035392,1
-1.8500675299555862,0.5988189869165779,1,1,0.24932476025478176,29.349012829549256,0
-0.17148426543973663,-1.161425441468142,1,1,1.0406458717039013,7.991790862638369,0
-0.003134947093451891,0.8107680454735166,1,0,0.35793546927969094,24.85466763839793,1
1.4506577754392058,0.45007176788320735,0,1,1.0611440966259431,2.64300799770677,0
-0.8169049789071882,0.3572694186149206,1,0,0.25421453320254567,48.950755093745265,1
-1.128844339188748,-0.8966163047261668,0,0,0.5841383764542021,100,0
0.2356776971595188,0.9284988506060592,0,0,-0.18228293879462443,37.58023414326944,1
-0.15966459887122245,0.7840611722345758,1,0,3.2081592818867257,2.5419213010820765,0
1.2931408883889142,1.8244901916418441,1,0,-0.06254748110125384,28.794584851358202,1
-0.8099412434196437,2.0966849162766925,1,1,1.8786431960521413,40.67228762395608,1
-0.7193216694467683,-1.7091541875563343,1,1,1.362843183184563,48.96505900504318,1
-0.8536304243759949,-0.36527352221505976,1,0,0.3281492198581032,16.59893243829444,1
0.061201689923836906,-0.44526735472195905,0,0,-0.9233377769427429,55.06586940452461,1
-1.6817692529427861,-0.47264725297890725,0,0,-0.07163077453704123,14.413678958774957,1
0.7489759128086665,-0.6196711022651464,1,1,0.6082294943617366,10.209597035012932,0
0.48309975555303447,-0.2585251198275449,0,1,1.1621753707614886,2.1653941683431164,0
-0.1397597865851622,-0.1390805738462024,1,0,-1.459402183322525,29.052076812387483,1
-0.2078397733671087,-0.4432410352955628,0,0,0.46400358461407737,19.481532380891455,1
-1.6565758948872984,-2.024900374877328,1,0,-2.507961683641387,0.28775874547482155,0
-0.9767322494809643,-0.4444296554850964,0,1,1.1771500154445371,0.494887581835378,0
0.6140136882322428,-0.26851451949216915,0,0,-1.3070293427667283,100,0
0.4640766853231135,-0.0320765741377913,0,0,-0.6741648333862341,15.493741880990516,1
-0.7013149102570916,0.2142908946605317,0,1,1.1645747705845075,16.002658942295188,1
-1.74778653545323,0.03725816081319755,1,1,-0.9380808416609635,66.22865313166814,0
-1.921404473947664,-1.3682882192207626,0,1,-0.2406575613160862,31.947415524922125,0
-0.9191103742580453,-1.0989075682715175,0,0,1.1900849247224081,100,0
-0.46645451256033693,-0.9296863712655604,1,1,-1.1926265504541846,7.25286200325849,0
-0.7556403182259133,0.40632314300479,1,0,-0.6179313401565354,22.905818890406156,1
0.48613060315689854,0.41803322159381895,1,0,0.23174221206059742,64.09737647360244,0
-0.8489169236467112,-0.0013261643751825702,0,0,0.36489652555523244,12.546872742261666,1
0.4340184556691582,0.9898845691991314,0,0,1.5761440798486983,7.789931163518394,1
-1.3951168735975783,0.14024435007549296,1,1,-0.993227960654055,8.401057438610605,0
-0.07017450353685882,0.32709505731971394,1,1,0.27987689799987664,43.197301332410056,0
-1.0551779061680022,0.03402131730945113,0,1,-0.12954400133373387,12.269496706475682,0
0.9261707820579429,0.42037321862496707,0,1,-1.0761191837710773,23.06096958105701,0
-2.4429077743659895,-0.48209195881282385,0,1,0.770033797041162,32.89991646189634,1
-0.011097048308807814,-0.1923504326525845,0,1,-0.35282661134551047,36.4508482461957,1
1.2302263203550658,-0.5233409351128918,1,0,0.34060842326089824,49.01779246879928,0
-1.9260905281800453,0.6412561481519876,1,0,-1.7558058272147228,36.538368059365034,0
-0.9268863672769887,-0.797575844006225,0,0,0.15343726886364684,54.876474513702036,1
-2.7505657382834063,-2.8709442221424646,1,1,0.6273218046976943,1.0513040838709569,0
0.2724801104418152,0.41341117874508443,0,0,0.6354518800083907,11.392613514047492,0
-0.04443859755475722,-0.48618985268861503,1,0,-1.017466689055845,29.383161593416133,0
-1.8215116393275816,-0.927537256540829,0,0,0.4193069230290251,100,0
-0.14780625494724273,-0.7515426772631522,1,0,0.2562704356884234,20.384147717625876,1
-0.7681556288013357,-0.03505252260626496,0,0,-0.09634014314217827,58.43991957314889,0
-0.16672159064687322,-0.3921345737049814,0,0,-2.499048642712468,61.64511459585861,0
-0.5566538147211704,-0.8092178041055061,0,1,-1.0016936183264953,19.754731454079778,1
-0.27521788145185183,-1.4293125508685376,1,0,0.35726021711684647,43.71866775802769,1
0.5119641345635644,0.8134847185116174,0,1,0.49317447538188963,57.44763659210744,0
-1.9611614974245106,-2.756943498907697,1,1,-0.3084586644404696,33.17702603070116,0
-0.9555655353546654,0.05687930743018815,0,0,-0.8094827822584237,74.43903898842406,1
1.4363831045068027,0.6823312067455555,0,0,-0.5478638173003301,20.826750923440162,1
-1.9070054274761719,-0.45411340622776564,1,1,2.217731439899718,16.84136511794553,1
-0.17647526372643396,1.1806748196522603,1,0,0.06871284005615556,27.878066469102926,1
0.5414949467479805,-0.41159045544254463,1,1,-1.0036594690671805,97.70220458909618,0
1.6098102364960103,0.3176091777799096,1,1,0.5094156376213667,37.32850724328293,0
-0.8440128005252984,-0.9358990656995927,1,0,-0.32741153078586044,46.23827030961883,1
-1.5449285393040295,0.4299992666157033,0,1,0.4722134311069777,14.448187595414955,0
0.9326969414374254,0.03977355051663861,0,0,-0.37567174704335576,14.291352629598956,1
-1.861214648794238,-0.4235554583572242,0,0,0.2545918306723296,0.7047863504815395,0
-1.9024490302839696,-2.3878308609388585,1,0,-1.0757275647642974,34.9619211232449,0
-1.288059856172897,-1.0075456914297725,0,0,-1.2140524900970724,64.66475675023035,1
1.7171971303720726,2.1391075843006244,0,1,-0.04059318243446503,3.878121595846899,0
-1.1929222749491972,-1.5051761336226654,0,0,-0.6020958861272496,100,0
-0.965116263153916,-1.0049753544756994,0,1,2.2456309870346822,9.437798980757151,0
-0.5407955145023242,-0.584661825374028,1,0,0.5520691076507246,18.490212651262645,1
1.1992393092498723,-0.016578136843593994,1,1,1.2184189527969183,4.186604782613263,0
-1.6033128774253687,-1.7021018396409076,1,0,-0.2233768255534202,2.9828350606574654,0
-1.3716366353088105,-1.1521457063082738,1,1,-1.8665201975782708,26.50080692734868,0
0.9381194639870691,1.0065631919821705,1,0,-0.7644905590952193,16.302798709768695,1
0.5596957534072875,-0.3132048298167881,0,0,-1.1802334323111063,15.750474650376033,1
0.7722218226486185,0.8208549137255309,1,1,-1.2347957229858506,40.02826269320598,0
1.1718715974148164,0.5003117749359564,0,0,0.3628428643332419,2.1921574547279143,0
-0.6448775073901624,-0.876780972257369,1,0,-0.554002208889118,20.80324990502415,1
-0.06370008520937208,-0.338608556420084,0,0,-0.3664539554882318,34.22972557312585,1
0.5579551524749404,-0.9531587671199493,1,0,0.3054197628228899,100,0
-0.486443212695419,1.7572247351200496,0,0,0.6192069348373922,10.622456426476923,0
-0.6683882810874109,-0.42744119400332825,1,0,-1.9458677917672142,29.86210457415143,1
-1.637960972820444,-1.517979044843691,0,0,0.9866504921570436,100,0
0.12916804275437815,1.00209874344968,1,0,0.15774783609008527,32.33893638430182,0
0.6883382464376762,-0.03366014404644241,0,1,0.4769562166417699,28.10523302299484,1
0.37773188554329523,-0.664161036000125,1,0,0.2548397226252128,29.68758580268246,1
-1.402929521632418,-1.2778316181839828,1,0,-0.6428896447350488,23.652687553388038,1
-0.7797121079529548,0.211451291939456,1,1,0.2014502764089302,66.42776307326334,0
0.5650308483375948,0.25734180340221047,0,1,0.6269766532307286,24.884091165354054,1
0.3408285962514847,0.11389062487999868,1,0,-0.41873193183920454,20.19198086846141,1
0.03818279583949237,0.9333401294675396,1,1,1.0975628829450548,18.61798331610812,0
-0.6605793483820933,0.3201191419667981,1,0,0.0011887774194342456,33.69631756909838,1
1.1643233529822863,0.47573331956145976,0,1,0.8641599561083834,15.725606352926544,1
0.2078608464770713,-1.0507841334792323,1,0,-0.31869403089174075,51.640985586825686,0
1.5960527010265362,0.1827332712562142,0,0,-2.9423461242155735,6.330150775236401,1
-0.05021546721234367,0.05415305280440629,0,1,0.04165561196885841,15.750385489048359,0
-1.4701462210518812,-1.0603171139833174,1,0,-1.0536153685949226,54.606112278168546,1
0.07181419608169994,-0.07632407905991154,1,1,-0.12476490295368337,48.0506205171082,1
0.2579467062255139,0.1939518288189468,0,0,-0.5610280281056298,36.00717684908221,0
0.7750057237724447,1.7420992987772863,1,0,1.8155380067998725,41.1556715255784,0
1.8161537562273424,1.281474522062737,0,0,-1.285989765097967,21.46948776325512,1
-0.5104332595206955,-1.5701985662955193,0,1,-1.5859839401041298,92.81069897178278,0
-1.0796489198010175,-0.9153434618224385,0,0,-0.44000796049254964,79.21881264839554,1
-0.28663796919690177,-0.0026645985970469854,0,0,0.9872396045232125,100,0
-0.32947235128181257,-0.8774191995119192,1,0,0.6212327317377664,91.55732235292058,1
0.5523346144338142,1.6383220991286982,1,1,0.10892520376953514,5.057660358257156,0
-0.9365652766457423,-0.2574887045313053,1,1,-1.340836828775179,31.615447126463252,1
0.9352825454314799,1.75228201550354,1,0,0.8027472855990165,61.707813744466236,1
1.1507305269852508,0.38199755900837673,1,1,-0.4328269886951398,2.4278005195465457,0
-0.9840282180693575,0.02238578458925594,0,0,1.3871083647222848,30.082045378891706,0
-0.7657960672979546,0.06638137454735088,0,0,0.8436404409791016,41.25658551406016,1
-0.16483355520631066,0.8290014555401247,0,1,0.7517737691331912,16.575893282101113,0
-0.40459799225083554,-0.9208947927690148,0,0,-0.08672686152082566,11.993380644709315,0
-0.16144540217999487,-0.8471534501184529,1,0,-0.8251712102318718,53.04720526856509,1
0.003964424693153835,0.7895062032604934,0,1,-1.2824582183070805,2.834068600764637,0
-1.8219332701246505,-2.9088675346683286,0,1,0.10023454844310374,22.705830980457698,1
-0.43716809096316245,-0.034664667576588565,0,0,0.27841437646241785,3.2338698729158297,0
0.16718501257166055,-0.3588830349639716,1,0,-0.8421447610879073,23.340466666930496,1
-0.1562634274836408,-0.49534935081667186,1,1,-1.4642286496314285,8.152894014032388,0
1.6736685272341467,0.7147270879232202,0,1,-0.054312193899216016,2.0219790226808403,0
1.0241101198753595,1.7341798441781666,0,1,0.8188955892047628,11.448967416206015,0
-0.13440964280155288,-0.013047426356631177,1,0,-0.19749873802430773,32.01729823425653,1
-0.7032871916059779,-0.05871137850309577,0,0,1.7827342361831107,100,0
-0.4684872532611568,-0.4926307480872603,1,1,0.9068925585174242,4.3774448082129895,0
-0.45300358413314523,0.7330741597179969,1,1,0.775673395279421,42.48987960274058,1
-0.02961985450346273,0.11151438541232384,0,1,-1.6406567461469272,35.655277835822844,1
-0.8733687176763141,-1.2548406538386945,1,1,0.44866679762353895,89.5188456125107,1
0.3442960167898027,1.674262618683296,0,0,-0.022960424818072818,29.008730058843888,1
-0.9429638972905602,-0.16938136389105546,1,1,-1.1945533311688326,11.134091200456858,0
-1.2760050696961858,-0.7080390099044771,0,1,0.03674935829048364,68.8361274455837,0
2.197974005878759,0.9547965568421158,1,1,-0.6158496670530129,5.33630084455665,1
-0.4117579590915046,-0.4561683069080307,1,1,-0.4376664419006649,23.536474033443326,0
-0.5130541801566861,-1.4959686663790546,0,0,0.06266478546505992,24.260714230718463,1
0.17786716821601584,-1.2751468189663624,1,1,-0.059056981300798096,61.382551407386174,1
0.626290391979133,-0.19381137828719736,1,0,-0.23722229944951226,22.228059786861778,0
1.4594559121020352,-0.29889392925998004,1,1,-1.3340654303554487,27.375863342174533,1
0.5983992683024935,1.2747872048998152,1,1,-1.208261245496008,12.351103439142923,0
1.6683561014788637,2.086504199712107,0,1,-0.4602518188308083,13.037862157916233,0
-1.3796185760017834,0.679274252909676,0,1,0.800352867954805,45.399375213548524,1
0.8468201835793142,0.9240243429829829,0,1,0.7789089335863771,53.847255009328514,0
0.6073347281736846,-0.014719454003051025,0,0,-1.5527988681993106,47.89138297971801,1
0.3656475419952225,-1.1242777177358987,0,0,-2.196219198726414,100,0
-1.2776446874479743,-1.3420055977622711,1,1,0.7023788699043014,9.709007593180274,1
-1.163645572622544,-0.6617651160912107,1,0,-1.563041801748211,100,0
0.022725448406832063,-1.1441095968748378,1,1,-2.1803734350027226,68.76258774332713,1
-0.24562525519021325,0.4489923447738627,1,1,0.4361499528617023,13.84088161582687,1
0.4288995929784145,0.01832346625943304,0,0,-1.2372466644033824,18.693604286306012,1
1.3472570387981022,0.8158295351930581,0,0,-1.3439145784909658,39.1091839192406,0
-0.1433775620769998,0.8242512592173732,1,1,-0.41885337572849496,9.980691366298016,0
0.29515592587617623,1.0577076701521955,0,0,-0.0637702527948774,44.19716618122682,1
0.9794559799299569,0.12346808817084998,1,1,-0.022044019071359226,29.811164600858753,0
0.06194696845351581,-1.1755291507007504,0,1,0.9256000133496413,7.582455562960501,0
-2.1592503615802237,-1.1066049764923167,1,0,-0.8206476807077386,100,0
-1.879147376062672,-0.5993934164429112,0,1,0.7342159952256011,22.1299222087279,0
0.4739064055558511,0.8138022449888935,0,1,1.3102938160012048,24.11800328316652,1
0.41696959351439306,0.3992605392949016,1,0,-0.9985883258405915,13.352228311582325,0
-0.8846188538396139,-0.04051882028730308,0,0,-1.2191995234233695,26.394844920138002,0
0.17070575329717763,2.3970219101401846e-4,1,1,0.4490296565726497,37.04047498839181,0
-0.14170917964746385,-0.03810745645894691,1,1,0.9995629787970448,50.96069660976684,1
0.21578760180099646,1.0492410979593993,0,0,1.1552098766641803,36.078533121449674,1
-2.359956928033497,-2.661842755628605,1,1,-0.5211445102027138,12.23572440207193,1
-0.5381694916280346,0.22592248904262557,1,1,-1.0042195558076927,50.60697386376677,1
0.2082823670334658,1.13806349491684,0,1,0.13311604336345012,13.368952100759566,0
-0.4236902177978275,0.1025529376200349,1,1,0.5046895874627323,6.544814426043741,0
-0.13834942581778137,1.012152727359468,1,0,2.0845306131182464,5.1078678953629195,0
0.6531146943998011,0.7683704454626308,0,0,0.3473507822193168,76.09054471925207,1
0.7562709772949388,0.07337777505309068,0,0,0.5047957355802398,25.195756946099152,1
0.7555976037995158,0.09081605486549199,0,0,1.9706341132731435,26.044720670056666,0
1.1163352066997254,-0.55904528929988,0,0,-0.741125137185619,34.30989412179129,1
0.5242020029308275,0.11871536659931553,0,0,-1.2151134276893008,30.914579604248026,0
0.4567990292592039,1.1289988256635985,1,1,-0.3097555056234571,18.970434363169893,1
-0.9183489096550994,-1.2615977067809165,1,1,-0.2701097322523434,13.730575513202803,0
-1.5039024019416525,-1.497015136585342,1,1,-0.2744945576223883,49.50712737531523,0
0.10320971380170603,0.588274373927499,1,0,0.12941474977192416,100,0
1.6181413252298034,1.6457587676044332,0,1,-0.5129846512308873,100,0
-1.627746029285384,-0.5056244001306627,1,0,-2.4658678639893967,54.594011410133575,1
-0.5081612107929491,-0.2965189670617444,0,0,-1.1703801575744934,47.13921632314292,0
0.2691178031157612,0.37536260016110923,1,0,0.11586318560682192,11.302911197396124,1
-0.008159872513815893,-0.1286016314909472,0,0,0.3434539484461196,70.85203086978564,1
-1.695423645174909,-0.4577512879813094,1,0,-0.0550408151572473,66.5732897289031,1
-0.4084591066740739,0.3965479598268119,1,0,0.8433744147220384,5.282040576202481,1
-0.4508467402367841,0.6016783068306906,0,0,-1.3464208928905308,81.17000936619216,0
0.21761535234019075,1.1301423678347169,0,0,-0.19063102914299726,88.506598275072207,1
2.050730689153132,0.9903676295267901,1,1,-0.23487935584454914,7.6609254886882825,0
-6.094500957748128e-4,1.178193525241982,0,1,-0.9435586539815223,18.64889968456143,0
-1.9606717777048988,-0.6778834158878012,0,0,-1.4579956542826507,38.62440769058019,0
-0.6792308810099495,0.526380125165244,1,0,-0.9094628898783603,16.90317384151992,0
-2.0968141290563596,-2.3205224844750973,1,1,0.7381616225753251,28.06506465058394,1
0.710221221192964,0.4507585421686008,1,1,-0.4350514854766762,5.822797335710821,0
-0.9223270874255298,-0.08278691572519692,0,1,1.2443796679222894,16.36630395929487,1
0.47782554712956754,-0.5126899257126931,1,0,-0.9408811845308059,18.651971734643066,1
-1.210571073450865,-0.1360020008562145,0,0,0.062300272782535325,41.919624446756266,1
-2.3202676480430897,-1.5933792542309915,0,0,0.009701938525749106,18.52035408905659,1
-0.6726820655320324,0.25204330991506935,0,0,-0.02294006350073072,6.879938563997411,1
0.48668187517123346,0.4296266543501184,1,1,0.7397439503434747,28.179283429418163,0
-0.5477163194837483,1.0674858157883897,1,1,-1.5264725565003359,23.21566758076884,0
0.3186545389935445,0.8117044656634298,0,0,0.9591042281699443,4.39624119183348,0
-1.5609225559747621,-1.1971621877023735,1,1,0.5058940247067242,12.82116880967094,0
-0.519377425959205,-0.8409128304496376,0,1,0.3010836002805562,60.00038765946116,0
0.3039969341864947,0.7818115693532881,1,1,1.9314522088465211,33.51033393051787,1
-1.2909889282638274,-0.44739086056751376,1,0,1.0726938848832295,16.564125958125874,1
1.2247560950217569,-0.09438399306982603,1,0,-0.7475719872332305,36.90611498190713,0
0.6253362101728098,0.6126335388659094,0,1,1.3400402774734628,27.31243564083264,0
0.8158379147841539,0.7762847667852382,1,0,-1.9663149248393648,5.6689338401191804,0
-0.7594232941393129,-0.11974166914581147,0,1,-1.7899225545292115,42.94684325633609,0
1.1370823710036253,0.3099192628999878,0,0,-0.4888375122745273,63.5899408565147,1
1.0859483342483152,-0.6005729728762813,1,0,-0.3826922586365982,6.241597145173226,1
1.0347019324365005,0.18594015851154344,0,0,-0.1334195845190094,12.372099829319547,0
-1.4081427375353868,-1.2125593797126626,0,0,0.08753718908456128,31.360611237951318,1
-1.0885955097065472,-0.6373372036056996,0,0,-1.5885662068256494,24.912648775133285,0
-0.044189015077627083,0.3641760854943344,0,0,0.20583351868453253,34.52924627268853,0
0.8599345440246161,0.5434525091120657,1,0,-0.41800213810665016,8.954639135404417,1
2.2038752580443584,0.8492840257694947,0,1,1.3799228305563145,6.773777039059048,1
-0.6567206718701745,-1.331300646843241,1,0,0.1997935001497031,32.95145977339417,0
-1.477482485325568,1.0782435606964187,0,0,-0.031773589931972906,60.417358506727844,1
1.0246038758017875,-0.46038791007339874,1,0,-0.3898102544622404,27.81441445014926,1
-0.18027048742528565,-1.325459305201619,0,0,0.47109245882519035,35.6007482133686,1
-0.06066447500403208,0.2603002970125478,1,1,0.8709952649296577,55.08105757880876,1
0.06319955896190789,0.44735287728022555,1,1,-0.6353001314439316,33.647530808979454,0
-0.09228118988211215,-0.9262106775746994,0,1,-0.5800742898315768,18.728042106512472,1
0.008632554798230368,1.130165642535069,0,0,0.622601041489762,12.050385160296722,1
-0.4136420196832511,-0.23298104330775968,1,1,-1.1900518000024731,12.76682145137673,1
-1.4785911828802838,-0.2747455257524498,0,1,2.2144176604301657,3.6509087183140414,0
-1.1423373056107298,-1.2142792081060252,1,1,0.5213216502348045,20.742775629644623,1
1.6129565369128565,1.3365774833942543,1,1,-1.1261075272622298,26.56861488388653,1
0.41097854926046856,0.45372513279337334,0,0,0.4687138586561665,100,0
-0.6587278439691783,-0.3303233523038926,1,0,1.047449854919136,32.617947590017494,0
-0.053219816241531395,1.2195806250124017,0,0,-0.14562058960664967,30.803114060037135,1
0.39975147197136895,0.07356974598104371,0,1,-1.7094307946128278,82.17573688382905,0
1.0792640566927922,0.05120929750134551,0,1,0.36942441487928734,44.61162470946965,1
0.2063615366770103,-1.4321622360237636,0,0,-1.9730921242260542,4.530214346454085,0
-1.156912299287269,0.8548040576409683,1,1,-1.142268851022231,23.297959910747892,1
-1.265529018018274,0.010377074399314123,1,1,-2.1357295924456197,32.526363084376506,0
-0.044278901691258164,0.6839155297068206,1,0,0.9352908366177556,48.138677835070915,1
0.05399496107781314,-0.5986461825409204,0,1,1.4286686298013522,4.995471506371801,0
1.216411488336525,0.7781847309313971,1,1,-0.3980679222265619,16.452935371351515,1
0.45218477523355954,0.11801508164110619,0,1,1.3146648224658302,23.652824719388477,1
1.102529485706142,1.2819067524641212,1,1,-1.2739537518902204,5.249136187326537,0
0.6617671769898692,-1.3016255265410108,1,1,-0.33403011204020094,18.617558446775412,0
-0.3159248253932681,-0.28921215126153077,0,0,0.0718902668980825,40.1965368531024,0
-1.2580333421097796,-1.2574564743110057,1,1,-0.2549248453954248,21.665922247026714,0
0.019649377058374464,-0.22530949340753706,0,0,0.3754671673861543,10.128597596058722,0
0.5748553399962791,-1.7502800992172045,1,0,-0.20233829361239977,100,0
-1.2308752256495576,-0.001240615675270007,1,1,1.3561763713678967,93.61353659560208,0
-0.2681880111414751,-0.05480344628812703,1,0,2.1216376057055655,24.994436329716137,1
0.3428823835502946,1.4352344396242405,1,0,0.23122457653236952,84.88460959593536,1
-0.36104075362731636,-0.12162030146763794,1,1,1.0934891253723116,35.74067383659815,0
0.7023600109248824,0.9527575326184512,1,0,-0.6247805773588252,14.2769033058531,0
0.8711569823304718,0.5303349687643273,1,0,-0.43925713074559225,13.120280709233384,1
-0.3983220901191482,-0.5037366760540247,1,0,0.702194409378344,18.954791543914258,0
-0.7405264850712029,0.04151960709188912,0,1,-0.5342374613803217,17.458988428097985,1
0.6950648999990372,-0.9547290137868697,1,1,0.7049758162890175,12.565343744143732,0
0.8699513999099812,0.21732741700623268,1,1,2.9306617835332904,48.75960695166548,1
0.8061045884422937,0.1146370060389938,1,0,-0.359031126270985,71.29172482771409,0
0.8115583576403238,0.38654926665613065,1,1,0.8677872036608074,15.744789508813978,0
0.1688755096278945,0.23909519518098296,1,0,0.13517406245308028,62.41457397914304,1
0.10331278978895223,0.6442324144780076,1,0,0.04457761091752364,95.1081582081492,1
-0.862301036635239,-0.3259187563351211,1,1,-0.24209901293323474,6.870645795732493,0
-1.0068986026988938,0.1929142903551816,0,0,-0.5275849983514334,100,0
1.3390208657964822,0.3156408182792868,0,0,1.3008674248986216,6.200976924276348,1
1.2700992166727865,1.1790746608259743,1,0,0.28329217030350606,23.894092850628763,0
0.7826383734199227,3.0655787244186694,1,1,1.3211859917961297,50.97047138675778,1
-0.38246065508444727,1.3919146833906,0,0,-1.1861480407035454,76.90463796538491,1
-0.860229582402642,-1.8924295149986687,1,1,-0.23767615320483249,79.16849431475532,0
0.821227851040104,-0.7121387106674537,1,1,-0.2595382457381575,41.73970605221848,0
0.5898241276836437,-0.2322262542687314,1,0,1.0903465550543752,45.194567532251,1
-0.5695486490793514,0.1381156490821423,0,1,0.8758760186624986,10.59820942883829,0
-0.09585824372203171,-0.10835188275478874,0,1,-1.2470617005273814,8.333442716091861,0
-1.9712853462336017,-0.7710223921832007,0,1,0.8810156413169267,19.209426601459118,0
0.06037356780836972,0.11317460858374093,0,1,-1.87909443803605,40.6563602069668,0
-0.18932211471871918,0.5286689532000624,0,0,-0.6245452993844314,35.9874925843632,1
-0.2594792011726431,-1.3205496261678291,0,0,-0.19551123356674643,36.995479923271795,0
-1.1693724981394609,-0.3230318477322995,1,0,1.5586732800708503,38.583840441483595,1
0.9879701103235232,0.6283913293480736,1,0,-1.67586531646468,42.47647017580788,0
-0.40275601693046,0.17927901235505664,1,1,-1.9066033800522741,33.04825501246785,1
0.5404160908257744,0.2684007644353594,0,1,2.0521252896208955,64.47324583402967,0
0.25059635494771737,0.5995629206711752,1,1,-0.7235744292082444,2.8851062230050855,0
-0.707099771801877,0.34729740615271976,1,1,-0.3575480572388667,6.373362761081077,1
-0.7590686777526895,-0.37784599374121447,1,1,0.08252981788923472,13.091685183028542,0
-1.4174759055539714,0.7925240892902745,1,1,-0.30348410573279744,0.6801127546996587,0
-0.9923861390425369,-1.8476158584695865,1,1,-0.4548892675488368,52.20941604771481,1
-0.7616481222434063,-1.0357591414524845,0,0,-2.5750635666679798,11.051465552742227,1
-1.0213193644936698,-1.020825619659881,1,0,0.6351958603907273,32.51479159377323,0
0.15774056256078434,1.321841503504829,1,0,-0.1488219169291637,79.6154504560966,1
-1.6732030649500134,-1.4564633062461634,0,0,-0.7312532182222012,100,0
-0.33037080004267844,-0.092014056794193,0,0,-0.1172744815046154,30.142110046452746,1
-0.8358297368396427,-0.7887600356067104,1,1,0.5901053323974672,8.429291489458649,1
-0.4236960792792228,0.12929494445750367,1,1,-0.1924142822321157,5.592332511682969,0
2.3926002284076584,-0.5385262580582018,1,1,0.3200864119293715,11.30763669202375,1
1.2346229773370712,1.2001205199664187,0,0,1.1037769989983963,100,0
-0.043188590992361595,-0.383805737791455,0,1,-0.26203200706327845,12.562572141347868,1
1.5353860927383545,-0.6352971229110508,1,1,0.26620130575836237,10.883928194948945,0
0.7365021456886099,0.9833931189121987,0,1,-0.48538732467385537,6.2136904971120375,0
-1.3818071107871708,-0.002545496898094468,1,0,-0.9514770527540546,100,0
0.10877687233318345,-0.5199979729409572,0,1,-0.6137828596657725,8.349263666913041,1
-1.2719061632430444,0.7027112759613416,0,1,0.6776669086703176,3.0267626850682667,0
0.27839870197797173,0.5481994442808673,0,0,-1.4283998337629602,11.627743231757004,0
-0.5047311520913262,1.0196137094355064,0,0,-0.6393570057646528,100,0
-0.03719807805845625,0.5188889634254945,0,0,1.4892727393415148,42.47595415441575,0
0.18083414100917783,-0.1970342836089407,0,0,0.8487109666172367,7.662484860318229,1
-1.1193024249911976,-0.830203041620058,1,0,1.277893873955845,100,0
-1.5994374049639566,-0.35126983531365585,1,1,0.28098906517438904,3.495937641078583,0
-0.8452598239274537,0.15150460293352047,1,1,-0.7388936300175396,16.724792791518748,0
0.6785105430809514,-0.8528370684421474,0,1,-0.7699719208622525,15.187755236523246,0
1.4509199939252715,1.1504908840616976,0,0,1.0988308386963477,39.34335722666265,1
-0.06396600590401204,-0.12321724626533337,1,1,0.9363145854920415,17.941361328518777,1
-0.5965059983695462,0.031851711684670714,0,0,0.06815299240318005,11.635884699122382,0
0.6620597529243267,0.7842848751391975,0,0,-1.1169195548258963,36.91951072548366,0
0.1560236473915056,-0.35561242669288706,1,1,-1.090213835254616,22.161801364620864,1
-0.7946159699153343,-0.05405132019148823,0,0,-1.1514775162840958,22.794552711607302,1
-0.8828255321463055,0.6611622363005003,0,1,-0.8867946745572796,65.27209795358212,0
-1.1415686760078494,-0.44933050764267235,1,0,0.19672482144752815,7.823960498910293,0
1.0196834474641536,1.7143762800093447,1,1,0.25826156507732223,11.471419940610007,1
-1.0291827685910158,-0.8697168674956111,1,0,-0.4859864262857979,24.98968523142166,1
-1.0645812970299477,-0.3039840199539198,1,1,-0.5236341269371177,1.619535939245276,0
-0.2870445558164885,0.47657661222826897,0,0,0.9243648858218937,51.02635691870199,1
-0.338374432875917,-0.5655763180297954,1,0,0.2955060320341672,36.534742824737336,1
3.5192990649636373,2.89074096151358,0,0,0.11129679061063202,19.47298013262774,0
1.0175301979119686,0.8127355158848275,1,0,2.004507897785292,61.62143697775476,0
0.331029329991891,-0.338248788992382,1,0,-0.22823154859986602,33.24480739956673,1
-1.0768452867195526,-1.4377078805344663,1,1,-1.0887123841068933,14.539833262477678,1
-1.132630756082282,-0.6675624894193967,1,1,0.10951066243183363,25.132698519426764,0
1.3067182663933912,0.26146321593130667,0,0,0.47439866593462726,90.60428387538194,1
-0.11128544007593938,-1.2681878145874856,1,1,0.12827483361683203,26.89604744109168,1
0.3035058333113262,0.2186091240995522,0,0,-0.17330435102071806,30.913291023434063,1
-0.09205146351483488,-0.8424375087504133,0,1,0.13989790104630534,23.0505503730725,0
-0.6000976398473148,-0.6388841195105239,0,0,0.5977437514253877,2.849141205253513,1
0.1734364645771361,0.7766507515607286,1,0,-0.003284215863378518,25.76448783991924,1
-0.823346689715434,-0.9921799566828796,1,1,-0.21387606458760056,3.263931420320098,0
1.3719059891330514,0.4013574082915873,1,1,0.22565005060389584,86.34322864530901,0
0.5668858192233499,-0.03175428895869281,0,0,0.30271693664017324,45.64289736189301,0
0.30498731785041355,0.12950018169082325,1,0,0.8944782584656003,21.09623023308194,1
0.6052381030219819,0.6655487340776425,1,0,-2.3309611026376387,76.75147981630049,1
-0.18549405441813704,0.32118885391262025,1,0,1.102547577505517,15.506494995794105,0
-0.3973536258760291,1.0533048638816573,1,0,-0.9123115723081081,14.932230632983904,1
1.1359954222781365,0.43755069962427295,1,1,-0.19490841213438528,15.881822194681744,1
-0.11393823408345301,-0.312720706018219,0,0,-0.7465278675266964,66.75501422929256,0
-3.5304315081966458,-1.4387239081574494,0,0,-2.149632744670562,26.78242043601024,1
1.4281986637778714,0.021552865151618583,1,0,0.2953928215085217,45.95090574508702,0
-0.2955939317078148,-0.6044480385311521,0,1,-1.8238370311815646,30.11446199355563,1
0.29360494819989713,0.3684422291503254,0,0,-0.1719227437699145,51.49754798947883,1
1.0780464409545443,0.3859248955509314,1,0,1.5547361888635327,2.722249871903428,0
1.6504854253938173,0.39362735805966853,0,0,-0.23397685765833984,10.274993564114416,0
0.021828480764899058,-0.11821149270937442,0,0,-0.041158474811807226,100,0
0.18391899359703992,-1.0617801710613188,1,1,-0.6042265065647515,6.741730004430568,0
1.58282040783261,1.5222313057861734,1,1,-0.11709424582848402,56.517464800084106,0
1.4493396104436511,0.222719819802764,0,1,-0.3931634505063479,40.99133143448551,0
-1.1463012240111743,-0.1533527273091415,0,0,1.111743042559918,38.28474414912413,1
-0.26398273751982504,-0.03590939614793211,0,0,-0.4000015691209834,15.84047261789225,1
-0.9001951834555282,-1.0463382151626166,1,0,0.1734518753501616,53.9971930202593,0
-0.13969690047390387,-1.0420207981089922,1,0,-2.133395594295504,10.160233687172449,1
0.8590989840512478,0.6554743008507635,1,0,0.527609825225153,14.598233925676286,1
2.1867434238850048,2.43563425597506,0,0,0.4778417489191221,1.6033548392978016,0
0.6389280647539826,-0.10449635080431852,1,0,0.790807059242847,28.6980713676604,0
0.10131322728241296,-0.22389067292282644,0,0,2.219764151937534,89.10297202710825,0
0.8540677812363033,-0.5605084494991179,0,1,-1.137434261549518,20.560430802408437,0
-1.7408464811724569,-1.7217288408170857,1,0,-2.0389010179745903,41.85621501546891,1
0.27414133179816497,-0.4532598301947025,1,1,-0.05984212481706169,70.71008594387585,0
-0.5764204139030381,0.007547634850953944,1,1,-1.2659856800671991,13.127791502876594,1
0.2603508241422185,1.4333654068553991,0,0,-0.6401712055084194,56.14379060990174,1
-0.7327795852901626,0.1455526686344908,0,0,0.6407283704011657,15.785488930757081,1
1.9507098289183329,1.2815648746060728,0,0,0.35089778835116653,11.173697624465644,0
-1.0879169919197222,0.10635485606150163,1,1,0.0640328259029201,56.496943759776656,1
0.35109437664165044,-0.12214757850603725,1,1,1.0898939462310822,0.5222278114861845,0
-1.123807332260936,-0.3085789716345327,1,1,-1.1262092735880451,54.85976750118823,1
0.5641852821626202,-1.2344764519803453,0,0,-0.5964004740586822,24.40226083602298,1
-2.363145814085146,-2.0862402039044783,1,0,-1.1527114048219982,17.598373921074803,1
-1.9504635749706931,-0.26549428500079353,0,0,-0.42137753968672215,82.18943745717625,1
1.722390750164307,0.05116453202896465,0,0,0.3640481291832334,29.22041296910058,1
2.0989243130079953,2.09282977857457,1,1,0.6781153687010941,21.482448860327402,1
0.07834243695736481,1.242914371674716,1,1,-0.6348007575830019,33.63939202638525,1
0.40102446230128447,-0.6273387234221404,1,0,0.1824089730521652,51.4813463162513,0
-1.645906613558306,-1.2708683577722675,1,0,0.5996137524936165,76.61642868690078,1
-0.4794834957407322,0.5377057440831434,1,1,0.4347910106210577,42.864369154455055,0
0.19214259512223283,0.06889467314222546,0,1,0.4858978970181334,7.504633114597127,0
1.8203571149303117,1.1313636510067646,1,1,0.012014042804772886,57.09631480513159,0
-0.3149239523081849,-1.1074378866265207,1,0,-0.46558605660141705,58.10260531130506,0
-1.741093033497708,-0.4117004740769664,1,0,0.748203440554992,16.78752355469715,0
-2.9913232335121314,0.02812489310772537,1,1,-1.3530217970291625,42.143244748882964,1
-0.9143186638559242,0.3079604804202687,0,0,-0.8561425820812333,55.77123102279509,1
-1.1663797316684255,-0.542147341797467,1,0,-0.7428637009629367,100,0
0.8966660675917943,1.864508546490296,0,0,-0.8591374324654678,22.661332012012508,1
-1.2042268051571599,-0.6604144385722776,0,1,0.22188116155943793,4.4885872991753635,0
0.3423604210543118,-1.597964578609875,0,0,0.11942741229208517,76.13846581413085,1
-0.3588544663864437,-0.8195431316455263,0,1,-0.5330708127638838,24.228317104791383,0
-0.416025972846947,0.5739882433433763,1,1,1.8240944461230635,12.494291460178394,0
-0.5839537568146882,-1.5188533955135992,1,1,0.4315959374506052,15.813021136850542,0
-2.2080007380571036,-1.774837058402976,1,0,1.1083246156355737,89.00456004576208,1
0.40699058716339304,-1.042026594408477,1,1,-1.0511377237446646,31.631475113767596,0
-0.5644250692920144,-0.7072913475548637,1,1,-0.4449168620698558,0.5982693208090586,0
0.4505316625448368,0.7370604382328306,1,0,2.1963984523042135,33.95440817432368,0
1.4805745515934687,-0.208485831515704,1,1,-0.15497374729842264,11.928250469352026,0
-0.4366069764522746,-1.0341304558363997,1,0,-0.826272045933549,15.348083210099253,1
0.19863795995784558,0.19011898055361698,0,1,0.1560093264674155,43.80395842703611,0
-0.6833658774574898,0.04023722681206532,1,0,-0.17314464341644425,48.92984334716465,1
0.9409331294710993,-0.00861083010839686,1,0,2.257773936907962,57.40450907889285,0
1.3586256434373365,1.6168442882352276,1,0,0.03130920174659408,78.16356998525232,1
-2.048480558994439,-0.5668805083607409,1,1,0.9417501696895351,68.66397581381011,0
-0.0027039590263384914,1.3052335170568994,1,0,1.9002282981394758,28.864483267064617,0
-0.5789085777253477,0.1961082215722441,1,0,1.1569852908948868,30.837100760368784,1
-0.8673046460256197,-0.761624961235634,1,1,-0.11372581685391896,1.0729293740501964,0
0.8994005443947717,0.6276530705731048,0,0,-0.2315704658573602,22.21318335749947,1
-0.17789315685889268,-0.461026254719649,1,0,-0.02678025162728773,30.992791494008536,0
2.1555369544259118,0.76781523449631,0,0,-0.7449289653533988,38.2363366789446,0
0.36136878775395265,0.9701041452274416,0,0,1.0128983805942904,43.217493287952905,0
-0.27729673236999747,0.6018479087518395,1,1,0.5544886075115639,100,0
1.0469549803935945,1.1336064607003151,0,0,1.8756320656795424,30.087328411746384,0
1.331495770824338,0.3121313777698913,1,0,1.9310747911266588,60.04261655638111,0
-0.40617740968745975,-1.1319310117571435,1,1,0.5106229979922278,61.42210217869904,0
0.6901949961421456,-0.9273811120285784,0,0,-1.6437724907188362,60.99384239580408,1
-0.12116633969259472,-0.3556466098533764,0,0,0.13896964189364056,58.4799601039596,1
0.5240846545555875,0.014983238845426905,0,0,-0.03893259408073092,2.271983389315171,0
1.0478247291023144,-1.0055824532821684,1,1,-0.4204926710788207,18.471958434256344,0
-1.439944582896825,-0.6791379806740527,0,0,1.0068109532758744,26.354715512952072,1
1.7648310670424958,-0.09727981082821135,0,0,1.5936336965240785,5.569386957465433,1
-1.4717149021125655,0.8076233846598271,1,1,0.056718303722637614,14.539326655991024,0
-1.3287597601700232,-0.13389873295032717,1,0,-1.222111263582881,16.28301009477762,1
-2.5071182653834025,-0.6419719983360174,1,0,0.289115098719926,29.343126447733503,1
-0.7874372957619784,-0.0866551666348343,1,1,0.6036365920227854,16.782018780991528,0
0.9186565839297496,0.45179290959091434,0,0,1.2459195451752083,7.052854867960642,0
0.017207665594149674,-1.0120298575163023,1,0,1.262512780177975,50.10492756818483,1
-0.4166696492927361,-0.15154560555166904,1,1,-1.0115863992511984,28.67468880541077,1
1.3441848623440595,0.07174318988990824,1,0,-0.738057421031131,7.022891660041156,0
1.6149078730708177,2.0979939914510553,0,0,-0.14040580047164034,42.094108907437125,1
-1.6523488251788956,-1.0655839331101638,1,1,0.09453580482730808,21.47850263937081,0
0.051199150827964834,0.0984143650490204,1,0,1.5601592839607281,80.88328794374749,1
-0.4080899578229397,0.518066723537243,1,1,-0.358480663223945,6.742959652729058,0
1.5724370138927861,0.4479594943759361,1,1,0.6039484231891552,0.19202458387807197,0
-0.5743154272144904,-1.1780591587319225,0,0,-1.7360230015086195,40.93107024143269,0
0.26307619663476095,0.2412845932665498,0,1,0.1741273716515079,52.61230804122401,0
-1.6136045453428607,-1.6542210186344775,1,1,-1.5629899294428726,60.72636570234477,1
-1.3448402870060903,-1.0430665955742453,1,1,0.23255100126942516,47.534827466276354,1
0.20205238363955802,0.4205019996038073,0,1,0.6577883071503867,22.372103726786555,1
-0.7733072260873765,-0.6814636644306538,0,1,-1.0618786076004607,23.734418786371673,0
-1.680929516907355,-1.4197592439628104,1,0,1.1372531361427036,8.636126057653621,1
-3.1295798839001194,-1.9782025628665791,0,1,-0.7413127749742611,100,0
-0.7443562689865172,-0.8559165164774707,1,1,-0.4774502925017424,15.347792449981679,1
-0.02093986880562334,-0.6456007328350359,1,0,0.7007166479625552,100,0
0.3738515556071653,-0.31761585245149604,1,1,-0.039106055540983294,41.06433564782345,0
2.0029782289895834,1.8018010510265483,1,0,-1.1996061275934562,100,0
-0.8967113778692405,-0.39470932300913336,1,0,-0.6088090533711884,40.12217531388246,0
0.7567360866185254,0.3176922002564745,1,1,0.8747136267828721,35.12502475092486,0
-0.050570246097948426,-0.1407711080919214,1,0,1.7080921923310157,100,0
1.5090925200656167,1.233248023612646,1,1,0.2583218703967275,19.50254849884216,1
-1.039570124746552,-0.5893986838274606,1,1,-0.7593444608501302,26.607659126551876,1
1.3704857983097254,1.0215335227601852,1,1,1.4703224559989516,60.11942169942345,1
0.149816914905433,0.9173486066663566,1,0,-0.6409738406090607,65.29214747289129,0
-0.8797624572107464,-0.31959444671715936,0,0,-1.6781904276828723,22.51385059992008,0
-1.2143305280027439,-1.1677445967350795,1,1,-0.49555011225872314,0.6119852298814795,0
0.7246027990255584,0.39813316741712296,0,1,-1.825498881393987,84.75352769454558,1
1.8912591029819716,-0.06083192120272218,0,1,-0.7116846256726983,16.051109102103872,0
2.02099662218836,0.7083212229317619,0,0,1.123645338896146,36.4494761560212,0
0.26417522212700545,-0.0983085668522796,0,0,0.5586910477647054,35.21696681784098,1
-0.7155010741402699,-0.7196974523189135,1,0,2.4154541553473594,23.304867927526683,0
0.7598494297642953,1.057820564669111,0,0,0.021574738115804373,80.42277779802033,0
0.8890666773137637,0.8257784774982929,1,1,2.006028387242497,17.700984315020087,1
0.018800454201574224,0.25552126640174155,1,0,0.7251982257203942,38.79923073344436,1
0.5769420175770178,-0.45133100908466767,0,1,-1.2541024003880428,26.35215003996967,1
-1.6541141111371254,-0.24171678187077672,1,0,-2.4270537522755897,33.36024110986615,1
-1.2191492423399688,-0.4057069062624133,1,0,-1.1442050878307009,53.633032136105335,1
-0.6720588441873481,-1.159934863454771,1,1,-1.1972574624956118,53.93639356446928,0
1.7350928021538568,1.479961152697957,0,0,-1.7396644541014716,34.30740070082668,0
-1.9541675452859881,-0.9270739088984733,1,0,-0.5340958724471944,51.598074083785036,0
-1.1934593394959487,-0.9650805651797507,1,1,-1.4672469640070696,35.03648327076096,1
-0.2008005997231213,0.03830897141844855,1,1,-1.0772359028267857,8.407799062128035,0
0.7236669827261792,-0.6219225437515536,1,1,2.4208619166300087,25.799894126490056,0
-0.4312257180830804,-0.6749493139864599,1,1,0.633041253057944,10.729321835252575,0
-1.2403832712646823,-0.25504109975101674,0,1,0.7774774340566638,23.301123346133366,0
0.4785866657479875,-0.14926209101201496,0,1,1.0231405858839908,4.665932070212193,1
0.7362103569889505,1.2759469819142393,1,0,0.04994246811257914,32.838739549818925,0
-0.8130170737721153,-0.36027835234969824,1,0,-0.5470819437819375,81.29464156946493,1
0.3079609440973092,0.40697258554790905,0,1,1.0419673608647424,15.734543808036674,0
-1.5231742931025585,-0.6613254239246721,1,1,-0.889728625706255,14.464240393611178,0
-0.22958288475081098,-1.4367627346612764,0,1,0.1987884760982447,10.915286283509891,0
0.3505302532268362,-0.6800611985468886,1,0,1.2933666769928582,22.98255180461743,1
-0.42737269101099584,-1.1260343179380277,1,0,0.5427703938365568,42.462542779287645,1
-0.2733553909938142,0.06625407649192613,0,0,0.8898264483682811,26.2079458097641,1
0.6381620453056202,0.7627403526544356,0,0,-1.282824854421676,3.713763910331735,0
1.1224710375947433,-1.0425941443308633,1,1,0.2323200611008802,25.99288319227908,0
0.34878513479205703,1.1439408281075145,1,1,0.3127668502738887,37.1312175547542,0
-1.6931829867331734,-0.7696485689305115,1,0,0.11008982354584651,35.77714671701988,1
-2.0899157078630735,-2.343974245252242,0,0,-0.9772286258679863,1.70950066152496,0
-0.8024592850568999,0.7849989092130375,1,1,-0.24082294272118707,24.58450567148723,0
0.4269969452569438,0.36536502012937266,0,0,-0.06658027761844683,100,0
-0.4566769189557793,-0.03261320319172403,1,1,0.7467244628822303,38.40848273867655,1
1.3116789136780507,0.597037902228064,1,1,0.5543824541704241,30.161261157081217,0
0.29450988632559283,0.057799575113743895,1,0,-1.5640561199105742,29.888290035736773,0
-1.6831052322442543,-0.7002556111591751,0,0,0.691606363070906,77.05013651489632,0
-0.7892404064831624,0.2903759754150438,0,0,0.46561934368738694,100,0
0.2045454338828738,-0.7423094405721556,1,1,0.319606318314586,62.949863614727384,0
1.0244125903707044,0.8166274485634712,1,1,-0.1948184229441932,63.67126270753234,1
-0.615945114417814,0.4172774649695276,1,1,1.0941059529488955,28.318885918901284,0
0.1884616722724134,-0.3604680636976158,0,1,-0.23100988829172392,9.65934549525705,1
0.7046847594301566,0.6522371139571888,0,0,-1.492330528044877,14.844579652056701,0
-2.39994528114168,-2.5274455943563785,0,1,-0.01728227627182312,59.303182841518186,1
-0.8490695920522413,-1.1483824743294861,1,1,-0.6615387237867405,19.724560121740115,1
-0.19140573353934537,-0.3038765530831712,0,0,1.603201136585945,4.094397794991274,0
0.30543502569795683,-1.0279249447895102,1,0,-0.5989825806755072,28.294611677869465,0
-0.1827999788449009,0.4824217044957584,0,0,0.7770496465666176,19.55158363024096,1
1.1926415172647007,0.7635088958920406,0,0,-1.3884818298687316,53.27251854316607,1
0.9107575479171346,1.6093095243272881,0,0,0.7323593488676097,60.89851117128606,1
-1.340434545356455,-2.3127525960646835,0,0,1.1898255381222331,28.71060330856405,0
0.03570148307484601,-0.0017133541738558328,0,0,1.057215268827114,100,0
0.6737723905981966,0.0358349126695503,0,0,0.04799176346791914,21.431932800378323,1
0.5902526625286809,0.7568267636197772,1,1,-0.6229754139981263,9.011854424969398,1
-1.927490681464925,-1.4550825175492617,0,0,-0.41605139413488956,10.882481206117095,0
0.47414752199101146,0.24811169532624905,1,1,0.9747380647828766,32.104962911260955,0
0.11967753788214668,-0.4768159046564734,1,1,-1.541502274714839,30.69335283202583,1
-1.4146479356835253,-0.22993275857327422,1,1,0.13000648992112346,5.734232412186443,1
-3.312273739532908,-1.6582425162045982,0,1,-0.22547838926171343,40.6102644629153,0
1.3781137068414608,0.5460123783231355,0,1,-0.2602446863825385,26.106715406860584,0
0.019584226310627322,0.32084367519605655,0,0,-0.23016805070330598,16.418500160676004,1
0.8657285891440235,-0.021450247347539475,0,0,0.5388563449088283,30.955162936415196,0
-1.6283206825495649,-0.159233662879541,0,0,-0.9390767567290035,4.83989081992691,1
0.8051406490527538,0.5958604966059498,1,1,0.8364638095957417,26.395622924283387,0
0.3284068207284322,0.25213931917252985,1,0,0.45029478184456734,39.0923376407704,1
-1.0496974294800852,-0.4769724293535395,1,1,0.01767824239444277,2.5428353808837256,1
0.6072336456148872,-0.45210091429582233,1,1,-0.6388785669665508,21.392981082460988,1
0.668530004320609,0.05181997602542787,0,0,1.6926894759959783,6.437668652300546,0
0.4026580720790257,0.02436957848882232,1,0,0.03086274658355365,91.7968816228726,1
1.6300242411456152,1.8532368183571375,1,0,-0.3186206881032422,48.69538930711492,1
0.37408975444503134,-0.1589488757660647,1,0,0.7990428433066624,12.148519773476798,0
0.49041383336537875,0.09168186770930103,1,0,-0.6083820912952769,38.739658246742685,0
-2.1413377323051113,-1.3526377993150371,0,0,0.9130253906814167,82.60070961262578,0
-0.0853214573797656,1.0018219532758037,1,1,0.6448122477770422,19.807565345120825,0
-1.5322493259164172,-2.1495623553103833,0,1,-0.25986666065624064,38.5060090750168,0
0.38946924288848744,-1.1630362362131532,1,0,0.9592361619603493,8.034608986012591,0
0.6729100446202889,0.09383790953568438,0,1,-0.9470463275020565,24.857279634202012,0
0.04301726766527154,0.7391976582468106,0,0,-0.17320601169400565,14.926759623556691,1
0.9407760785043944,0.0963704930037117,0,0,-1.3053504831013947,1.507450978536001,1
-0.47498871838727036,0.3925369919858641,1,0,1.6916376081320028,45.41059569562739,1
-0.35642878010283263,1.086354072362493,1,1,-0.6323160403413992,23.548627154079547,1
-2.3204463485009956,-1.5023457781401086,0,0,-0.28567593135973696,23.442727639453615,1
-2.0712585920806554,-0.9903666435388231,1,1,0.2080841636983958,8.68038232572148,0
0.25603315291298673,0.027879548287572442,1,1,-1.2429206500053585,76.80576033936904,0
0.6333166441426685,-0.018736431324499758,1,1,0.2384193079229668,2.3396255632329606,0
1.434041031334012,-1.227246125981528,1,0,-0.8490347853590271,17.179563428058046,1
-1.4237751752405698,-0.19032093022441732,1,0,-0.9689596970119202,50.13218283033565,1
-0.028837196325433797,0.14112006697216348,0,0,-0.24202323632760292,16.881214815193754,0
-0.581708262174505,-0.4482095713009304,1,1,-0.5910703583004635,9.739241327145132,0
-1.3772576133374075,-0.3992017323471212,0,1,-1.376475993816638,36.06967911174683,0
-0.4111788910920206,-0.3712281764640899,0,1,1.2524798459237092,20.188436541021375,0
-1.130437727273045,-0.5684558639219595,0,0,-0.26030332898418107,54.182950062170136,0
0.39346655409504766,-0.5067286812824738,0,0,0.6538565308191129,12.228128416028996,1
-0.9483629206542875,0.6228108060839577,0,1,0.51499581464281,4.805485267745082,0
1.5930075340337135,0.2001476836701641,0,0,0.25812458644861735,11.938900443793584,1
-1.3607378453999823,-0.3334298859295936,0,0,-0.34287337103275833,25.404733599931383,1
0.1305911445554229,-0.2649613576660672,1,1,-0.23129780321267504,10.928656834860927,0
0.07846434067635859,0.5342188336938709,1,0,-0.8350324534354232,61.236650580355835,0
-0.49586637647920284,0.5381912539459095,0,0,1.5478636390908906,37.193365737368175,1
-0.6712264619195444,1.1920241712192827,0,0,-1.189861760531906,11.395837719775121,0
-0.7008733669892063,-0.8954639922069636,1,0,0.4740674061830667,5.659266167903383,0
-0.9488586501224857,1.1774971544593007,1,0,-0.9966923463257971,59.469776380311046,1
0.773163242910464,0.7689502314596408,0,0,-0.5858208737392357,14.99637164039229,1
-1.4433124284326482,-0.04818734935487001,0,0,-0.6783624482597406,28.607303947904374,1
-0.6595626500296526,0.6028103881157985,1,1,2.0213822723937414,9.95760422368829,0
-0.8733917405641605,-1.0224238615688332,1,0,0.39155551684780243,70.10295346242017,1
-0.2392084304024226,1.2338369953114734,1,1,1.3893937830742804,31.474834019571265,1
-0.6102762723641895,-0.662917601016753,1,1,-1.602093147122418,28.460986827643005,1
-0.23051048972401905,0.9559176768801568,0,0,1.038741489877999,1.7309778208078215,0
-0.1719879457273813,0.3884087327157882,0,0,2.4909842416169545,43.03918699464543,1
-1.6075234748691913,0.9262293897548705,1,1,-0.17259602024475337,52.268470686148376,1
-0.30680035532182953,0.10591557472061616,0,0,0.7519011265971219,95.71656905519777,1
0.6070032447446119,0.07565287048490771,0,0,-0.9544357990097728,53.61073876136647,0
0.10076049034454784,-0.20256374337348443,1,0,-0.7002140005804105,72.64123640715385,1
-0.4402984655433753,0.21021177539145977,1,1,-0.7011319720523167,17.196478681934668,0
1.0118834213543024,0.1957556731796648,1,1,-0.18026841573331423,27.05199544522056,0
1.6475515955358524,0.6459555336069064,1,0,0.5577631440127115,61.28976569265794,0
-0.6943587124285703,-0.02140138414499909,0,1,0.25381932895640197,44.32694091315161,0
0.7147084999587401,0.7992241303027249,0,1,0.8010337630733129,46.27670392301746,1
0.7077816010875772,-0.6168925340705018,0,0,0.4812477637159105,48.554818988699076,1
-0.33202514847912973,-0.8180658178991493,1,1,0.23044938939749324,88.9179839060013,1
0.4178067680128968,-0.9412048472537774,1,0,1.1719663118505552,100,0
-1.7053221034497414,-0.6645642745412073,0,1,-0.4301239454671173,26.075786187711117,1
-0.18054584919410285,1.293349066954807,0,0,-0.08014736639699387,40.50802230931067,1
0.4519338756745893,0.9721404050950617,0,1,0.2627572344947725,9.361693379664525,1
-0.07365947192868333,0.4370599187663675,1,1,1.1202493919134942,30.063495067620398,0
0.09588532846338187,-0.08406379903864233,1,0,-0.22111659534079725,0.2918712970404823,0
-0.8000419066310545,-0.5710696525059991,0,0,-0.5043788331662024,14.932171109320288,0
-0.6608889972062733,0.07466642432205689,0,1,-0.19526602330103204,56.91184782918248,1
-1.914766929331058,1.1030006443402682,0,0,-0.04225688485104652,50.243451916209786,1
-0.6352977270879037,-1.805202390866004,1,1,1.6908428412263812,100,0
-0.5011874085623834,-0.14500118629516262,1,1,1.3011242002925418,26.74803551601123,1
2.0305567612719333,0.980346562833774,1,0,0.9004278206628146,4.245803773935513,0
0.7974497988688605,0.3012631948447862,0,0,1.1133711399988213,56.542064631517576,0
-1.1313800581675777,0.24538334258622652,1,1,-0.19188028899778228,6.159219060664601,0
0.652334188008413,0.25754956999632805,0,1,-0.7117587320730236,30.55322719114239,0
1.1043900975270307,0.8163825641003548,1,0,1.1486124804471112,40.14932170626552,0
0.8372602071692777,0.5203901717813868,1,1,0.23106208806593043,1.6808303330786751,0
-0.2167408556843823,0.4549535726327711,0,1,-0.8660774936581163,27.80417080796829,0
0.9381944279197678,1.500904721953105,1,1,0.3609934150298245,35.89187877693908,1
0.013510446034481064,0.24696667825448465,0,1,-0.7742144867381253,10.703770678685903,1
0.8830632746916867,1.0123789039625655,0,0,-0.5927345308249397,62.21433910241559,1
2.791327495392863,0.9503250983448392,0,0,-0.7750070543393857,6.759976443958098,0
0.751390595208391,0.3271007126946977,0,0,-1.015303926304251,31.639545589466767,1
-1.4816450019303742,-0.3016218554555915,0,0,1.4395167743542951,57.16747389659036,1
-0.31769339930643464,-0.03880779654402863,1,1,-1.2648117864123027,83.98713162201078,1
-0.7216776340609291,-1.2059039531886975,1,1,0.9938329483819176,13.517564193255978,0
1.004101056372336,-0.6343175778817598,1,1,-0.6226222698457883,17.738268067806047,0
1.0180159324358462,0.6978494673546307,0,1,1.000939945822259,58.59017578991968,1
-1.7135719977010886,-0.6709904883215008,1,0,1.072571476437367,5.798548746807258,0
0.5931014019032876,-0.00390391437806642,1,1,-0.48107190637938174,54.31326401327825,1
-0.18898423215276966,0.3586939528410098,0,0,0.09744307045063676,58.749062496652314,0
0.19938371155058673,-1.7792124675310272,0,0,2.319289551957513,100,0
-1.5873257848876692,-0.3995924736168692,0,0,1.153875816291643,42.49686847909825,1
0.5387591275645196,-0.9275265772797874,0,0,1.4698303960786339,12.767506102303487,1
-0.5974609058844812,-0.5243849213390914,1,1,1.0476355203353098,8.960444602639726,1
-1.8837820009385342,-0.16265808780270452,1,1,-0.4330899333001103,10.78171585807069,0
-0.3443922020557379,0.23111402005932283,0,1,0.9947338395617389,22.21115511677677,0
-0.4954199281956059,-1.7035094546331215,1,0,-1.4561824896966635,15.827349910034386,0
0.4991056194559124,-0.9375009186735357,0,0,-0.7043883219495548,5.102533065621148,0
-0.07467310682420279,-0.417875563438982,0,0,-0.30170071100998236,100,0
2.2693689629509377,1.934270791895608,1,1,0.6893200746360307,12.235758241753242,0
-1.019685454711024,-2.0784954325191416,0,1,-0.7677303019296433,28.547075473644167,1
1.0986767672016262,1.244313308597496,1,1,0.13730872390230858,74.46496417476423,1
-2.65493976058477,-1.7559423489902515,0,1,2.0125625713937447,36.37002884787786,1
-1.5543206164154997,-0.3833194938025696,1,0,-0.773692388182253,17.171019633316874,1
0.6842144087263802,-0.8243492499920786,0,0,-2.3982084032472217,5.6858311088318105,0
-0.1301719393983694,-1.762532784564168,1,1,-0.2921979627907867,1.1728829353728571,0
-0.6269794902707095,-2.095055445657708,1,0,-2.21969468530389,92.76983688847183,0
-0.9347404407406904,0.04177066283612113,1,1,-0.7437088584359979,17.052053621115185,0
-0.4945696053027309,0.8908249712921861,1,1,0.7258024457130426,100,0
-0.38590548117480983,-1.1190910380896508,0,0,-0.6072902647275413,70.00319483926019,1
-0.9055409674565159,-0.7360804576822728,1,0,-0.1469163528580246,24.337500373691327,0
-0.3063343499579715,-0.5634445542629614,1,0,-0.6645478064004899,37.951827312410735,1
-1.4526768213288523,0.27832702756486616,0,1,-0.839155661367841,5.127003607633401,0
-0.5992643325273037,-0.21088423902607067,1,1,0.35483699935676116,50.59244629871019,1
-0.9676047395537628,0.09251115757645556,1,1,-0.19674546047218502,13.648865079024521,1
-1.2150670333889688,-0.8915615674530308,1,1,0.6860240665934948,0.6758004150733252,0
-1.2026921419859824,-1.4014985824287889,0,1,-0.6720541635115007,22.91272103285956,0
0.6069173987053712,-0.8891015367917523,1,1,0.41914489657911297,3.008103055433369,0
1.0446733085969058,0.6071354767185414,1,1,0.1343647389826552,18.026044532636398,1
-0.13480212729165725,0.4615097807007491,0,0,0.2802485427452348,59.69458930240775,1
0.13288737407537157,0.4208529037092206,1,1,1.051903079372195,3.47032978086489,0
-0.5977537907085574,-0.5783659114461178,0,0,1.1339278351542246,6.403936194632436,0
-0.3114766447466438,-0.3658045065583035,0,1,-1.1767665090196424,66.50939175514314,0
-1.536033941669175,0.37768741754878,0,0,0.554755289743081,100,0
-0.9721239006923822,0.06315798528323141,1,0,0.22321203454041266,73.10536161134851,0
0.49207294523414086,0.7891100852650423,0,0,1.0502675456506507,35.70710350577645,0
-0.7239692584565987,-0.40247207515921346,0,1,0.3697457202808077,21.76511832874602,0
-0.8888008695796908,0.631859490182372,1,0,-0.4352880301755118,40.195732960592075,1
0.016555210164795876,0.5183158708642671,1,1,0.2859202750622289,26.928737351863496,0
-0.6289626370605759,-0.46352882187348693,1,0,-1.3605674747609628,61.86598209785234,1
2.537724092543601,1.0809631495425627,1,0,0.7581856559174698,10.596883609994753,1
-1.1603287167003606,-0.5498756671808017,1,0,0.8775252131814752,58.63253310620965,1
0.31386527616916976,-0.4016391211774637,0,1,1.3834454356437955,20.930565374926264,1
0.7566128853867937,-0.6467815564009785,1,0,-0.6205662319563554,14.666890332756024,1
-0.43315331311058924,0.2079664772912419,0,0,0.4077271429823713,100,0
-0.6574105853147173,-0.033806832392098196,1,1,0.5238738946205759,27.95711135263656,0
0.0711183269688516,0.5234662214979204,0,1,-0.5999847776210169,27.79642104121407,0
0.9385800538035235,0.3233325440107242,1,0,-0.2620879584459337,100,0
-0.26478322108846897,0.08454652872316676,1,1,-0.7523525541036945,65.60272556979615,1
0.14860643333348358,0.032426565805763245,1,1,0.698649167999799,37.82999360696584,0
-2.4136596544726836,-0.4217935123135905,1,0,-1.1983236286624597,20.040538888320913,0
-0.9583212712170085,-0.6286937910334429,1,1,0.11695558121791083,3.080113528099023,0
0.6179569605788874,-0.1405387805788308,0,0,-0.25209751898466504,14.856330032032554,0
0.152411723025351,0.14237076184203984,0,1,0.39494927433419713,50.14003955608751,0
1.5125124476458995,0.7576100529763262,0,1,-0.5093992544073719,7.054253089639657,1
0.23396792407243883,-0.0642689545050544,0,0,1.2630583721142996,15.028474982722022,0
-0.11281389996241588,-0.012305383506242447,0,0,1.5779769501627459,19.58782325773634,1
-1.5965311092752654,-1.7491491085708955,1,1,0.07675367483161537,39.99623868753787,1
-0.11263225391855634,0.777518849986038,1,1,0.2431382270782284,47.804747125667944,1
-1.44189000485482,-1.0996701539485845,1,0,0.38655547098139453,18.59416711619949,1
0.3010572606790118,0.3630851411776025,1,1,0.002365869883384526,10.010878852645222,1
-0.5994591469282418,1.0410395175149514,0,1,0.5954959258966396,6.558810615036795,1
0.5868935317381847,0.467871849677687,1,1,-1.779494438591381,26.05998257754606,0
-0.3520097508864746,1.0693050096573697,0,1,-0.6449966371442555,1.479179054874402,0
0.03149702048563309,0.0796230488140191,1,1,0.4069716493268013,3.0538782309253976,0
0.796099037250156,0.1411822567003861,0,0,-0.14640661854631482,64.82327476432374,1
0.9263191514491166,1.0215575779946704,0,0,-1.0640765754121853,0.46336729903080254,0
-0.04402350064143729,0.045525449790670816,0,0,-1.1209844763812622,68.31418829337922,1
-0.07077311038800552,-0.5826214275701275,1,1,1.457915396204939,56.694759300123465,0
1.5515018831111815,-0.4225279027760511,1,1,0.05749176274712204,2.2291695353155863,0
0.8282644294689286,0.5177727106835431,1,1,0.24820630642132305,8.626800610056808,1
-0.6567122353766982,-0.30328972761430484,0,0,-0.05104789747582311,6.762402328222923,1
1.4271400824040155,1.5829145237141664,1,1,2.066717769823841,25.04095335780282,0
-0.2119839045025829,0.06417311094312357,0,0,-0.1909952525686319,67.00053027070395,1
1.4115440540657187,0.19005312618510894,1,0,-0.7064693510099924,13.079964116390384,0
-0.5195862123375332,0.004609826158809005,0,0,0.5328301829810076,100,0
0.3133277659791197,0.8192617890033278,1,1,0.5364339401395896,4.699225594634579,0
-1.9624241468257622,-0.9463519650277371,0,0,0.795466115972291,100,0
0.06474985272569696,0.6462662509831852,0,0,0.32311804712274605,21.013535780047935,1
1.242464352090457,-1.3449168816825896,1,0,-1.45189016054281,54.128983503982894,1
0.056772766526124875,0.23829612766647731,1,0,1.661253129321772,22.562683650580905,0
-0.5052517063592074,-0.5954916232560781,1,1,0.4775818747207799,86.09108616572242,1
0.29812785664370045,1.0134213030343484,0,0,-0.8739481600998912,5.497912280901787,1
0.8883899674963202,1.0622613326799708,1,0,0.19277443154034687,42.52591120795401,1
-0.5987220660149472,0.638072864290526,0,1,0.45545232657096174,35.755911532731574,0
1.0813153196869594,0.09602975863094515,0,0,1.2438061209898472,15.215229600232435,0
1.0671315097153495,0.7416893419634223,1,1,0.18936121270617215,6.783347093572247,0
1.5077344233004706,1.6436026009125357,1,0,-0.41292950013080615,15.670551612373785,0
-0.7069936592269143,-0.7310090123985907,1,1,0.06569954450350447,2.979214843292397,0
-0.48445510915099094,-1.2871661148088345,0,0,0.22091942594268807,49.179180027826384,1
-1.5791833291514838,-0.8649050629070197,1,1,0.7082349141489733,98.13283722103766,0
-0.29544234538646624,0.3453322574342361,1,0,0.4009935044301946,5.56399246561933,0
0.49379899244366293,-0.6979897169459296,0,0,-0.9556727818038212,100,0
-2.026600457028601,-1.8332726499739356,1,1,-0.06191444942489206,12.919919059108759,0
0.8445128526456465,0.1497072457562112,1,0,1.733445885000419,100,0
-1.7513256585021928,0.28745383478354203,0,0,1.2324218788538837,34.8328798702529,0
0.05980348049332019,0.21731237882601068,0,1,-0.008522844460803779,32.68047039173804,1
-0.6846188263664986,-1.9033556881402829,0,0,-0.7263370728566981,4.872464744681084,1
0.38615170499450063,0.532333138405057,1,1,-0.06281296257071146,8.678017747369365,1
-1.016552163977955,-0.34667281664511973,0,1,0.4444372167654037,31.23165517380653,1
-0.414056740536052,0.42560664215548916,1,1,-0.5884364662385048,1.2015005541200225,0
0.5621920373696309,0.6058727926171292,0,0,-0.623059532930913,40.13289371602635,1
-1.6248001460948547,-1.1614569842617284,0,1,0.6735226138396228,34.157865321890355,0
1.042199291728993,-0.30655220088267376,0,1,-0.35072203717737177,13.907982107361395,0
0.41288581579623457,0.242247260321996,1,0,0.11442633677067884,78.92992797444496,0
-0.6016788890637185,-0.8060859006745527,1,1,-0.5618731791226237,42.827238887005564,1
0.04400297999556601,-0.9839613836071677,0,1,1.2793374625133547,34.05290370734937,0
-0.3046298363917341,0.1489109981805645,1,1,1.787411052822744,41.40998969590328,0
-0.6590815099622389,-0.5945917133002592,1,1,-0.23260206354897234,13.857300775880725,1
-1.8096661324137988,-0.09986109541992139,0,0,-0.8634599400244218,28.290838201904148,1
0.2966907672145759,0.9218973015792038,1,1,-0.7658227855291134,21.535938709044935,1
0.3104195645065279,0.017568842990675043,0,0,0.04064081671968121,70.47865360277333,0
1.0076163222774552,0.11262233160509921,0,0,-0.11884763017447553,23.064453875604094,1
0.7217274805267886,1.4297870893843465,0,0,0.5420971191648086,23.746377538214297,1
-0.1165226436978879,-0.6671693895315884,1,0,0.268817386580822,59.849237919556735,1
0.6245526956832093,-0.016951131761438865,0,0,0.3897286790917047,25.571131915485697,1
-2.575965415703055,-1.1774408086415569,0,0,-0.6717714030015144,100,0
-0.5057059551872948,-0.47583809259403587,1,0,-1.0098148872535384,42.43292165040997,1
0.020596592085872462,0.95152740153278,0,1,0.3734034614015851,27.740380030747378,0
1.0065834106440472,0.76921621115783,0,0,1.5019736185370254,18.00372677538823,1
0.34363212270667726,0.6930159461890915,1,1,-1.1139644973323237,57.100519410650634,1
1.2631383154779712,0.3502287974677031,0,0,0.4530636670827667,2.065009760203753,0
0.18340897529911943,-0.567330212124788,1,1,-0.4289738233249311,30.474197323280745,1
0.4402455689564532,-0.14679408360296528,0,1,-0.43212096283908047,29.533728733803716,1
-0.7162805233962852,-0.5920958886854266,1,0,0.19479243376346925,15.232104016492723,1
-0.7724048136627245,-2.1967283009797915,0,1,0.985675830199906,35.78410139401919,0
-1.1509015520581012,-0.8021476726523953,0,0,-1.3389245536610974,36.05002463412,1
-1.746539690069922,-1.851103598496663,0,0,-1.0394038840417823,12.542919482131724,0
1.4604515829209541,0.8453454016022953,0,0,0.0972114010685704,19.846291175112675,1
-0.6829798186415934,-0.6329667741660876,1,1,0.7028090094058476,10.750873504429256,0
0.09616500888673254,-0.2991183607734789,0,1,-0.6296844344412044,18.973227947754033,0
-0.1975617255439783,-1.1376079589211356,0,1,0.055690173516786325,28.622270560397745,0
-0.35196791511017517,0.2328346249941746,1,0,0.6642147200789912,38.89207176709176,1
0.5126322964740325,0.07048242070369168,0,0,-0.83957223478174,33.74109773010309,1
-0.9492312231587771,-0.19526346470051553,1,1,0.24025395624356174,10.647491870208944,1
-0.7512104154503028,-0.18268200170481114,1,0,-0.35296841742177776,62.29500455999264,1
-0.30510802263673975,-0.04205894812323516,0,1,-0.8345254212720231,10.545286804735083,0
-1.436005410490514,-1.8143660845403229,1,1,-1.6040690017366932,14.843641336048341,0
-0.3679397246237974,0.21511367639922163,1,0,0.470729546790763,5.086422182321925,0
-0.3787775912896504,0.45969285584442027,0,0,-1.1451381250669312,60.64255096732403,1
-0.8363418664012031,-0.8996024128813911,0,1,1.018300672700817,8.871783422868537,0
-0.45516422497812675,0.1472557704520561,1,1,0.12900930147618384,1.8543519236025099,0
0.20191472163780586,0.5974540276452016,1,0,0.3812759548570264,76.69806823010782,1
-0.1408627993264097,-0.5246225517630048,0,0,-0.81863831894662,6.693437408941928,1
-1.238607268310885,-0.920137143656517,1,0,0.3322221139619007,56.97425428874691,1
1.8780115611025707,1.2775628398124836,1,1,-0.3930090279224078,12.742158314882268,1
0.8342304241473054,0.6746463789219745,1,1,-0.1109860301153992,35.23043792706482,1
1.3221954848446944,-0.30737858733248036,0,1,-0.08513373949217089,2.1826972169498053,0
2.189657375900046,-0.14252425058561657,0,0,-0.6955495497043666,17.12867389362403,0
-0.9878186763610054,-0.6553837635442878,0,0,-0.03796922605928073,3.3960255341967347,0
-0.14996081028175123,-0.32218801334993014,1,1,-0.3775057817397202,8.256923904138349,0
0.5595178131348048,-1.0796851597418315,1,0,1.239703473066023,39.93614524822239,1
-1.598027901631825,0.31360582952840466,0,0,-0.16990530281193067,25.68071077200746,1
0.915853091760727,-0.4978042984988539,1,1,0.13875046891814855,93.81428898065147,1
-0.4517186839314051,-1.846819495500878,1,1,-0.18613020425576576,6.991198261961812,0
1.1011101234364271,0.7037968370557268,1,1,-0.18098529377872163,16.984120121453984,0
-1.2754884877354475,-0.35374789116459293,1,0,-0.45798344710442473,34.15125942672295,1
0.30009605870900374,-0.2820611977481644,0,1,-0.9110304738689192,19.325105525123774,0
0.3780411414475922,0.47360768685403287,0,0,0.021925670627856535,100,0
-0.24606824638264083,1.0238824727725413,1,1,-2.2920843745836423,35.34383095799075,0
-0.36000296922945324,-0.23316724317086357,0,1,1.1997099630309564,30.512979810036008,0
0.5503623351460506,-0.0074845699322952375,0,0,-1.1873514452592222,30.47765018960094,1
0.3132631686913084,-0.0560560526332918,0,1,-1.5702852111546997,15.53787439639737,0
1.4040706064845314,1.9487561165534404,1,1,1.1745386117721794,48.839195129623704,1
-0.3444680209020102,0.951569456949452,1,0,0.11986411576516216,16.69312542008974,1
-1.0194463344566311,-0.8328311773636647,1,1,-1.1417190220644264,33.20487497061105,0
-0.7620305958900322,-0.5783113172425078,1,0,1.340443568423213,71.74211401662131,1
1.8580790105354332,0.8818256694368491,1,1,0.6221069699941625,43.75821583572654,0
-0.5792707799254025,-0.6271497872865467,1,1,0.06023023943726841,27.044630202995663,1
-0.3162154742025761,-0.8618239147371514,0,1,-1.094785825114273,3.286338490013125,0
-0.6139797002710998,-0.24322661103815968,1,1,1.0023768959785222,34.44054904549692,1
-1.4216791050364919,-0.9195912266649293,0,0,0.8976926815918559,49.811367329186226,1
0.9255141639463431,1.2651486463755126,1,1,-0.50886999080777,29.932899095419636,0
-0.9004124060870295,-0.9645726393456674,0,0,-0.0779897410792396,28.019731189537563,1
-1.006248439426231,0.6095738666848617,0,1,-0.33123030993417557,100,0
0.296090378245357,-0.829273070057608,1,0,0.1837833692911196,62.00852568465274,0
0.5436215021542025,1.5191220660937046,0,1,0.5988908422132497,17.1442604378768,0
-1.9823476800553785,-0.7134920842735811,0,0,0.7490539179797743,39.692348893420466,1
-0.9398789684693489,-0.7415964011288987,1,1,-0.5886092722010048,14.623715210165177,1
-0.013836493510299867,-0.030709446430895314,1,1,0.39847409752259816,6.326289699393524,1
0.2780681862174709,1.2250351145958225,0,1,0.29550139457550995,12.370867672883701,0
1.7099608477250263,0.10714979481118592,0,0,-0.27514129828748385,10.676343179274857,0
-1.7515787865535,0.5505236418725246,0,1,0.717231252289362,85.39642867515745,1
1.2997977886499206,1.4377157874429969,1,1,0.2114122599245977,5.939643449729191,1
2.0131573434115193,1.5277551540006598,1,1,0.3158547799114409,15.185307278373633,0
0.508768590685271,-0.3570062620893725,1,1,0.41396179797234156,30.984218052979283,1
0.7284625820192179,0.8159049417001147,1,0,2.34837917923839,66.71849477440232,1
0.989040590718134,0.019574969514225826,0,1,0.9363445900739013,31.852116941065326,1
1.1346258544483145,0.9919639566884093,1,1,-0.05954226678419416,36.98972709460279,1
-1.944114536968508,-2.268479341189321,1,0,-1.28051482666155,21.819710532644805,1
0.4233433210434394,-1.0507026038073326,1,0,-0.7412582960475146,16.163454058407112,0
-2.1442786983626623,-0.2695907618993223,0,0,0.3336907881545013,68.86616436737202,0
-0.7831330659133481,-0.4244632815580591,1,0,0.7494002655830945,26.442085034361522,1
0.44641016686887564,1.7479568065306952,0,1,-0.6647858370330346,10.863917716697783,0
-1.777326889141816,-1.6753949257491945,1,1,-0.09599594800719362,70.90115125615476,1
-1.526325417138509,0.29326098729241745,0,0,0.16133515171573387,100,0
0.8890642362346148,-0.534992000361602,0,0,-0.7573818654035027,15.799325139891378,1
-0.6774864965326906,-0.4272155627590114,1,1,-2.012631050636391,5.480288423392092,0
0.1633844454728425,1.4022498292671592,1,1,-0.7316311860922271,14.85140018174921,1
0.13173241806873306,0.08780239432768705,1,1,-0.27296521602806734,9.145033081025543,1
-0.4784839927338582,-0.16018399905099034,1,0,0.6240862644165661,81.4856231243416,0
-0.815317832961126,0.12261451849036492,1,0,-0.8802206643292892,100,0
-1.1857170725983168,-0.6707508868679977,1,0,-2.624210936808394,53.68020346127645,1
1.3762644929999297,1.8474662656736542,0,1,0.2793656231828667,15.348707618957269,1
-1.3432144252423772,0.11186498811812529,1,1,-0.05494946704922085,78.38202090741443,0
-0.16239211910423673,1.0053542934313524,1,1,-0.08000211221480057,68.63985170256329,1
-0.8538327422074773,-1.0522579689986153,1,0,-0.3975947393883223,32.507477358779894,1
1.1228297076448306,-0.4974590824508156,1,1,-0.7612928866430939,12.071355008667586,0
-0.5417517621866715,-0.11234956217859698,1,0,-0.31622464176222925,83.99940006599329,1
0.46642471692491866,1.7039288664327212,0,0,-0.16279723197781795,42.641248710758475,1
0.71105979331493685,-0.6132084514185285,0,0,1.229417562990858,21.90771109378809,1
-0.22094232304345762,-0.9269376085978809,1,0,-0.9672714001961897,23.317937645096126,1
0.9738238262565615,-0.0576150118817097,1,1,2.3260843149270864,1.1393713599579098,0
-1.4490881288569766,-0.7108846104931453,1,0,-0.030628072223451777,39.08584050473012,1
-1.7061957801186203,0.20339228822564615,1,1,0.8073447988757775,43.707858395767005,1
0.3054891036087144,0.5942758898239066,1,0,-1.1579900854691376,63.786605433517465,0
-1.8321729325999592,-0.9085499094629714,1,0,1.8583154345829094,22.041677013981243,1
0.4734066998263285,0.24287595935488723,1,1,0.5024805810710652,53.25326978650633,1
0.8259783100269914,0.4184563216727511,1,1,-0.26625013216600507,4.914068327099582,0
0.5582452346188523,-0.16378690138648805,1,1,0.668160770708757,9.530904814072368,0
-2.0562569730659854,-1.2086006233589854,1,1,-1.0314546581381403,20.117369965142032,1
-1.7105816516029,-1.7895896716316342,1,1,0.09931115685426135,15.799200926796019,1
-1.12980326483312,-1.7224441685310388,1,0,1.0696333132253069,75.14402898183933,1
0.050335507120531024,1.4323922679547696,0,1,2.055038773379611,23.942242869545606,1
-1.0176671820022036,-0.4765779399301066,0,0,0.8243539171383493,12.416579648246751,1
-0.5041359253886595,-0.09549695994934762,1,0,0.7132579300488721,18.664662581249036,1
1.1298996978817546,-0.5666191923889159,1,0,-0.2635828731529002,19.989982512121486,0
-0.49842241506814783,-0.3694891902145596,0,1,-0.6510581575494694,54.465055399016656,1
-0.19355733607074246,0.8308302212223455,0,1,1.0152386905385444,2.7043065713884613,0
0.1878984368255254,-0.17779533317935275,1,0,-0.06092817571311459,6.834037008109595,1
-0.5000195389061819,-1.0399589109164622,1,0,-2.4215655528553306,89.7998298330323,0
-0.2946974303842864,0.9581324376947099,1,1,0.22127974499740322,5.02509915098718,0
-0.26383704471200553,1.3351021383851571,1,0,1.542208507223149,74.7339558750411,1
1.0143190587397906,0.5234600619641712,0,0,-1.1495584957590086,19.28347896902203,1
-0.1697334210110332,-0.8621482095523072,0,1,0.6960056253058317,1.7255695865336695,0
0.6251624005034222,1.6313994156602543,0,0,0.19445734913857493,40.163342028612085,0
-0.5731059475461305,-0.9414147405497459,1,0,-0.22090234165707012,77.29376880640896,1
-0.27140699928686574,-1.1031956642892462,0,1,0.6137201331017571,12.570970230272865,0
0.8546557748321071,0.06102200878124908,0,0,-0.7934823419405281,18.949240191420998,0
-0.8402032524269856,0.5156080288977908,1,1,-0.20630493091207405,8.72365304218057,0
-1.0596741156901957,-1.1818440517940956,1,1,-1.672635970980667,27.897978470576028,0
0.7128462181814017,-0.04328241572511693,0,0,1.865735499422167,21.22401650986648,1
1.108399664895085,0.5068006049944643,0,1,0.8750179277908906,44.57550046735754,1
-0.1619375901910921,-0.44393424157935635,1,1,-0.4217150409814096,5.477141635987744,0
1.3182282845480269,0.10653927263280427,0,0,0.5664011729282105,32.3213360171816,0
0.2749146537751216,-0.2994677372028724,1,1,-0.524563740243264,32.41880322560408,0
-0.1968035151855941,0.07300215751854085,1,0,9.724741559587881e-4,7.749915435072909,1
-0.8027994698810204,1.025168201360236,1,1,-0.529854614032917,11.995528950696045,1
-0.9840732143476959,-0.6171774880550145,0,0,-1.4440554130439474,52.01544457928141,1
-2.1576646592126885,-2.8646993760662993,1,1,1.0278347735286486,53.425625218336485,1
0.3068568888933467,-1.1069681448322444,1,1,1.1116029465288428,11.552141013535318,1
-0.8496282800641681,-0.28825314209118885,1,1,0.023194136716254535,16.46226812280452,1
0.4665237988206978,0.6543131880826227,0,0,-0.545652049023055,46.43178380009724,1
1.667225496317997,1.5143505674004376,1,1,1.5550242253507864,23.311527342718893,0
-1.1418908977783075,-0.061612957073715835,0,0,2.3959365161006856,16.71214522186049,1
0.24521382542766307,0.679271193326787,0,1,-0.9853090615290641,80.42792349793278,0
-1.884050887468626,-1.4648212027537153,0,1,-0.7401881247740549,80.45291073817104,1
0.19523814823753224,0.4037306141160962,0,1,-0.010833425085833738,39.446572754877835,0
-1.6281073745645154,-1.1065022710752865,1,1,0.7759756549619392,10.089030373150912,0
-0.09742298385733429,-0.07563840551221092,1,0,1.8406320102114726,35.53166064585053,0
-0.653524548238587,-1.0661453145079438,0,0,0.9328459333916093,42.40395417763167,0
-1.0081503228590678,-0.9470437357472196,1,0,-1.7815429834466996,68.89856611427166,0
-0.23258411526962228,-0.6880109425915879,1,1,1.922655377437109,10.565621790625661,0
-0.016256383373505975,0.5923420557527468,0,0,-0.7408865123064486,19.291060748983583,0
-0.5291840410165813,0.6589801982217861,0,0,-1.8839548758277735,2.0888145288260898,0
-0.631483514388343,-0.11582866519554641,0,1,1.07052557549976,16.052280912999237,0
-0.3242542844242749,-2.5757766725861333,0,1,0.19823059806001528,37.66720315877943,1
0.32371223769366975,-0.25128874711853905,0,0,0.7509247483244179,14.590101944764116,1
1.158171742286877,-0.27400850066010396,0,0,-1.6149610034958608,2.602926304033128,1
1.1714416457854098,1.062332271170645,1,1,-0.8708214390378076,21.259544983693292,0
0.41789839103176696,-1.3778069126726549,1,1,-0.25693678630155237,19.764267069461233,1
-1.2892184803286793,-0.3714274075401797,0,1,0.28154038024684813,7.090222541969867,0
-0.8846402501939689,-0.5414894823174522,0,0,0.6588363804394736,46.04344134291484,0
0.394689059644926,1.1440813729080137,1,0,0.3555641559201908,22.41631530401558,1
1.3370501194740518,2.239433634847016,0,0,-1.0186344840156865,15.682687760926163,0
-0.5040883737878197,-0.08064578270867076,1,0,2.1933412176392464,55.345219584039775,1
-1.5234885577574953,-1.0587429559288712,0,1,-0.8141166875783415,20.26128752703721,0
-0.813823050190279,-1.661351883037979,1,0,1.4393614589653976,53.75097865410697,1
-0.274725221466341,-0.19122342383518856,1,1,-0.8512628700340067,50.69438348003974,0
-0.08096163797679853,0.7139902399375783,1,1,-1.0923697558409378,86.47687109965852,0
-0.42887349597019797,-0.1821193864642744,0,1,0.07046136608202326,3.3708854293706136,0
0.5855014854776774,0.903652792332823,1,1,-0.4300038505668669,10.530575346843463,1
1.006270284252404,0.9322209428073491,1,1,-0.039158668153382696,10.442597314754602,1
-0.4202973886250562,-0.7192814850984424,1,0,-0.5096256323664593,1.1414605147247767,0
1.5412219442828365,-0.7362297001548825,1,1,-0.4708951130244101,39.788191798940865,0
1.2618793392442733,1.1646883716158585,1,1,-0.15875989000973853,6.912155305743579,1
-0.541726643634324,-0.3681115297331323,0,1,-0.4506045983458284,35.4127288947556,0
0.9641269736150523,0.8972087843927057,1,1,1.295859126939941,39.56965877948636,1
-2.3756536101522907,-0.8649587102167443,0,1,-0.09203308091447808,26.238756397791636,1
0.0562024059077321,0.8193881904213571,0,1,-1.0423872333232354,20.26085372069296,1
-0.649950319568664,-0.7635060025757631,0,0,1.2769373480718391,19.539120164393424,0
1.7842409482724968,1.064960854617966,0,0,0.6418130874727942,43.81032039246901,0
-1.4228188062271379,-0.7531208809478696,1,1,-0.7699888947536138,8.077050303932499,0
-1.7529280432897418,-1.1349136886376292,1,0,0.011840662683754447,100,0
0.32298324960812486,0.7273034137939539,0,0,-0.8031151610795585,16.541822701251544,1
-1.4932799408490776,-2.4984963323810554,1,0,-0.44269457003081536,34.967570028333384,0
0.3144950863939478,-0.4172149106861257,1,1,0.05426854193051911,43.22490181895955,1
-1.8350089932147773,-1.3568389594705996,1,1,1.3447530537891224,43.216530432095944,0
1.4929796950825567,0.7169856312926665,1,0,1.7565224419237664,33.412971585121625,1
-0.3395867791455024,-0.44362905548832343,0,0,0.23058729696566238,6.934855806235179,0
-0.3882034461806301,-0.3618061419486044,1,1,1.0787045057672682,75.52237374659084,0
2.0735353715969875,0.5385125566200176,1,1,0.39366706696205744,15.081754786651176,1
-0.847659613768444,0.06650803858354892,0,1,-0.44612113577696144,54.088124896247685,0
-0.03216947553687208,-0.43969051872337467,1,0,-0.7519880209594285,59.61790449125725,1
-0.9625171046059277,-1.4598214308992967,1,0,1.264191109068798,17.365577450628315,0
-0.08863583832739916,-0.05455600553989206,0,0,0.9776371094328616,57.35278804280126,1
0.7179768588486326,1.2624460438543659,0,0,0.4726491814206724,50.72166726635855,0
-0.24112082448486066,0.19479991245946418,1,1,0.37913686399350993,49.40984614771389,1
-0.37194959430707225,0.8236002548614427,1,1,-1.2267663326515958,28.27674177506676,1
-0.054845848493448916,0.6476721839164241,0,0,0.6059275023049815,100,0
-1.5219061729690093,-2.09524166349612,1,1,1.6125275635658958,26.71188759607629,0
-0.6141660169611908,-0.616805561795428,1,0,0.9954370582773214,51.838489953385334,1
-0.9593403657501768,-0.18666439576357596,1,1,0.8511067526549476,36.474269446515464,0
-1.2752027210738996,-1.1188624879307574,0,1,0.1838926424215768,1.8279632412589597,1
-1.126001316536812,-1.3929244432510903,1,1,0.1468133381538382,15.08035991586751,0
-0.5421091189463435,-1.2579760046889588,0,0,-0.5739304659744389,24.02849628013157,1
-1.4046948359477522,-1.675948919410697e-4,1,0,-0.20148129721519686,7.6693402453935615,1
1.0414982242196933,1.2259843357336961,1,1,-0.1983181679220734,64.88154316224059,1
1.922005943991786,1.5289527249717154,1,1,-2.0342029185884583,24.282153793054253,1
0.5843481812632152,-0.8588342412713713,1,1,1.606181147702225,4.338889582059789,0
-0.3572159934619833,0.13675979928651688,1,1,-0.2006182891837261,75.30365065613648,1
0.3055601229080533,-0.09929813799341194,0,1,1.0964683691621704,17.94126690240359,1
0.6596056815597221,1.0034148958954978,1,0,0.4210349238636087,10.847396145627988,1
-0.7807424497219303,0.19388050169731036,1,1,-0.031970900685516,16.79015258121276,1
-0.5428058094372792,-0.7783069994104516,0,1,0.5559556170589396,13.163527153717137,0
-0.88679578419233,-1.2909419394463204,0,0,0.8784387063749416,15.204123721124345,1
0.8897217695811559,0.10932014751314828,0,1,-1.9992063705152234,10.782950031765644,0
-1.1181425843117947,-0.46616280183440595,1,1,0.5942214385548279,51.892135556738,0
0.19190203376990636,0.3976423776294782,1,1,0.627594794373975,20.967201357269122,1
0.24643632783934338,-0.5878067681169343,1,1,-0.9074093832294646,6.059523090791028,0
-0.8167484818877795,1.242365418030236,0,1,-0.27893913052047714,16.521583438847536,0
-0.7868725913113703,0.22409253598344314,1,1,1.5166236615557445,16.450534737631227,0
1.0838147646047382,-0.22068855562414424,0,0,-0.8617939808960617,1.2105257833038572,0
-0.9474009362783636,-1.5094553023636663,1,1,-1.0929263782019063,45.60918225229371,1
0.04397581449743693,-0.1614416699126644,0,1,-0.5687284192383176,24.0891983973349,1
-0.1228490128800616,-0.7150138240276805,0,0,1.0552667351071263,32.76485342987229,1
-0.16065239540230153,0.6386703926545595,0,1,-1.193847927171149,74.23430760345734,1
1.3530572630932054,1.1814484513123944,1,0,-0.9876166883946345,8.711001848064194,1
-1.473706257227793,-1.2183012227865326,1,0,0.23533667323519583,100,0
0.4821105708336506,-0.09378502213957868,0,0,0.25424877030693827,10.996404152231813,1
0.6907539366024258,0.5845684559363039,1,1,-0.08051375005469184,26.358481151828123,0
-0.4431167665339097,-0.18243063850770355,0,0,0.012515209919237916,49.99434451194494,1
-0.16436448061443976,-0.7639837272022867,1,0,1.3170784870269785,6.948402863094884,0
-1.5046251874375667,-0.7502197383265822,0,0,-0.7797553987471438,87.66584442083054,1
-0.04068817605931922,-0.5453364175095482,0,0,-0.39456590771733147,31.75382409323771,0
-1.5995546018795928,-0.6979617438865169,1,1,-1.9825949973760764,25.19537754532016,1
-0.3637451237389762,0.32302608399912214,0,1,0.026739551576861583,24.421487309941984,1
0.3413147832762424,1.3398621434570208,1,0,-0.4954171523239753,0.11517781372336051,0
0.4988331288563822,-0.028649768199990933,0,0,-0.04677115219696824,44.5584688459727,0
0.797161304011926,0.9394694212072221,0,0,-0.5410840319029888,33.87534724331809,1
0.9627323109269537,0.47150226496411274,1,1,0.27376305824010844,15.286596227109294,1
0.8917453787159701,0.08270351669059328,0,1,0.18430273774684705,16.222516337178874,1
-1.2359459530711947,-0.6267028685230842,1,0,-0.7075754904913792,65.80926178247555,1
-0.24213739264021847,-0.12767540420077836,0,1,0.0474259656710195,13.979840390834875,1
0.6354307667731343,0.15820499860591875,0,1,-0.7086587600171018,26.863231384716347,0
0.7375014073836207,0.10700515426478047,1,1,-0.24881340491351409,3.2830621544422565,1
1.2371585131900016,0.43678340953229094,1,1,0.2561560563170636,29.194456432487687,0
-1.0236249165894618,0.34589128066239094,1,0,0.7507528027291105,66.19106741782035,0
-0.704722316826067,-1.1598080793602095,0,0,-0.8797330155208923,33.19743570788573,0
0.12775704204772212,-0.023911421983530134,0,1,-1.6346331438836306,22.35055696100626,1
0.10177390204309733,0.26161900458393433,1,1,-1.2961763646193443,53.76399609822043,1
0.9006247289826703,-0.4568548561722432,1,1,0.18722282415184532,44.16560443433921,0
-0.42465965223497765,0.2662902624424388,1,1,-0.9250781780558845,34.70803221971656,0
0.427782165367161,0.8155483015074231,1,1,-0.8458293798166818,2.3313130681889422,0
0.11219573511975087,-0.712067649715857,1,0,1.5043024110289422,1.2448486431542631,0
-0.29037766514995045,-1.0266151203499225,1,1,0.2621364519286025,46.09804804144384,0
0.20611130092719623,-0.16627040494754297,1,1,2.3417840378276575,6.995758556094601,0
-0.34138976651355657,0.026210005214344995,1,0,-0.167323652948418,16.240191264807752,0
0.4722238531127799,-0.39847705506701464,0,0,0.21770576809063588,13.543362243497832,1
-1.4159360775845276,-0.2480102524159586,0,0,0.8808161618528744,8.572734487196577,1
-1.56837851156753,-1.0006289992757489,0,0,1.2301501782569382,3.3286741329043927,1
-2.40366372713006,0.1191724025128762,1,1,-2.1982195128604762,21.204663828667478,1
-0.6801512394049899,-0.3132140595994742,1,0,-0.5329298860632871,18.21661253716428,0
-1.0281255128217321,0.30886452122255326,0,0,-1.0453041192981405,35.45653528936141,1
-1.970821519709664,-0.9751945698545355,0,0,0.49580861394575576,0.1705744847081006,0
-0.09571666007741235,1.1746570766487239,0,1,-0.35424924783532036,4.93809808876462,0
-0.1809557190647945,-0.3102166223220525,0,0,1.6659416464569134,4.109608676466468,0
0.15057887017693844,0.9776708741919103,1,0,0.8539417853065359,41.65592087926518,1
0.1466042488353868,0.14366130535966956,1,0,-0.9541888392460687,40.6387921150402,1
-1.7548318719116194,-0.3307637664245485,0,0,0.3713520569329029,93.2442390114381,1
-0.052725502725028996,0.11091220634118419,1,1,0.2867451989103369,18.967155876117673,1
0.3523274894767533,0.7988120092022675,1,1,-0.2607466925792398,53.9230001244022,0
0.15512266578362316,-0.5623254182306291,1,0,0.9100749889724852,100,0
1.173279790026314,1.0372976655824089,1,0,-0.1143624553262071,3.6865660189777323,0
0.6152455421887522,0.4809659525944244,1,1,0.7730310517632915,12.779942131093353,1
1.4764203895437065,0.5553943009529527,0,1,-1.6091741747978956,4.308865908781352,1
0.9955770640295062,0.5685820987575763,1,1,0.09907367033863099,13.891067628518728,1
-1.0385534134627024,-0.8092871902973504,0,0,-0.03347954093808147,100,0
1.0330041485292727,-0.06286537905135003,0,1,-0.3062380415472502,32.409630097289536,1
1.3321698376420235,-0.5733914786817081,0,0,-6.0704334498355304e-5,48.33849353554141,1
2.0212484825257135,1.3279342096292721,1,0,1.1087542018006353,7.4020148285746235,1
-0.43372540133627374,-2.7286023567731412,1,1,0.23361406819943206,29.23454469136153,1
-0.07401804720601178,0.6706319451622385,1,1,-1.0325795961643074,9.437448406603586,0
-0.21177698202433395,-0.3691732414405768,1,0,-0.31170397545726364,10.196089854739629,1
0.3674946273067801,0.4968177548721705,1,1,-0.4739292974216338,39.94306857755419,0
0.2864224719414745,0.9807621114568673,1,0,-0.5227712575127637,8.88197325277154,0
0.17892263805640923,-0.27787179330202816,0,0,0.26164453757799444,4.373610176727279,1
-0.1931555648917818,-0.969018013241369,0,0,-1.3821379938565566,100,0
-0.03465764534489598,-1.9947949784587222,1,0,-0.26157112942415806,25.726946635355173,0
1.075609720867143,0.7694602764350305,1,0,-0.31237507089611954,100,0
1.1129118452968048,1.1925896486563725,0,0,0.5303849145319267,57.01287064894738,0
-2.7530314697882377,-1.904144941835457,0,0,0.10431525936268056,100,0
0.556687077162259,-0.6978877719369541,0,1,-0.29430283973667815,26.737969439716583,0
-0.6649978886188724,0.6073503455622979,0,0,0.38699869944798376,16.435792054549495,0
-0.0725721653284733,0.017509113455594374,1,1,0.13012559184931932,64.5279954539221,1
-1.575054814465423,-1.3431723414718637,1,0,0.7063194073128299,50.62411479773458,0
-0.9255038786040044,-0.730062806216829,1,1,-0.5288692256113664,61.69617155704605,0
0.7238599736112784,0.19756544079327756,1,1,0.9853514437832699,17.03630446919751,1
-3.0026607667622294,-0.24793114469256872,0,1,-0.3769862453708922,81.44549138782888,1
-0.17397788794345623,0.1221968205881457,0,1,0.37398664798219,1.9382486737415159,0
0.19991952300032284,1.0340081323579247,0,1,0.8056163715773381,38.599006769658274,1
0.4818082396032934,1.4675732486858102,0,1,-0.5182509551256901,3.872332187697856,0
0.6669737582406249,-1.7712117215748167,0,0,0.6653765604376455,39.32449454782867,1
-1.2637213060355001,-1.429454441486008,1,1,0.36584478009145166,29.117392953914408,1
-1.034237326176169,-1.507092357483169,1,1,0.7763275520881293,23.228410652085643,0
-1.1151595381987212,-0.5889266220152845,1,1,1.9411830549985039,23.347508320353914,1
-0.8653470122784515,-0.3739301632449314,1,1,0.46338868477375966,34.207375780091404,0
-1.0960228714568458,-0.1756021467932542,1,1,-0.7913050211869889,15.975788166242463,1
-0.5162170369532552,-0.17774480086625788,0,0,1.8730763313546723,30.853040411462494,1
-1.6605363765747694,-1.5997305145232532,1,0,0.6847464518392015,63.932144648922254,1
-0.8081227489795147,-0.07015367610092876,0,0,0.04906262106689931,81.93150326446104,0
-0.3927791878763871,-0.8943103718739003,0,1,1.1802698201498958,44.31146083616127,1
-0.9526062759314741,-0.8345192701862683,1,1,1.09421682287161,9.128273949187095,0
-0.28473268762348997,-0.46945335858369763,1,1,-0.2122511376656925,16.669258198458323,0
1.0370830742862476,0.7466037034115814,0,0,-0.025553100810849466,24.40383433799888,1
0.10003890545561835,-0.31590607364716505,1,1,-0.20173357854567395,26.889031338450287,1
0.1831433586426466,0.4358038471247968,1,0,-1.3073947372011254,65.04112566350906,1
-0.2848972448433307,-0.14076769771708184,0,0,-1.412131769395112,37.8132474588247,1
-0.2135647357792458,0.376793009537315,0,1,-0.5522903084627279,25.751274966271854,1
2.372396167159941,1.5942486921570502,1,1,1.027749263501722,28.305261314761903,0
0.13549571807456906,0.256979797551617,0,0,-0.8970531443759181,39.49290459793891,1
-0.19294360497335095,0.16273611030313384,0,0,0.48268834344741307,11.450375974390335,0
-2.3605880130422845,-1.2670753020052214,1,1,1.521772705443488,32.81010500803094,0
-0.023719554194645227,-1.2498931944070455,0,0,-0.8437849979137184,28.038952552069663,1
0.03994449274034573,1.0743879788249906,0,0,-0.770124665318787,36.73526853787681,1
-0.41796393165491114,-0.27904543493751266,0,0,0.004240407133149184,20.19120153606812,1
0.6481324007194804,0.9831802466450571,1,0,0.7120972952442828,3.0784873226788174,0
-1.1033815049239153,-0.37766149166174423,1,0,0.44272305660956873,100,0
0.5799688531501869,-0.49510241385281434,0,1,1.263155927623669,31.860940266672284,0
-0.7793444887420267,-0.7129996663393623,1,0,0.3340745336218733,100,0
1.6519735744032653,0.9541974354890537,0,1,-0.9606932824582142,38.54280536102759,1
1.0911527485450327,2.154672157580141,0,0,-0.1054576588810652,36.46750136794648,0
1.1771150773236394,0.5832856722285531,1,1,-1.7839055161590072,86.89855939936746,0
-0.46131695918447774,0.0905962973686518,0,1,-0.6474576072489895,40.530219301516084,0
-1.3327655227056547,-0.21117031598911445,1,0,2.0424659122282476,73.33115462678764,1
-0.7693566906591028,0.07029805192163224,1,0,1.3738064953430984,17.308285957621305,1
-0.5686483999436275,-0.4836271054562689,1,0,-1.6928868019699765,21.03420953129677,1
0.34015473753942416,-0.5227155564958796,0,0,-0.9329377362119122,52.82838774973477,0
0.33215090616541043,-0.18723713512218337,0,0,1.5055699707770327,8.98624783377338,1
0.21008559201096288,-0.06876730527881128,0,0,0.7062360767742575,38.42466484639761,0
0.6117690142001321,-0.41012496852283215,1,1,0.38125813841929546,86.88302240059646,0
0.3006034653249247,0.9102351618732525,0,0,1.241473320192075,62.52036138795046,1
-0.47800004921865274,-0.6619651348832869,1,0,0.05780453631219574,36.91561848871876,1
1.5968681179059134,0.1925420759433537,1,0,-0.5403812695729908,28.126147599923755,1
-0.5056380209759495,-0.5486293636553072,0,0,-0.07835327776179463,18.675401646264945,0
0.7520005169189679,0.4575741699428763,0,0,-1.9002029067762207,38.0313518230393,0
-0.18661531913431048,-1.1651430621790135,1,1,-1.5984838783191517,24.31341167266719,1
0.57320297119112,-0.5495640460434461,0,0,-0.941244535487175,5.74901421043625,1
-0.7357214093653045,0.40274564161505816,1,1,-0.7384838690153511,11.757617462270717,0
-0.11685973271923908,-0.6610625025726985,1,1,0.33470688010371485,25.161679580521724,1
-0.803453540328042,-0.40002181831560907,0,1,-0.7904594072307767,0.1408417144957577,0
-1.0649508688608482,-1.5552278671780606,1,0,-0.018771110252165813,82.50028849922208,1
0.4651510806408978,1.1416380188749398,1,0,0.1649758774914511,5.879432820932867,1
1.823610224330729,0.508753926461232,1,1,0.18694459737044775,24.890623729566208,1
0.8702057868792099,0.38202992106251316,0,0,0.5817281942569871,2.4179493865112067,1
-1.7040403153129846,-0.3508064646438246,1,1,1.112106930317928,55.02235369775374,0
2.522628724927561,1.1946594200208331,1,1,-1.2414348487653553,23.61633339113784,1
-1.6144727764254887,-1.036495652400402,1,1,-0.25170924876815504,21.56009537463909,1
-0.1970675081676494,-0.38168619928033765,0,0,-0.2524017663025622,27.78594300054549,1
1.3202950222917866,-0.3130890827647227,0,0,-0.7252329533491176,47.77181329213583,0
-0.17999034851362275,0.10165027208387163,0,0,-0.8367400680602539,25.923421608407445,0
-0.16018026322073942,-0.3912207258679882,1,0,-2.2052443694117128,99.92993246512468,0
-0.5284062363429428,-0.5838811951560301,1,1,-1.3722504176336474,40.46660537095592,0
-1.2095423806008505,-0.33599745659919217,1,0,0.5323808954474919,39.45786994271418,1
0.4089532056637906,-1.3239377544915614,1,1,0.7042566358531898,15.090472657964453,1
-0.2716186633036802,-0.8866501247397058,1,0,1.1817340826461633,54.786634511737105,0
0.3782420062655292,-0.40120490671741194,1,0,-0.031135067556127757,43.607945886200184,1
0.9909749609317491,0.6488696041398108,0,0,-1.9448473119825112,52.57644236861161,0
-0.4741498074078743,-0.010736660035609996,1,1,0.033081489909211635,76.53027613730065,1
1.5694038640495505,1.477622790666415,0,0,0.7821898299662656,0.5592616132035344,0
-0.13235428060308763,0.619220487767328,0,0,-0.4037353452052559,8.743637216397763,0
-2.1032810189149043,0.00576660777431548,1,0,1.0413624986504253,100,0
1.3778940540557196,0.24927311672731395,1,1,1.012370653817259,3.9323889042273583,0
-1.5338101024592954,-0.10949841062702259,1,0,1.5405176411327692,12.972909410105634,1
-1.8115304248137767,-1.162410460266367,1,1,0.903347626077922,21.284188955157962,1
-1.4544057731383455,0.3635637099461765,1,0,-2.576554536135156,79.99304808541976,1
-2.0638815335821783,-0.8706948897661513,1,0,1.4118567528640622,89.78461099262853,0
-1.7875901887868697,-0.7379749491543443,1,0,1.423237488891568,10.964847830644748,1
-1.2161069457880818,-2.2073267601924433,0,0,0.03445183233443874,59.020845338697605,1
0.3955773443003476,0.8172730408164168,1,1,1.3220655561954162,46.27405439214409,0
-0.5632965536894644,-0.6687170340213613,0,0,-0.8682181256444488,12.27520689414814,0
-0.0036320208387560166,0.5717377022500426,1,0,0.375231841364965,82.66797480458207,1
-0.001099061331387378,1.3647505374363107,1,1,-0.249183294127388,5.963604257848546,0
-0.3597862001018613,-0.5132448486558608,1,1,0.5544908814042694,49.38172697003783,1
0.41333120273010837,-0.003507222760450901,0,0,2.10591978361714,89.97527371252791,1
1.1426595385478573,1.1686502606759763,1,0,-0.11688294806375236,8.437006077866926,0
-0.4040264765326634,0.5085526759881273,1,1,-0.6992692799621291,33.84360339572338,1
1.3250411425943114,1.8960921560044315,1,0,0.4323918269938885,28.811880332795262,1
-0.4714252392231684,-1.2933407680018794,1,0,1.0166701763536066,8.117887277657594,0
1.6271046013605848,0.9568438828580148,1,1,-1.1045071431285034,14.182401346095762,1
-1.44614150264141,-1.7578458268073849,1,1,-0.49240566061725416,13.03000288418243,0
-0.19691279874918857,-0.09787994178999655,1,1,-1.2122762560593623,1.3568948089943302,0
-0.47589055473090147,0.12824113892694228,0,0,0.5727293650872948,66.96576857708554,1
0.3592739719450949,1.6193475168496068,1,1,-1.9468967018718626,28.86227408032237,0
0.40217358339489057,1.0541146901808298,1,1,-1.3462925456612995,34.15347802309976,0
-1.1075645121492177,-0.2329100530299803,0,0,0.14817224367257345,61.41397403081984,1
-1.4928514250621019,0.013853033432633333,1,1,-0.721706692941137,5.466860756892672,0
0.016454548008657678,-0.24787328656172106,0,0,0.05688742068438896,46.45782433939298,1
0.05375646925242824,0.10338890775458438,1,1,0.8803128075774249,9.185717391384388,0
0.04077396693682136,-0.13603173286317818,1,0,1.2166816808644503,23.025107136757217,1
-0.7801425916306717,-0.9539583638649571,1,1,0.17083477929637098,96.82461689021743,0
-0.3186526727906079,-0.5860647326001653,1,1,-2.0412967489205873,14.55410844415032,0
-1.5953108570297037,-1.6316551510982145,0,0,-0.15235027045108807,31.648487746601297,0
0.13248127193809378,-0.4520456058293069,1,0,-0.488753964043906,26.73047460313589,1
0.15204570665559564,-1.0163413540141475,0,1,-0.04668920692869289,38.49936203177203,0
-0.917326461513552,1.401124804976556,1,0,0.06771312798036873,39.381634818618245,0
1.37068890788895,0.48037500889193085,1,1,-0.20422050126137528,23.52176082408646,1
0.4179954079835825,-0.14622404304907427,1,1,1.1435581140654463,17.7972325572092,0
0.19118021288196377,-0.2921580248088363,0,0,-0.9112507329058577,22.315977361634623,1
-2.757630165443104,-0.8663023365268556,1,0,0.9710027477364956,13.361450600062106,0
-0.5277961794513013,-0.7178138676924102,1,0,-2.0861356870164047,76.0707259628498,1
0.9271396117333579,1.1348099173200823,1,1,2.2397807940270287,18.78373254434381,1
-0.11556583795545836,-1.2743390621905715,0,1,0.8317488468205281,39.01570701165048,1
0.3455311503156075,-0.2899019978133417,1,1,0.5163505891652864,24.127122947318764,0
-0.7954872083339448,-0.22429783271531695,0,1,1.0671021322350804,7.135562041185869,0
-1.470517983557911,-1.6109125844871395,1,0,0.7304404988049155,100,0
-0.5138615105413112,-0.1520664443979886,0,0,-1.6172667995830112,99.34857056560028,0
0.31089324120058615,1.1659772957567207,0,1,-0.07796415929134569,1.5494727519303215,0
-1.5857667910424007,-0.4318629928810076,0,1,-0.03006914761437528,30.6995122044333,1
-0.11011203418504745,-0.7981635939870628,0,0,0.8463714647569165,57.514159672449026,0
-0.2244763039920666,-0.3422675085187779,0,0,0.36889322606925723,9.312673896128638,0
0.5538308510494802,0.9154521397651509,1,1,-0.05285030069900025,69.48026437927273,1
-0.4519455641078173,0.0027999654012179076,1,0,0.18313254107637786,100,0
0.23590883026657422,0.08891380872632555,0,0,0.5222509324014526,1.192917781573306,0
-0.008813462198008966,1.1687276379312526,1,0,-0.13169067752961489,18.83568197994048,1
0.02962757042249124,-0.9544027568176968,1,1,1.1976593992963278,17.43874257911849,0
0.6285352743501611,0.17009020085090215,0,1,-0.1522295204630371,0.006618749343362464,0
-0.21390247221197778,0.16790447219526033,1,1,-0.31672747367360726,23.365805068010836,1
-1.6758757951186216,-0.61769917721039,1,1,0.13346280831133528,16.848503051039867,0
-0.12932288612323753,1.3985524196407169,0,1,1.051040228700041,33.87324650686861,0
1.9157753660167238,0.712313122204429,1,0,-0.7377752933457926,6.580707773782725,0
0.14628042608688718,-1.1518879979819945,0,1,0.19106395846505514,72.6140521420016,0
0.2129120515150777,1.3969005698666421,0,1,-0.3902772743802828,40.949005899453724,1
0.039557254626265324,-0.5726529661570489,1,1,0.6246143387982163,1.4979021345166204,0
1.265365772406053,0.9721500731062716,1,1,0.8403128279662567,30.424583394381,1
0.18629018498364205,0.04778422906676737,1,1,0.11786146745498285,30.518311628949782,1
0.6455959052508634,0.9005539938640441,0,0,1.5514093087231866,11.411140537653036,1
-0.7163584900329768,-0.7353428099517778,1,1,0.2388782005117241,3.897813414875535,0
0.1696461490544227,-0.7091372497666023,0,1,-0.4058339024369218,83.52826440604011,1
-0.7691960105237868,0.06294456207551585,1,1,0.10535463320467998,43.33667589740137,0
-0.23172020284017947,-1.5247053181868115,0,0,-2.5516648516120846,35.51727401232419,1
1.7592569643798273,1.1294409722426186,1,0,0.9008794615958774,100,0
0.06133713022515812,-0.011158179145719926,0,0,1.3489326257428764,44.14999967164626,1
-0.9893796100009392,0.05536389520398005,0,0,-1.0651687224732647,100,0
1.0511644796137334,1.5229999531883447,0,0,-0.2602626941476452,6.6011143199887305,0
1.276027797896376,0.6998278759475134,1,0,-1.8101647436523118,71.70228637558554,0
0.5988489514879352,0.5926255210569569,1,1,0.25042674133477405,9.494792345192534,1
0.2518937798347497,0.7227521423995773,1,1,-1.598093412923984,31.10997697527736,0
-0.7784894074669011,-0.7531776886740692,0,0,-1.148271560117066,11.875590914917758,0
1.1696522552262223,0.28057859157421705,0,1,-0.9797548792749938,7.42021741787287,1
0.020608161503253324,1.0518980794778174,1,1,-0.34281749852339066,12.237687645613518,0
-0.9747494939766381,-0.9905929783848516,0,1,2.513999972322867,4.359935330877395,0
-0.08175540386042485,0.2630077762631192,1,0,-0.2605645359188914,34.02193486016512,0
-0.6539339987575533,-1.577562484441806,1,1,0.4677694144514158,23.7275434115208,1
0.8436090069186658,0.18743203666184957,0,0,-1.0887202213157665,73.04938925408769,0
-0.8996203612382608,-1.2340265368253522,1,0,1.6235727509851667,71.66023128790097,1
0.24797347653525006,-0.7312828690810932,1,1,-0.2868451919805701,27.552061239536442,0
0.4740179297767921,-0.5788456878041676,1,1,-1.252205679190112,11.07346836872219,0
-0.9738535623615395,-1.3027763088002806,1,1,-0.37459069056551486,23.23393023414344,1
-0.0387550960698001,-0.8880157310605012,0,0,1.0641762365265963,52.516557409247916,1
0.2565214277336367,0.38275011548105753,1,1,0.3535460762592677,13.662846882951136,1
-1.1091811447647648,-0.16799388001996968,0,0,-1.8468189926969103,5.050850994082341,1
-0.29157308651096814,-0.044496633841402705,0,0,0.4801260613380285,8.708067391641148,0
-0.06011507969821328,-0.08013788999244807,0,0,-1.6263272378806404,24.710408440685725,1
-1.1580091458724646,-1.7157502632676302,1,1,1.3830469984609108,18.04529299401466,1
1.1021619281121684,-1.5481347809787507,0,1,-0.017158642442270423,8.634214923897146,0
1.4117832745083865,-0.1411310823472669,0,1,-0.835511425430504,16.390727294218397,0
-0.03967166135917124,-0.48579849041910983,1,1,-0.7265424288676072,13.54265635777217,1
0.5384527955448746,-0.18833894813426277,0,0,-0.2391551502937135,28.469066304251236,1
0.6317188674963202,1.2759267771674803,1,1,-0.10213737372849707,12.612947536916456,0
-1.3193278256099223,-0.7135080325298305,1,1,0.010679936493757472,12.588097986555361,0
-0.017695891516981248,-1.1621548775675448,0,0,0.7666555959806742,100,0
-1.3799143282593254,0.33815502659698593,0,1,0.3389230762225247,30.006882955994815,0
-0.8239804951317379,-0.014941655383768071,0,0,0.5662138111955217,42.28228507286841,1
0.6488076182332456,0.3562623558211586,1,1,-1.0936737021884622,41.77993224527976,1
0.07971386438760368,0.04795685193115047,1,0,-0.08869695103580891,100,0
-0.4292019526918373,-0.3619453795996018,0,0,1.4715988161021045,37.751886638366635,0
1.5054918221920084,0.9058222453441083,0,0,-0.4860294553748873,2.5075259030743133,0
0.32216099089337225,0.25752781493319143,1,0,-0.7205560218946031,31.430347022661454,0
1.6279343614079334,1.6894141863105654,1,0,-1.6491320250235941,25.081747969732533,0
-1.081226699817793,-1.830034702200592,1,0,0.6513549895972527,56.0686762570904,1
0.2537486440733845,0.18328599065207526,1,0,1.1223571833521448,32.05250785858888,1
1.3481434948065054,1.4563214651363816,0,0,-0.4507897911073486,28.933720030021345,1
0.5465487700613075,-0.2761026519747006,0,0,1.3051500231148676,0.9514363829644571,1
-0.39681472295471437,-0.6599587448137407,1,0,-0.974723150305269,81.19514067446282,1
-2.8144412116289192,-1.7869488539728269,0,0,-0.5388658316827701,45.303886740487144,1
-0.3132352975602744,0.3451964316256959,0,1,-2.4800346019437227,32.96469915821597,1
0.8106574548007359,-0.4251295723017291,1,0,0.05138083435522564,7.298165219539373,1
-0.08172376444168576,-0.7160429999162182,1,0,-0.44493604959027894,100,0
0.9075940776484221,1.544719304823663,0,0,-0.41377738114269197,83.01469168085886,1
1.224321439975676,-0.5816031978314788,0,0,2.4965132615996883,83.84481210895409,1
0.2471266719853649,-0.3163264336032303,1,0,0.6540317130558769,22.64988483477437,1
-0.3571996874689727,-0.26074879331446066,1,0,0.5467511714152395,100,0
-0.1807326097116639,0.6808648757689658,0,0,-0.07500930374689603,16.909384765630442,0
0.001322485894449037,0.04594477241423572,0,0,0.07079778694837573,30.503943436444683,1
-1.9068215816739067,-1.5586024365397324,0,0,-0.07416937524099372,48.51783016874642,1
-0.02677617835720874,0.2725915187832102,1,0,0.15360004699286228,48.30720421486209,1
1.7049722788913024,1.3054183713920398,1,1,-1.1797253405177541,4.031491128200637,0
-0.08608493992265745,-1.29490655956345,0,1,1.7302365721762618,74.6032063040281,1
-0.5848436535483448,-1.1061757130223866,1,1,0.08377076827810763,28.947557113693275,0
1.1087211169032514,0.599552460258282,1,1,0.1390499431967394,16.195859804426583,0
1.6664308537244645,0.3304326912638176,1,1,-1.954877635641101,24.705830715485277,0
-0.4918792538413692,-0.41856480767279947,0,0,0.7198789367688858,13.781114488721553,0
0.4290761519142456,0.24044139360133698,0,0,-0.48593785209450896,21.808365342892728,1
-1.8713423090191157,-1.3015366676337732,1,0,1.659893047534928,95.56042811755758,0
0.25683700570716517,-1.4344787096548344,0,0,-2.6488838911078836,46.09447668631458,1
-0.8703584045112676,-0.0888710956041378,1,0,0.018506981104858412,43.401584225621626,0
-0.6765304879290144,-0.4932358451870734,1,1,-0.006723403596279864,13.792996364858963,0
-0.19098663236238297,1.0199632686545967,0,1,0.26891035302714467,8.081715567965936,1
0.11729446754713178,-0.8336847366548944,0,0,-0.7250372180545867,27.351869670495493,1
0.8495520506112515,1.399359195308366,0,0,1.8040395353986496,11.212219633399805,1
0.427536282278976,0.7006649925588264,0,1,-0.8263555708792564,16.19937696699277,1
0.19599143934653193,-0.051676792670774255,1,1,0.7985908536792772,33.68816110379134,1
0.07955527076556368,0.7916521238718914,0,1,0.4285330604625736,74.31005783513073,0
0.10208962537153454,1.979824365959269,0,0,-1.2069692776752388,15.720848705601588,0
-0.3174810833569635,-0.39739119504327747,1,1,-0.4014197503398276,18.757178636532903,0
-1.5509407019708892,1.059803772977933,1,1,-0.8517838649845205,28.40754829130567,1
0.5027377230248734,0.8161292830764013,1,1,0.07161735669721384,65.50044536176134,0
-0.8179362042472645,-1.0118121447842727,1,1,0.6612534991467226,16.734524013819,1
-0.32026502955541536,-2.1447572334808154,1,0,1.4399894583153976,38.025289288926984,0
0.6879436501787687,-1.5364895712812079,1,1,2.341070236731826,9.453410728481984,0
0.9648132498774519,-0.495648572968783,0,0,-0.5741764529590264,39.64534426795683,1
0.23215870649695655,0.22420766002881148,1,1,-1.6699671275515937,14.499615585037079,1
-1.3651209976907805,-1.0281644439580013,1,1,0.25676612172175123,0.33494463171111427,0
1.164134452156679,0.7481404767276273,1,1,0.9144356754497444,20.83156674992083,1
0.6684597292948999,0.9197820971974049,0,0,0.4691646611174692,39.92590455025799,1
1.6118621438188443,-0.6260468413582303,1,0,0.3077734708561681,40.119108448761935,1
-0.9245603370341057,-0.9850719370444434,0,1,2.05910302287359,6.640427880291627,0
0.12705087779726995,1.9930044729633103,1,0,-0.7642822306632189,58.477690840936084,1
0.2244141369603022,-0.2961936372582769,0,0,0.6401857066193668,35.032159525327664,0
0.4104823153463202,0.7288058599121913,1,1,0.2266372851954361,1.9175253097143203,0
0.96192391523673,1.2619175365403708,1,0,1.6410312406342975,49.831685951932144,1
0.05610082093740013,-0.6654170270442732,1,1,-0.7426105209225315,100,0
-0.5946257351042168,-0.5240277306045401,1,0,1.3297441893719124,26.10474178222836,1
0.9506843692451108,-0.44069166447624575,1,1,0.7001825160215711,20.51333680517467,1
1.0342924644337148,0.8275157940784509,1,1,1.9482670246103264,11.981128072602408,1
0.07893106413773307,0.32898643986585724,1,1,-1.3189262773059982,24.893474055889783,0
0.672566507075964,-0.19567467413933376,1,0,2.3711417532039603,1.408161158314,1
-1.4705188119153756,-0.7814100068854339,1,0,-0.3126128054914989,54.19552898877914,0
-0.462001214922236,0.4365942158309794,1,0,-0.7423603591854671,32.3305541375541,0
-0.234470690526258,-0.587609138756589,0,0,0.34622150951584685,24.523031157729182,0
0.9663865146729029,0.513615842228793,1,0,-0.3261703464361148,3.6298831150817907,1
-1.1809127873177905,-1.0297696405319328,1,0,-1.9804347446909545,47.49663349803101,1
-1.4264591722357025,-1.064720382794401,1,1,-1.102670810594984,32.02486643988585,1
-1.2838456498553312,-0.5789668894355937,0,1,0.13016837132082024,6.3343569780643625,1
-0.024890404988683775,-0.3000168238087656,0,0,-0.7648550055002651,17.304158606588032,1
2.0782116318013344,-0.30763688501787123,1,0,-0.592532941438666,18.811954503761207,0
0.7828770620096996,0.9162189376626348,0,0,-0.2600205135570882,100,0
1.0583930134151782,-0.40099910312022813,0,1,-0.44742373045522627,54.03838073592134,1
-0.1502325902323684,-0.024448763641436513,1,1,-0.16195164117682267,11.700935586287947,0
-2.4768578639197627,-0.8044269443052754,1,1,-0.7575963443889596,10.632330702184131,0
0.38907924226999996,-0.43573873591780965,1,0,-0.38718019285132227,12.036941018264177,0
-0.9739893596716283,-1.7874432324810883,0,0,1.0586112404075276,67.12987490025381,0
0.3034185479658351,-0.3737313740677042,1,1,0.06377810849072152,9.34122939175527,0
-1.0923562944070673,-1.7429803951570881,1,1,1.6300727118439986,40.20403236329608,1
0.11022839037711776,-0.6385537392406746,1,1,0.9123474660802673,53.190469348951524,1
0.7715374759089585,0.9402265457269074,0,0,-0.3842816191697386,21.06448158332336,1
0.4755730253676907,-0.23609664955277668,0,0,-0.4266161289734812,20.414252438788527,1
-0.5896461025228141,-0.8484682886110396,0,0,-0.06139294665152604,25.025683869729626,1
-1.1133289332355598,-1.4358890189843474,0,0,-0.13708403267799096,21.83981102005608,0
-0.8142652579153098,0.2128661715333664,1,1,-0.9339228312545588,100,0
-0.18473605166133522,-0.3204474409169544,1,0,2.4196454571948047,54.90568991878659,1
1.678016595985339,1.927750385055544,1,1,-0.7220808662257274,5.036913409443022,0
-0.4820307544190093,-0.1480870858400595,1,1,0.2876297992494499,1.4835672199106507,0
0.5765234313737089,0.5362798911024904,1,1,-0.06925701393549585,12.321847675364715,0
0.22548229984695337,-0.36355339989632424,0,1,-0.5725667201295473,4.5461429165729905,0
0.27256011181082,0.22828232104484364,1,1,1.7752996732564508,53.59063701146653,1
-0.19450594633280016,-0.1841889591277009,1,1,0.5304042890598728,18.107456643827764,1
0.04595001752190428,0.08137442746893708,0,0,-1.3731562346901995,12.151207161074735,0
0.217633771968359,0.1745393056785115,1,1,1.1959844880302906,61.22443972039652,0
1.2969806566352706,2.275245382635939,0,0,0.9542263479531807,6.52027064094534,1
-0.12280926506035018,0.5007415160834207,0,1,-0.7358125114805658,39.00435551780582,1
-0.4993739381855892,0.3487405115044537,1,1,-0.4720767413814804,34.35260287225426,1
-1.4276983491814705,-0.04865545017649098,0,0,-1.2951763012524904,75.98415534960625,1
-0.029585592593742525,0.1358661602494127,1,1,0.8188559970015648,26.669294612205608,0
-1.1633032346515428,-0.7491384323894114,0,0,-1.6593837527584705,2.622265240232578,0
0.9502756656816828,-0.15467240286978018,0,1,-0.8653837389442104,100,0
-1.0304823409247783,0.8086707995574844,1,1,0.6500043105773448,11.19537742744175,0
0.6759691588058885,0.8667019169739112,1,0,-0.41261815131054624,6.777390030335884,1
0.41689033091502203,0.20703833545847863,0,0,0.06764388481874957,46.83129595832903,0
0.38607379083816656,0.5251764328646311,0,0,-2.5569204890918185,78.97340868068609,1
-0.7943888295270972,-0.7061176561332283,1,0,-0.5798632808682327,47.1064198590545,1
0.38960775707051376,0.7154210985713649,0,0,0.4690315730686222,24.48952312961096,1
0.5150577215642556,1.6103883295467754,1,0,-0.32164657873885394,7.933873214382517,1
-0.44379857264381256,0.13075519194889682,0,0,0.5711054173257766,35.27268432713989,0
-0.7842391576505683,-0.5287318031501869,1,0,1.13428008996971,100,0
1.3139675248247658,0.199949262998233,0,0,-1.3199310627717724,69.05805568046631,1
1.41821926874099,1.0772339403684121,1,1,0.6395002656827893,25.63662455805318,0
1.0446809706021776,1.33025746332881,1,0,-0.1397317590310592,10.824163530398513,0
-0.5491949062689897,-1.9017132371947383,0,0,0.257493398837936,55.62498801506381,1
1.7014289859711427,1.0555244580156042,1,1,0.5179765526631469,17.792988323965414,0
-2.5584419603098616,-0.7966553863009688,1,1,-1.0880862560006672,10.834930079357221,1
0.16459318517723637,-0.19034945327993433,1,0,-0.8657389168658878,64.52314110673453,1
0.8804666126483355,0.6117211412789915,0,0,0.4696526787143094,60.080142536532364,1
1.0195553801030923,-0.0016454392037779098,1,1,0.8543199100363834,40.932981807868444,0
1.8151659186865423,1.3730414130283453,1,1,0.34059861743562203,22.5886896055092,1
-1.1699271836116814,-0.8338300204249125,0,0,-0.5136819980638282,100,0
0.6231603934816353,0.1707961473089196,0,1,0.6152010979816596,35.013798652531456,0
0.9458233630406601,0.560257240797318,0,0,0.27769791736840255,41.83668666531717,1
0.2924655621886146,0.7376822586622874,0,0,-2.4602540769077543,5.542730704253445,0
-0.5710294747536624,-0.7479566403472755,0,1,1.1567011824162108,13.202467972508964,1
-0.5694720663919433,1.2980558077995112,0,1,0.6323059212896465,13.643716999257023,1
-0.26617033676658647,0.49153007191403986,0,0,-2.092180784206828,55.137979235401126,0
0.1652723649989206,-1.1661069464374436,1,1,-1.690640973405839,27.71747141169424,0
1.6603314198793149,1.160877598187468,1,0,0.3776550435476913,16.649170457651238,0
-0.05695112580505753,-0.7316760856441821,0,0,-2.121837907052062,64.251710637121107,0
-0.521528382238366,-0.5510202384074601,1,0,0.20757144801920313,24.59756744881575,0
-1.376426492066478,-0.9543334859775429,1,1,0.39310766261582214,12.742840334881409,0
0.9001532158578455,0.3448425514450665,0,1,0.5558122921140349,30.891493856705466,1
-0.9706192502991651,-0.3939043474082076,1,1,-0.6751475184117103,59.06588297698152,1
1.5725848777654288,0.8334487226321817,0,0,-0.5700717800389622,55.411500566134045,1
-0.41300259692515745,-1.3015871450880707,1,0,0.7614381151068207,100,0
-0.7673882463746304,-0.25176651452705334,0,1,-0.755618629065828,52.85983306038509,1
-0.4995357391050112,0.024845990123913225,1,1,0.9867498878361586,13.802572239390207,0
-1.8228997900461315,-0.8595578567075857,0,1,0.6306575350579429,28.70359348977015,0
-0.8988273649228732,-1.1169531516906575,0,0,-0.8447105293087455,21.01434608543789,1
0.6902700619380108,0.14705098551100648,1,1,1.3204082039741234,31.903671868200632,1
0.4269819242602716,-0.3357005566973043,1,1,0.9642820228736869,23.852641053861525,1
-1.5253259266931212,-2.623130052951816,0,0,-0.12099319454858821,100,0
2.0218384718953875,1.4970574039279834,0,1,0.02338174774273542,15.083529564874956,0
1.296645355313227,0.7781236230110181,0,1,0.5345215380193898,19.22394946036507,1
-0.97327813325028,0.2837775353418336,0,0,0.44776675246133285,53.300886045465674,1
-0.39511168614790315,0.3413539081424676,1,0,-2.026933120280409,58.57586942306066,1
1.4255760517540408,0.8607234852994654,1,0,0.8670143243804215,12.003636542860287,0
0.9405331642140256,-1.2918812159038024,1,1,0.03301735235411158,33.82452948373036,0
-0.46027492605416837,-0.06488404271976325,1,1,-0.3870735338835205,22.522901943707307,1
-0.21166029257930233,-0.4803006235038033,0,0,0.15245353700377035,22.12102458727766,1
0.06791330390887045,-0.6975917635295932,1,0,0.06585449149304322,31.66654595485416,0
-0.7042631259535477,-0.6391371919289741,1,1,-0.41980330152323764,7.084738034101101,1
1.4512968012085359,-0.3092649277373988,1,0,-0.031013816817625394,9.959136853557101,0
-0.9979872645245925,-0.5532241711355915,1,1,-1.623849432962475,100,0
-0.22100916822902728,-0.5961414212666023,1,0,-0.057495805533995505,46.51919050274832,1
0.9675885131364436,2.2276696882839326,0,0,2.0615342393327776,12.173715302623778,0
-0.0351112343009933,-1.3545822686517999,1,0,1.5253055892839293,8.727235624336108,1
-0.15835305349373788,-0.4843420655929416,0,0,-0.8720245719280723,100,0
-0.12378795464663575,-0.7449748934349552,1,0,-0.21300005914446662,48.02057623189157,1
0.5807704087835299,1.5792682755196994,0,1,-0.5899240492834065,5.739885105209342,1
0.5479679702719659,0.7535372185896891,0,0,-0.3151646104260169,0.45453594395116614,0
1.6387895733768214,1.3554943724575654,0,0,-1.7790081560900197,41.89451364446761,1
1.6410693789062307,0.9628054238119786,0,0,0.48216318252436957,41.115149587992,1
-1.144440710323486,-0.7829974970234027,1,1,0.6516389595682736,40.62608504194408,0
0.26470665792513937,0.7854122608382977,1,0,1.169133890893994,45.188348002598794,1
1.935230244618163,1.0245565919371324,1,0,1.7344692105044537,5.22190261658427,0
0.6703593373717519,0.04591234624722468,0,0,3.3007316753259532,74.6690667968131,1
0.6306906501460889,-0.21284881673150258,1,0,-0.7766629301822392,13.128687925090276,0
-1.2140938085670012,-0.7639735057023,1,1,-0.9945447772729717,9.979998582012863,0
-0.16816689950263858,-0.07316133492502148,1,1,-0.11545069401075903,35.92111501185727,1
-0.751381368284263,-0.9085024192889115,0,1,0.18749013182885407,25.42183232453825,0
0.07072333083773567,-0.2718427690621944,0,1,-1.001658779155851,14.752344262679989,0
-0.5701385800839287,-0.32106277472641576,0,1,-1.1062853835798214,11.791019099044599,0
-0.7751778042478775,-0.42416031004385757,0,0,0.7668746110442987,9.615420830417834,1
0.2981691796572939,-0.4382651883696508,1,1,-0.09014902656920169,64.20206930483735,1
0.8181910272772986,0.6249633197782766,1,1,0.9443007507096267,3.2546813701649415,0
-0.12326428935056784,0.3580782198043208,1,0,-0.7006159779190237,12.049469784232326,1
0.3353415130318787,-0.8827133618128832,1,1,2.406043467134842,2.9556398939517767,0
-1.7654802799322022,-1.3885343337736387,1,0,-1.0465862185280101,100,0
-0.3183618010043385,-0.014897594901969596,1,1,0.012316577551237872,34.47735919110623,1
-0.7044978214138916,-0.5295222770121533,0,0,-0.13165568858868884,67.13891961613203,0
0.08037539104586283,-0.619464419135482,0,0,0.5767394361783721,22.003585190256246,0
-1.3241722917811158,-1.7923372386973617,1,1,0.024583008329760795,44.44305230618462,1
-0.37632081518372623,-0.8605366802434751,0,0,0.37873444988648824,79.57874916250684,0
1.0273886491795474,0.09031078316586755,0,1,1.0205170314449432,19.32571746999527,0
0.8623475881913703,1.1597863120145186,1,1,-1.7684823731924577,0.9625168379273676,0
0.15644279671952085,0.7239931018965191,0,1,-1.5017610259042102,32.41135320883614,0
-0.4421450115985942,0.6437199608545963,0,1,0.1690683164093717,5.649302586017861,0
-1.1579092891452003,-0.5549304542173527,0,0,-0.9422362926143236,52.09676142358775,0
-0.10216022447755173,0.8370027134449258,0,1,-0.1566439213143725,78.58513204836484,1
-1.7102076935379988,0.2507648047961807,0,0,0.6269831930846552,94.4891202007989,0
0.3552191922390708,0.42633813473818466,0,0,0.9703704917109354,14.052149882879128,1
1.3252574678405877,2.3269905778765327,1,1,-1.1216878005758137,16.68301565391636,1
-0.8955603072789446,-0.0031503808720239057,1,0,0.41260375074978106,67.03891300448825,0
-1.217920411897813,-1.4070968862646414,0,1,0.8617040463336367,1.6574720209510923,0
-0.8616966489611967,-0.0411591057427389,1,1,0.3788530573792029,41.5042115118468,0
0.49335891927950565,0.053543975487151035,1,1,0.3770384998513305,34.83643537672842,1
0.07741260862311601,-0.9861952291835135,0,0,-0.26348802600077215,93.79893253403897,1
-0.19418285089204082,-0.5259634998497446,1,1,-0.45047415820482833,35.943059385057055,0
-0.9651279055094326,-0.36483957359575564,1,1,0.44299499913982643,63.51887165580992,1
0.648973499473504,1.2910772685853298,1,1,-0.5268114209285323,53.20334870423525,1
-1.1520617424363366,-0.5456964974169835,1,1,1.153103853548071,3.5478874113414833,0
-1.1626630958865947,-0.5822437112980762,1,1,2.194101943834372,3.067459431346844,0
-0.106889339049851,-0.06581893408486525,0,0,0.67889704969233855,100,0
-0.8819744707427533,-0.723139885574771,1,1,-0.7902767382589867,3.393209587326362,1
-1.4504441062235858,-1.0393331391290346,1,1,-0.2593280838459469,12.970771894153623,0
-0.26217500155032664,-0.1510387147384512,1,1,0.3018033072178751,10.454820351641194,1
0.3502131474784243,-0.20023672960544256,1,0,0.36069302714683066,51.505371887209876,1
0.4163540662390797,0.8921565871157748,0,1,-2.222636240872835,8.080716332096772,0
-0.2754173080707122,0.15173158914139256,1,1,0.7734153118902329,40.520437289362405,0
0.8335459586106222,0.17600285883924813,1,1,0.126621288782799,47.24865307507526,0
-1.0354912753680603,-0.864004541095715,1,0,-0.5200528000280477,22.757481247177964,1
3.138083133771765,1.8829060541085703,1,0,0.6140225948872846,2.341047866428898,0
-0.004966851776585496,-0.5038513867897781,0,0,-1.838633287925569,56.569422838659364,1
1.33016234482615,1.7164754048884137,1,1,-2.481083415464371,6.386822171276751,0
1.116445641383155,1.447946830892404,1,0,0.42454835317350814,22.257218498885226,1
-0.7136521133851557,1.5316297252296744,0,0,-0.40418552770873484,16.60375707955515,1
-1.0293068187706944,-0.6229364531851637,0,1,-0.3942803342722869,29.291389457915187,1
-0.5255039553559976,-1.2260351018339688,1,0,1.0143299151416345,13.003175282406087,1
0.26482063541433354,-0.13764664062223936,0,1,0.6857420026891138,3.436090479000716,1
-1.0892933466319523,-0.3069221241202454,1,1,-1.0630662200463292,6.286953079535179,1
-0.07765334886277626,-0.3759928549694147,1,1,-0.014647905554314224,4.638501343761489,1
1.594985942933317,1.0399823472529561,0,0,-0.8014218763137975,8.824072462565024,1
1.1355801365536804,0.12021309514424505,0,0,-1.335351787900797,49.95458962676963,0
0.10161536420834108,-0.2933653776189833,1,0,0.7822193346641627,10.012610474876075,0
0.14780664650836337,-0.4498516474303633,1,1,-0.4656623510023034,69.14620382602575,0
1.0506684199043748,-1.0499874447328617,1,1,-1.295496352564191,0.1071204805055953,0
-0.046828004479124344,0.9203098215286607,0,0,1.722859242937617,14.455077615657503,1
-0.4000843355768838,0.018331393184092132,0,0,-0.9157391804024673,3.4273998478469223,0
2.131995625991961,1.006222345939927,0,0,0.8889721413084803,14.808334345072302,1
0.5116920856493425,1.5246599697471552e-4,1,1,-1.1862126691991268,45.4911292829629,0
-0.4571671354863593,0.017394121191318695,1,1,0.7577652091320526,7.750707426574252,1
0.28130522648880385,1.5903090055350828,1,0,-0.7418824375272911,99.6953694246633,1
-0.9145114157977728,0.510502234677102,0,0,0.252011860129251,32.467104466572266,1
0.7884723903086911,1.0237566087123844,1,1,1.2753199901025458,73.47818738891505,1
0.5796120819635405,1.1128895490372706,1,1,0.23342026096068078,49.1820700994244,0
0.22290466028216,-0.603236249240572,1,1,0.2583677929441661,13.01137757867542,1
0.3534089593645212,-0.4189767967738712,1,1,-0.025443240026104375,20.307362711636515,0
-1.377928263400679,-1.5519943499783309,0,0,1.6611121997298328,33.98402318559018,0
-0.00203898679606444,-0.423633248797474,0,1,-0.38616042873464534,58.874117740208916,0
-0.8081778202388253,-0.6657563547707182,0,0,-0.23709505623992108,18.537115664395294,1
-0.07436545739867788,-1.3530260463719233,0,0,0.9669522648361208,49.73466080742224,1
-0.043081818921881516,0.06014565007706202,1,0,-0.38272687081805234,14.77047224557994,1
-0.6983561655209674,-1.313140397879347,1,0,-1.764391690801564,3.981343251279539,0
-0.5418542292405508,0.36416646953168397,1,0,-1.1585142946777534,29.973199664203452,1
1.372275109011569,0.3687372919933663,0,0,-0.3622251831408659,28.192477283153625,0
-0.8460149458078857,-0.6889551998907402,0,1,-0.9079608130326962,83.90893420049628,0
-0.553822204793871,0.16258331259827624,0,0,-0.09362139171985134,77.65905037555663,1
-1.489058347986415,0.3312676270093612,1,0,0.37533113159452675,15.351967756409998,0
1.1278529494656537,0.5943626460695246,1,0,0.8470167166487677,100,0
1.0133618580000712,1.6829641622223168,1,0,0.8315792798691802,0.9515430994157011,0
-0.49771482091170605,0.4769870095356468,0,0,-0.47419407147099346,100,0
-0.40324175069110807,-0.7665488488755232,0,0,0.011411151408431899,31.941034127222245,1
-0.7463286336615096,0.13719693276463452,1,1,-0.47032926675330683,17.684798345921603,1
0.3161812360069071,0.4202816082523594,1,1,-3.042156425475438,1.2683394954772205,1
-1.4654427196583302,0.05602568375977279,1,1,1.205880514714452,22.23556391905742,0
-0.4523496475714297,-0.13699733754703147,0,1,-0.4331613871094206,44.351397724710196,0
-1.1132936380685574,-0.2504495100546438,1,1,2.515450743077006,3.728573155180962,0
-2.557497523183784,-0.34175757103182036,0,0,0.4551997472032754,100,0
1.1910057563519434,-1.2278801442205036,0,0,-2.2889677621770415,56.93522899328011,0
0.8518623027243944,0.20856455093802528,1,1,-1.3118708262358143,24.805756931161934,1
-0.24846217061174616,-0.32381763953536036,0,1,-0.06701084094305956,49.58128433950735,1
0.39727961740837525,1.3467230331411888,1,0,1.43715980233256,33.50206969903133,1
-1.5365557242834855,-0.10858253861183509,0,1,-0.38279385268535615,40.02067290368114,0
0.9029003232565292,-0.2866821823305555,1,1,0.4076265240842159,33.759929523446154,1
-1.430137396704432,-0.563612070545245,1,0,-0.5993005484202746,55.065978181757004,0
-1.7356199903251583,-1.4616803984455207,1,0,0.7072595579678475,61.68959212243018,0
-0.7983790751547556,-1.2893924287899154,0,0,-0.2332743352707609,52.15134503612797,0
0.17478951277863775,-0.015089019669019516,1,1,-0.077998224729438,78.97422122921654,1
-2.185932839057977,-0.8390209045736203,0,0,0.47617099470449403,2.4100080575106877,0
0.4422849400048354,-1.3506133803824336,0,0,-0.4751890692421515,46.830379391615644,1
0.29864080872219795,1.1901960716849422,1,0,-1.409000166394099,68.09070120125895,1
-0.8942574161874352,-2.0910110654786034,1,0,-0.15064726105705578,13.678773332801656,0
1.3128967884319327,1.62222865943209,0,0,-0.5657887516564941,20.4311585201191,1
0.4257559451442563,0.3335801287723581,0,0,-1.843382358680688,40.47829737559903,1
-0.513275056502448,-0.0221213412210719,0,0,-0.12242981181285564,33.08900359965398,0
-1.2630700050573753,-2.2087186635592166,1,1,0.542168256670995,73.81990834380692,1
0.16912466956552208,0.7782194949776848,0,0,-0.6995225454272913,32.65758784594066,1
-0.6165069763302954,-0.49727255377038165,0,0,-0.5567393295624558,3.770812281043492,1
0.3254063753523539,-0.9924562899210362,1,0,0.5464392172787997,12.77632025838395,0
-1.4357331385292142,-1.2108726276723754,0,0,0.8051292364191516,100,0
1.4883101708619337,0.342201054963827,1,1,1.3455820330598662,35.35345122730012,1
-0.19035857889466914,-0.6504475430112138,1,0,0.6973800036659602,7.446789709919762,0
0.6541108605306157,-0.0032976504351329705,0,1,0.12281105673749078,2.6432990147554007,0
-0.5744266291318659,-1.4706704961620582,1,1,1.9909835571838834,35.270851143088755,1
0.8166575322462154,1.139385495369244,1,1,-0.32415502497100496,23.28146739582209,1
1.2782731239186813,1.3070915872435371,0,0,-0.1440814681795441,7.522001252511354,0
0.7211999780060745,1.061681686691624,1,0,0.68460550369995,31.323305432008446,1
-1.7803353620846967,0.1403254606365728,0,0,-2.2919678808369532,33.256336972236696,1
-0.3520848323005516,1.2584641301642956,0,1,0.00850012269648156,30.582860705453324,1
1.4194892161947856,0.5049612307876423,0,1,-1.0456401132082451,13.110068591928174,0
0.583687352718807,1.177215280117212,1,0,0.8378652748955225,85.10839229322112,0
-0.6729969262817622,-1.247266020126787,1,1,-0.9733454963702656,33.98720656395633,1
-0.006587315595091357,1.2830721806481333,1,1,-2.251450435754441,16.989620455892307,0
-2.2340716665676936,-0.5168427942316469,0,1,-0.9633136550111919,100,0
-1.411026416628552,-1.0663092280358528,0,1,1.1468851015532675,4.567220206695412,0
2.9008767361162975,2.520174347705452,1,0,0.16407744868821597,30.397212605524967,1
0.3701362304432823,0.6210174687786392,1,0,1.3155769837675961,21.945937546874443,0
-1.0267649727104233,-0.3017267257828285,1,0,-0.04331782648447228,5.440865703793776,0
-0.7899570192739258,-0.46267068530227695,1,1,-0.49057686474209217,39.23684625761581,0
-0.8337269558328365,0.012455473479531132,0,1,-0.5435331833051119,13.564710534838989,0
0.08045250929010168,0.03335559185658534,1,1,-1.4826575044609551,16.826051248632428,0
-0.2477014745228462,0.059944934833818964,0,1,0.2752850980880752,35.85113875608029,0
0.24661999656929484,2.5717006916694576,0,0,1.2135437818401318,41.32604279935786,1
0.013634871884221742,0.1357484062951889,1,0,2.169026697444765,63.30536956507541,1
0.2685024995720156,0.2104273213695071,1,1,-0.22143968799827335,27.51616689510769,0
0.4241985455087994,-0.22476353406139252,0,0,-1.3923864165011013,2.399513714946331,0
-1.0013817130269695,-2.2048017322442948,0,1,-0.25141438944010824,41.79880025849283,0
-0.8513372967599523,-0.8485509876096424,1,1,-0.010834184841342036,17.119863865039704,0
-1.16331961850867,-0.14787524611826275,1,0,-1.179521660726675,75.75477837364834,1
-1.0330256640154856,-0.5691573495007421,0,0,1.0154926242914013,2.844090491381113,0
0.06511008616568469,-0.8823762134848576,0,0,-0.05255091943574346,55.463080230146026,0
-0.10257806884881689,1.1702135680884473,1,1,0.11955103501829552,31.88296063765699,0
-0.835042660121708,0.5760692622036707,1,1,-0.27130292290501895,24.639460097762658,0
-1.6437364435673891,0.32080842404367416,0,0,0.7555596726437209,33.59693357746002,1
-0.7353572406877281,-0.4679896415208389,0,1,0.20007405405313966,12.09813307166134,0
0.7464751335166517,0.7142691111258208,1,1,0.3431324454450467,50.8993164605012,0
-0.01350432855885117,-0.29562363211874243,1,1,0.13217849235009416,21.367312334594374,1
1.5526651516368957,1.5780267469250653,0,0,-0.10507206635044289,65.75950989980801,0
0.1129456625506163,0.18708729335810992,0,1,1.8183890308145998,23.638613716600975,1
0.08646448522460087,-0.021853944727845465,0,1,-0.05487982912944861,78.78039763632293,1
-1.3605397283303406,-2.243147908210352,1,0,1.1099505280854642,48.06606676931303,1
1.5211064312115432,0.2662983189252315,0,1,-0.7163012242318638,29.668147993410468,1
1.7278589702472613,-0.3964753247565248,0,1,1.161970323412717,38.33412267274264,0
0.2770912888073231,0.07593867086618586,1,0,-1.304853905072286,8.318694882722859,1
1.644625884623294,-0.08512160873483066,1,1,-0.32043599799660005,34.85619551387272,0
-1.615372594398184,-1.0370016080494129,0,1,-0.9425730383474865,46.81089018910839,0
-0.958570895442444,-0.7565113078850119,0,0,-1.0172234144044798,86.99326806753345,0
0.543463384787822,0.3304794497952228,1,1,0.4458205127760457,64.03539776230969,1
-1.6766654558913021,-1.0832204239273142,1,1,-1.0060055729646797,20.48890419790941,1
0.09989107236690532,0.2203357100163586,0,1,-0.03390741518178504,27.212070525867063,0
0.517740377061856,1.2068691972256862,0,0,1.3392306653002704,35.59405973350332,1
-0.28150867649906713,1.1515789539640071,1,1,-0.18685010332796964,43.21752806236187,0
-0.501633761977074,-0.13686312751043384,0,0,-1.1766950833714644,43.069877682595916,1
-0.7032309182917349,0.16523624544643267,0,0,-0.5956419898931484,66.86212662265443,0
0.8521533708695296,0.1790522678248262,1,1,-0.8383731360240905,20.29030467722033,0
-0.5675266853688513,-0.630171680547243,1,0,0.25580945284493745,8.625964084846618,0
-1.4669924471413571,-0.6719816091884385,0,0,1.178970964450874,89.58181329556128,1
0.528229908580459,0.42165855051276385,0,0,0.01882062421861922,11.512927031694215,1
1.8728695635990158,0.8973469641612706,0,0,-0.9910223385672747,37.28959520212243,1
0.7503744664219469,1.2144296204086151,0,1,0.5477803137492535,50.07491338786497,0
0.7232464672953449,0.5708903879095966,1,1,-0.3661286484458255,44.25653212216253,0
-0.8441560478169609,-0.5211036688846793,0,0,-0.465494019738107,37.8355076092098,1
0.551867834837085,-0.11171540646303141,0,1,1.5151816608491466,14.805673358508072,1
1.112788033721233,0.13462566637614493,1,1,0.8843827599175055,0.37756749291342934,0
-0.0689191021129835,-1.448596699717288,0,0,-1.0497770285984582,100,0
-0.6251169642029658,-1.357538513322345,1,0,0.639036082592318,74.03259074165167,0
-0.7457917782877233,-2.3599133588511734,0,0,0.3145330577836873,46.19841652681303,0
0.33167155846373425,0.6779488434799427,1,1,-1.2579640785974298,31.001005394928445,1
-1.4113243381959888,-1.2079318040472986,0,1,0.1677435093462115,24.06652224646355,0
1.3161690988603096,-0.10879979454067512,0,0,0.32191041864185355,16.992766373554634,1
-0.0013308453174985227,-0.7535040208464759,1,1,-0.8451578483880219,16.57555351764224,1
0.08152758412542203,-0.5409233831940699,1,1,-0.3473156183270191,24.132252543855106,1
-1.7169102681707615,-0.6903972460356611,0,0,-1.2739015782501197,27.840600895959124,1
-0.21258120462121877,-0.5737671444651419,0,0,-1.3284449590198755,4.390192958457404,0
-0.68941435500834,-0.46669122525571655,1,1,-0.5580748155327727,60.40067046830267,1
1.7342751573890642,0.17961470589019057,1,0,-0.1334650378056638,8.085511926821871,0
-1.3961559997068236,0.7803222767474708,0,0,0.24614449389612475,100,0
0.12841593611709973,0.6149527842480389,0,1,-0.21330002970039924,24.200158685164926,1
-0.560573371428689,0.19887061920575683,1,0,-2.2984712040389312,31.01925230168226,0
1.174544541367221,0.016701690920524315,0,0,-0.5524864309767145,12.925968720684567,0
-0.8366777631321868,0.6674226756563919,1,0,-1.9194756931756218,7.102096922243491,0
-1.2496805082650042,-0.4417023321240765,0,0,-1.6692623083067786,56.309772783010075,1
0.5205393960561806,-0.7509502944601794,0,0,-0.11272740409360182,2.172762534643543,0
0.42642445727616674,1.0805941060091413,0,1,1.3986010367877981,100,0
0.28917686556780386,-0.4160446893743303,1,1,1.390316540624971,46.63080952623834,0
0.0822050626330513,1.0185722108656523,1,0,1.1889304550658766,76.20878845891758,1
-1.741847496720795,-0.038293877651420005,0,0,0.7763504628266006,81.84071532917511,1
-1.4069949051281845,-1.918372849622787,0,0,-1.2327675715153124,76.03881100040832,1
0.6400301087753102,1.3614581968541262,0,1,-1.7316937537981605,4.5770120290122085,1
-0.06989388972177536,-0.06136911974979645,1,0,-0.714459181704633,19.785414031970674,1
-0.84106437900949,-0.9849241776343601,1,1,-0.6023771018406938,18.015713095138914,0
-0.26177947360449555,-0.1983110901606649,0,1,-0.19246159097336868,46.41327668735852,1
-1.0248983648090417,0.9363651852429288,1,1,2.417412356322427,34.86813075914927,1
-0.44163193637277226,0.5003672410663915,0,0,-1.1118167818892812,32.77281286802219,1
-1.5553316402306738,-0.09553529291859075,1,1,-1.1095381804948525,63.427169189393325,1
-0.681556521668729,-0.6398732924611772,0,0,-0.957134522845782,70.08078899189081,1
-0.8372959771043259,-0.34538335275306487,0,0,2.92521207328173,63.0942018703183,1
-0.25751151501076663,-0.9299254374765824,1,1,1.0552568689096706,15.146342138741826,1
-0.6509936697075214,0.2612126527729617,1,0,0.7613776578726793,12.393919992452934,0
0.9695189650633167,-0.010203937319704592,0,1,-0.10450584396104262,17.3904168431037,0
-1.2018871881737614,-0.7235908912722693,1,1,0.05919061065736871,55.11306987384728,1
-0.2501085836349149,1.0075776031940746,1,0,-0.9052738192252752,15.373048204800384,0
0.16795152400968968,-0.22311927959226135,0,0,-0.9310826033593431,59.184838395275364,0
-0.48960723811124146,-1.5338353301903576,1,1,-1.0833184808337857,8.61766070915477,0
0.2364431953001505,-0.6158096748455293,0,1,-0.3082256378751961,0.1028313086088831,0
0.29339672552614565,0.0796255285630241,0,1,-0.47240792208876753,73.56354641583131,0
1.0722593545052612,0.43423611150923924,0,0,-1.3564301123663722,90.90137519793313,1
-0.4305477605020514,0.45092191053241193,1,1,0.5272467829604938,8.820734901121433,1
0.7024627332445357,0.13053964461436854,1,1,0.13813342166802384,0.9154657083751201,0
0.6506364653094808,1.3090175588408517,0,1,-1.3696342656375484,16.200024299863326,0
-0.4042149927025755,1.319473177147813,1,1,0.7420178813272802,54.54348709085871,0
-0.4373714189677627,-0.8581043419305056,1,1,-0.6400717709931375,4.135103629175197,0
-0.3087300146308302,-1.6200817440044362,1,1,-0.12677552926617622,21.82784415860121,0
0.02735991858586047,0.5599497239988076,0,0,-0.5271148553119729,18.183597854623013,1
-1.4992434233191247,-0.027308847732661068,1,0,0.42167203363017847,77.99700112926259,1
2.084314220772691,0.523135322830038,1,1,0.6750610361042296,11.97525308509996,1
-0.9206347269417915,-1.834785793095996,1,1,1.1645451899726615,5.711103288002907,1
-1.0601179503259517,0.08659379345933105,1,1,0.2323737449518494,4.463295865189212,0
-1.1800430053297497,-0.8715663294669067,1,0,-0.22552877648183337,88.09264125490134,1
-1.5252850899372852,-1.5940510883368622,0,0,0.07051776388639963,7.999063092147075,0
-1.2344205414798655,-0.2875016939061264,0,0,1.7175101243328974,96.4015428203597,0
-0.6596876572510597,-0.17277759025637457,0,0,-0.7185724908566087,28.92392780281054,1
-2.2854504275345326,-1.4707271557184862,0,0,1.4486572893214957,77.5447453062231,0
1.6460653429641454,0.8387582092312863,1,0,1.1226276911123998,15.278568461228465,0
0.14867150629115575,1.687245551490987,1,0,0.04705098593947322,43.47499883061131,1
-0.9308469993949028,0.6219104967469598,1,0,-0.9298646622667666,50.4274811576523,1
-0.34688334838236523,-0.931863369823207,1,0,0.3147994656739216,36.32565355700274,1
-1.2269455335733086,-1.40802543854746,1,0,-1.2206490710405757,19.26615336073147,1
-1.2587257031748142,-0.43384846087857387,0,0,0.7280615358615404,68.39612262659811,1
0.4977217240020566,-0.05627267491336074,0,0,1.4926157130540407,90.40837217683455,0
-0.26833982310123944,-0.448379344232292,1,1,-2.988509142856081,1.8523995732421867,0
-0.8800088300082589,-1.191856317317972,1,1,1.254439158807196,11.782661737731837,0
0.5606069680221415,1.1220456224782795,0,0,1.8020714973581011,13.57762708638737,1
-1.126346729189445,-1.295099839928088,0,1,-0.0883753510538307,2.854339447151849,0
-0.05463533486785567,0.31691694681104365,0,0,-0.5798043634836672,12.62675524730593,0
0.29504317934808544,1.78509412589111,0,1,0.8660089029463511,15.883100301007138,1
-0.9342250520022606,0.3615606435237372,0,0,0.8478711471769641,46.40772218220308,1
1.1778592454529397,-0.23010871592046267,0,0,-1.7536931879436173,15.994983482472572,1
-0.0889908639680209,-1.2452409933239335,0,1,0.03029681576083998,33.46700054763827,1
0.6663874782798233,0.08729969143885763,0,1,0.5321681758896255,10.307541146821873,0
-0.3621152019819273,-0.24374443292657355,0,1,-0.536901765747423,46.67867386578511,0
0.7123956923419914,-0.2715199656783057,0,0,0.20415343828637353,24.923791657598578,1
0.9694287871821488,0.7088403618343374,1,1,0.1800831691033352,22.48965821116174,0
1.1830742511322652,0.8959443557391935,1,1,-0.13321666509561236,6.138038785678653,1
1.3763903289415516,-0.1858708928894901,0,0,0.5262487928233377,43.62121714326441,1
-0.09539872283198468,0.7528926514760618,1,0,-1.106363528119381,11.922508696283689,1
2.085223696145248,0.8738626839675806,0,1,0.03695815577780808,5.611944428102062,0
-0.1693321179867773,-1.0612497958029825,1,1,2.3362413253222405,6.935825166568962,1
-1.3064383272156515,-0.6933917043450784,1,1,-1.3865939410014119,19.32369905451751,0
-1.6698730364761283,-0.9724655267428801,1,1,-0.49479623905725656,60.75378386366104,1
0.05712966756229648,-1.056937927130244,0,0,0.4196982276321291,1.9303385966764413,0
-1.206930644186568,-0.6509163774523742,0,0,0.5968943836563414,95.20465179191692,0
0.5280031084277031,1.7443402709987157,1,1,0.18955316233570915,3.3775833804405933,0
-1.6556720420667155,-0.779073140311886,0,0,-0.12799771404271937,99.68804194371153,0
-1.3548031004608956,0.678830253846731,1,1,-1.4666907786532843,47.175796311688835,1
-0.7121473927978631,-0.4391120046456317,0,0,2.3414240339470647,20.248919651708025,1
-0.11139112001406458,-2.07426207399466,1,0,0.16218524570491208,100,0
-0.5148007192368932,0.011835292804365127,0,0,0.10221491153601169,23.107424676089448,0
1.6643790270939496,0.8400533261243391,0,0,-1.5428623737283305,45.498394817190345,0
1.5383728621082944,0.4306340105218618,0,0,-1.1156627706792523,80.89875906218539,1
0.2343900880422909,0.3226926037445115,0,0,-1.2042615520510356,15.725215207044513,0
-1.4817586285423714,1.6286997319383993,1,0,0.018120517970399423,59.93054946311479,1
0.8020385900397324,-0.9328966053240285,1,1,0.9920549095856296,20.837842945356147,1
0.7471357126897263,0.4389460150531089,0,0,-1.3009518366917985,46.432588923748206,0
2.404310315571272,2.140838321607414,0,0,-0.9571172624759822,36.87434501581262,0
