x1,x2,x3,x4,x5,l,event
0.5026155808002192,1.1973891595370887,1,0,0.8596716442266641,6.517375950633213,1
1.4997312674334502,1.65880070824055,0,1,0.5497362980402593,0.49608318192675765,1
-0.2892501557578091,-0.14966603805641324,1,1,0.10171000984090815,5.6543073196208615,0
0.8933360069652184,0.0887059626585408,0,1,0.28618309129998043,0.15958889396231346,0
-1.2232663418229568,-0.7220500108325056,1,1,0.3191334007928414,4.131416655571623,0
-0.3786913359830504,-0.3488119423655901,1,1,-0.3870213484714858,13.166377563604861,1
-0.8184689883902763,-2.3323390995223967,0,0,0.1316348668192646,4.175584502590094,0
1.1694186337538055,0.5386127101752058,0,1,-0.6964707887049699,16.292724955346827,0
1.4611718454524938,1.5575710868833539,1,1,-0.0444797948579747,25.566248510041756,0
1.9506324529174681,0.3409875932576376,0,0,-0.15291593599243872,35.30266942675326,1
-1.8311068811454225,-1.1771567522601778,0,0,2.071848569351557,5.772581124412161,1
-0.0063853058297214625,0.18300053048556525,1,0,0.010878033712061422,34.49260839548397,1
0.0907951340500522,-0.10836810750689846,1,1,0.3974956816629787,18.47605997593845,0
-0.07053299931151948,0.0025374131580011908,1,1,-1.565104029389544,12.72946100818662,1
0.1779260971440136,-1.0392385125468235,1,0,-0.44150944585619595,8.047208087482852,1
1.5775186479803225,-0.1291427714536525,0,0,0.9915561782243882,9.410478575622598,1
-2.1905508689753628,-0.9715128246297111,0,0,0.542081739686378,31.460157773446507,0
-1.5266835760570372,-2.0469070639890936,1,1,0.562012322055758,10.851313203616376,0
0.10252102276898797,-0.8310052222834823,0,1,1.168925622440494,91.2605344653949,0
0.2865636511443421,-1.0191937643718858,0,0,-1.572081098305172,1.1865202333907592,1
0.18461411587676607,0.05439910109445342,0,0,0.6283992116095298,8.788333916281525,0
0.7834951413592931,-0.9543020224702923,0,0,-1.0759697527439873,22.04543319323832,0
-0.4704445869357081,-1.0941305865026356,0,1,0.22876048862578335,3.6903470103695604,0
0.7657965295150819,0.1886310258585972,1,0,0.22661006571508674,28.96228323179599,1
-0.2607366310206113,0.563608127206253,1,1,2.994370599557051,8.646763895339832,0
-1.2041768270464028,-0.309488673082891,1,0,0.17497448801144141,6.26404519807763,0
-0.3733691622782801,-0.8287297705357939,1,1,-0.33807668916870687,7.838938505708826,0
-0.103051344651526,0.84356642367932,0,0,0.4073174748241549,28.971283631767736,1
-1.6288448660532644,-1.2277826445723372,0,0,-0.02654307687051683,10.343265619028259,0
1.6817771430086703,1.380710880703996,0,1,-0.15163858397379867,11.808330779283892,1
-0.04770799841202345,1.602496558724299,1,0,0.3323964402399193,0.29014602382613425,1
0.5597867944716927,0.36891271980475515,0,0,0.48966928957111855,4.82039397553645,0
0.5693554324775644,-0.11989666717689695,1,0,2.0942561645774678,21.462493369246637,0
-1.6372241620843313,-0.5472149562046571,1,1,0.27733711347054835,10.386248511122,1
0.14432300973068823,0.19872078446945857,0,0,0.42655082097600877,3.601653081017148,0
0.16783404439796462,0.20852910248987036,1,0,-0.12698733937825987,15.294429607971527,1
0.6337611407869637,-0.10345676685309713,1,1,1.0156361471862216,10.627361902657853,0
0.20912857790736064,0.41529689604900843,0,0,-1.3235652951217987,0.06313114051491023,0
-1.8635952248580978,-0.9306391624497762,0,0,1.0834369114127744,1.7623539915895454,0
-1.4688116676106906,-1.430046234623719,0,0,0.22512790777969016,6.478148886509613,1
0.2503442333528606,-0.012457226080548861,0,0,-1.2591513852871627,10.464470303153554,1
0.501116567217823,0.19405013985521816,0,0,-2.429215258741929,4.280562956211689,1
-1.1394630753751938,-1.2908758192527945,1,1,-0.3580226485031182,9.011170869562763,1
-0.35984215789435986,-0.823986793334403,1,0,1.6848867809933428,32.04001890311647,0
1.0906569527091639,1.6888637899689356,1,1,2.121409587672996,10.224636239592977,1
0.3936789818850997,1.3018681169902295,1,0,0.15873168777426208,4.365334722065076,1
0.5546292666452065,0.3345417344892955,1,1,-0.5832786734850706,0.7902328593530328,0
0.7627637282336677,-0.46970298009324196,1,1,-1.2215632144790909,28.455745610903268,0
-0.7599182005039744,-0.44448846137141035,0,1,0.8497718492771921,3.173283748975937,0
-0.010321620818910597,0.6085960630434868,0,0,0.05192035066797675,3.1939756150382594,1
-0.7457427160136657,-1.3185260815227209,1,0,0.17469932255198356,5.2318059710048,1
0.8576453088456596,1.0252530902402601,0,1,-0.7811481341313454,7.436341717551573,0
-0.18823128568745814,0.38534601754439163,1,1,-0.3032994305313394,7.975374691864353,1
0.8542319129423221,0.9580460102250248,1,0,0.18747055106812988,7.8722558246788825,1
0.059190156114313386,-0.7149940512099119,1,0,0.4059854522900613,26.608607946698964,1
-1.685904081690663,-0.8958697958207865,0,1,0.15722128452078188,9.274139432200593,1
-0.016296315343357685,-0.4884826812040082,1,1,0.7535006035778933,10.812415797119549,1
-1.295913766875546,-0.9158027881905941,0,0,-0.9751364485178436,6.64625472378374,0
0.14311460502146572,-0.9111178326975721,1,1,-0.8093584227718842,18.623359791873742,0
0.376899215498631,0.6017784366338194,1,0,-0.18799691922119274,1.4331374583167964,0
-0.34715750993364325,0.5508771677433756,0,0,-0.5080861470734696,5.509725626992805,1
0.730915494294019,-0.31168417129600234,0,1,-1.7174905567342733,11.020045454207533,1
0.25926318817122174,0.11754529325674004,1,0,0.6998128875330122,2.298490422989986,0
0.38619991062601927,1.650906861449147,0,0,0.15565304636695965,8.290019434693352,0
2.18873493690074,0.41734782123620706,1,1,1.4752502283224824,7.421595215658366,0
-1.2410593625766155,-0.2732542782945528,0,1,0.38090172352775425,1.1395110522170324,1
0.4985173731774564,-0.0937679627217349,1,1,0.5018065332421675,5.973928651150358,0
-0.005515732611216559,0.15206184292701805,1,0,0.13191911465715833,4.086849732777557,1
1.3617861001534708,0.009363382694790867,1,0,0.4781486301989702,43.39389650188312,0
-0.530506154901658,-0.3705599191813689,1,1,-0.6158166392196839,11.752359667958324,0
1.067857601586059,0.1642508319713677,1,1,1.5644400907439624,28.962074960739923,0
-1.2522052626838662,-0.7374153816044671,1,0,-1.7308848475561132,11.437544653113052,0
0.13880010311222424,0.8660351107160202,1,1,0.8660000940838487,15.99487499771338,0
0.39315446365478307,0.3205221791858266,0,0,0.9283191913539082,11.63956634592423,1
-1.8445967542112665,1.044577191373339,0,0,0.5006965448952673,4.260959784295883,1
-0.80264124926131,-1.267782961499502,0,0,0.5136503257138118,7.533373230177741,1
-1.1096009517524013,-0.3374959733630024,0,1,-1.1233191426280662,4.949140125116096,0
0.7505863802852104,-0.3127752319345706,0,0,1.500212051670279,8.120694535723294,0
0.26541981162198963,0.8898430077889654,0,0,0.6953470678402518,1.517103420405084,1
-1.6117598445340846,-1.336985850163789,0,1,-0.5847337653756863,1.2519333308136742,1
-0.4636449929293792,0.21966561377761007,1,1,-0.9449192719302303,8.1296158778305,1
-0.36409857086105724,0.23522671439917076,0,1,-0.6367788803281211,6.040907554817475,1
0.25473652058553536,0.4475305842711943,1,1,-0.06611363730727493,11.436892781248423,0
-1.3684144204671254,-0.6704174176565433,0,0,0.39919674876856853,8.585947919924632,1
-1.1238445906706909,0.4424654948720591,1,1,0.3910446187023798,25.42496705526459,1
-0.17367659998398216,-0.5507796917178022,1,1,0.9373538588440148,15.17938247773807,1
0.216093437824665,-0.13596566099677118,1,1,0.38079475235968285,13.867455073558459,0
-0.21552052573173155,-0.632835687126191,0,0,-0.6811563923095576,20.153938655193024,1
1.3319013149735734,-0.3233010804544326,1,0,1.3407307098621761,37.58618942368031,0
0.526354805959101,1.1332795289052666,1,1,0.09369377050883702,2.4181631174384397,0
-0.41844957965874297,0.9780161720573899,1,0,-0.8601445430671923,30.7650184830856,1
0.13320103052920035,1.0580317773978598,0,1,-1.6995859713845225,0.20268005509925213,1
0.4664273614604451,-0.27608793376402074,1,0,-0.9565572653541826,3.9957739002858808,1
-0.43108247394723126,-0.504678258727023,0,1,-0.15510664494456936,6.900854191131549,0
0.5246638193628732,-0.4173504829839333,1,0,-2.037262900601207,6.299396629732383,1
0.6324204034011738,0.10599728053266233,0,1,-0.08687298217936981,6.111083672701967,1
-0.09837568568334061,0.9311878682691483,1,1,0.5927364839380379,4.57438951336624,1
0.7564498173631989,0.43667654256014765,0,0,-0.12571934981925162,13.521306508255137,0
0.7307884511607939,-0.358049506770915,0,0,-0.6716207149526239,18.954863663110036,0
-0.9271447704417521,-1.2221133597177583,1,0,0.736518580343729,15.631516420093515,0
0.06046047406897786,-0.8626282326962764,1,0,0.25421365882422825,50.24677790759853,0
0.6085352384869703,0.6523095852583611,1,1,1.011245534665115,12.649991378749084,0
-0.6400326523560133,0.4498157981878779,0,1,-1.8236024436182572,63.22616444842328,0
0.6161115475372401,0.7676342199050041,1,1,1.6767879028526227,1.9258391743417271,0
-0.1628261253472353,-0.1386734494889501,1,0,0.5417159012869375,2.5934640996830645,1
0.666389818031286,1.0201324014259088,1,1,-1.0770797141329498,14.981564859908062,0
1.388704806573564,0.165361941167947,0,0,-0.7039604115251801,1.0748825514236011,0
-9.479648968027425e-4,-0.4928751149537627,0,0,-0.16970286781383856,0.17479766479139683,1
0.554436254660854,-0.6807236318579737,0,1,-1.2747734984567174,0.6170819476649249,1
1.320575758947491,0.5699710269142286,1,1,-0.7087411412553706,20.679701190767144,0
0.3372737767655938,0.9631737012278965,0,1,-1.0519326785551726,23.065037884330433,1
-1.830644763430946,-0.27683105975989886,1,0,-0.09673830107433805,8.284437513288154,0
-0.050470451166612446,-0.05411161531189775,1,1,-0.6328026174935367,7.288504138401922,0
-1.2222269709790732,-0.928011100590319,1,1,1.538368134889943,14.426456577862135,0
-1.486773976049521,-0.5590719625767476,0,1,-0.3416268807903758,5.178179198149663,1
2.121460421876978,0.41519843154067126,1,1,-1.657348226746894,1.5133496611229726,1
0.6380651844220405,0.3072777525408883,0,0,0.8099273712186555,17.792579534136383,1
0.2248895915764857,0.9997759120139494,0,1,-0.9569535198725254,1.1683681630978942,1
2.6766319271839967,0.26798013090440764,0,0,0.9912038862541005,5.2671752237215,1
-0.6842006370721507,-0.26228061122352886,0,0,-1.025342319921127,9.43505358892841,1
0.562491201550168,0.8664410677862467,1,1,1.9451978009479205,0.8315953756880345,0
-1.5161985903158093,-0.030045683588078687,1,0,-0.229928974284169,19.092473219518975,0
0.2853102086315217,0.518522761524298,0,0,1.550783181368823,36.399732575960144,1
0.32573976157612444,-0.8615984236253427,1,1,0.12027475103471172,22.103849772459064,0
1.5102372810323912,0.284396089317836,1,0,0.7922920084369294,2.833301701284513,0
-0.18297029527107836,0.6550315008717803,0,1,-0.9190528175050732,3.7404063506315683,1
0.05094982405167839,-9.177705469717475e-4,1,1,-1.9537163513625622,13.203533351939157,0
0.9005919243595553,0.4378428282942807,1,1,-1.3831463111559044,25.083319603240632,1
-2.899788500849799,-1.6981849699695424,1,1,-0.700289082235131,0.46290238801404315,0
1.3080329114075968,0.9083127420616548,0,1,0.5218455658403249,3.8210104011056734,0
1.044724089384049,0.5916920805253525,1,1,-0.3569254955251219,0.47312177444401854,0
-0.9603764962656791,-1.3992624566373413,1,0,0.1193612709386698,12.916582915212771,0
-1.3840165630903762,-0.772357990969589,1,1,2.234434892046172,1.7814433946486374,0
0.3208105335446965,1.0403441647441702,1,1,0.39108732707118393,10.969044818654368,1
-0.7037607432108312,-1.031485920817953,0,0,-0.09679811084912326,17.760324149740796,0
2.724162371748801,0.3404843446438053,1,1,0.004584115590447469,2.357379162978942,1
-2.835040980914651,-1.6285954815711283,0,0,-0.11761527199760223,3.5015790183991933,1
-0.9057175505518108,-0.5278360882220468,0,0,-0.00578404172925118,14.519577190677174,1
1.031055532029014,-0.18002947682078674,0,1,-0.6368718804646233,30.21021061085533,1
0.15878188057898796,-0.5284828425142514,0,1,-0.32745226542511824,19.26438726446827,1
0.7822462527190386,0.4383018872823778,0,1,-0.9919803740863019,53.691711174625254,0
0.1157567755897673,0.48062725181154464,1,1,2.85331821862592,1.97260610818913,0
-0.4516459472373653,0.8043923433866568,0,0,0.09698233590174855,0.5149754663660215,0
-0.14016955332264466,1.6665427862947015,0,1,0.5005711963613771,4.374925901929272,1
1.14585127263086,0.1845835258946466,0,0,-0.5869180332364505,13.801922249741738,0
-0.06309335571886558,0.8697907277834479,1,0,-0.17381703933909556,2.949269428005909,1
-0.3081157955892181,-1.7468436209094536,0,0,0.22359786356813138,34.067828895480616,0
-1.3516136400528214,0.30264190800270474,1,1,-0.1661105395824773,0.471483204067904,0
-0.6148926421487828,-1.6082147779444744,0,1,-0.012958748297560411,18.937521861436288,1
0.8351726154791383,0.8082314324192565,1,0,-0.4564009963906131,2.0601295211629287,0
-1.2257354660679693,0.5680075212251152,0,0,0.5425485929658732,6.853257742814691,1
0.3031032525239488,-0.7626972077594871,1,1,-0.49392110165925807,11.372655597749134,1
-0.5779668051424003,-0.5647631688463537,1,1,1.9373597671853753,5.8105849589190965,1
0.01314358224133894,-0.23081502627553271,1,0,-1.7670496741522443,21.604937806087115,0
-0.14641781414310381,-0.5466714935364866,0,0,-0.8790215406925689,0.11452016129399357,1
0.9781762739879908,1.6569313739606566,0,1,-1.6241143383291188,30.297230940341205,0
0.2746936182648093,0.33948238518924057,0,1,-1.951119641472375,10.23979963641254,0
2.0073630406631318,0.9030927866270703,1,0,0.5389195046647945,0.8620192659982843,0
1.1026507586851237,1.6997906562029867,1,0,-0.887334242400717,4.231291382598716,0
1.3192477610317703,0.47276326759840137,1,1,0.20479065090880014,4.566860669310488,0
0.3481929352751984,-0.4337787850556082,0,0,-0.2525618907968397,18.257907245748523,0
-1.9266312708672086,-1.9260038839105365,1,0,0.39882641423814924,8.606050409822505,1
-0.031021879713340552,-0.44897214353373505,0,0,0.608794791184884,1.5612777941015235,0
-0.3644836379576199,-0.0633865261485379,1,1,0.3956051259796727,6.3666241948266284,0
0.5841774621157034,0.6321022039749417,0,1,-0.1485039448646237,3.8063732105303685,1
-0.5923229831101557,-0.5900273802666868,1,1,-0.9162911952932742,1.2523647358982746,0
-1.0572407763030922,-0.418561275585964,0,0,-0.8929539558859008,45.75666762702668,0
0.25067384383645447,0.40812894648257847,0,0,-0.8442088699607041,1.5386307723620498,1
0.09214364966407378,0.6491391277293038,0,0,0.3771132826179081,17.306903881188532,0
0.46973266368879935,0.7443878474216533,0,0,-1.982938689704482,32.66791302304057,1
0.27228937220409427,0.6664005858350518,1,1,0.3786369647569508,2.4383211360963846,1
-1.876870394492133,-1.2388730723279533,0,1,1.822756437876155,9.41778001875318,0
0.9924775761158261,0.32062120782074677,1,1,0.02444242784189795,7.160989806760806,0
0.5701556655614237,-0.2812472496806194,0,0,-0.8520290995218249,27.145692343463775,0
-0.9663961916584243,-0.015871326099244576,1,1,0.7562385207155007,6.641014775757508,1
0.3704218092539762,0.8544227626126605,1,1,0.06716638044194792,8.185773015548284,1
0.44391154368689456,-0.33173651929760406,1,1,0.12238421402604008,13.076568581523466,0
-1.167493902462103,-0.9827878340697679,1,1,-1.5511310445878053,14.318213469213989,0
0.03918725249907399,-1.4218944740959292,0,1,-0.6672595249069533,11.780438639050974,0
0.3378151616887623,0.4518152263790981,0,1,0.024685602866135706,1.65888131686044,1
-0.8406187503957545,-0.46946883522634797,1,0,-1.3105146964254688,56.14360346530382,0
0.7338308771222384,0.08562059131716959,0,1,-0.04248337441630071,12.414323725165891,0
0.509052762937045,-4.7170410600672064e-4,0,1,-0.7877342679587462,5.058446758818672,0
-1.7582487455445315,-0.61877677199305,0,0,-0.5334304225154276,24.76144091119891,0
0.36482588869532523,-0.271172114369887,1,0,-0.14761611611296718,7.629992877365295,0
0.16419255571864566,-0.455702435196235,0,0,-0.42422965628523074,12.881567388859263,1
-0.14635061780892566,1.8660937646295745,1,1,-0.3597869606108858,11.372813589971612,1
-2.545858037678231,-1.5805175169110874,0,1,-1.5160111297076035,1.1832019685697048,1
-0.44559199131905236,-0.5314409046439184,1,0,1.3081717921559617,11.770903954505345,1
0.5931274931944414,-0.20469015931435813,1,1,-0.548848604655126,3.2666565147011544,1
0.8016823816007269,-0.48966160612759385,1,0,1.801566022183168,2.986158307639953,0
1.7651457310123773,0.4660415403205426,1,0,-1.4967991655994175,2.538392580570408,1
0.9795572483943983,0.03203714226350668,0,1,-0.8246766414702112,18.895467308993354,0
0.6066039334489342,-1.4752699926088728,1,0,-1.0307706446117038,13.612119649161016,0
0.11262233290916591,-0.32892295032852953,1,0,-1.103654022121956,0.9286578114658269,0
1.073277980764948,1.6356715507396073,0,1,-0.2703146281040372,4.5390574321122035,0
-0.5584008256202787,-0.018426057417246733,0,0,0.10279120840817525,16.825127784919555,0
0.23457535394816967,-0.3201128559706704,1,1,-1.828145388557009,45.778672370252,1
-0.6157260818548038,0.39681152877249115,1,0,-0.9575627902929745,37.34653696802178,0
-0.025969370195972508,-0.9559797807499096,0,0,-0.816817692170759,36.120472373580846,0
2.074582498144351,1.0129645456830927,0,0,0.20011815684713938,8.137049610977202,0
0.5629204630294985,0.8389375938788128,1,1,0.28482335485129173,2.6077614109048386,0
0.3193445583238232,-0.47758665027363134,1,1,-1.0530520447528449,28.020441926055437,1
0.2349121486328867,0.9576244632125079,1,1,-0.2760034446063103,20.550652172569148,1
0.22423938791783177,-0.004353302902282988,0,1,-0.833736642344024,41.8173065420693,0
0.29614837064982874,1.194635259138956,0,1,-1.1137935734771776,8.727786945660947,1
-0.042794550430332166,-1.450912080783898,0,0,0.354455648274984,35.980724220962145,1
0.5684188958831853,0.06485228936609866,1,0,-1.0472470724622431,21.414051791669092,0
0.3607033240133916,0.527318934411023,0,1,0.7789837819884801,6.3665661130201165,0
0.25530928421082644,0.1035043038528147,0,1,0.7293347934448768,3.9370037690811865,0
-2.927030453761697,-0.964822987856816,0,0,-1.6549373404194039,32.167788916964795,1
1.3476575593012967,1.098489717670097,1,1,-2.485261283255452,4.184664205493384,0
0.5114472280655312,0.33986166929945294,1,0,0.7867824074899504,4.894867742570786,0
-1.8334940238353108,-1.1978745526757297,1,1,-0.18469576483469902,21.60063378331077,0
0.5510231704720372,0.210631848503606,1,1,-0.029460196430653608,17.789412027326282,0
-0.6776270251591303,-0.5431123449824012,0,0,0.15879539028525527,15.714540034009225,1
-0.8971733313032269,0.33226459998228475,0,1,0.5450531793626902,35.1276797042855,0
-0.6646770891971906,-0.2560585496068783,0,0,0.2645801500641284,13.089601479067994,0
-0.1124145665028938,0.2970396350069884,0,0,-0.8511725313084818,6.050602092432814,0
-0.9972041162507347,0.4711464094221199,1,0,-1.2233742616493783,4.707479329858852,0
-0.2734199932834166,-0.8889789185714259,0,0,0.6415927028606839,6.785829035514915,0
0.4372977438196299,-0.8921647919111608,1,1,-0.19251206664772977,3.8648390887182877,0
-0.0969166253905441,1.3593356606751485,1,0,0.5063356369475841,33.033558140724324,0
-0.31993962957842603,-1.1929550813687522,0,0,-0.4527446053013307,30.095164975305785,1
-0.46865770841741966,-0.6584668878223844,1,1,-1.0140988985964707,11.771616515160527,0
-1.220412053023597,-0.467334685524425,1,1,0.22421437562564894,3.4841176205131306,1
-1.5590849356552008,-0.5867419784832286,0,0,0.3160070683322146,1.0503585448379935,1
-0.8680958058897813,-0.34973910597549485,1,0,-0.31529173135352656,5.823123631962938,1
-0.047216150848969726,-0.4618621460224784,1,1,-0.7305398488048428,14.4589726596886,0
0.7354856061741741,-0.8889379079985018,1,1,2.0686851481893425,3.1515311910033685,0
1.6858664805356143,1.0874057191354933,0,0,1.4303021342074946,57.04887024014706,1
-0.7180091895075832,-0.017678660815618585,1,0,-0.469864942690843,14.159402402345416,0
-0.6103361119917156,-0.0994626169988087,0,0,1.1792088811103028,9.671298276388507,1
-0.4033514712899952,-0.48492289516993325,1,0,-0.44631556519795745,48.250305755183966,0
-0.23570552042225404,-0.17069493556362764,1,0,0.05280425527087986,9.756391251308692,0
-0.41818300742988246,-0.2493841282752302,0,0,-1.2764270678803826,6.795217330867184,0
-0.4571070199176753,0.25166362587077784,1,1,-0.9125820188180774,2.169252760606665,0
0.045269664160524956,-0.36371270533045136,0,0,-1.2739017329521165,15.349831091504937,0
1.733391825387628,0.8703345976199739,1,1,-0.5445193082516661,1.6080448493850505,1
-0.7858066143579142,-0.6199346739190645,0,0,-1.1716794371555679,43.59527903323516,0
-0.4289291779843951,-0.4712819216375396,1,1,-2.6827220049856253,13.40527379426958,1
0.6770733209450319,0.6420405345820482,1,0,0.3445112269554402,5.819614442662267,0
1.7751274894194484,1.06131279220784,1,1,-1.2930212349180132,6.552524404322318,0
0.27726187172308703,-0.13921558805872303,0,0,0.28011099393686345,4.95808432777646,1
-0.4616976872649326,-1.5759019017766471,1,0,0.42340686416873247,0.9785602459960367,1
0.5036312914429664,1.3774447385675601,1,1,-0.23793079895510355,21.902110901457927,1
0.2732865552617986,-0.16224843664402291,1,1,-0.9160346974033318,2.8297035902482985,1
-0.5487782848257077,0.743744264023367,1,0,-0.6199390364281316,3.0651391469459965,1
0.7982451430529123,-1.1325684507506582,1,0,0.7528163654559619,19.740486538312613,0
-0.625984789120442,-1.1639214243324,0,1,-0.822436127343919,0.5262671757676426,0
-1.5369737978844498,-0.10412675155786799,1,1,-0.38352108713515376,8.719914195462199,1
-0.3851255043995469,0.8634575494599412,0,1,1.578166544011843,15.682192126549582,0
0.5522516826884553,0.1894681801223919,0,0,0.33248010313609966,3.406181006426365,1
-1.270891433495657,-0.1803381477776227,1,1,-0.3796394368335486,1.1645775865850616,0
0.0199116850828402,-0.2641170820347286,1,1,-1.4765182165078314,7.204957404656657,1
-0.8372323824229454,-0.6703518653561267,1,1,-2.5003111232639355,12.847697380282932,0
-0.006049716148111048,-0.5754309902668381,0,0,1.3265821667431015,27.594372096313016,1
-0.7686934730510147,-1.7952027283738397,1,0,-0.13774203484730388,1.3173931328415902,1
-0.5335240690401152,-0.05190107429458912,0,1,0.19729541332438588,5.256007575669376,0
0.2232572904723728,-0.9704969565783544,1,0,-2.244499118281109,6.6513817636538555,1
0.3433528576842841,0.2217478494747417,0,0,1.1356302581927213,4.30346380606623,1
-2.214433247880721,-1.030833975527234,0,0,-0.29563547388778966,10.627606680480094,0
-1.457778916216189,0.2800786264230515,1,0,0.7279134766709356,0.020821873659562878,1
-0.19208345384978434,-1.035218737121231,1,0,1.8348515373939558,6.051745668456361,1
-0.7095743917421522,0.6256077156525678,1,1,-0.9437429125672595,36.24641674347412,0
0.4577288127475744,0.8438172940016178,1,1,0.20106502208340618,3.736362015850065,0
0.04855525133142582,0.14218960759080518,1,1,0.6981505226004093,0.9199297128243773,1
-0.7984122492638394,-0.8812101898010303,0,0,0.19671115409701356,10.481234639883041,1
-0.14508987740950288,-0.5403968787962595,1,1,-0.8296862749766943,10.331505594926105,1
-0.0010782508646714152,-2.0263393478375633,1,1,2.1758117009888522,2.594640020315313,1
0.0946316606568269,1.2495367785342797,0,0,-0.15197017167634688,2.6510089535165475,1
0.6920240656628578,1.6991351268010315,1,1,-0.7171599251882818,14.111067052536722,0
-0.5938135592570779,-0.4985418011735271,1,1,1.8887531404059679,7.102214281796027,1
1.5104290295949268,1.9559262608109749,1,0,0.02406555002970858,8.920382943838604,1
0.6024189959961459,0.6551625463689112,0,1,0.622779011577101,11.5933087852183,1
-1.1765629680190701,-0.28771651845166135,1,0,1.10771328659305,18.618604780526766,1
-0.11143902083346295,0.04059021521763868,1,0,-0.1403415020080382,11.698790076089493,0
-0.3465105296531051,-0.5401714231275301,1,1,-1.3959215840447994,63.689105410811536,0
-0.80076253850813,-1.6568283534078827,0,0,0.526077411419466,15.976356924149984,0
0.740837654554006,0.556368276081031,0,1,0.6735759540327798,3.5569409688783655,0
0.6176599187029965,1.6898307009697657,1,1,-0.22589668355603532,6.4507538082372955,1
-0.8722341565059224,-1.1131966547703571,0,1,-0.4735395039308036,2.5986801886889976,1
-1.0930976454106065,-0.629211556514223,1,0,-0.11132809450809691,33.184140565218634,1
-1.1789504553113965,-0.9494408833614185,1,0,1.534534176361382,10.409426882604144,0
-0.936640028590984,-0.5953534060855474,0,0,1.9646656445326272,41.6045905242735,1
-0.1223419735502754,-0.2754895539045833,1,1,-1.5205941882278187,4.755234288260283,1
1.0597391698432823,-0.042285799726574536,1,1,1.445950979573328,2.488297937920747,1
0.4810913452980086,-0.4776942642644777,1,0,-1.1666217520365523,8.376188590604826,0
-0.7410726607215952,0.21080604183588658,0,0,0.6318797007687058,35.99867940103272,0
0.569791869117095,0.06366641388647595,0,0,-0.7240423941200591,0.3057800847275454,1
0.3051504699352454,1.0507569154480842,1,0,-1.5312246078469631,3.504571540849319,1
-0.1773609724155837,-0.9325712662682607,0,1,-0.018756338183301503,10.713265101249153,0
0.4660130733678922,-0.06865710378551448,1,1,-0.4030837938932061,0.6540123826115206,0
-0.6906404168860879,0.9564137250556504,0,0,-0.8629979517046249,1.8974763438335716,0
0.3250318454516884,0.8703624343988354,0,0,-1.4490608709682038,8.174641391650741,1
-0.612428877966246,-1.3486710844691194,0,0,-0.46861788933178705,17.386285073129137,1
-0.423375823532988,0.20227590142462018,1,1,-0.602764268535704,32.26518411473004,0
-1.2902343739018094,-0.3724027199679309,1,0,0.19937005735213162,38.287585462946694,0
0.04413214838206623,1.128420925227779,0,1,0.6625027266446266,50.28991355644644,0
-0.544856085132973,-0.8265739883081127,0,1,1.3895576520353536,21.043716404049327,1
-1.3261681790292297,0.19274917682745152,1,0,-0.8353906128048412,20.201996157737927,1
0.1796435714742705,-0.45107611110650014,0,0,0.06535411982954271,22.53830938026275,0
-1.6572119834737207,-1.0593816943795917,1,0,-1.7489252771423431,13.314369647012137,1
0.5870715422664948,-0.21649370842349253,0,0,1.2201391084523265,2.23410884853323,0
0.4210347297158645,-0.10295080726634145,1,1,1.2861607564591833,8.840423812694185,0
-0.30136398780726453,0.135859357677553,0,0,-0.19017391865496902,15.94341827410667,0
-0.5772997830818721,0.48405970751409716,1,1,-0.3995707898680451,10.58705199624926,1
-1.3164926726708388,0.7083823001849527,0,0,-0.992416372178217,24.45656272167198,0
0.1563208522557341,-0.2303450332567808,1,1,0.20935809685382412,15.073751290904818,1
-0.5465929919811464,0.22823221460457993,1,0,-0.9485161125750052,0.5682676933475672,0
-1.0628267313204474,0.2511543058097101,1,0,-0.7660009768852419,29.163616653851566,1
0.24941952314766053,0.8329412964181898,0,1,0.008053235708642055,34.372298470586045,0
-0.717220953180806,0.2393496177887211,0,1,1.933066617577256,5.209759924143667,1
0.7692553250361782,1.4126786711887223,1,1,-1.0361896550238359,5.592025446069056,0
-0.2422355362076187,0.10307930355388838,0,1,2.0657088892972157,24.57589196272696,0
-0.1685494447570352,-0.8332723575344432,0,0,0.5187485950005533,6.198090893076193,0
0.02185753922012121,-0.2045785545192421,0,1,0.6123770537529146,12.902368109989695,0
0.008646859619274538,0.24145822611770437,1,1,0.2617851762153113,0.9211866386436127,1
1.1152722428220285,0.45433262820802545,0,0,-2.761265792439215,12.64392548424109,0
-0.7402668281332128,0.4686922998647356,0,1,-1.2682517088894392,10.740214689019362,1
-0.3915586447360287,-1.931505437048838,1,1,-1.2793030589580405,4.863909046823546,0
0.413366009129361,-0.4597477112868201,1,1,-0.25500975984541047,3.3498612505790115,1
1.3501017961245847,0.2533521091102749,1,0,0.6960795646439548,1.181557830279283,0
-0.7291562505519139,-0.230052517961635,0,0,0.1077523307504284,6.182878044466254,0
1.268839866636431,0.21686464227881969,0,1,0.4633540439707245,10.762297760508234,1
-0.5173720112814326,0.6051433940290805,0,1,-0.9672419884842943,5.227513332639076,0
-0.19095820475029726,-0.286481095580404,1,1,-0.7199800044669663,20.681269983866965,0
-1.340384172107776,0.36339304183342425,1,1,-0.5939263060986526,21.876853379296755,0
-0.5671544280525803,-1.0049750678221532,1,1,-1.72299824923214,18.204570132212293,1
-0.32661147695520026,-0.2761366566703929,1,1,0.9354192609600885,17.05970776880248,1
2.422031355110869,2.014429483232503,0,1,-0.2755524880193583,2.139812201856023,0
0.6890080939365513,0.9230169362210028,1,0,0.7792496352587609,7.319525216839143,0
-1.9116883598115917,1.2663540927134131,1,1,-2.0643678797019165,9.2132282748991,0
0.03286799977948083,0.5284405026961668,1,0,-1.2329766757723508,12.385359386334548,0
0.49004714995283566,0.3552578097248723,1,1,-1.2206334349097556,20.35442861902576,0
-0.39765017688313725,0.7955591806797663,0,1,-0.12063562547710437,6.300297082073293,0
0.34691766961299586,-0.9441312607954705,1,1,0.0661507637363272,18.34320542713966,0
-0.3720307003540305,-0.7237005706076267,0,0,-0.24987846655089258,4.642269646752819,0
1.556031078288999,1.018687027816803,0,1,-0.9320445403976882,45.54212959707428,0
2.1950629391962995,1.0877577094807753,0,0,-0.8343054739479117,5.351960574524858,1
-0.7645738397394876,-0.6319730281206278,1,0,-0.33548330172310037,6.5237747210448305,1
0.8948622483848909,-0.2685529005769409,1,1,-0.40032069426814076,7.709425268467286,1
-1.7457069413858435,-2.513417106884532,0,0,-1.6645212413383004,4.673672527161114,0
-1.9682768393464793,-0.7978043934831393,1,0,1.476991712407364,8.82123055792338,0
1.948705190766753,1.1802021510478857,1,0,0.8358561947700501,20.14164147551364,0
1.8836909472524714,1.3584824099727024,1,0,0.032658502166701686,6.434374740336264,1
0.6387704586883985,1.3062443182140593,1,0,-2.030542851577469,7.079137268055474,1
1.5428102749693076,0.5948046889569079,0,1,-1.3150602378011274,18.786319214255425,0
-1.4342202284477183,-1.0880924887787842,1,1,-0.483601722346711,19.971325176471222,0
-0.22221406660448953,0.9999311793643781,0,0,-0.3873500103365861,1.6925263157452395,0
0.3337166576434704,0.8284291369033997,1,0,1.1089177975157252,10.922851054111069,1
-0.7836943137099617,-1.4829240481184396,0,0,-0.6561110812806656,21.805646702641692,0
-0.1514990101739814,0.39332941964744145,0,1,-1.0664656479911747,0.9527450097252286,0
-1.157063175701641,-1.7160223460944395,1,1,-0.23680173717864048,4.1644612824654494,1
0.5311781641614329,-0.29209582894631786,0,0,-1.1701020534001596,3.7392098312787567,1
0.39871459052678077,1.1661374304270296,1,1,1.4730401542356342,12.31853720735629,0
0.875618793460673,0.621275342818427,1,1,-0.8997389318220967,1.197290071016573,0
-2.471141191003917,-0.9588813428039823,1,1,0.9684617124690812,14.835582006069917,0
0.42730968129359886,-0.44407738880120895,1,1,-1.292234303812869,6.4036983845604425,0
-0.44401061878532583,0.05594440135697468,1,0,0.2245681152864506,6.543348793256811,1
-0.13188791173292647,1.0093472239254142,0,0,0.7965793783057515,10.691074264311306,1
1.2123784154151966,-0.3649113306083309,0,0,-0.5909425188180419,9.179274851466335,0
1.2870795848270462,2.098671409962883,1,1,-1.9181290019845163,1.8555105350997916,0
-0.9633904341774552,-0.4057766437344423,0,0,0.2173818835590917,8.839030253869916,1
3.112965816776774,1.317371137364975,1,0,-1.4142402457170427,20.67302851622883,0
-1.7016572117821491,-0.10274512363305965,1,1,0.07373988922246065,22.914727961202843,0
-0.16988841197408366,0.2716094161204497,1,1,-0.8788441408348427,14.565253582723585,0
0.15043230583700018,-1.5030410670757133,1,0,-0.47181315721461525,11.2538252737819,1
-0.2791935243271171,0.004447958538618457,0,1,-1.1502225859245305,17.363083346665828,0
0.425288616763301,1.341624376515214,1,0,1.0115380386031336,24.361794267088754,0
-0.7637341534313853,-1.4063634084383454,0,0,0.2894927365867706,9.648241992665879,0
0.4029644992038593,0.12726737445656117,0,0,-0.5115741121609723,19.093356489985837,1
1.7247502104393477,1.5061626123370577,1,1,-0.25116576589695055,10.900716504089274,0
-0.5319983988250183,0.3863298534958862,1,1,-1.6095557411200152,24.50428843690415,0
0.41822502460827166,0.4021488329588192,1,1,-1.3190607685482434,7.1607007911162714,0
-1.335414209035695,-0.9278738854142795,0,1,-0.7021744034305587,46.84919667363121,0
0.032663844978714426,0.3936317277641861,1,1,-0.028467971280924088,33.66348667907715,0
-0.5501672040012503,0.6257535519039803,0,0,0.3627707676389415,26.6090115977245,0
-0.5175423663560255,-0.9362685784743707,1,1,-0.18595473782518435,11.995692906405013,0
0.03169141593145759,-0.8787483261313539,0,0,0.22657258071968317,7.0907661428811695,1
-0.9891812091567622,-0.45095391010411057,0,1,-0.013534189228945783,0.07516314351075404,0
-0.9449600816264507,-0.49098250520989467,0,1,0.11480847084052444,13.516576486798844,1
-0.020561905786820947,0.36975027369929403,1,1,-0.4070288092475701,12.323117085002563,1
0.1748927158020293,-0.48876079190877675,1,0,0.38994210641042093,33.580500710069394,1
-0.3233726981958229,-0.9249077247666061,1,0,1.7602525958028417,33.9945301785667,0
-0.39087803343083055,-0.6771681975816239,0,1,-0.5730480297783999,2.6140740935953195,1
-1.761986418642283,-2.1933353630882233,0,0,1.3276371935975664,14.15549043918327,1
-2.583894866543745,-1.5770297296779305,1,0,0.7622339286052588,12.292539580405103,0
-0.7531632209965385,-0.6341823388587673,0,0,0.06994084290614157,24.24327036263193,0
0.7346338298064036,0.4895851258875775,1,1,2.299279759090897,13.07292000847261,0
2.4785305296906115,1.2253420505890558,0,1,1.30486128698835,2.3881883205824375,1
-0.0219125642691734,0.09291046392117963,0,0,-0.14001971146913206,8.477878965379878,1
0.08768744845371747,-2.2409952364016155,0,0,-1.4478568282212334,14.669688561367037,1
0.7200990528908843,0.08596074876721033,0,1,2.1780826576426513,18.951210936863912,0
2.0626932367457678,2.140684002160362,1,1,-0.82100277814389,32.67727303066586,1
-0.02073712415816349,0.4953221447751357,1,1,-1.4497146602301476,38.544866344689865,0
0.8690883064426288,1.578603368968071,1,0,-1.847987918080393,12.86054925424942,1
-2.3736327631089256,-0.09787385690083794,1,1,1.0313737110095558,41.86566920724186,1
-0.27076079545656684,0.22597669200516135,1,0,0.15331940187631263,53.30823631318334,0
0.8073041303174514,-0.5926064506651614,0,0,-0.9274167997645633,23.60920092678692,0
0.024892556496978042,-1.0348178419498952,1,1,0.0847451508950868,29.10823874773805,0
-0.2851724935540416,-0.6291017321729163,0,1,0.006364713912868357,38.985516406901105,1
1.8719871932332353,0.5027516876513289,0,1,-0.46173628283050666,27.134582531379667,0
1.0179007639811255,1.605874213771704,0,0,-0.4791323536440399,43.08415713201221,1
-0.10190758414824473,-0.08212300582978677,0,1,1.7378333854794659,5.53509105457793,1
0.7074664507908123,0.30611358429766866,1,0,1.7689624676015403,7.072348258424019,1
-0.7378818747634968,0.6769457775011011,1,1,0.47719924657937235,32.98995559549286,0
0.10921574502042049,0.11702549463308323,1,1,1.2874073454566919,8.935504054014915,1
-0.5010119029332035,-0.8312514111606726,1,0,0.23149083187533803,28.289968620573617,1
2.0132613496458935,1.3925400237277186,0,0,-2.1458625676143277,3.980030422548414,0
0.36841522851313674,-8.418709606216046e-4,1,1,1.0503887774377483,1.254668117691421,0
-0.6733987349323273,-2.3344058622390462,1,0,-1.2978275567877076,28.836202651481376,0
0.6094479290612745,-0.10776729206205865,0,1,-1.7023308638815082,0.7213108529997255,0
-0.22805696563710676,-0.8602276014839997,0,0,0.06399919452924532,0.41918152166552064,1
0.8188147609473544,-0.5843483522510987,1,1,-1.466809707667016,10.863240488218754,0
-0.1949874361619011,-0.566313320438799,0,0,-0.03055463674131361,12.12608126714883,0
2.0942921227150153,2.018467686975433,1,1,-1.3777428128158988,13.235414860964282,0
-1.3434926234633908,0.34721614064927475,1,0,1.5967272672819728,21.937197131016543,0
2.5856633570161,1.5175647689459204,0,1,1.6232014533617467,19.25831606609619,0
0.1839868238317213,-0.8366470147679087,0,0,-1.079113614398185,5.648117782152527,1
0.5994681183912256,0.21501691465496245,1,1,-0.8727737818483535,11.23979256189928,1
-1.4434368426312372,-0.7288191192321337,1,1,0.3319204404933514,12.682696434032732,0
-0.9028261169044899,-0.37427120957069504,0,0,0.7135218983018693,3.58144670903328,0
-2.2667650028513875,-1.1238754866226712,1,1,-1.8138442856203503,8.003479328265406,1
-0.7058422456289534,-1.3476503634058647,0,1,1.9799406345989319,9.186681608119295,1
-0.21295589371971319,-0.2361095562749341,0,1,0.4519749573971706,7.72181001652422,0
1.013349894250318,-0.16682140348387509,0,1,-1.9283254533820198,10.871136670245944,0
-0.6171420859745361,-0.5836015211840218,0,1,-1.0418237329451228,14.216803717034189,0
0.954262582298598,-1.602470342328663,1,0,0.6777538718768079,2.7138334523100944,1
-2.4174583990524363,-1.4576820172625753,0,0,1.1923598387579628,10.46724768506514,0
-0.090303598260698,-1.522177980277312,0,0,0.1602873759803905,8.799180794780549,1
1.3806774121460592,0.3231930185691255,0,1,-0.04606461482455228,6.025610311841412,1
-0.13286032636976638,0.20680576640305376,1,0,0.655092148332299,17.27175503226459,1
-1.2529217210898826,0.15157074120353875,0,0,-0.31548226637296223,6.334549925473555,0
0.3713742836109421,1.287750928202287,0,0,-1.3095373601119014,14.778088820596462,1
0.8746030665907206,0.6778300774213953,1,1,1.006331475378969,3.8734222921561967,0
0.0625847784737256,0.26726109293731776,1,0,0.3466152684071214,14.355963429624742,1
-1.438195592619094,-0.1161127054611596,1,1,0.04734929749570993,19.477871137949727,0
1.118842958230714,0.45189628818883,0,0,0.047067557106780934,15.85013119237971,0
1.1775836063552017,0.7803491202598608,1,0,0.8261868164657223,4.80946986759289,1
0.3827245030147608,-0.4932384261160513,0,0,-0.6429552491008037,2.546973362867091,1
0.7987282852081621,-0.12588323759604714,0,0,1.789045398646978,10.967705071576543,1
-3.0211955863091235,-0.7948674674527684,0,1,-0.8192364454215632,0.7915728172293323,1
0.1294422241242249,1.0730853043984756,0,1,-2.094639753734952,12.664175448529278,1
-1.8661506779766202,-1.712577065721712,1,1,0.33778903129201343,33.51245449269417,0
0.9378845740025111,-0.5874450389057402,1,0,0.057876815174426555,16.468359656040516,0
-0.78130606127652,-0.7845171443766272,1,1,0.3141034627265087,7.160903740329056,0
0.6232083313912388,-0.1458144183392865,0,0,-1.3987571592190624,14.223847538791844,1
-0.7144213159156889,-0.27102620000741845,1,0,-2.2796887677176905,8.918330330459192,1
-1.8712582630927148,-0.5796150537253337,0,0,0.5038708315165097,2.7458971405840518,0
2.8804506392286555,2.576085629174319,1,1,0.9976669688084481,21.582540918524437,0
0.1726908181268035,-0.5953311502013632,1,1,-1.0877020037202794,6.69497822170437,0
-0.25840193478111095,0.3926567961289314,1,1,-0.5896857247890017,11.620494100160926,1
-1.0868726024186741,-0.25165064813508337,0,1,-0.5340715357896024,24.814445013987516,1
-1.70063097500356,-2.2059441972991607,0,0,-1.9825848544832663,2.690093152740208,0
-1.0169686214900964,-0.5421855343620252,1,1,-0.8026018307086857,5.522756873266807,0
-0.21505286966313586,0.3513101480257656,1,1,-1.609761965711555,7.72876592180386,0
0.8833484436530797,0.9215259560810609,1,1,-1.046206515111028,6.079851896016638,1
1.0120865479597294,0.6968288956260457,1,0,0.48111778182671494,6.272916171455245,0
-0.2877895277777094,0.8553393631913172,0,0,0.023758855658868212,16.930571873479803,0
-0.36318422884020046,-0.3353135616029572,0,1,-1.3880308668744314,19.657740942147232,0
-0.9049526491996829,-0.9851818091437667,1,0,-0.3164693881185878,4.500092832465084,1
-0.07834773398623128,-0.07361700016021396,0,0,0.15757913150885833,10.739262979909144,0
-0.3050506459204808,-0.1955497013951913,0,0,0.13516062697148729,4.609082393981085,0
2.2235897320101095,0.5582893359253434,0,1,1.1403430335223175,2.9447535682167554,0
-0.8691744617253959,-1.1334622124805536,0,1,1.0043300322093398,17.72617629441389,1
-0.9241646798417867,-1.4625362404263484,1,0,0.969260087159412,12.4249474474901,1
0.3527073341707326,0.3505151524349812,1,1,0.3559903180187569,4.8124013895781355,0
0.10355925879343218,-0.32098205891381737,1,0,-0.02202194931083428,10.5442209744603,0
-2.1234719306075514,0.08244584310248904,1,0,0.9553973923716779,5.6594882689013675,1
0.19542518005579085,-0.6613183304173234,0,0,-2.6965478028673178,0.08284721998174217,0
1.1444825600119966,-0.6593303683152995,0,1,0.4565295705730384,16.864632328484976,1
-0.21824395005780708,0.9826306750564707,0,0,-1.3472289279558487,0.9621470504976147,1
-1.0574521378157289,-1.7291483242584862,0,0,0.5879192722213596,57.107215285843594,0
-1.8576033661557159,-0.41711743993211214,0,1,-1.1474383680084106,10.418216527069282,0
-0.5630766619480515,-0.7627786206296114,1,1,0.2085093631644937,2.230790823079559,1
0.6359755186924665,-0.743667448186889,1,1,0.829742899438031,50.16561931755506,0
-0.7822732673751356,-0.5483759999954614,1,1,-0.9516622039387582,5.503596969912526,0
-1.501424911090776,-0.717379431596736,1,1,0.31418949089462295,22.021022383535236,1
-0.9236948575682205,0.27135451836413027,0,0,-0.39128252830401394,28.6189135162186,1
-0.9306043627780054,-0.29175772619037493,0,0,-0.5770506719383255,12.028530747072345,1
1.193879870973132,0.4488135726730894,0,1,0.4945614558092698,3.314457130780206,1
-0.1435576427848116,0.48165312634135327,0,1,-0.41062645073731086,13.941186371537942,1
1.0743932316299274,0.33377060852811247,1,1,1.6742206015010492,14.311983357145753,1
0.9504679396251813,2.028657385722667,1,1,0.3064965870282364,33.458322608609464,0
1.6527282208331748,1.075940723379869,1,1,-2.150209751838693,3.6539689108911824,0
-0.757802743419261,-0.044070190505356044,0,0,2.212299916970262,1.2470288599185084,1
-0.11742153066316308,0.9589516789231687,0,0,-0.29876363840836545,19.00471392650195,1
1.1190894281574382,1.3701060504024247,1,1,0.9597315524810046,11.82168151313101,1
-0.5925822384620301,-1.1269402367408698,1,1,-1.8887282151760283,0.990643102714267,0
-0.1072138900383251,-0.31210465771085993,1,0,-0.3488609762131923,14.745964733325549,1
0.7239751232742739,1.2596431742342324,0,0,0.8774282640717743,10.457023660001491,1
0.8578557194400925,1.0211073838258684,1,1,-0.5939580972619942,5.002132344445045,0
0.8588837657656079,0.9970437308875656,0,0,-0.4607826034398075,4.9279302063768435,0
0.7567572384384433,0.8286981752056566,0,0,0.9953795800303207,13.474294479887691,1
-1.5001627827619337,-0.7425818692891947,0,1,0.03326258677274621,4.907526582853444,1
0.4817487937642491,0.6487999475427264,1,0,0.06158562107217453,4.110474410937905,0
-0.8632322677260689,-0.2741694254610415,1,1,1.398385965830758,34.695296694114404,0
-1.086527196289978,-0.5903025022202838,0,0,0.7560898104712684,23.10264510341501,0
-0.7371042038116012,-0.5474744341313509,0,0,-2.2152363703861147,7.804738947380923,1
-0.5776972362551784,-1.1316736285626545,1,1,-0.5158339430324758,6.052869197671592,0
0.5662926952822248,0.25765475023744827,0,0,0.7907283596525168,55.474507510561295,1
-1.5962521692357454,-0.6300541120258748,0,1,-0.028249481674428527,20.409122065452078,1
-0.6700304970499685,-0.3970253647503107,0,0,0.781842002568694,3.558359776246308,1
-1.1520796004079294,-1.0963159217176703,0,0,-0.2784748090809711,1.1335230166358607,0
0.3673341276521599,-1.0092849118905922,1,0,0.8430659032410216,3.2783220036667284,0
-0.5762729755451809,-0.17791820990809126,1,0,-2.2082022300235695,15.225101541995544,0
0.10166510696005887,0.9187083318990549,1,0,0.5470096716400206,0.2528083706997353,0
-0.35798518785577854,-0.3556237832744237,1,1,-1.6539498168074027,9.421921635413376,0
0.2983648993399801,-0.36105422044664237,0,1,7.453466800063998e-5,4.046524993699873,1
-0.5167945823011222,-0.7557857566239446,1,1,-0.1113174710627482,6.538553389947157,0
0.3091524979110113,-0.46561423146870323,1,0,-0.025648967077329846,9.605339737285403,1
-1.2744876066577457,0.04729981380843262,1,0,0.23315063419704715,17.1514043691423,0
0.14597090304578414,-0.021706328179829648,1,0,1.861117152084758,36.97540459841191,1
-0.15452221217598688,0.12286496587036697,1,1,-0.04158970664380402,8.416210955663306,1
-0.7814563873067406,-0.45770439241159466,0,1,-0.8161223022115446,8.172901908230596,1
-1.170192752350116,-0.4252916776225444,1,1,-0.4703414074581712,1.5120443790920912,1
0.26973799030995477,0.3690172318198597,0,0,-0.254328177576471,21.746823613702563,0
-0.6179587999545588,-0.035156666033286044,1,0,0.0016945321353460197,11.633222762667879,0
-0.4041380871096321,-0.15493432231533721,1,0,0.5994792903745513,3.3910538819101266,1
1.8626400926161661,1.7874051158827085,1,0,-1.3707924878345845,22.8342107169016,1
-0.3604653379617781,-0.6969431534255054,1,0,-0.3584610631105086,22.496055652615652,1
1.6843468984370988,0.7430290803357955,0,0,-0.31874621183559554,14.656380440185663,1
-0.339771792243696,0.25089634961519713,1,1,1.0178234274969111,5.573028119633326,0
0.657117441698921,0.18932138875536056,0,1,-0.8004350309966631,20.119323284110894,1
1.4432238168813754,0.8756104288405412,0,0,-0.8936482810052969,3.691499982690834,0
-0.7064506067941227,0.15668440411944407,0,1,2.0393800137437754,2.8392972282877533,1
0.1807917533140471,0.7911929834398334,0,1,0.8349064190465821,2.6014655473864154,0
0.37934995782518494,-0.6218650010887903,1,0,-0.49240301783600915,6.747814686429546,0
1.071369094037153,0.8750130922849538,1,1,-0.36664721162555003,5.908103419664053,0
0.1023989784736962,0.02549671581128563,0,0,0.08808853630263896,23.87480649284599,1
-1.470819569076907,-0.4104123334781238,1,1,-0.17761037748395642,8.74642057984377,0
1.2425804733201251,1.4637945060183757,1,1,0.7042426042900889,5.6389719022356415,0
-0.6107274043316897,0.18650022340175443,0,1,0.47956635880472953,27.021449894052502,0
1.789646075427555,1.2119649329085327,0,0,-0.40206343429821,7.782126992624468,0
-1.0052859019546263,-0.2599541382871308,0,0,-1.9208631714093434,2.6312989495608337,0
0.26849539347908724,-0.8243306292366632,1,1,-1.0757432244932144,6.559849816442775,0
-1.1548762845741598,-2.2434252583147223,0,0,-0.721314246249562,9.90935497913639,0
1.2905433696974062,1.3922099535988064,0,0,0.8520381221192418,14.892575022721296,1
-2.122683736277195,-0.4087599353105623,1,1,-0.6117405786569604,15.25336953396122,1
-0.013455967422012653,0.26395299170744063,1,0,3.0286529593184808,19.37019439576928,1
-0.7812183765939718,0.19229364582916064,1,0,0.6936015178691206,14.125829102646351,1
0.25702688012774405,-1.2681021004924207,0,0,0.7457947736618395,52.97892108230011,0
0.042436296325426705,-0.12650725850302294,0,0,-2.23991914647004,20.417836835537642,1
1.1755714915453825,0.819216696702078,1,0,0.032124969921809694,3.6463593443036935,0
-1.6642048765402369,-0.2575487085571727,0,0,-0.41809717141871633,9.304259784873345,0
1.2395028159262647,2.3902380103658967,1,0,-0.7052233673152835,25.009895318085167,1
-0.4486045130815648,-1.1145527559071955,1,0,0.97955729715671,0.6778207664702955,0
0.9383692209475405,-0.1648350167497128,1,1,1.1445005880400023,7.633289315311947,0
1.0449777683314496,0.7614039714826872,1,0,0.6574619471873898,0.33938681929728237,0
0.14144079727235673,0.1279639370613847,1,0,0.9895237575256953,8.957733401963955,1
0.2886508555559576,-0.0686639034948584,1,1,1.2329361816648958,34.22207928830409,1
-0.2569079416185727,-1.207713442158869,1,0,-0.27090897409620474,0.44897465668187175,0
-0.7743734009103922,0.5964580004180401,0,1,-0.13074754446637923,1.4765858088313109,1
0.667328135807861,0.74061364104409,1,1,-1.0018577746738653,20.777137830589044,0
0.38342967104402653,-0.12303209842011467,1,0,-1.9403998249759462,48.36055989274141,1
-0.010065515849621268,0.13873455968511608,0,0,1.3232275115613705,2.541735131854486,0
-1.072323025613764,0.009836774675504034,0,0,1.3092771693493872,20.83141644292725,0
-0.10757175081589408,-0.21580254110129532,1,1,-0.38369889003042007,7.387196706269928,0
-0.2737777154348496,-0.6928993388678143,0,0,-1.5950397960179947,7.20311960378036,1
0.4645160178100961,0.13877069982260715,0,0,-0.8848033399197942,13.763567370820923,1
0.0722629770882118,0.24867782375190173,0,1,2.044368988338097,0.5791626212593441,1
0.10733434198524777,-1.2271555877914737,1,0,0.4034920147707545,0.2202607843508126,0
1.3445729665174924,0.18151033493253615,1,0,-2.265038027775238,8.295015656680558,1
-1.2749104800793876,0.2694884361287805,1,1,0.41840007482724606,7.431016422261602,1
-0.9625274898873842,-0.5665454851492081,0,1,-1.4773881432752314,1.5134697222659095,1
-0.5140478341654648,-1.3056803761839186,1,1,-0.6180122430878283,13.458060191792224,0
0.5754741510911129,1.1414939179816257,1,1,0.05072876653410308,5.383307391123191,0
0.34756549562822764,0.7841259801592639,0,0,0.5902445242846972,22.927781959157354,1
-0.7353874614331116,-0.5595419368174308,0,1,0.7290118762346384,2.7289571092102833,0
0.8667534845401126,0.17117843433851676,0,0,0.9358475857418291,15.640331012391918,0
0.24756808663582616,-0.2022454793100455,0,0,0.302313011160848,12.129964954201778,1
2.7590682375786737,1.5104827374311367,1,1,-0.23981052264455952,3.756610020405422,0
0.9650612089539691,0.06922441151365871,1,0,-1.6776640245976442,11.355554231920758,1
-0.6533058816350812,-1.1001689011882447,0,1,0.9653244876610649,14.787919460412281,0
-0.5475545144562735,-0.8900829908194804,0,0,0.526573430494646,6.565765781565407,0
0.4155724854582394,1.7015966732063461,0,0,2.147682690582438,0.6054618582848647,1
-0.9933147630009239,-0.6524829523308645,0,1,1.2539243553386707,7.9315407453356555,0
-1.2702479563835676,-2.8262381915297796,0,0,0.5614495363410017,26.797768267524255,0
2.17221179111447,0.5460990937406103,0,0,1.1332886641627093,7.362430142130861,1
0.30865301311934373,0.22176668716966677,1,1,0.4967652300185277,9.83723040137972,0
-1.4489820796728679,-1.3000580152549985,0,0,2.6309608856209823,7.976664690494997,1
0.009474854119022698,0.2787006108177302,0,1,-2.134327653516655,3.2419783324765934,1
-0.48687430228613615,0.734567135906984,0,0,0.2523590563934861,18.73784969950758,0
-1.2818360598210727,0.6446498888420267,1,1,-0.5442083130122661,2.3339477432424265,1
0.43202798154110866,0.1131779226100871,0,0,-0.044865166414667396,0.6724998482844685,1
-1.6371434645438503,-1.063695085101431,0,1,-0.13470034587796859,10.416640515320548,1
-0.0886144127162916,0.09609404759891532,0,1,0.07880757088408523,4.599982928921583,0
0.34868487171888995,-0.5996996622439896,1,1,0.5917382754226022,3.3085399692065467,0
0.5276241865679342,0.0068881762089744725,0,1,-0.9029872318980087,2.7592727191574924,1
0.4956351165351745,0.016158654833330677,0,0,-1.6331159527082584,0.10640574367465198,1
-2.193983785930872,0.012495043079712831,1,1,-1.5629918475646418,5.303419046808332,0
0.12998487289923502,-0.17046316411323992,0,1,0.338794922087934,34.57472400017481,0
-0.32707452079594,-0.12451021075100635,1,1,0.6461761157287342,0.06375490015018823,1
-1.3904942385883172,-1.4083315111607433,0,1,-0.9785989909114274,63.65953207151863,0
0.9200424223402035,0.32530354120119365,1,0,0.7012725713656798,2.0618552704786968,0
-1.57720300440802,-3.19097628180387e-4,1,1,-1.0722237066704943,14.7945505224372,0
0.8470806582814783,1.1156304290593548,1,1,0.8525036108846791,2.662787747903795,0
0.9979848274649078,0.4975320668566089,1,0,-0.04154172781037286,3.4520607693372543,1
-1.4171169571348612,-0.5748923754720461,1,0,-1.2069305985150163,33.88128712859191,1
-1.8164235315144341,-0.36178783216352683,1,0,0.2633347615699384,5.619542637651619,1
-1.3556741515750361,-0.3126875031112683,1,1,0.5628886149207516,13.34146878764781,0
-0.043888824940201555,-0.4953247787977032,1,0,-1.003737368596055,2.50794059097134,0
1.560223845332635,1.4253145049382674,1,1,-0.7458194865773922,34.71951949532014,0
-0.15553218681026706,0.0826828725593655,1,1,-1.6979442816356887,10.78279862453636,0
0.2524883964463202,0.6801119278146965,0,1,-0.06654854169786446,7.802710938537097,1
-0.44237706603515103,-1.4496145541046204,1,1,2.1423774077204127,4.088127946248828,0
0.7184551405348563,0.032923151414952556,1,1,-0.7162596395917269,9.603380957352263,1
-1.5784866641664812,-1.982432835273509,0,1,-1.7114283458999822,20.40325834705126,0
-0.6460334975080537,-0.9620869514977696,1,1,-0.5803455835072834,1.7824221553431974,0
2.102756733540114,1.2310191506341628,0,1,-0.7012912142391364,1.2331799168902013,1
2.2404819681325945,1.1431367345431238,1,0,0.1527263744460577,1.1029609022338418,0
-0.8585207324848022,-1.1241250345683593,1,1,1.354137706678982,5.736796807454589,1
0.4408493749166958,-0.44385490898983593,1,1,0.12826258602525709,5.055274400845687,0
0.8876293114772738,1.9411588192783351,1,1,-0.12475822599027761,23.00756474566529,1
1.8650126195535928,0.9374935611292656,1,1,0.005355018180362992,7.856038810764385,0
-1.3152875866849645,-1.3823977954723585,1,0,0.22377412664827986,0.9411313880278106,1
-0.6133351123177456,0.06613433401425312,0,0,-1.547953739790342,0.0070429431703011615,1
-0.5814092889927137,1.132721831376825,0,0,-0.07891002047862622,5.905549612352461,1
-0.1158303824713542,-0.92532109775706906,0,1,-0.6019986749247498,2.012102656901402,1
0.28713072371568155,1.0392689319264798,0,1,-1.5520934115187306,9.202572982758284,0
-0.6454990773656825,-0.3520123536363917,0,0,-0.057588623886018854,24.538807998028275,0
-0.2686662954560827,0.1844260897912158,1,0,0.5148263640911469,2.2412647836115944,1
1.6760933816938515,0.429604001358482,0,1,-1.808229641036439,0.7348044408650701,1
0.36210839152649166,0.9227165024388986,1,1,-1.477447226165787,2.361526002596819,1
0.7494332059598416,0.2425318467062696,1,1,1.3321698393605563,8.739622005955477,0
0.2809117223860923,-0.40551429449595905,1,1,0.401550376132797,25.32355848647476,1
0.9899070446955693,1.0018919536100483,1,1,1.3828540248585615,10.107315763917438,1
-1.7112822883990504,-0.1716448159668036,1,0,-0.9246997039284535,18.080006079462276,1
-1.0297645467873942,-2.2277417755940947,1,1,0.5114697963156354,17.370841237761645,1
-0.36308586626378303,-0.2135545891214859,1,0,-1.5796634757194883,8.7633342787796,1
-1.9525023540447701,-0.60691600900851,1,0,0.837966454476449,15.659465122890522,0
-0.8409254760614624,-0.9106571197817399,1,0,1.0782127689378747,20.563979488507897,0
-1.5012510558244698,-0.8881458552905604,0,0,-0.6246075957322536,30.94949299113217,1
-0.15687162211078715,-1.2261059061426927,1,0,-1.367405561549062,28.00952477376833,0
-1.0235099556092524,0.31760754486289833,0,0,0.8387104271286661,33.685740182517584,1
-1.8977272917940071,-0.6110154117231202,0,1,0.8497808075413622,5.047804375743659,0
0.17728555132829954,-0.7174988562579631,0,0,0.44934094453573376,1.957486176856121,1
0.1577890684171989,0.30143773374264865,0,0,-1.0104829026141378,3.998015627883461,0
-0.21266105981095326,-0.18724312479635352,0,0,1.1878199931653821,2.6893221611807094,0
-0.02361628312401797,0.5957582048642048,1,0,-0.15666872008244725,1.1329332098458749,1
-1.9058967898719106,-1.2362624025208824,0,1,0.44806743478986294,94.78347738327022,0
-0.8508813083729739,-0.17625566264532458,0,0,-0.4694754360370337,2.3717657145127133,1
-1.0175483373992598,-0.24536556639211565,1,0,0.2867597579182816,10.38051175284397,1
-1.3144637164008444,-1.732250174812211,0,0,1.0396529325021597,10.257081441494948,1
0.30470277296852866,1.249087085736274,0,0,0.25338718019203194,8.679264113594666,1
0.9771000996914909,0.05041433678952212,0,0,0.40963513215714137,15.108196024637616,1
0.5966040727566813,0.7892723282615037,0,0,-1.023305757143823,49.58879630265964,0
-0.10861608644686505,-0.6432826364678944,1,1,0.3132263763571376,0.7465166313048724,1
0.5709723379918161,0.5396500026308292,1,1,-0.7970987846241586,50.07189532865383,0
-1.7215392373819751,-0.357482387723539,0,0,1.164376678422607,54.83740487289798,0
-0.3048475331050553,0.17466121690533226,1,0,-0.16442936098745262,22.6026269487665,0
1.1488528573118513,1.9358917332529946,0,0,0.2343723325657665,0.12421300886450587,1
-1.1337317874881134,-1.5122377239678872,1,1,1.195467740493892,20.20664529211296,0
0.9285689004825383,-1.3625193455559523,1,1,-0.47368980796225924,42.13088680836639,0
-0.6171181159752659,1.1699191233650632,1,1,0.2835558623288054,12.751753068022055,0
-0.6137100805132334,0.9610051488839163,0,1,-0.8207411856937409,9.954778346476928,1
-1.2806740607456566,0.5467881527985267,1,0,1.2239800047033125,33.81507179778561,0
-0.03362419289676142,0.15521257657429066,0,1,0.6212567598771358,10.213960840396393,0
-1.0072897644826557,0.7219255846324134,0,0,-0.7273364224829517,0.5348313340924421,1
0.22079589576026457,0.8845473335091503,0,0,0.1220994105749537,6.8135196648710705,0
1.5953934501272746,-0.13247783657237067,1,1,1.6734523631730023,6.931461303937159,0
-0.6836163630920452,0.31708822824541644,1,1,-1.1904612515140036,22.99558483215401,0
-0.649351589406517,-1.0287140199428169,1,1,0.19617182213308812,0.0369092647300125,1
1.0843100599923376,0.5680917538287074,0,1,0.3424362736254529,9.391708317496832,0
0.3761377088402107,-1.4873915999205911,0,0,-1.5173692108568684,18.130879012528546,0
-1.2083763687374403,-1.2930052573964201,0,0,0.5895520266019257,52.79311884857467,0
-0.4248247118605284,-0.01659243320137843,1,0,-1.0198046913792984,0.7893750652322057,1
-1.9682488178346071,-2.317705456297108,1,0,-1.02661866159257,2.725069810237203,0
-1.2811213435650397,-0.31912474331602325,1,0,0.20613858223091922,20.005041229155538,0
-0.8538184543549716,0.3780521001122503,1,1,-1.0973039623295586,8.009397892216688,0
-0.4590187406544607,-0.629484351809843,1,0,0.13737228839067636,3.4529600379854664,0
0.31943983359099953,0.36650755205543317,0,0,-0.023718483039830745,11.089989514553983,1
-1.5696270072819378,-1.1012454919741437,1,0,-0.7022807506544698,5.765016205091044,1
0.814365279034114,0.8120366258408201,0,0,-1.2401732530168856,5.87802682286407,0
-0.011538161293983626,0.843654202427454,0,1,1.0581453084736536,1.5123111814346781,1
-0.11980336508185041,0.6205691878636755,0,1,-0.7680347276155549,0.15226702111573978,1
-1.1216487268129594,-0.7469287327779748,1,1,-0.912004548257978,5.456601039409407,1
0.5204182492970507,0.4545635503034724,1,1,-1.7866452353537259,9.286876140399674,0
0.3140215208553622,0.716072300186152,0,1,0.3126948772132973,16.522156739062556,0
0.6626976932949454,0.08279604110981084,0,0,-1.2011833841177122,2.3010249328745607,1
0.5059342477840421,-0.4218872550770152,0,0,0.4625275383801513,9.325064114622167,0
-0.2492496746145694,0.2230007824343868,0,0,0.9848621937837072,1.145416248632904,1
0.8522918539633352,0.5584071929925207,1,1,0.20412028852391909,5.7714176094555025,0
0.1353301601892186,1.2066812119815697,0,1,0.4219769052946756,10.156327881940198,0
0.80301404167871,0.8233070112989879,0,1,0.42273864332027417,13.179157412895018,0
-0.4151263202632675,0.14810996924539785,1,1,0.9140274158456019,13.6056033384476,0
0.8577680094320456,0.8740491549610476,0,0,-1.4702228135100945,4.704142204650729,1
0.04860659512918797,0.03429027202647776,0,0,-2.154912182770467,0.9393239749818464,1
-0.09854827615275892,-0.3881971453220501,1,0,0.49586333490433004,25.180441013743984,0
1.0143828783304114,1.012057448105634,1,0,0.6397837370374682,13.320059128983024,1
-0.4039667185995143,-0.48668483974174753,1,1,-0.8859339408946885,3.438116712891227,1
1.347875846522576,-0.25702568450885666,0,0,-0.977682423314059,36.52671549637852,0
0.4944262129898802,1.1920055440363215,1,1,0.6334495467437299,2.251570139972054,1
-0.866189707433451,-0.03272188837378531,1,0,-1.2357807012616018,75.12532069902394,0
-0.06718692190701647,0.9721043387024488,1,0,0.5227041368788563,9.283230980351904,1
-0.6737985684297181,0.16909082344362236,0,1,-1.057431373624191,6.8327312853949635,1
0.5930300715813287,1.5728975031037529,1,0,0.3472924149494247,4.616073300364395,1
2.911774984074904,0.8838711582152566,0,0,-0.7640982824081232,27.888489662554278,0
0.33014979433170527,-0.22942490828777787,1,1,-0.725874445195607,6.970269243884409,1
-0.9540240421335893,0.33507264633118183,1,1,2.276363126179783,37.76928406176006,1
-0.2550998663971791,-0.16071440985545715,1,1,2.036697457698589,32.955420176714085,0
-0.5205700992545861,-0.6271725794466956,0,0,0.8924074984646598,20.13636028320196,1
-1.5331416941494123,-2.248459398437997,0,0,-1.4658975514308816,32.68306740329119,1
-1.0558397605483183,-0.38551889663513694,1,1,-0.9801256310544008,17.455459848443518,0
-0.3265149711547028,-0.23754378944395071,1,1,0.5670932752190072,22.581071935372496,0
-1.50104400314991,-0.3128417933021267,0,0,-1.3041967015532914,2.203648302794263,1
-2.7908991204978477,-1.9881396268765332,1,1,-0.18787908064117304,17.127813015429673,1
-0.8595696802832987,0.44211054058506843,1,0,-0.4025214033489133,11.571288202317524,1
-0.8192880651162588,0.8753291687378191,0,0,-0.20213024900054255,64.75293620720474,1
0.037807915527892755,0.15002089732003948,1,1,0.29027861643125136,3.674715371084786,0
-1.3570027329633378,-0.4483977075413751,1,0,-0.598152408205424,24.764118913080935,0
-1.941589601338012,-0.3367146088824583,1,1,0.7061806928605004,1.1417616917659579,1
0.8838816251715562,0.4098510476751554,0,0,-0.20105240305101243,35.30576113003378,0
-0.7410538796916742,-0.5751892818793012,0,0,-0.1969083260744368,1.4774418259794646,1
0.9797361227483831,-0.06414746624713391,1,1,0.44569171739322266,2.608826850734988,1
-1.4465676512873533,-1.4722416014651019,1,1,-1.003108883984348,1.791717725514675,0
-0.8607243187811127,-0.8802718735240476,0,1,-0.5841007481101467,2.967856093045452,0
-0.3261695386534414,1.5485072354590794,1,1,0.9118616361354027,9.446585250651628,1
-1.6795568567374586,-0.6796987754014268,0,1,-1.7938701732342222,7.261880792748832,0
-0.7906799515712364,1.0747070793425038,0,0,-0.7370084786287255,10.04763220843201,1
0.6294064436216276,1.3122260074179506,0,0,0.4853843774103218,4.886739939436834,1
-1.1689654114429884,-0.5407224721242896,0,0,-0.2148362767869976,0.14148390956194243,1
0.5689833656258109,0.7084462117792032,0,0,2.1674548415344828,24.911093856777125,1
-0.16738904511367936,0.367534893940142,1,0,-0.18657523729128356,13.574890607015979,0
0.15854690549111958,-0.6878424759230098,1,0,-0.5525659629263201,20.111525164372217,1
1.546174229343729,0.39081997994939094,1,1,-1.2765933092372124,1.0043457380346563,0
0.8937625053953848,0.9977876240837543,0,1,0.3892840132109671,0.5551507020010427,1
0.7006320633870652,0.042929615451751946,0,0,-0.8215335122742926,4.387264757816924,0
-0.4132552252401316,0.09088092461968933,1,1,0.380468241590088,4.584850261570404,0
-0.5586019725946162,0.9357236578158992,0,0,-0.16968244738412983,10.21668775201304,1
-0.2790226315672227,-1.0077647304533714,0,1,0.0512816720127827,7.078541994713333,1
-0.7940642560200701,-1.6629996275069858,1,0,1.0539692333274489,20.27249648640078,1
-0.09747287908280074,-1.7560633566575705,0,1,-1.089913642778498,27.807420981022847,0
0.08211944568460545,-1.6336815314267816,1,0,0.20160996884310337,0.4437410373341393,0
1.2189321311855528,-0.05903577473652333,1,1,-0.13332313240267696,9.712580695719561,0
-1.7497332041112033,-0.5872157251402474,1,1,0.19127506700918281,5.080332138133325,0
1.0312171953150513,0.25081940069709996,1,1,1.1932586324329622,13.522100162383497,0
0.9315255404378222,1.047124714967273,1,1,-0.7023628665565055,6.409094383055524,0
0.7362092207982956,1.4905839816042457,0,1,-0.2727796982297548,13.532091853459205,1
0.4087218592799898,0.9638484823339035,1,1,0.7759662973391626,4.612212365989404,0
-0.45309315732808914,-1.203363075110257,0,0,-1.1253995721927261,10.978569021326233,1
-0.4874441117605003,0.4515132059387376,0,0,0.020778272121314063,8.616576368586092,1
0.08188284155973469,0.5240445222887471,0,1,0.709697067928619,19.39982245864809,0
0.33468954027001485,0.3310803199857529,1,1,-1.063736073992414,5.543079532213343,0
-1.3912160547525811,-0.616981438732411,1,1,1.5644734538107588,16.046818093265347,1
0.21148820065266058,1.5378032792100582,0,0,-2.295425112426791,6.241821432234468,0
2.248973658841229,0.7716952855724832,0,1,-0.9435033880319723,3.157325951690058,1
-0.9001593852497469,-0.8139773600103379,0,0,-1.1084849018696565,7.763558245375465,0
1.037358433710738,1.8463743504074062,1,0,1.6663937775037176,70.73464810183842,0
-1.1378312026358643,0.5536476924266447,0,1,1.0622214778882322,23.42720503359481,0
1.2031644146085825,1.0637769582535523,1,0,-0.09795757076779416,13.571010350887558,1
-0.21077814782038143,0.4780278813937071,1,0,-0.8430273091541791,7.077609155385051,1
1.5780004279177586,0.6144089058517005,0,0,1.9298301829521232,0.6137099152999035,1
-1.2953837674886866,-1.4735542269313548,0,0,1.390391450835011,24.088089925263844,0
-0.9490204817025284,-1.2073898944178163,0,1,-0.15807830546575932,15.05444320664696,0
0.38913287032470734,-0.13212174794183124,1,1,0.8549109878505072,39.08893042962801,0
-0.07773388803502712,0.5930308900010242,1,1,0.8466165797901501,5.683304668263924,1
-2.155338540904846,-0.8821257820638767,1,0,0.6605653015962561,17.972142977771153,1
-0.7438410230582199,-0.8197916232290741,0,1,0.21628449661668558,23.176965435954138,0
-0.8489890851764167,-0.16991316284698482,1,1,-1.967604146679922,7.643027754291949,0
1.185449133280183,1.4146040128700597,1,1,0.613582512536721,10.029723387729362,1
-0.07058639361008011,-0.36840275529245037,1,1,0.36261570771450763,1.7845124621160011,0
1.0865128418358003,0.4804461700891033,1,1,-0.8252554860122493,4.93463574014608,1
-0.7956535341270831,-1.4902366875965576,0,1,0.08994246645251375,35.677018850628016,0
-1.666474840030159,-2.302619078970684,0,1,-1.1077464131805954,37.447976982432905,0
0.3228624622398413,0.3330295942792231,1,1,-1.0258609501484677,3.29466875523517,0
1.1313294364851307,0.06446214071249634,0,0,0.08308110954329445,21.54760501305938,1
-0.4725684830867096,-0.7789542327768396,1,1,-0.8603205351656805,0.7543502987206044,0
0.4435497844244256,0.8490694056174353,1,1,-0.8997948227591827,10.638725089851377,1
1.6189047845739652,1.572251374978872,0,0,0.8877683589870999,16.72320189104011,1
-1.160543514494291,-1.365771357157993,1,0,0.32407205173085735,14.634266445935292,1
1.443261321348138,1.2604575390878474,1,0,0.5179571827334428,25.821778505344653,0
-0.5710104628484901,-0.38633739441716736,1,1,-0.3277926369704292,19.08655432924709,0
1.0091568369049368,0.29476018542650406,1,1,0.5552421832878638,16.829223267241233,0
0.25127426649256224,-0.02305138566135856,1,1,-1.17686235765453,6.033947743461053,1
1.5061524181318058,2.8458933432540547,1,0,0.2295996494733217,7.232058484064106,0
-0.9350237962771006,0.6314572413457055,1,1,0.357513180656153,14.289325373669442,0
-0.6405494474177784,-0.47437982114964095,1,1,-0.6166179772920145,26.081315039576026,0
-0.28951035863727465,-0.9826929463811925,0,0,-3.378002044815454,27.894612694838383,0
0.30254049334688693,-0.594510334134311,1,1,-0.535863076791215,8.331667470051745,1
0.9005081080890265,-0.4977964299060107,0,1,1.760049215585383,17.190904546307785,1
-0.9808353094659665,-0.10283249437886155,1,1,0.11780796654455714,2.306867365431354,0
2.1825777631662664,0.18648486069216907,0,1,-0.07871586343906921,20.43489039467247,0
0.9184242960044705,0.9449386045202595,0,0,-1.137005447966274,3.2146510121531238,0
-1.4672640892077575,0.05927409260213656,0,1,0.4630809302094555,3.7039220511277784,0
0.1592746681450362,-1.1905060775269567,1,0,-1.1007975706120956,33.003872503346464,0
-0.36098887302987626,-1.0785648683262783,1,1,-0.019549722537447557,16.55880426104873,1
1.51612216892385,1.978822297520367,0,0,0.029345988707327228,1.5905922604785168,1
0.008765323233367829,-0.4763404353032494,1,1,-1.0064317975606938,2.222787507928361,1
-0.8228928913195324,-0.2147233027350896,1,1,0.4189347734216128,28.258361222765167,1
-1.565408253183133,0.015213817308936783,0,0,0.7136691697391906,11.23829374384696,1
-2.3739159356168686,-1.706486582585139,0,0,0.507089454350727,18.74943118116133,0
-0.469053951999528,-1.0170506146926168,0,0,-0.33498482928817436,15.516128781926914,0
-0.7252359936967333,-1.2668587053359597,0,0,0.5661535580919032,18.626016520706155,0
-0.5915628309216919,-0.7161766405515422,1,0,-1.1393394167282538,14.513652898988086,1
0.6384288751463778,1.0868315911327455,1,0,1.8129454041809518,54.21873479039343,0
-0.32897661322110605,-1.7190375798910842,0,1,0.26348772691890243,14.968089506176485,0
-0.6060996865247891,-0.7500834938076427,1,1,0.9576258231232622,44.66108542454703,0
2.131601934037724,1.7543529059300438,1,1,-0.36668580355678376,6.394390201979967,0
-0.9569572139480989,-0.9337124727183886,1,1,-0.2931149329412969,0.7465827266093444,1
-0.31799810151036045,1.0344958713523502,0,1,-1.262928755478582,4.1134161137504694,1
0.404026180832118,1.5293733177589308,0,1,-0.9821866714287023,27.894175440809907,1
-0.7527752189069815,0.5566534038870721,0,0,0.785847814600064,2.7404381024348323,1
0.7447683919620794,-0.32675910367575906,1,0,-0.19085933859224583,6.267824659706543,1
1.7526458197152994,0.6428598256602764,1,0,-1.0983171159468794,9.548974656733652,0
-0.8192118699330928,0.11480884867433638,0,0,0.445842308947391,6.810894063368266,1
-1.083431174586725,-0.08668456074706588,0,1,0.9491834694807545,0.6438027831784519,0
0.5646107501147954,0.3565417747213814,0,0,-0.024019901160241438,18.009863782920025,0
0.5408150710494869,0.8988196653249274,0,1,1.5948090748437935,1.5953952514186345,1
1.6388635592004899,0.10943818452970433,1,1,1.828365433407093,4.717996236095097,1
0.5783523546653215,0.3983153109932828,1,1,1.0918600444838158,1.0096614831576705,0
-2.0370544674038498,-1.5367625770669286,1,1,-0.03826992280897066,8.063229919199086,1
0.9224821558331168,2.013884378581324,0,1,1.0034092218651367,53.244208569388135,0
0.9411907066782386,0.6485496410303202,0,0,0.5323622140822517,17.12270538154871,1
1.1319761525083165,-0.19467721458567955,1,0,-1.8290336060950012,1.8560743088830391,1
-0.09943264710471204,-1.5907686975547093,0,0,0.41360444358116794,7.919156411482906,0
0.06798835225277272,-0.9992521349785778,0,0,-0.3432801626687494,29.30658538879835,0
-0.04544975042606519,-0.8125159842882101,0,0,-0.8560146891380789,5.335459003807495,0
-0.5115450628902374,0.3482248188051319,0,1,-1.4802239061184264,31.530233458018674,0
-0.740886721303045,0.37742403309149686,0,1,-0.12999213882123473,12.87096835363613,0
-1.5944003926157324,-1.8978025745210436,0,0,0.1956406361101611,1.6100432872351427,1
1.2775502384560184,0.3766084730629536,0,0,0.9500987448142878,11.403012839163937,1
0.2162455128405087,0.8077469568892791,1,0,1.3943967167460696,15.042084298330138,0
-0.25553765809020196,-0.9490400926181367,1,1,0.6582449861274703,0.27050201252505585,1
0.3463855118396129,-0.4030142659742212,0,1,1.5396796262902748,9.605249904211194,1
0.2005076016692922,-0.2926280612826565,0,0,0.2599354649754327,27.560398339206234,0
0.7967944492950058,-0.057137850443680305,0,0,2.2077781242247294,18.391929166910963,1
-0.758366661163239,-0.41221425059804606,1,0,-0.57914273911415,5.001477289470236,1
0.3701118002809076,-0.30178183813629955,1,1,-0.19129784208045206,14.67502210208141,0
-0.8712608325459509,0.5576974783518409,0,0,0.4295531020087505,9.769482455399736,1
-1.7997898353773818,-0.3186727282328945,0,0,-0.6736201848261294,45.999272626955545,0
-0.4880259401215044,-0.3956833458750092,1,0,-1.524501209064171,6.470711295884893,0
-0.16070192851511192,1.555331332744964,0,0,-0.5662220613520053,8.725982984621437,1
1.2683987163433579,0.898831808854462,1,1,-0.849904801855089,44.134098104843105,0
-2.1631453438268826,-0.7523136355702783,0,0,1.076317906090771,27.098506471699274,0
-0.6253839525066104,0.8214163224134821,1,0,-1.3979172084344924,19.521700522848988,1
-1.2848845676752874,0.2467538243359505,1,0,0.08074597814007382,18.575974599039235,0
-0.43839978350058284,-0.3799468460790149,1,1,-0.1621929080375519,13.031646021386486,0
-0.6073048792486487,-0.7234668831812101,1,1,-1.195275076898886,0.8733031649185653,1
0.7387083179061991,0.4307240203897136,1,0,-1.617517203685736,11.081322712974773,0
1.3573678125909576,0.9463503553046282,0,1,0.9631947246163979,0.3652576695760615,1
-0.48346145093889725,0.0316624830509063,1,1,-1.635349375178813,2.4464657176899776,0
-0.2522666079536927,-0.16761634095937517,1,0,-0.2678766596306941,4.848235018882167,1
-0.15586193319624655,-1.1286654246478791,0,0,-0.2115653302781039,12.989969471016444,1
0.9460429576741641,-0.24312352611801075,0,0,0.5956604938233516,7.956169507894161,0
1.3076290853327488,2.142534561724486,1,0,1.0075727808865795,6.051584754164344,1
-1.5353097026778137,0.25299064151734674,0,0,-2.216940157975206,1.38158312168073,1
-0.4840223890831573,-1.8228226922366277,1,1,1.016406182193666,19.791371378826362,1
-0.9436018440566016,-0.34822250591025355,1,1,1.541591007068323,40.12451697568452,1
0.016579755066963957,0.09988761899650637,0,0,0.17421461920175393,6.080857670459623,0
-1.211628163153194,0.4977389462504579,1,0,-0.9696412776981959,27.18018590666429,0
2.095257167152125e-4,-0.8794785974031354,0,1,-0.603991725332889,29.815927701987295,0
1.3825575684357316,1.8621916583156168,1,0,-0.9920913259776922,5.221015074322698,0
0.3633626194145321,1.339428222071728,0,0,1.914133817123708,16.29946773082639,1
-0.16640052126733723,0.4399019202622013,1,1,0.12051577983053208,16.92447579352345,1
-0.29532093941664567,0.42198257178558285,0,0,1.5251093327973018,8.34106418221441,0
0.0027740739901030383,0.257433827864239,0,0,0.8926525651213144,1.946437544761132,0
1.1023719744295928,0.8338165652343064,1,0,0.0906073795063716,3.6592872151238507,0
-1.1309483374144056,0.7737110286885248,1,0,0.3591567506334254,6.576240352690907,0
-0.710198732383329,-1.3156386365067636,1,0,1.7714313977664793,12.556988454664765,0
1.8978509025808206,1.9465256376380213,0,1,-0.14797751353146452,1.5676040364192028,1
0.057872025926555964,0.1790803620128551,1,0,0.3726617137595789,7.69058392566546,1
0.41550679040008487,0.41734417094824894,0,0,-0.41644645955481513,6.250967532324399,0
1.1374926501245717,0.4718203359987504,1,0,2.658832564089265,4.977737139006593,1
-1.2575402604251373,-0.05578358617617374,1,1,-0.4087037705170218,7.83250544896227,1
1.614655626473848,0.3256784638638803,0,1,-0.8280752320078377,9.722446907728795,1
-2.322320612257335,-3.1399846408859844,1,0,0.3923046980310414,80.84758696532019,0
0.5228269403299591,-0.0656556384462752,0,1,0.1475030264525573,7.977602980009722,0
-0.22776965100426289,-0.08320124685524927,0,1,-0.5608453355127321,0.0383677302669144,0
-0.1802634086633944,-0.11280742624567007,1,1,0.8862677934609734,6.0649824916325645,1
0.13734073737446312,1.151556247151726,0,0,0.5925817369686347,50.610407184836035,1
1.565171115178133,0.709252114048204,1,0,-0.27942466571390556,8.640142902012727,1
-1.1860842468324786,-0.6357951683291844,1,1,0.38691389152857314,33.47078694091387,1
1.8326474051438746,1.7747016728326046,1,0,-0.05046394694321131,1.082664152028477,1
-0.21748673909508942,-0.04507821690585542,1,0,-0.30229109799432147,24.70149538078617,0
0.4534545535805264,0.5637929097491533,0,1,-1.9140010436546029,0.10104989273380129,0
-0.41336537553421016,0.0711199864962555,0,1,0.5679140960860011,6.130163523666992,0
0.6464125894678453,-0.45839729449875327,0,0,2.2978345458736276,17.063079803773796,1
0.37102173676314565,-0.24334841199219792,1,0,-0.06426117147491128,0.6811809300401994,1
-1.70735441997463,-2.19423830557917,0,0,1.639271966020117,49.47293164777894,0
-0.9754888572609967,-1.571483305701787,1,0,1.20180666145037,10.917741099703829,0
1.861714511011325,0.9654670229447989,0,0,-0.25640388432519784,17.03858091396853,0
0.875411093769839,0.7431164225464598,0,1,-2.4994454376840802,11.357024292242228,0
-1.8934976848512257,-1.038370851307273,1,1,-1.3061642264242757,13.550330189946537,1
0.11199322665754552,-1.0614425896809072,0,1,-0.6069709732741526,15.014487006503387,0
0.21043551893798013,-1.2901527813698501,0,0,-0.1618660376219362,30.96867586291481,0
-0.3805576393236902,-0.06173105286413183,0,0,0.08618717758932314,31.959808000078876,0
-1.2777647855119054,-0.2551981923812442,1,1,0.7624470319702921,0.02226776094625355,0
-0.054803673720087584,-0.3923914218456694,0,1,-0.2157131432733346,23.940996729953874,0
0.1556596500592546,0.7376092741901287,0,1,-0.26725101881509056,7.30025241309669,0
0.06206283051860276,0.22497992464420796,1,1,0.3899113729030876,2.9184887587166255,1
-0.8283996224352956,-1.495565419888508,0,1,-0.5791810360734846,19.028828636755588,0
1.9925581696565646,1.7416708976663133,1,1,-0.2611175784550175,38.995673036932494,0
1.4367162590125129,1.5865861447760128,1,0,0.6298835665190696,2.7152037959991735,1
0.698155586285013,0.78477605494784,0,1,-0.8895473385376433,9.467799691159753,1
1.3372478238909895,0.16990635015355782,0,0,-0.6218189375085439,15.774228605691533,0
-1.3952141234453572,-0.867300418993469,0,0,-0.027063697476870735,28.612834827258613,1
0.05671760009193977,1.463725916634203,0,1,0.4136346181913482,8.27184468363933,1
0.640730182835712,0.5679446887386692,1,1,0.5304006399741162,16.24734399751945,0
0.36990313279186277,0.06473299271867022,0,0,0.6121267305672047,9.64377784713182,1
-1.4675491359893507,-1.4836369468755155,1,1,1.1904914113676275,11.285938930241066,1
0.9343846125029385,0.0035950869783728523,0,0,0.1289034759281179,19.84026493301286,0
-1.422575372601436,-0.11800054743944133,0,1,0.14108937832756607,0.4771666719962961,1
1.7654532913225858,0.8577708270030756,1,0,1.5921728129645156,6.949783987851101,0
0.8751511316092405,0.9786138886251656,0,0,-1.2254277538981546,8.053455446059294,1
-2.1400031416260656,-2.244201211732485,1,1,-1.3102376741625321,16.68813670016351,1
-0.12511346950308894,0.1403416100143128,1,1,-1.4163132672405214,11.032659175687083,0
-1.09799940349944,0.27197236035865113,0,1,0.7892065568608501,1.2065070720828177,1
-0.25310187475835605,0.2392544892190572,1,0,-0.25450702342379666,2.8435999229248616,0
-1.55338097131976,-0.41895126684487755,1,1,0.10154209617605103,13.169231168336044,1
-0.08275299444368987,1.2942174074193837,1,1,0.4965228035307911,14.103439319578813,0
-0.859244762347486,-1.147302277598091,1,0,-0.10382069843037778,1.3109656503877123,1
-0.3601545380573893,-0.3047457847542799,1,1,1.526024811216643,57.408092504280425,0
1.4889454176537544,1.2582724289255114,1,1,0.1753274724287736,6.6404290493707165,1
-0.3806888533665885,-1.7163456423105108,1,0,0.6197623062528751,7.469198526275203,0
1.6670541458049537,0.6893870506366417,0,0,0.9679163861320668,5.991678805410516,1
0.5829858272761245,2.7025991321917178,1,1,-0.40330394334603076,20.086812891293327,1
-1.3086247589119702,0.0665360599252246,0,0,-0.3816564486234898,56.49330677078008,0
-0.35719855767659775,-0.0732112336338521,0,1,0.7466739992028898,27.75961071906025,0
1.4969865067177004,-0.3750479697311526,1,0,1.1314454809354282,18.422089293100864,0
-0.08226540046689498,0.6288962621433329,1,1,0.5366794903614186,53.90951790770602,1
-0.8503156669647599,0.08849127662782569,0,0,2.208864250997348,6.206148730152247,1
0.565288000916236,1.670086118852963,1,0,0.35859874753155957,12.964812119969643,1
-0.17588760883009028,-1.157747683356856,1,0,0.7358723542890846,8.21813046536678,1
-0.6974832518636568,-1.287691361768242,0,1,-1.45044093138003,16.184144933044454,0
-0.38300226279510075,-0.19184744271203366,1,0,1.0280990386290778,34.0436341073757,0
-1.4361673087647293,0.4403539714847885,0,1,-0.9305047683186927,2.168861009238079,0
1.7526306976722057,0.9704019812064699,1,1,2.2747486504256216,21.614998517085,0
-0.39017560921554933,-0.8430495885359679,1,1,0.3963693107257187,0.5424111510839578,1
-0.561339869404342,-1.8592598755167942,1,1,-0.2664964515229295,33.03597555207747,0
0.9312781395940998,1.0372335135216075,0,0,-0.36491567824082516,46.051394472407104,0
-1.1567496050538937,0.1279749284411652,1,0,-0.21491040014095814,0.6797779297535254,1
1.862426713620233,1.3670240554453073,0,1,0.14406596489549642,42.60609296543672,0
1.209756296946118,0.3637074328541343,1,1,0.8420703012694746,6.802554915472732,0
-1.0486259960390532,1.2204315955502367,0,0,0.17612696763040225,0.9983069529490811,0
-0.6109896269216601,-1.6955090168831264,0,0,1.1881729730540451,2.963935826921246,0
-0.8306344347560685,-0.15638204851295467,0,0,2.1348295191431164,26.12937935708711,0
-0.7307553663588033,-0.5695937798509487,0,0,-0.9152716291511346,0.91251698719108,0
1.5405239358414542,1.0120407743992943,0,0,-0.6671856451901825,2.6321722907155682,1
-1.324618617387024,-0.5183140474836563,0,0,0.22112984825207052,4.788504798382405,1
0.07399176714648358,-0.14665228919511442,1,0,-1.2522042532604785,12.275143814161707,0
1.6837516093377292,0.6860897801394619,1,0,0.9096429976399464,27.67494431826273,0
0.042897377783732836,-0.22148929492525832,1,1,-1.122688726582661,11.54688548160432,1
-0.07721754562411313,-0.07010001535865326,0,1,0.9600930338933696,19.23313777827066,1
0.33073350095754767,0.4995745734670627,1,0,-0.17369841740155118,3.0955028608729016,1
0.0566192562597558,0.23780107862527045,0,0,1.9161461118591006,13.510021801415455,1
-0.1590208560776012,1.2352094891432677,1,1,-1.4387272053462923,4.672660961643775,1
0.508274797319347,1.804632019738049,1,0,-0.8576508335431753,24.222919337120842,0
-0.7058776858392941,-0.5261204826884557,1,0,0.34164381488096357,15.3624340470128,1
1.5400528426772115,1.7225372271413621,1,1,1.1989434740975058,8.157538807443899,0
-0.8989412019724925,-1.6810826684451325,1,1,-0.5739304476569909,19.135187814301506,0
-1.1798326453422583,-1.1085366841459103,0,0,0.24609688757316248,35.89845467268547,0
0.42914798431362633,-0.32439548021592857,0,0,0.4521239492237808,5.449571243249686,0
-0.5684506706423633,1.2177240631346793,0,0,-0.30113883374699346,2.561189156946183,1
-0.6810058136080587,0.2870384362770803,1,0,0.2142703916576627,2.7574439403604587,1
-0.27198651943655505,-1.2503275522645003,0,1,1.6108963922791173,0.4999198189813292,0
-0.7953370360439777,-0.3999083444479277,1,1,0.4838999347986135,14.329512622896095,1
0.348529669435533,-0.14188985690006328,1,0,0.028656455320287832,0.6887471529848472,0
-0.21697333517978765,0.5722604444749043,1,1,0.8349314591603508,29.77200506384792,0
-1.4203151291893514,-1.4572973256525281,0,0,0.29768201464633876,23.40261106977845,1
-0.2501392374699865,-0.042734685335559436,0,1,-0.500595965957958,21.963356328051066,0
-1.1796086989011942,-0.7003368393142166,0,1,-0.1607695979041564,11.855838335319422,1
0.486595761636829,0.6454232926965627,0,1,-2.547581818687633,42.20582504724817,0
-0.42158659441678353,-0.5333532556678081,0,1,-0.6730811352424861,2.7383829246027216,1
-0.05899449814482895,-0.29747991388717226,1,1,-0.34503427259982095,4.414544184839125,1
0.9855528282088243,1.9273032130044627,1,0,-0.8092450917451753,25.298547980546264,1
-0.7951839558429673,-0.7157532473134933,1,0,-0.05270968203859473,2.449440857487169,1
0.5818775314935068,0.03007014432394267,0,0,2.2266359217582234,24.03242937765435,1
0.8343709057720189,0.8656763700459034,1,1,0.16528940947945245,12.284450207811755,0
-0.8875518923418183,2.6832573038754193e-4,1,0,-1.4208629402086974,23.44613465036228,1
0.05777193764995082,0.21556159076684905,1,0,1.5910601576868404,11.009933987927251,0
-1.311984711998559,-1.6906494272255814,0,0,-0.8802784191767514,2.6990409983631265,0
0.0949174167514874,-0.921449622560646,0,1,0.20138687809465855,7.095882385943515,0
0.30314152991755544,0.32955751935804656,1,1,1.0317830050747214,46.063844385192056,0
-0.4105196953848776,-0.04416694282298192,1,1,-0.4207504050882876,24.592158973527926,0
0.03470017308344692,-0.013669283493733943,1,0,1.0225103040567,0.31302038501070734,1
-0.10960747397286315,0.23892901234058408,1,1,-0.10894590492144547,28.228707013029396,1
-0.04717828494734678,0.49989767977652777,1,1,0.6914553912873289,10.019704568268134,1
-0.24213679366670057,0.7393635510545841,1,1,-0.3499155920203416,17.464877047904903,1
-0.1337061335055841,0.595752106886864,1,0,-0.1785476545900598,10.184972047172918,1
2.2288984855556806,0.6444981842678902,0,0,-0.0703774726395244,27.21835337560886,1
0.12318710344319547,0.6161918521442689,1,0,1.175684550564672,1.3773068408104212,1
-0.9743483375763196,0.022951664628175883,1,1,-1.0898502965467751,23.002265789903735,0
0.1942184503947072,-0.9469719393451841,0,0,-1.5789771535627197,2.6801212162182138,0
-0.003471019479461711,0.044470367478709076,1,1,1.9838050944592198,11.785813071495317,1
-0.11229695405572948,0.4554476554040602,0,0,0.34815213227073755,12.208114766505004,0
0.939509300548613,-0.3465781504113844,1,1,-1.2537330773335043,19.36306545796565,1
0.5836484692177306,-0.5462115780111987,1,1,-0.2977912438073704,2.9294754001228216,1
-0.7303703902569733,-0.8540841069980654,1,1,2.16922826990291,0.0628924202245865,0
-1.079106777576118,-0.21424205054871076,0,1,-0.7989059728682271,30.31443664102527,0
-1.3804902565113137,-1.4598537286273117,1,1,-0.8992307691423276,4.432285887739373,0
0.8012339047701963,0.39508875080453626,0,0,-0.3313724304057723,2.1472614542599118,1
2.0119121582961195,1.198585910829383,1,1,-0.471411390678794,9.037537885017146,0
0.6774481128315794,0.6791713579768849,1,0,-0.8805736032223227,24.52787619477672,1
-0.8443954546346361,-0.18590545594662322,1,0,-0.748526405556739,7.585593729377022,1
-1.9887962394616203,-0.9763935792088998,1,1,1.2529554941692709,4.826775932367075,1
1.3713427451348015,0.5808339568508942,0,1,-0.30785390222103526,1.8366298487258923,1
0.5488782159338335,-1.4091067294523305,1,0,0.061081580700537694,7.2407032251645695,0
-0.6466103778568423,-0.4045216246775323,1,1,1.8646797105282236,6.026104227441963,0
0.2102459480799167,0.5174187670659434,1,1,-0.6091464302219208,8.791474612882814,1
-1.323616295597067,-0.7842737671659983,0,1,0.44703677016622995,5.412419301476243,1
1.5534883957713743,1.1350446199015247,1,0,-0.5629716419416945,11.775820348843299,0
-0.7908874778103278,-0.7344292297734933,1,1,0.23972788873502462,8.257346346427804,1
-1.431186321875779,-0.49900672921552564,0,0,0.19010679012950324,14.287300252454394,1
1.4183823437840113,0.13022530634575724,1,1,0.15968409822723742,16.168583521678645,0
0.4108830301065022,1.6039214627188623,0,0,-1.1906275921435894,0.7029589670640929,1
-0.9575343455127775,-1.376236809218263,1,1,-0.34773936348075185,32.03820580864321,0
-0.5112969532100671,0.12362844257985872,1,1,-1.902127547106946,9.781912375514802,0
-0.9993756753594094,-2.6472177638774896,1,1,0.816118839145346,0.9146410680616914,0
-0.21596678301989963,-0.5454559913242074,0,0,1.869457207820647,2.0125680818837353,1
-0.116281819528128,0.489330013853229,1,1,2.1006985679634997,28.837860153955386,0
-0.11128077211549522,0.8111980850508412,0,0,0.9618704317195085,2.7502409315003753,0
-1.083270036225233,-0.6531482609913105,1,0,1.2037867385143397,6.656804710132938,1
-1.016709250672017,-0.8026061388511194,0,0,-1.3643700556475649,5.11527233163765,1
0.3487502156366248,-0.0658645760588229,0,0,-0.002099822504691773,2.4696607969730056,1
0.5677551555390555,0.6739550760218904,0,0,1.2033418139695533,1.2860248677979105,1
-0.35812068039573,-0.8760834591399856,1,1,0.19616098008922941,53.54972785648952,0
0.3548864167068308,1.150761048207226,1,1,1.31728245295635,12.733844822653817,0
1.3129574096151224,0.7713590508816343,1,1,-1.4453737746539412,2.94106820972212,0
1.3730108210594145,0.8575171283971563,0,0,-0.3051755379980288,22.2013205907407,1
1.9448646160563003,-0.00293961770525486,0,1,0.5854508841260044,10.038744784086136,0
-0.6753410404675627,1.061849524957025,1,0,1.0318350292216385,6.678048756094094,0
1.4850522181835553,0.9492524025703031,1,0,-0.03654670433868357,0.8904388440432147,0
-0.48960461900166313,0.17532449289570848,0,0,-0.8306279753491794,6.886070790164834,1
-1.8454102534335803,-0.5595001156853028,1,1,-0.7921799482311577,44.99093521301305,1
-0.6468138871934092,0.8205538117131601,0,1,-1.14709120617618,5.529392160058136,1
0.11290786396380742,-1.3052759080196525,1,0,-1.305759091246152,6.248896463295898,0
-0.9543335681132704,-0.9563626973760064,0,1,-0.13596716721818133,1.6967493332347123,1
-0.8298094847418827,-2.927305846361767,0,1,-1.0158416786614388,12.163484521195809,0
0.10708591638147082,-0.522269467668716,0,0,-0.8360062252977476,4.76923817049525,0
-0.822813943698262,0.4300539496627881,1,1,-2.1315014451513052,2.9553356400644226,0
1.6603516949856905,1.4909535232261606,0,1,-0.14584653326024385,1.2830856281357842e-4,1
-0.4003390451598551,-0.07421012376703257,0,1,0.7480990619081481,7.934084029069968,1
-0.4379073912252851,-0.6396956134005878,1,0,-0.6687869518873195,31.564616700846262,1
-0.6857908339631168,-0.3176409794396507,1,1,-0.028645497089268102,0.40734129041264977,1
1.0599718519560044,0.8001300765696,1,1,0.14766104636254185,0.5347722359401456,1
-0.6463753148637993,0.990023612494183,1,1,0.030718160855948216,35.47077871851046,0
1.1612046438851638,-0.15372931905410903,0,1,-0.03782902585838071,23.169987025115024,0
-1.3408652738260975,-0.18938054674588195,0,0,1.667901849750304,4.15295034352129,0
0.516444758544931,0.5306546202054353,0,1,0.5123804132075004,0.6629087563071931,1
-1.5617346900532396,-0.6206165920664826,1,0,-2.0231842184460898,14.869685195710947,1
-1.894548545339437,-1.3461033729954954,1,1,0.1908057151342287,12.407069693186452,0
0.2857857026504403,-0.6901540173257021,1,1,-1.7651726880381298,11.12576707133225,1
0.3115659859106486,-1.0381936162503012,1,1,-1.7930589200407387,3.052836753298532,0
1.1332714921651372,-0.526653835105737,1,1,0.6759636021089451,41.00575327313499,0
-0.13859468903266153,0.11317860479244407,0,0,0.07125683757156638,46.704153066962355,0
-0.07170322874572534,-0.8133944619478264,0,0,2.057212591525181,35.32844361719294,1
0.7484076896120141,0.9935711443242246,1,1,0.6331723748022154,14.229637882706283,1
-1.1205406294078126,0.2530774758702963,0,0,-0.34241840434183346,10.246474454700925,1
-0.480923111575924,-1.114145415765721,0,1,-0.40335503348308854,7.850419717841739,1
-0.5429907068554414,-0.26656863616762355,0,0,-1.3591265046607688,18.37003488789217,0
-0.36835467367989905,-0.8517431677353076,1,1,1.1354880822872206,40.26692471851521,0
0.4289344530827632,0.4891470377176408,1,1,-0.9272832914022578,2.458996434325647,1
-2.5231086576114152,-2.866350675376419,1,1,0.38654600155690777,53.37502285738664,0
0.48900775935138613,0.4586722986947872,0,0,0.592812631517164,4.356765317727009,0
0.5482279824526791,-0.19789302729292607,0,1,-0.5883715991901038,6.582801568260754,1
-1.2829433818189826,-0.34830229373307464,1,1,1.155691184205145,0.5530858441302385,0
-0.7568345517849976,-0.21550157930510255,0,1,0.18518922533284882,34.12222874307311,1
0.02847890878497337,0.0948580800915473,1,0,0.03669870869922323,1.7333746542542827,1
0.007462982466932413,0.30322638175522165,1,1,0.8286156732209318,13.238192710335074,0
-1.380214540620781,-0.37476282659283733,0,0,0.8651783901422345,6.869648157126309,0
-0.7835837627414618,0.5422043428384844,1,1,1.2172087662565882,3.1058265911755907,0
-1.0217981864944994,-1.2738301004648869,1,1,-0.5928468731874302,1.6306807215922312,0
-1.759967586814701,0.3965136412635515,1,1,-2.593844223011598,56.69455312397849,0
-1.2227715265187744,-0.44033863990393984,0,0,-0.08629477526885206,17.98332582459625,0
-0.9845603113865217,-0.37655490911232653,1,1,0.11212642242148667,50.775748729056374,0
-0.2895715056510728,0.40696496377319236,0,1,-0.5811380804861744,4.198531295575827,1
0.4888628338315081,-0.2654255869069612,1,1,0.6260072130454764,6.665749966192084,1
-0.25196171610128854,-1.081399573801532,0,0,-0.7370438159398005,5.490705811393422,0
-1.993857061501925,0.94129788294864,1,1,0.8976786349757961,8.463662182444772,0
-0.7772433470835844,-0.7290752630422589,1,1,0.43956467777476654,16.47737454254218,1
0.2043188472201092,1.3689153896775135,1,0,-0.35287396051777864,5.808592419380497,1
-0.4926848916009033,0.6331532152278335,0,0,0.31971386684837755,4.675064998243766,1
0.04960917955054411,-0.622379651707361,0,0,-0.47916204576721966,12.187509784928045,1
0.4408511214420082,-0.7713268956896013,0,1,1.2708673080429238,26.521267454878707,0
1.1821239961726286,1.0089516460803434,1,1,0.31254144665071365,18.28677616031455,1
0.28572099733964434,2.102144660873813,1,1,-0.14469009226958038,24.723922149779717,0
0.11239692452508669,0.24425364875436653,0,1,0.20585406173496815,11.50179247130931,1
-0.445112919349868,-0.3777675755703331,0,0,0.5021424342795823,59.241009603612284,0
0.28103473654829025,-0.4099159143963909,0,1,0.29271070845514235,29.892372756897718,0
-1.5981638232054554,-1.2506016749909354,1,1,0.03424216912245733,3.5472468581589736,0
0.8080923532237151,-0.24222226589806034,0,0,-0.47801209708387576,8.52924952297885,1
-1.6113002110757144,0.06590668957826018,0,0,-1.8147728773327545,16.26299401038425,1
0.7227388576417947,0.08586128146402472,1,1,0.10610821081361263,2.9732462496974983,0
1.577361330451176,0.5013959550629518,1,1,1.1493187558824356,8.261350035653036,0
-0.4173513346043028,0.17085082623689338,0,0,0.9344652905514076,9.055058301056098,1
1.4020557326424086,0.9150461747201863,0,0,0.8266278334839293,35.19996712864872,0
-0.4660812684432944,1.366232077585111,1,1,1.3162557841942346,3.400005815500343,1
0.20465441681577046,1.369057834487274,0,1,1.3461717952973216,22.39919168628114,0
-0.3995177848406782,0.11703128386135056,1,1,-1.804811482723776,31.056805082691593,0
0.2546535899339405,1.196314111476148,0,1,-1.456363943920045,27.404679444955416,1
2.021079020750949,1.7441312533047648,0,0,-0.7194957683750612,11.048956161084437,1
-0.11526865462782292,0.5554991611978168,0,1,1.0462990442922084,3.863286701638726,0
-1.5616870753201675,0.7132272522769083,0,0,1.2953972885205585,23.453164086171792,0
-0.08043176820759998,0.002939155361205356,0,1,0.7487221852747282,23.711606783837198,1
-1.2830328812636276,0.19467070766621541,1,1,2.05614957850421,4.8202548704638675,1
0.011978723696539009,0.570332821333554,1,1,0.8108638227314185,8.722554791618037,0
1.7362381278291987,1.0117755369875754,0,1,-0.44724891919378984,13.682676579186037,0
-1.192510053836536,0.2129879421587071,0,0,0.008506106854231893,8.827201858809373,1
-2.1194102877427827,-1.662184487816236,1,1,0.05391586819293044,27.399041331810007,0
1.7239401338709732,0.8306847477193069,0,0,-0.426452239650391,6.113390520962969,1
0.3693712403803194,0.05955950755372211,1,0,-0.7227366381132246,4.430966583012268,0
-0.12888501172922812,-0.8476197790201176,0,0,0.25400697163886693,3.239550721259881,0
-0.636786829561813,0.36810678984054274,0,0,-0.39409255147570776,23.582781750516315,1
0.21663798802925363,-0.5574300866775077,1,0,-0.49954387730595023,4.113817697167971,0
-0.45138332211785936,-0.6878686122479026,1,1,-0.31160049514909754,5.601003643764973,1
-1.1369189534233646,-0.4753812547577587,1,1,-1.437811191549913,31.20864784492075,0
0.07728886314770383,-1.9055759742095681,0,0,-2.363099405545749,8.269083846408384,0
0.29034649797751666,-0.22732743701300312,1,0,-0.033923728031727225,24.75450302547723,0
-0.18819529278327524,-1.183409318680763,1,1,1.2319046713091562,7.597422532909855,1
0.43916209664193545,0.9976690638489245,1,0,-1.8326891739300182,5.359335150075912,1
-0.9996529642502142,-0.8485231342956547,1,1,-0.7015018389611122,12.753562899270458,1
-1.0248806669504533,-0.1332028253519713,1,1,0.36859362978451876,7.904355016871423,0
0.432728196745587,-0.36319647038148717,0,0,-1.068199500890725,1.1575775664572723,1
-0.3287434722711325,-0.3107925254470615,0,0,-0.08581956053376309,5.52245183815482,1
1.1092359205498106,0.23192803672898576,0,1,-1.7961115983011209,11.1484552668875,0
0.7079553510508175,-0.5832092844998198,1,1,-0.247923839531169,23.14939854088132,0
0.42670382837457027,0.26114488091058846,0,1,-1.3150366730632448,4.189299021761663,0
-0.9820841790179751,-0.6297134365797638,1,0,0.7286588319277949,4.041301757169161,1
-1.2804817969939168,-1.140977531506882,0,0,-1.2064827806451384,32.40793817388552,0
-0.25776277161108296,0.3203449634712738,1,0,-0.8753716726724717,8.389523394880491,1
0.8766040407230619,1.3913185487407562,1,1,-1.7981947660200694,3.248666319636534,0
-0.4409403016224859,1.4433143396102808,1,0,2.0027801110334713,0.6160164399353003,1
1.1487431004877027,0.5944764382989919,1,1,0.7195002766255734,5.309320464874096,1
0.2226698405791625,2.1102477497690213,1,0,0.9777981975867953,6.929940937769483,1
0.5039930187141649,1.2655997960027867,1,0,1.090618329943836,20.69807514237069,1
1.2395825799156712,-0.2631721675489628,0,0,-0.5639974792730331,1.9011011204391557,1
0.3204820213529156,-1.46916025183696,0,1,-1.5930322889996147,31.580007651414196,0
1.2654712319814627,0.9839400399780917,1,0,-2.088069733139778,3.890098936326224,1
-1.2861282429224707,-1.1917232829618487,0,0,-2.3885737670388063,14.412417328309175,1
-0.5250218104508557,0.29229344506276866,0,1,1.3985762614598083,18.78972476245607,0
-0.679704934687057,0.16254723459787812,1,1,-0.27747319322273567,0.5597379062787943,1
1.5372826354878653,-0.14033342832895856,1,1,-1.2852160450397316,11.704051930054618,0
-0.4016193431215975,-1.6400564350809128,0,0,-0.6672214633095558,7.850164223936994,1
1.5523354371821012,0.04590326679005252,1,0,1.3449950992163286,31.764992838362012,1
1.3872139032035884,0.2594874586770912,1,0,1.7979362737206015,6.415983230508432,0
0.2347019134679745,0.008741623767354947,0,0,1.5438173542112887,4.279932841428458,0
0.9003919758820156,1.5664388760968264,0,0,-0.7102502535861699,5.6371386037082285,0
0.9943252973646314,0.43613710425828567,0,1,1.3216802931982485,27.822725056095017,0
1.0434399986991043,0.8080949262323267,1,0,-0.5499897443906899,14.660925887663394,1
-0.8642268069095446,-0.2973325618465179,1,1,-1.5571024641636289,12.74058612379961,1
0.32524526362712447,-0.035016884232894396,1,0,-0.6187265679559621,11.82497087973943,1
-1.50514827618935,-0.6322654739982085,0,0,-0.7444196833282618,0.2846803046793973,0
0.14406574889742504,-0.15536658351080607,0,1,-0.24656173218527574,48.93594580030084,0
1.0981081968658577,0.5480004346548084,1,0,0.3841107790640461,15.8815975310837,1
0.9221132761709319,1.6087477723787993,0,0,1.5023211850684515,9.9127646895219,0
-0.057563282164341506,0.05431682850267969,1,0,-1.1004826831614853,11.908495088528596,0
-1.1458577987708576,-0.0508588298625573,0,1,-0.2871858835035369,28.74324450459536,0
-0.75218443833131865,-0.8323775822291251,0,1,-1.9304088075522394,7.668187919083594,0
2.1763422754048385,1.641976927297613,0,0,-0.1644215386714258,2.757595442091636,0
-0.36310391450334617,-1.1794950540805482,0,0,1.5517263100103669,2.240572883607384,0
-0.681443200025111,0.754696455375472,1,0,-0.2673089995499004,23.64336987552634,0
2.711495726720079,1.8257649756959278,1,1,0.30551669823781136,5.534071737468354,1
-2.1791529396827496,-1.0531550729763042,1,1,-2.2721990777709444,4.969724493539931,0
1.304925738681684,0.43035305034177984,0,1,0.2671297870373442,10.477842827791411,1
-0.4854289148061873,-0.9338875786557758,1,1,2.8920753240402974,3.131194899585026,1
-1.7414440793450938,0.17047971844169563,1,1,0.6204174225139001,8.866300074085173,1
-0.25788561930129156,0.08019732073451594,1,1,-0.7324420551505825,2.2478783000766223,0
-1.3831325154571215,-0.6578343246662919,0,0,1.7884046537299505,9.19547037160362,0
0.007023682452671493,0.276430814557479,0,1,0.2580148994060836,2.3854828285031795,1
0.18891595201454112,-0.6735676787219544,1,0,-0.32206708031147,5.464230953539545,1
-0.7527853270586853,-0.9003922991102774,0,1,-1.1741281945792585,7.2704516009618185,1
-1.5286607633361973,0.17132767936453464,1,1,2.3507117621193974,3.765819002748341,1
0.8781821021278633,-0.5157716950413131,0,0,-1.4534590039229518,0.6707134807962595,1
-0.4446125357050855,0.4944618719977924,1,1,-0.12730309035955215,4.757477319349883,0
-1.0818207929214803,0.04406248579046734,0,0,-0.6277280161280969,4.81192493664047,1
-0.3015082992734513,-1.071658988671107,0,0,0.15135023281149038,0.08671148949838513,0
0.6461169419961089,0.14390579880520107,1,1,-1.7319740163941348,11.520103001283863,0
0.017276660873825952,-1.1348519568567512,0,0,-1.4556769402448455,1.2599619583704986,1
1.8636048795970535,1.3682918918343352,0,0,-0.8895479195065483,2.8111494827898142,0
0.5409988081077283,-0.8539311914740919,1,0,-0.4169102752522097,5.808472723257817,0
-0.17420472255969324,0.8219511619830965,0,0,-0.9048698437297327,6.999483740862414,1
0.6386277787144624,1.4922580870994495,1,0,0.03394232463589141,8.344515505869804,1
0.5838680777053744,0.6940558826317197,1,0,0.6477790133247792,34.511205016307194,0
0.4337718060088655,0.8588952387220883,0,0,1.7170640580670278,0.2737559331401204,1
-0.054298494724511336,-0.7805911990651372,1,0,-2.112890588228776,14.058354818204869,1
-0.3685857878218747,0.14173826369747833,1,0,1.54676683973175,55.38810403786664,1
-2.377358683567802,-0.921154642935092,0,0,0.26880894487412355,19.32044711213683,1
0.8782035918064828,0.41206820055366933,0,0,-0.003526002167694715,0.23182964565752462,1
-0.498776275592153,-0.32526312768502547,1,1,-0.36916807446723277,1.2027526090621392,0
-2.1020000568149437,-0.1258842236429052,1,0,0.40750246545710356,12.246964141568276,1
-3.627528833730648,-1.8031050916578102,0,0,-0.2341408634075602,17.610719291928195,0
0.014257160811717962,2.532456649277873,0,0,2.439326566407121,8.290996142173002,1
-1.1798746741120167,-1.3985684332158026,1,1,-1.461979381760244,8.053313307054927,1
0.6328586579584436,0.07432547986793575,0,1,0.49944973689953354,4.0757905019440015,1
-1.9962055420095177,-0.39638984028992197,1,1,0.4428128725122338,2.087989163991337,0
-0.86069645600687,0.31207780576160815,1,0,-1.1268862590718112,20.87392707536718,1
-1.6898563171043826,-1.1905695909437388,0,0,0.9604715232436474,10.717434990201792,0
0.4855772024954341,0.10750627507561422,0,0,1.7002103896614198,19.963639913373015,1
2.0693010033453443,1.563696148906738,0,0,-1.017206016988517,5.66926272406196,0
-0.7388038312911854,-0.7593233894298679,0,1,1.1416070792289186,1.7964621577915307,0
-0.6156218432251138,-1.0768929558267801,1,1,0.010975029697022395,24.65762685126573,1
1.4299156543704348,-0.46920939156527364,1,1,0.020753799275120798,3.0727223449639514,1
-0.2474869491284529,-0.3576197357822972,1,1,-0.3546333126569008,3.1917509577096252,0
-0.15621424351328256,0.9129759315147558,0,1,-0.44700506861651546,35.26432561781232,0
0.20533547139570818,0.09960481190465348,0,0,0.2538159663672451,21.80561592225081,0
0.8535054553176028,1.241189648202884,0,0,-0.25495108190518273,0.05002678318028284,0
-0.7120257181149072,-1.2989874548331994,0,0,-0.5482958781099999,11.765136649566037,1
-0.291737714716803,-0.021003740675372973,1,1,1.998918802488683,19.20590432401928,0
0.9829146550899981,0.4687590701563381,0,0,-0.4368899204574565,42.166754170993784,0
1.9768715774882408,0.23082194253764277,0,1,-0.2785880296675272,11.516734328422997,0
-0.043438602356542504,-0.5877122183883614,1,1,0.5387426656885028,10.631960819233896,0
-0.994549631507616,-0.4701741502726524,0,0,-0.13409215392872367,8.466871334851133,1
0.822025021854509,1.3597176209358062,1,1,-1.8388965607113699,26.6648826817693,0
1.5020264785564765,-0.46363524454437166,1,1,-0.019507862114530553,49.5752595470168,0
1.0120671249342337,-1.1502718090306514,0,0,1.0310706363172273,0.27497197433040405,1
-0.1795415190295228,-0.03644841477649227,0,1,0.8417912912032671,1.5587866410584292,1
0.40766980824451127,-0.4559861696484638,1,0,0.7356619501239541,26.964795554743315,1
1.5084263905468787,-0.633341237134709,0,0,0.6434216299169225,14.662492843694842,0
0.4624488734723388,-0.22677288144564015,0,0,-1.0768394736688567,59.58519774995348,0
-0.40556460660072763,-0.1595131359821471,0,0,-0.1652356962299998,2.780568185460153,0
1.6055179876804657,1.0776255122230407,0,0,-0.5654677798607715,14.656757556295537,0
-1.1181555886625425,-0.67642158100916006,0,0,-1.8748581332348762,7.0297143253062675,0
-0.8202957846820195,-1.0165579850751756,1,1,-0.05544332970798894,0.4798705729163291,1
-0.7017963887251355,0.327125061502317,1,1,0.6361918519992849,10.923338796885892,1
-2.0450688974438505,-0.8887653165423067,1,1,0.393599302604997,14.769083254925535,1
0.9775279272920305,1.753306714111923,1,0,-1.5887565251846343,22.559019635778206,0
1.3115740243732659,0.4325761879368373,0,1,-0.6581317143559557,24.728991775610606,0
-0.040035425591040306,-0.05689124749952283,1,0,-0.13672083632488521,12.676438440759323,0
0.030721090813785854,0.1551642820499657,0,0,1.3991680091152352,5.47139291989443,1
0.9423930973418828,0.8344615667778157,0,0,1.4890402663113464,67.58509219646741,0
-0.8888924502929116,-0.3404337548065274,1,0,0.9814405009991374,25.941744215809706,0
0.5413120787922495,0.1057404997244612,1,1,-2.2309101917138077,5.744643056312123,0
0.41287139627808905,0.9657691299732483,0,0,-1.00333130276758,22.191015380598177,0
0.5087368796287828,0.34515645178301757,1,0,0.8057953811031879,17.738494963714057,0
0.8771536243694701,-0.5211544610187873,0,0,-0.0376834797833929,5.890778086101456,1
0.3833512375800638,-1.2086515181680606,1,1,0.28883592183733425,18.988292767757848,1
-0.05896328492230714,-0.9740135738595765,1,1,-0.08434604636604555,3.0092862848206834,0
0.997446248696273,1.6658592203379716,0,1,-0.5344231299476082,1.3369049192102553,0
-0.5713720260200263,0.20577175402256376,0,0,-2.1604693432606683,2.6938480762015624,1
-2.359147679500255,-1.384369691936559,0,1,-0.46067009388908925,4.191925240371333,0
-0.506432804450657,0.9345744594802905,0,1,-0.7029492170832969,15.995339579558284,0
-0.7588063312225294,-0.5072575759686229,1,0,-1.0803841677053394,1.0142080453458209,1
-0.36803791726693147,-0.133051180744005,1,0,-0.46403904036367843,18.920503217908408,1
-0.3061336590873795,0.9300109825035207,0,0,-1.107975398867983,0.13599997623989796,1
0.4762553534002845,-0.5935002755934755,0,1,0.30967325119796646,0.7658756637221333,0
-2.2378901370573887,-0.8965555952919353,1,1,-0.11507123925525545,38.74607387638507,0
-0.4956216144544508,-0.683624050581198,1,1,-0.9571036597623491,0.12178236481996116,0
-0.027322322765725566,0.7333284756296102,0,1,-0.3145474435692611,0.8457651663777503,0
1.285374670242545,1.3224108489058763,1,1,-0.3388452608155029,18.62767363709292,1
-0.5629289981839247,-0.5999761618377643,0,1,1.5924631336847197,25.505713477610165,0
0.1504010082632616,-0.33566522389985143,1,1,0.08581661854331848,3.1476494304612337,0
0.24868159588649882,-0.5344604177560165,0,0,-0.88342857428394606,6.047914705408241,0
0.7953629240490105,-1.7030996708720147,1,1,-0.8786070698155547,4.968269998852895,1
1.8047819432450405,0.7973020837119833,0,1,-1.3115470190637564,0.9682875315890833,1
1.5638592975986392,1.1156721093611446,1,1,-0.28330836990767955,18.091499498993045,0
1.865072481535497,-0.03841675637132136,0,1,0.6070346858850422,17.345096319634806,1
0.09860155416390377,1.33149710391627,0,0,0.28890654773842495,3.632720385437191,1
-0.29143631148848104,-1.1075831924161386,1,1,0.17437111146441786,3.636177794641049,0
-0.5541202776257009,-0.8116408716226311,0,0,-0.31902748776487194,0.4757670226483202,1
0.636804628023722,0.8616160832461497,1,1,-1.289147920820063,11.04918008303435,1
-0.1462541063828092,-0.45270185401018964,1,1,0.5280641016694216,32.17982793330732,0
-0.5889907403581994,-1.6137060586544651,1,0,-1.2043615586123568,9.692927613911941,1
-1.0325807292051632,-0.4634481269708943,0,1,-0.042891644883354244,3.6543138274872624,0
0.8084479763765308,1.0843242507472446,1,0,0.6642160613888832,8.987142994643165,0
0.329910367921134,0.8426533884373204,0,0,-0.6765294518040805,4.152495928223758,1
-0.7511800205917663,-0.6810854771853209,0,0,-0.9300053889244135,1.8932110842130359,1
0.6822415137170674,0.5909585972984999,1,0,-0.9035731238693641,6.990647680597185,0
0.18027975601388357,0.9055754246064041,0,0,1.6075056282063223,8.000581550188416,0
-0.5113277840590458,-1.1376560104163789,1,1,1.32002231355437,5.039602561231745,0
-0.5853145358324574,-1.050650174313658,1,1,0.29021945879146005,12.3679476365821,0
0.48748007553190514,-0.3739316624827167,1,1,-2.2871252875396904,11.230167540861832,0
-1.650034285666412,-0.25406416650168706,0,1,-0.7624198468466363,49.781524987335374,0
-0.2763855102868085,-0.034643135341266174,1,1,-0.5004338468929378,0.7002453253961863,1
0.17189762993253885,-0.04399328982213564,0,1,1.496330799654822,6.215844292582002,0
-1.0043808895185609,-1.405083780666901,1,1,0.5088203405440638,21.797394429504184,0
-0.7223852596859914,0.1597110492237872,1,0,0.34736134281056597,19.401080930751036,0
-0.9398996555567934,0.03259365312014745,0,0,1.4058912045812002,0.06235193011341811,1
0.016649149534783782,0.48123119742849385,1,0,-0.24060495109302674,0.9882621445538454,1
1.6295007731552158,0.1394457879479848,0,1,-0.9478899885459537,12.055751804665134,0
-0.30397254273613383,0.3025178206200491,1,0,-0.8640480836702518,6.301081691736792,1
0.12975524766596705,0.33407338596529196,1,1,-0.3206780130627172,6.811017005139796,1
-2.6656975891543833,0.2567989083112412,0,1,1.4293489896487124,1.4786662364874796,0
-0.22263227946648606,-0.24186442995792817,1,0,-0.906418453305437,0.7778327329018302,0
0.7423578505252584,1.0129147031445658,1,1,-1.768016215925648,32.443833750094306,1
0.04815634801464103,1.1784731782107027,0,0,-1.2677589909369709,3.7135731494033553,0
-1.7974373869130147,-2.7513220167109202,1,1,-1.7278004186863247,14.270621379853448,0
-1.2627038354502405,-1.3471719910022788,1,0,-0.5510079719363135,17.483940322047268,0
-1.7049199911237867,-1.0286881469392075,0,1,-0.012443165637418785,21.267518702385512,0
-2.892614092753323,-0.10046678455311109,0,1,-0.41137897775375315,7.258751438607004,0
-0.6994495144402453,0.9341713266842243,0,0,-0.27076874840434995,5.367396392187096,0
-0.18162528958356844,-0.15311751145372166,0,0,-1.2260802759179885,11.711921479955718,0
1.0319669493163863,-0.5159104044104205,1,0,0.4434238186031248,13.110909869887193,0
0.5031969063569756,-0.5095907203864247,0,1,-1.1554183878849054,0.9819091187837627,1
-0.13233341333762907,-1.0421889708222805,0,0,-2.6173565625783524,15.566804444987264,1
1.3214824864025987,0.3896786927183207,0,0,0.6223892916974243,15.396548301234901,0
0.8596923784212755,0.9492601885091558,0,0,-0.3965296624862799,25.62304971205475,1
-1.2153519071282681,-0.2892599682502426,0,1,-1.035341316260764,0.919345813638101,0
-1.5949084317880189,-0.6517948661307255,1,0,1.0901340439824565,13.016125980160526,0
-0.006124022413774734,-0.3359474738346385,1,1,-1.926511601809639,5.263226469942731,0
-0.556869869963276,-1.0841359593675683,1,1,0.1430900763284145,13.180001689171467,1
0.34373554296196634,-1.220583659369188,0,1,-0.027070154808998208,13.890360036609062,0
1.4560232968107674,-0.17487851887632655,1,0,-0.4893246862504712,1.75599689177871,0
-0.7382415004166016,0.2925217866384493,1,0,0.6713761143513394,17.414447764367903,1
2.496327882433001,1.2278024050757692,1,1,0.956546979091387,1.516749731875248,0
1.3052285580259602,0.24172909192342074,0,0,-1.6383248388248548,12.286630949961976,0
0.3645467368277669,0.7016458880073114,0,0,-1.001318350373266,1.0376504593633087,0
-0.15974186980626712,-0.5154279035196107,0,0,-1.6282776084817643,0.4486337890237224,0
0.3230942206112869,-0.07020097670029274,1,1,-0.04190240889119326,11.764547075630384,0
-0.8185464936439215,-0.19141781424334822,1,1,-1.73204758528334,1.4902872813714516,1
0.3222498593330856,-0.5499680667548233,1,1,0.12375213631710917,22.08895258466848,0
0.09714411413330266,0.7873397188487035,1,0,-0.5151511945634087,4.5345310466975315,0
-0.15145794709414226,0.20760610803772445,1,1,0.07848552110988785,17.042680364582495,0
0.911334352948701,0.6123388559479495,1,0,1.1830275022824155,55.89285872293348,0
0.4464030354943652,-1.029314371651324,1,0,-1.2078487841356225,2.6675084746050786,1
1.7730117177186648,0.22313838184126755,0,1,0.3555135596617285,8.892931338960599,0
-0.4471782427383145,-0.4100520400148857,0,0,1.2835723008817745,17.479439604141408,0
-0.9370344510819206,0.7872779580621633,1,1,-0.23247349513383855,2.0134137695274066,0
0.7929324586708425,0.5433625121901025,0,1,0.43440325139120883,3.1585138236027794,1
0.31284703369963335,0.8532415375139091,0,0,-0.6149538437323943,11.616792461500435,1
-0.17355568889878434,0.43247177566480244,0,1,0.504349385593557,40.7094990587322,0
0.4458895123999783,0.806052673565554,1,1,1.1148200370209806,10.837410912852604,0
-1.9146732427652406,-1.1379629984185642,1,1,-0.582349062079702,39.35890308055915,0
-0.28310038514926417,-0.2574585345230288,1,1,0.646282326302198,14.392694791967577,0
-0.4783601656400798,-1.229708491413628,0,1,-0.0656263685237743,34.22047703969046,0
0.503030736305855,-1.1474413267424364,1,0,0.7275049502757711,10.762318652338962,0
-0.10131372598809534,-0.23466377410330772,1,1,-1.0201831264377963,5.13501904013074,1
-1.7115357862010698,-0.6009172846785846,1,1,-0.4106012857177548,20.933859439941493,0
-0.14542913897073245,-1.4564771995034744,1,0,1.33558819002318,0.09839538750743762,1
1.0882504645737423,1.2505098575057034,0,0,-0.17653711217672016,30.82234675663271,1
-1.185805777489561,-1.3070839228903937,1,0,1.7453084523059443,7.562734003261479,1
2.521502900056334,0.2452057287626841,1,1,-1.0737849241877298,31.214240922419727,0
-0.4073916434113702,-0.8747659464058369,1,0,1.065713839944762,12.497971747717802,0
1.0261286982873163,0.419280575995617,0,1,0.2674011233950842,17.407443517417985,0
-0.9924517122102756,-1.3315642197928301,0,1,-0.44327334741930186,20.137661639178148,1
-0.7649418599438651,-0.491709627146332,0,0,0.9962220514998038,0.6729999780079572,1
-0.10395618154626697,0.04651416907047456,1,1,-1.3387263346209664,0.5604764306084157,0
-0.6269871027658783,-0.6429580716482732,1,1,-2.062819775113887,5.082276642581441,1
-0.9473155950031305,-1.596007037069842,0,1,-0.026879552217658836,41.76431313690486,1
-1.3270415673421194,-0.34309611310051774,1,1,0.12719561185252973,5.603738032051265,0
0.44988866920107096,1.384964788368578,1,1,0.8400524533583267,2.112131121723003,1
0.030510349866134163,-0.775527973387837,0,0,0.42934053269872513,20.408264062056215,0
1.4465020776632131,0.6121755158172629,1,1,0.31756128968159353,15.85159031772959,0
0.651720491418848,0.756766384606425,0,0,0.9748406189276226,15.907667874910429,1
-0.5585745869951945,-0.11837284891616295,0,0,-0.6724759614655611,26.985236718836905,1
1.6500317540732723,0.0793183049583529,0,0,0.5928496345979299,2.66129568104118,1
0.8178676900953522,0.6653286688640162,1,0,0.5975055316374479,4.942590904756517,0
0.3403824924169949,0.46123191279193176,1,1,0.38274938812310005,2.191232015741953,0
0.1499130293846917,-0.31389045028550966,1,1,-0.9563887575396481,8.195287963325107,1
-1.1794691320571464,-0.4256650775836199,1,1,-1.8736859402791217,3.3055348627441865,1
0.11354591314711213,-0.38903836582702345,0,0,-1.806283526348917,14.994457461129143,0
0.4055651703923637,1.0064073874345474,0,0,-2.1985523497903117,45.212302174733416,0
1.4345453372209709,1.3656666566140103,1,0,-0.29057167344647084,1.6761868185288196,0
0.28702251998813993,0.7176398236629828,1,1,-0.21228549074780212,2.959597861200111,1
0.09102899047870475,0.30405838645158745,0,1,-1.0294159249544934,21.375926443800378,0
1.1465051400276938,1.1818313851414395,1,0,-1.2780671067147082,4.800774640687759,1
0.2724590272639358,0.5578236922849741,1,0,-1.22917633397966,10.697250802817836,0
0.7389790268525901,0.6835188789851245,1,1,-0.793098323751085,5.276552752077464,1
-0.8930148208619741,-0.8277829637263606,0,0,-0.1609636986438564,13.83114086462057,1
-1.0488130021790596,-0.3378975488609335,1,1,0.7329607419622379,4.516409523065946,0
0.8641973239896373,-0.9061939745450229,0,1,2.492345198675978,9.161602115999317,0
1.669204689825505,2.090874743254551,1,1,1.0671763456762604,8.233848670687518,1
-1.0902397306864604,0.7599539672828465,0,1,2.1504848450745615,0.1711788725211229,0
1.1704998544595206,0.8201006221494225,0,1,0.46173775820642404,1.8105968926461506,0
0.5584624320466975,1.1606716492684874,1,1,-0.054604610808419496,9.841229362075278,1
-0.3410973216838723,-0.664050869508207,0,0,-0.8997137103866075,12.331584650073847,1
-0.3443705215611322,-0.8529715357508222,0,0,-1.2724126806713631,8.123293698812082,0
0.20073199008950948,0.3264959876941429,1,1,-0.25072923788233253,10.75216754192206,0
0.7712913616164728,-1.246643042624938,0,1,-0.1210786450740078,1.464611211522328,0
0.9684006294151463,0.52147287885148,0,0,-0.7646308369310533,23.288344891657243,0
-1.9545230107972353,-0.3267447941771263,1,1,0.4417743296933747,10.38553546502841,0
0.4300418316091279,0.6638428143594005,1,1,0.1318084061387915,12.016175018127244,0
-1.34798007503357,-0.5072368209955656,0,0,-0.9484006135564921,9.379899794501917,1
0.41790044913431396,-0.05137023888699363,1,1,-2.0295710774092925,27.708964542981747,0
-1.6284145605586642,-1.1446345362975578,1,0,-0.06716362937252718,2.71441790717564,0
-1.3171589408160216,-0.426657195744776,1,1,0.8794273522170831,6.009143629762196,0
-1.404040763854542,0.10787814056642875,0,0,-0.8637313604992306,1.841994598547972,1
-1.663756000158512,-2.5652395812239006,1,1,-0.34232282660806607,13.922807139981494,1
0.29956095514103204,0.297261908459844,0,0,-1.3736478505452077,4.392892569950764,1
-0.5561348084444097,-0.8686297025217671,1,0,0.5514221014604651,17.24964057995914,1
-2.0142748530319055,-1.0549807128705944,0,0,2.121124814252816,1.2568279658922465,0
0.6216426106712424,1.2753070082861349,1,1,-1.554518273790857,0.1704410678853986,1
1.8760707148508378,1.816057274069805,0,0,0.6096846437394836,30.920619254070555,1
-0.7847787603126146,-0.005959311379011734,1,1,-0.646247542070311,15.888013390725186,0
2.069067942407252,0.9548116335548368,0,0,0.40733227847029996,11.821872658998808,1
1.0960274529283618,1.6780710584670557,1,1,0.4962663944425323,14.193896005650977,0
0.6556912691212458,1.1455460123760606,1,1,0.1810534759700369,2.544270918262281,0
-0.3280116943510172,0.49404620226041407,0,1,-1.58163246373185,10.13037225440087,0
1.3480267455579975,2.0080263124598465,0,0,-0.5355298596900836,5.366609513778603,1
0.3039065043882139,1.0023405128633016,0,1,-7.043860748440144e-5,5.00777262554263,0
0.4610984344500609,-0.5863743173199657,1,1,0.022906800295438186,21.21338119081112,0
-0.33783011149196873,0.6739896113761901,1,1,0.07268893758078802,7.408217492534712,0
0.5738325617477011,-0.4255322353158162,0,1,0.32207087554039926,8.266221075441436,1
-1.1001863310055355,-0.7681197721111817,0,0,1.164697224094978,10.508114191556068,0
-0.8111957761611691,0.8134654332437605,0,1,0.5530291866363044,10.78736107134796,0
-1.9652754820361917,-1.1512970206706217,0,1,-0.23470522550931583,21.622439568705776,0
0.5007854399624176,2.562456071083602,1,1,-0.0632347461427834,2.8524603371051747,1
1.0337352785282559,0.17308973133693717,0,0,0.2186726059046622,9.17776846452742,1
-0.4544227654707654,-1.5425470812011555,1,1,-0.6772614467000384,24.498768930292734,1
-0.08537617542609352,-0.03058871839189417,0,0,1.2849063581411597,6.472039176690532,1
0.6170151542032392,-0.6414418786338579,1,1,1.1180023308477502,17.81556178105913,1
-0.3478696383449333,0.20211484421926998,0,1,0.9259212608070677,1.285365068904071,0
-0.5876227776924634,-0.16808909887580087,0,0,1.0228258367952094,30.96603133830371,1
1.6984619366619707,-0.2735075090245569,0,1,2.747296996958108,2.1929954786328274,1
-0.7768090988042511,-0.45551507631419175,0,0,-1.0610107708563332,41.47717931394723,0
0.10202486050815639,0.1809677834988972,0,1,-0.21900389875481627,9.408732566741405,1
-1.6327510875695588,-0.3759079673501513,1,0,-0.6179078412192704,19.10367784717148,0
0.7908534979217584,-0.2596355399765224,1,0,-1.1269318086978828,10.209990050427932,1
-0.2692210175531747,-0.7886830732176016,0,0,-0.8821923365958163,0.10485544404781127,1
-0.9388354873419557,-0.9761446605172588,1,1,-0.084826935911608,3.537592476085269,1
-0.2351915441877185,-0.6569061307083058,0,0,0.6342480834930727,18.751013350786163,1
-0.5023424309611515,1.2868162243664742,1,1,-0.8534992379925245,25.290355308457695,1
0.2604358587558728,0.002781134123475665,0,0,-0.39744968912408274,31.158917343350577,1
-0.13695434371644283,-0.6415031169244,0,0,1.066258689022821,10.033309132464833,0
-1.0201070990736185,-1.4331808677633255,0,1,0.1484733382958927,3.494535002886213,0
-1.4102854745915316,-0.6183887063730633,0,1,-2.4171318547398744,7.309051658454779,1
0.8442851051826794,-0.8622107032108587,0,0,-1.0660739346194,24.593114747814923,0
1.2462809472539143,1.9105447219908225,1,1,0.07429872324720992,2.1344864323850303,0
-0.10798063455657418,-0.5531783303959243,1,0,-0.5516306021857241,13.901744554856572,1
-0.5891046331807324,0.6279117799886322,1,0,-1.4014015559374415,23.606027256332315,1
0.03012394460163153,0.11316110810573796,0,1,0.627443446585477,2.7015255889981176,1
0.8486757002180055,1.1270187517092214,1,1,0.8944010037977224,16.691177492891043,1
-0.18474190186313558,-0.6664460148260944,1,1,-0.5431631601263155,4.608788907166261,1
-2.149403542366817,-0.7023884223847379,0,0,-0.10301159355601935,2.7618070877369303,1
-1.9658465387485695,-0.40128590860919244,1,0,-1.185601305727107,17.21227338319833,0
-1.1675417639872998,-1.112569862190953,1,1,-1.9296112214096586,7.3828252974509265,1
-0.29751084081210427,-0.14270778326012043,1,1,-0.6267654651512514,4.882077600188467,0
-0.7670603513557036,-0.784586107539291,0,1,1.2241595584342235,2.1671328485069585,1
1.0963609043133207,1.2932764742497027,0,0,-1.3161078903863221,18.532341157766982,0
-1.5710625131358487,-1.306047720081329,0,0,0.607967707970827,23.271540883822336,0
-0.17159705752077878,1.1627954622642336,0,0,0.743656022528085,9.273220128721366,0
1.1555095494247707,-1.261564238861641,1,1,-0.2511636247261667,19.096658334159255,0
-2.3789377689075244,-1.1385091702927737,0,1,0.8055718182301119,20.9872203775142,0
0.20256899792759533,-0.025529088795411756,0,0,-0.4488280855546531,51.866292080864945,0
0.45504518748559786,0.8446971880275657,0,0,0.9791045739204516,2.9403077075293855,1
-0.16315002833318085,0.7443995459285798,0,1,0.6528586155329933,49.303417562673914,0
-1.0336005261290053,0.9446860908301956,0,1,1.9000526268642506,0.5836804436958434,1
-1.6454937396752014,-1.6087422009467152,0,0,-3.8266967287300493,7.726268694687959,0
0.14077025172405605,-0.7177500347049159,0,0,-0.7221093059337947,23.304836231098523,0
-1.6164075680988343,-0.6547770191926464,1,1,0.8329555973080651,10.939259145006133,0
-0.4446358706701764,0.21686969757575886,0,1,0.21690752871643568,18.775942698604585,1
0.8265613803061767,0.590642731768562,1,0,0.7777343862082838,0.9015746614818205,0
-0.35705469824793196,1.6322424029812597,0,0,0.015029113149235392,7.122688689430937,1
0.7334690101818947,0.7091421574774934,1,1,-0.4698185468577286,2.559864377552593,0
-1.82039810827461,-2.132981086917909,1,1,0.41268707418466244,11.892793178702183,0
-0.9249700214102415,-0.9197488001721306,1,0,1.5932481840626977,7.812715545440502,0
-0.33863974737870256,-0.11245117665889345,0,0,-0.5991460585220542,2.8852476741989146,1
-0.4769520036439597,-0.7285988588660591,1,1,-0.36864528322806023,19.176367248773346,0
-1.9320268609739186,-0.6023110253673938,0,0,-0.9015812782783773,36.21730266487323,1
1.0633817623748085,0.4470730240212666,1,1,0.9275610443518235,13.91131040634589,0
-0.08545033478544656,0.3514348196603645,0,0,-1.7484140542995041,17.13731457329878,1
-1.172704335974466,-1.7301794414123381,1,1,0.768473266653419,11.684275474974662,0
0.6623901220744529,-0.32570485533469623,0,0,1.2546711314558479,9.457206184540706,1
-0.5993509977542752,-0.5877255668280013,0,1,-0.41924083357468367,4.205928834939095,0
-0.3776230539859219,0.7717883402451571,0,0,-1.764017164363434,13.293314619083317,1
0.45074087024725695,0.889124341799185,1,0,-1.175005873377429,16.032078403269235,1
2.029114323716402,2.2476868805123047,1,1,1.2954058457742614,13.346642680092208,0
0.8442895181086615,0.7570926584919869,1,1,-0.1465522418404237,23.403317382661537,1
-0.27974169578001706,-0.7549133188110317,1,1,1.101190815499417,8.434658298362406,0
-0.033835924363017175,0.13872647894512352,1,1,-1.8331171375594881,8.854152890440998,1
-0.755640792421783,-1.2826202116806305,0,0,0.4939579510536563,4.796068899649911,1
2.1765621599115486,1.269611981550563,0,1,0.6971480514873805,3.5784448564418305,1
0.9910093398709111,0.17900597595819528,0,0,-1.2478940087036055,0.5999511486058093,1
1.068400231828128,0.4847957678776503,1,0,-0.6511747960035038,28.39845785207234,0
-0.6870673797138648,-0.303294178617437,1,0,0.9621531113342358,8.126771532387462,1
1.219665158943589,-0.6988625560901354,1,0,-0.17762565540329053,22.81752254905411,0
1.5353045866196033,-0.8962611727821984,1,1,-2.357524189803885,23.28239496299107,1
-1.3354976058262313,-1.6780391388939289,1,0,-0.2296324886960493,13.83071122069308,1
-0.7859564579686044,-0.20544314085179238,1,1,0.8237752730771926,0.30732571616495574,1
0.1640811428791332,-0.9913096522222636,1,0,1.0558150007419569,30.386898104047226,0
-0.6771275643998602,-0.26537479384955664,1,1,-0.4071554468407212,8.17481413999495,1
0.09931774693093014,0.8957313626232932,0,0,0.1360951280485912,36.97989688139441,0
-1.4171347928613833,-0.5891998964762881,0,1,-0.7101776183440467,2.8950170142770273,1
-0.3035108223607974,-0.2869701716836838,1,1,0.3167704457877624,2.50581419095397,1
-0.8466385502202367,-0.2731891184737253,1,1,-0.24633094724228183,3.408470626882122,0
-0.838333814972673,0.287628821572461,0,0,-2.183258371492223,1.925692562413548,0
-0.533082707267518,-1.1425752307779284,0,1,0.18197084815535036,0.608379001509844,0
0.6982219514850174,0.18068950077301488,0,0,-0.7229644960057029,0.44834390138797314,0
-1.307819759088928,0.6546179398139831,1,1,0.5515756262159481,9.860487162175096,0
0.050948659587426205,0.24003293609360726,1,0,-1.384196837032796,32.72038826765287,0
-1.1909467153048703,-0.5312656969012806,1,1,1.5537676239816085,1.3732749871679484,0
-1.7729574908171983,-0.6238221326062252,1,1,-0.26974396391425454,1.5873250526350897,0
-0.12121899714176916,-0.9655905726843093,1,0,-0.5707141526881774,2.8493470138363164,1
1.1319465546122827,-0.042362244914256775,0,0,2.009150157394707,26.32106501441688,0
0.02928850744455843,1.442538851999509,1,0,-0.6515668155751363,12.043738228891002,1
-0.19964610344356357,0.3426940833147486,0,1,0.8024139985498354,2.8839037563317285,0
0.9756787924564089,-0.17166094276098548,0,1,-0.5237810510251701,18.1682939313038,1
-0.6608462088122391,0.4860463354084269,0,1,1.2740646208326607,21.614525484325576,0
0.5471572115165922,1.5057546886261604,0,1,0.022710972875234724,22.450833954544375,1
0.011480308072749586,-0.1001627750214022,1,0,-0.5016879460848409,34.848392245438575,1
-1.9040838595508593,-0.900533990694834,1,1,0.7587236877452997,27.372078414324626,0
-0.5017016863643835,0.6064585615021514,0,0,1.8485882234018902,3.8271994344327642,1
-0.821492221581479,0.8211167603372298,1,1,-0.4141473302993075,6.631824359285012,0
1.8314389633082562,1.8980666056001245,0,1,-0.11241686077722891,7.618145107446259,1
1.2786952588492202,0.42614794033489983,0,0,-0.5658576924150642,0.13205782837561658,1
1.4964365512430018,-0.0534096562814691,0,0,-1.7713804975656882,5.2877184913806845,1
-0.897909645955213,-0.8437443914663614,0,0,0.49988074507442476,4.253724327447562,1
-0.7350992444959843,-0.13152438234323302,0,0,-1.4117827694656122,35.51941594975152,1
0.04968599475576004,1.0308125778684971,0,1,0.6610123218881007,2.0979824080401634,0
0.02730033462563469,1.0382900600554554,0,1,0.37214116243891404,1.536189551969762,0
0.10453547558564132,0.673009801415463,0,1,0.07434712468648105,3.7170881437434318,1
-1.7851454788041494,-0.6184664923849499,1,0,-0.37350901593073027,15.580564499183513,0
0.15712751338994738,-0.8845241759446829,0,1,0.5674459482260474,5.545449671497331,1
0.5380927853708256,1.131236373403889,0,1,-0.5211362167962617,9.184256292221795,0
-2.361828595542385,-2.1391138870817796,1,1,1.8249864496330888,52.4614686229924,0
0.5480716661436776,-0.26244069238139683,0,1,-1.4317703945213323,16.680951796593117,0
-0.5933545291862381,-0.06488539011843444,0,1,-1.8872705459181396,2.1014687457772756,1
-1.11104650837156,-0.11582989866399762,0,0,0.7065993123557446,14.125179681964594,1
-0.07573962746012665,0.26948437554557503,1,1,-1.4545158369880327,7.175417368850423,1
0.35956707547643907,-0.8159702290176585,0,1,0.0816937698426356,19.73130394943571,0
1.5706068218946965,0.33061170493472314,0,0,0.7855381448981014,3.0187136392660543,0
-2.35089782930419,-2.0666417709001177,0,1,0.7997387904807637,28.152485937821158,0
-0.62910206698387106,0.15529784770647775,0,0,-0.25297628394087907,4.22529881149481,0
-1.4336028251913786,-0.011429513387988588,1,0,0.7468302017001528,3.7397015335239066,1
-0.18985569128085206,-0.10835211201186659,0,0,1.0512391073496534,1.6014754996303808,1
-0.64116466174018,-1.2480382950128126,0,0,0.14752924652959093,35.95420108895551,0
1.3600838968079492,0.13573365555368044,0,0,-0.43893020264589167,1.939123902743157,0
-0.009933520078749352,0.5381439336465778,1,1,1.0790551519162639,14.703483409857661,0
-0.8926053025860581,-0.46470553881504983,1,1,0.17833198330321226,5.947354422256523,1
-1.2470466260287447,0.26389970935331375,1,1,1.218144569115771,1.0575344660193533,1
-1.0765010845745882,0.33465427797819813,0,1,-2.147517641997509,6.220177531558804,0
-1.166580829328621,-0.4541852468179172,0,0,1.495842298044253,13.240750143700009,1
0.42133747521664155,1.0190662071821928,0,0,-0.12362891547789229,6.155510672141571,0
-0.7493877573413188,0.18427577731349187,0,0,-1.3834047670779346,15.83229678396921,1
-2.1158259127490098,-2.8670517685789565,1,1,-0.9852441409077985,14.210977108920636,0
-1.3056634577633797,-1.012916125996846,1,1,1.0120597906409268,7.769039681030286,0
0.4704174770319271,1.2312328126579666,0,0,-1.9603990931676822,12.924974778861268,1
-0.5276976485366889,0.03219833685891549,0,0,1.1337156406903428,20.984926019275516,1
0.4266970100953445,0.24930808805285054,0,0,0.21714795737598652,13.749109665954135,1
1.154503779934869,-0.019798940346683058,1,1,-0.8092707811662861,12.091397783694177,1
-1.2430181894212213,0.5347581582996831,1,1,1.0775716879440858,3.3697211547061703,0
-1.2544246925548892,0.0916222780780348,1,1,-1.1505408999675146,7.054828247594787,0
0.13392974704604824,-0.2605611294492709,0,0,-0.22360035937464195,15.09157759074332,0
-0.10770430816919103,1.2277358846189643,0,1,-1.443657220863388,3.3074551672600734,1
-0.8068979821905502,-1.1036520450821252,0,0,0.24031351005035806,1.301557377599266,1
0.5985845342488408,0.8242194554024214,1,1,-1.197356625140384,15.025548072358992,1
-0.2581564743373465,0.597248696575729,1,0,-2.0338517932555855,0.4659037922599069,0
-2.127122150722317,-1.1801761793519936,0,1,1.3708544405381013,0.6876427624486309,1
-1.3444925616105359,-0.8758570834340775,0,1,0.2248690069733316,6.566182584375948,1
-0.631653799946821,-0.620723629021352,0,1,-1.468471474128293,0.19611150859833917,1
-0.9608334448478081,-1.1621266904676566,1,1,-0.5765936097444921,6.72131389622065,0
-0.732365574157329,-1.0378743242344963,1,1,1.4567430173991534,10.100779776249267,1
1.5357288879063964,0.03170818968276523,0,1,-0.9712182937291665,2.250818645358661,0
1.8287755790047235,1.2808321781563812,0,1,0.06651803356731852,88.59281093917642,0
1.0077096740835982,-0.7933223699061486,0,1,-0.19497554522700442,3.2864556427526814,1
-1.9576183290301334,-1.1155696749680506,0,1,-0.0033286910221204547,19.83081564067897,0
1.1382719245775328,0.6569184518301302,0,1,-0.08259658329265555,5.258016367388968,0
0.47403570427617775,1.2815197800370222,1,0,0.7040463641946298,0.020332228119078748,1
-1.1673355961238405,-0.8559558545881756,0,0,-0.010306043577462853,5.709678743710619,0
1.4228409300540905,0.6092470396536358,1,1,1.1524423042800047,36.0490882961566,0
0.29223535351348146,-0.4152555075787083,1,0,2.1171542047803187,11.998357190157225,0
0.6022842462329362,0.2661525603563909,1,1,-0.2557013427652993,6.320664855115777,1
1.345390064097207,0.3226919132736366,1,0,0.747183423602009,2.4743580217033765,1
-2.3914588738740266,-1.4555676145242076,1,1,1.0328643683175887,22.954834196408978,0
1.7676216921788204,0.22422032252222146,0,0,-1.2308161265677626,13.528596465186265,0
-0.5336327622681176,-0.012310329719366075,0,0,-0.16401605760456794,7.690066387453951,1
0.49866059737265783,0.05466923843156549,1,0,0.95342752586107,3.2396644217224653,1
0.5322192595959111,1.1069463824790562,0,0,-1.7556807206543543,2.7540022899256478,1
0.19275769365568962,-0.5302528574788392,0,0,-1.239281313049456,25.506295320489695,0
-2.018645119530568,-1.8182810766440225,0,1,0.4352282642908544,26.27923048980356,0
0.4640187992259845,0.8911633140276198,1,0,0.2812855073657866,17.781020770599024,1
-0.9409553134917213,-0.2772279920075303,0,1,0.6047154680677653,10.447655444871273,0
0.9657261834825528,-0.34673392322390484,0,0,0.7943571406615004,6.2574778996321685,1
-0.4411707560290752,-0.803874603477526,1,1,-1.403853700913418,2.8473952240178453,1
1.3956731915049652,1.4847904999884844,1,1,0.40884849630203257,2.6738481130504925,1
0.1935063258358129,0.2803332983689486,0,0,-1.39215636969137,23.398137395268247,0
-0.42664416616628104,-0.281573563110484,0,0,-0.7938406929738393,19.689149203208128,0
-0.5063493202615315,0.2821204449500988,1,1,-0.31732924678314184,20.34774612784409,1
0.16173859572914287,-0.3953857080942214,0,0,-1.0333008804383563,5.478162394961625,1
-1.5908595503898062,-0.04043951333456097,0,0,0.2245580698756943,2.6110625505792586,0
-0.7851421610768323,0.1595287846680764,1,0,0.6746980588236972,6.11884837689662,0
-0.6811234461574227,0.9711050815721186,1,0,0.44725800689703016,6.315061538462243,1
-0.3806701240217708,0.6051652580813787,1,0,-0.061887567021229176,24.84017021110643,0
-1.0240215929146992,-2.2555293109589543,1,1,-0.5654104279718717,9.196141013753344,0
0.8251214341848734,1.0587508232989569,0,1,0.4306964365588593,10.75135325495168,0
-0.07243094942811512,-0.660051540285358,1,1,-0.9333193965202814,28.038119255564855,0
-0.24975028360589835,0.562221349194642,1,1,-0.8678197465443445,8.526586848365064,0
-0.46876676509071424,0.4516946077007729,1,0,-0.22778149477969853,11.750913825619634,1
-0.8663852317711664,-1.4578001004139192,0,1,-0.5854331238934957,20.94087573801942,0
0.8432076317899788,0.8677603864330568,1,1,0.16926952267232578,39.49064347716419,0
-0.03294286079905957,-0.3910532054763476,0,0,1.1290815174706208,20.97232364267134,0
-0.927318639325013,0.017936243022402154,1,1,1.1866715718577396,7.290701322530802,1
-0.867734051629582,-0.8128431387418498,1,0,1.1122146411859293,24.98584439803413,1
0.8497741157244342,-0.31965858223915616,0,1,0.749942401273693,0.541170161850319,0
1.6277889003554311,1.5902275919498297,1,1,0.3222592440717755,24.096606348811893,0
-1.0940061512502133,-0.4728921047127418,1,1,-0.22401842281416245,9.27887624129653,1
0.2724301253153874,-0.16085547121635116,1,1,-1.849083901637512,48.88419687735978,0
0.17538011698447328,0.34062171210820125,0,0,0.5353808855335255,9.425192096892701,0
0.12750717769039271,1.9423840481368813,1,1,1.1536713987305767,17.36401044412838,0
-0.7467825287313739,-1.1644784720464523,1,1,-0.37822963148862004,2.2433920087223638,0
-0.3099931696012754,0.04577166410374023,1,1,-0.11166496964938494,6.774965023096222,0
-0.7477149656398,0.6728811226107623,1,0,0.8013635342125978,2.3949327501090796,1
0.8433805465454224,-0.7365296571087545,1,1,0.200699131185012,8.504891685759935,1
0.7636330853223688,0.02613343891733294,1,1,-1.5940927396263493,40.98801456263581,0
0.8488495541014299,0.8092739893699075,1,0,-0.43253618800465116,38.87969590417484,0
-0.4964507269634931,0.09247312892301396,1,1,0.9680262696859376,34.23605016971693,0
0.6556771784955935,1.1563050508495603,1,1,1.1985055031304122,2.874007301632845,0
0.19333504754459274,1.0359250769691335,0,0,0.07515522154231712,17.51057853144466,1
-1.2744858745580478,-0.8382526414202554,0,0,-1.0977600807456267,4.243424355257585,1
-1.3138481847321493,-2.5580148835896677,0,1,0.5478868571149313,13.172143502124948,0
-0.6077176329046784,-1.3223640896096127,1,0,0.05893158068311921,0.45710054503099334,0
0.6681103593024176,-0.7714335606185587,0,0,-0.5640699099637744,10.21644430465162,0
0.6748556159231701,1.0759733626917072,0,0,0.37572087677471894,37.38023991386909,1
0.3434354270221535,-0.4189296544984423,0,0,-0.37707023116141253,25.006631607795548,1
-1.021539715417438,0.03172926275960619,1,1,-0.04085188949069398,25.135628162687123,0
-0.3964868417478206,-0.29706326104133074,0,1,-0.3017401178065487,18.43766073712304,1
-1.4292112734098674,-0.26743225340834564,1,1,0.7381914552983565,45.42936664190947,0
-1.8132857325934824,-0.2524071539792889,1,0,-0.13758787597321392,39.332483616621346,1
0.31182948993941784,0.15715234623157645,1,0,-0.6319983369863695,23.311871520248854,0
-1.9901734943265232,-0.004864888374552789,0,0,-1.6919376015267396,6.613284190833003,1
1.5661235630628334,-0.37702365940914384,0,0,0.3007299563847959,2.0564807304241994,1
-0.1280677723554369,-0.48317558866157023,0,1,-0.2514066586590973,24.478079820138618,0
-0.5809499349521773,-0.254737994245063,0,0,-0.16567531790944895,4.306508238970313,0
-2.378428032364971,0.08932246044375813,0,0,0.38114505338482146,1.1259813623999075,0
-0.48061314905118585,-1.3315529686391019,0,1,0.41918661567558013,7.9942083211338355,0
0.9304838381705095,1.017917816760157,1,1,-0.6039987244376319,29.128818235331064,0
0.4418027538527477,0.1395221968748213,1,1,-1.155797427342361,2.0471385061654574,0
-0.9280888436654164,-0.8269767099983016,0,0,0.34217999694033124,3.0195737854509277,1
-1.304079545226498,-0.8654319645960638,0,0,0.598631820197309,48.61522411763392,0
0.44550878668252353,0.22164795116423563,0,0,0.4094011622986889,3.5855559628586278,0
-2.5006253904232114,-1.1111905851912265,1,1,-1.7538331692012317,1.9660319604382321,1
-1.3977806142628915,-1.9238643392392376,1,1,-0.1714659486897142,39.263529823657635,0
-0.34449944181868897,-0.035993166029187035,0,1,0.37406562258136,3.7822472363077533,1
1.59450059623517,-0.1506908764656565,1,1,0.45137526616793067,1.6745774014259627,1
-0.8377941164369308,-0.6695300423659736,0,1,-0.19128834872904135,0.442963580445644,0
-0.3713736954703264,0.2683512506838903,0,0,0.7624438423860418,31.05835652152911,1
0.7753299253403189,0.5832496540721046,1,1,1.1564447345318285,5.967860410356728,0
0.8155582424016933,0.5478163400791445,1,0,1.138122448273187,6.585496263830242,1
-0.2874405669521366,0.7107648071099391,0,0,0.6564224689345763,4.695939890692255,1
0.31070173614638846,-0.8896596920619525,0,0,0.004529173496348589,4.319234204597224,0
-1.1952846176485024,0.5803782339744593,0,1,0.99274004974991,0.7619962103405974,0
1.756344031377665,0.5652968021057336,1,1,0.06663014587694446,8.890237991831132,1
0.31413218066805515,-0.6332733485092574,1,0,-0.041168033699407774,1.2264505359541955,1
1.1657553858448322,1.5250230913426894,1,1,1.8537133768452856,0.4210516551516691,0
-0.5904429263908239,-0.7477434750403329,1,1,-2.070246401434182,27.44875172113176,0
-0.10239023114667377,1.5592553938869569,0,1,-0.9099140611748441,44.536708102651794,0
-0.843082395226579,-0.8465068603994252,0,1,0.7745938231609323,37.011468285173066,0
0.4884055816717679,0.24334152520186636,1,0,1.7910676796755238,17.9926451632705,1
1.0801763280679149,0.10337995786082071,1,1,0.6991947558053292,9.181550263452369,1
-2.5787683636154504,-2.1198233287866937,1,1,0.14839751462684278,8.235428101135037,0
-0.22437799428864064,-0.2530329401164688,1,0,0.13573472049698218,8.054110113689568,1
1.2627713740502333,1.6779172478620206,1,1,0.4819112003501806,6.597853573581251,1
0.3544833164127754,0.6213200534287744,1,0,-1.3991847916550395,3.977120004199341,0
-0.6382386389792675,-1.0436626624114658,1,1,-0.6074745525624856,10.267572025818453,0
0.3416257876464854,1.8539509056115224,0,0,-1.0949554180241794,8.772992759108773,0
-0.156646463339644,-1.0719634779857194,0,0,-0.08632107358410826,2.1442777311317958,1
1.3375150235461717,0.6271280371278186,1,1,-0.6101517260576425,8.58773590644469,0
-0.16104884715768883,-0.8738166463046478,0,0,0.6153699458746668,7.9478762257159445,1
-0.6371018320210537,-0.8003487239934132,1,1,-1.744090962333082,2.489634745967912,1
-0.7350400454427499,-0.6367060393330005,1,1,0.9636348969710916,4.097092618022301,0
0.9314308442026991,0.11852563441590036,1,1,0.3874807476505547,6.665302886408268,0
-0.06522180354360316,-0.7548737967505034,1,0,-0.5982349322171373,0.026376382537039025,0
0.4180363592265117,0.8997068210445242,1,0,-0.3338796747802738,4.514229201498994,1
0.884245691656698,0.4175672724481406,0,0,-1.5207357139239446,0.9489732466729054,0
0.0049428422122921745,-0.9442748726419474,0,0,0.897284961478884,32.939231309237634,0
0.6110421004357846,0.5593238023970215,1,1,-0.3305741181810369,1.7169728984410502,1
0.41147954316099195,-0.6265170110356324,1,1,-0.12948784569771457,9.775694188190817,1
-0.33371330659114945,1.5571113199414262,0,1,-0.24071315485052633,20.638613090632738,1
1.7689216970274209,1.022673611048538,0,0,-1.5974945787706776,18.083503195835295,1
-0.7002287036219201,0.3817652634170695,1,0,-1.5418410302029353,10.066337957187162,0
-0.41882972213560077,-1.7958081055741713,0,0,1.2590850889985654,7.2678806831966725,0
0.7525393338458396,-0.5660260927152596,1,1,1.491234275493042,42.39289145229451,0
0.2092536967997077,0.08459782817179792,1,0,0.6192600129401655,2.749982137675431,1
-0.36089377200614,-0.5445342308331947,0,0,0.2700815411606348,46.38270720266551,0
-1.2421843752050457,-1.1767831909158302,1,0,-0.09391261253097657,0.21262080894071161,1
1.6974144792498438,0.43738081921933436,0,1,0.6705668648221267,20.639272873345494,0
-0.7540000482619427,-0.6860762228673997,0,1,-0.02031835126254307,5.819290120822579,0
1.644223993403787,2.2884512788663423,1,0,-1.0163846112013275,4.803585580776672,1
-0.8094409018652349,0.07181082923015003,1,1,1.1972022502674375,3.4624174513671013,1
-0.7654525679746268,-1.370933128074746,0,0,0.9652008974384012,5.60602706354887,1
-2.5065921159161357,-1.4009594604168196,1,0,0.9775709789027842,11.667183440351232,1
0.411849148181336,1.0665533876656483,0,0,-0.14640264870476344,7.266879061948954,0
-1.339384587461039,-0.6253184648527117,0,0,-0.9102352084526769,10.172658928932485,1
0.9017361847308192,0.31847496188646607,0,0,-0.4799875339068155,13.054464781894186,0
0.13359830326104907,-0.6033186635402588,0,0,0.8414932718567507,2.7198300010562764,0
0.9314005964066272,0.6990291505128123,0,1,0.22736405347368152,6.39914722868662,1
-0.43478034124782317,-0.7968760270777921,0,0,0.35920172361854846,6.443379033194066,1
-0.28367326735437315,-0.17299569287078567,1,1,0.8875278660088028,4.865246325319969,1
-1.6831602870209676,-0.911380629682301,1,0,-1.6635240666108135,32.75143956912577,0
-1.8332878987319376,-2.4984218956377724,1,0,0.8551481397966352,1.2104892062958021,0
-0.2885696870712591,-1.8353729511912484,0,0,0.8661878264368963,8.745703839024522,1
-0.5014338040354103,-0.4125612224187477,0,1,0.5546951999865765,14.162798385485601,0
0.26723856676975716,-0.5461069382863134,1,1,0.7232100527051691,17.68598269256448,0
1.3965298146445555,0.5564198448705988,1,0,-1.9323302141779484,6.868114899915848,1
0.4521477389993779,2.191907878077733,1,1,-0.8719576527900719,30.905436479457393,1
-0.35951475354867996,0.22760035294342443,1,1,-0.8065357771930338,11.270546963848316,1
-1.3500402036105432,-0.3501343967572571,1,0,0.5799199956004043,4.800715570025232,1
1.4191441972500076,1.6858416476067086,1,0,-0.7807495743481188,0.22985548154957966,1
0.34711334938756555,0.2812992081425361,1,0,-0.5835745700102711,0.1441803401242582,1
0.49991553213962864,1.3593763906121092,1,1,1.876290657623542,22.32551782652638,0
-1.175646420305325,0.4872515791448263,0,0,1.9922837617255327,14.52602277025559,1
0.43742569315731267,-0.3323332773293247,1,0,0.13743758780648452,43.764390739257,1
-0.19257115058404833,-0.014607913217165508,0,1,-0.9455570781708669,8.81567280955296,0
0.7190656470774343,1.7211563375875565,1,0,0.34081528110694775,8.723105485533079,0
0.2861972475041182,0.8395110233999785,0,0,0.7647038804159512,19.173995540547327,1
-0.18695750885809712,0.42983755277788377,1,0,1.6133898458683993,42.767532232309556,0
0.2336008823372725,-0.3684885806495531,1,1,1.2101744136382206,6.808604259389132,1
1.0688673449384567,-1.3043680351646971,1,0,0.079018661474304,5.840660555624962,1
1.4145392150504734,-0.9507737094377244,0,0,0.7419377163975518,8.07106062207698,1
-0.7105583929706133,-0.18496041217774245,0,1,-0.42598401646977363,28.633386304986526,0
-1.4828627434653552,-1.6787725449460187,1,0,2.0688668076603007,6.441650282893631,1
-0.5744794010433122,-0.12712198937653704,0,0,0.057076283696067376,9.440477428648578,0
0.04519501392411253,0.08920507456166876,0,0,1.988136686115499,16.606048658455894,1
0.05937899607404812,0.5665748871281479,0,0,-2.1278825127394283,46.20089418367484,1
-1.6029366085448582,-0.796010938955546,1,0,-0.024883141342510053,12.018777651201688,1
-1.0698703277856219,0.1961236314610214,0,1,-0.02852435387755835,7.901891050796475,1
-1.209411502820624,-0.975089002308347,1,1,-0.7462414223016839,3.217491617922502,0
-0.7324259120410896,-0.36750182322888975,0,0,1.5377137869426534,4.66584727800951,0
-1.521989607741632,-1.3240118819457316,1,0,1.9082240630600784,19.959913054937424,1
-0.2848496947770023,-0.43334044621863427,1,1,1.049238554678205,2.1291327233126602,1
0.9281264035884031,2.442715493159005,0,1,1.5127197099240974,9.59236941851016,0
-0.6887496463738008,0.6110724957474292,1,0,1.7327920715069516,4.298597108196208,0
0.30510551598251684,-0.24044643783068662,1,0,0.7226335735775908,50.151912766344765,1
-1.9095146669526302,-0.7404508402460132,1,1,-1.3227801316654577,15.232756793516808,1
-1.803962014909717,-0.8720254736657987,1,1,0.406128752594471,16.08063270792561,1
1.5925016587038774,1.7386776824517685,1,0,1.0971417551869642,20.21676121723491,0
0.11425851854957311,0.005525727309708753,1,1,0.8328920767546105,13.25295351690192,0
1.5933466617880367,1.3669032969161423,1,1,0.6955049402743642,9.513097391409342,0
0.39100836308951165,0.6569647996520093,1,1,-2.1273865856984764,4.608617200152985,0
-2.2410490392170033,-1.3706735253554179,1,1,-0.3971950647583934,44.92334025204826,0
-0.322984958015385,0.6523045886690869,0,1,0.33739342793975696,4.333634006801604,1
0.4661242926789868,0.12698993277766724,0,0,-0.8783550696093825,38.07725445798512,1
0.3074013219595115,0.7989014762652383,1,1,1.396124948721901,18.87990506896089,1
-0.5015761763340053,-0.889144904470232,0,1,2.3632207279825335,4.099577487334896,0
0.3303128759834416,-0.16066064830312765,1,1,-0.4385083770261855,17.92387621446489,0
-0.5940947014398527,-0.17832227968355613,1,1,0.97560079828987,54.51316294083357,0
0.23614612593446635,-0.5563680109383916,0,1,-0.8784611660656683,15.431362020054841,1
1.3824862019950652,0.0520621035262403,1,0,-1.5820232521941746,5.968575577860541,1
-1.1503066383788656,-0.308192517479026,1,1,1.214307991157855,40.06612855189142,1
-0.9645171880752264,0.051147655353315336,0,0,0.26265698561705053,14.775848540324505,1
-1.0298306645178337,0.3515001469323694,1,1,-0.4181767936780407,2.748190517356441,0
0.11287782674868976,-0.46058131244993733,1,0,0.10327610999972704,0.7506382910527547,0
-0.7141991154014081,1.4770544778968793,0,0,-0.3451278552621152,51.40974473784743,1
1.0584370247510955,-0.05989241511782617,0,0,1.748652470436676,0.8676637256471638,1
0.9407054542185602,0.2515853239432951,1,0,0.9734811026688979,3.9698003652078504,0
-0.05610394795058575,-0.6970737633462778,0,1,1.2280924194621512,0.7781126439788715,1
1.5254358898403502,1.6292487460594332,0,0,-0.7521298491098815,19.971757036862,0
0.37458860526374466,-0.6183154070648675,0,0,0.6574486029743927,24.862909458600882,0
0.3701665651520774,0.17727148306030455,1,1,0.33419305385023546,15.204916578517546,0
0.8690169194444499,0.39344093602446584,1,1,-0.44232668649599266,21.55606021200727,0
-0.9074545554882484,-0.09980308220839862,1,1,1.094104358873089,18.7474465161416,0
-0.4119829231957665,0.14306815912777712,0,0,0.5165889658672781,5.6957213646771825,0
0.042010572523019214,0.16546182964923153,1,0,0.709534934647528,4.456884939669412,1
-0.5420691377446244,-0.32559829846752686,0,1,-1.5973638101846388,40.15537918070238,0
-0.7087600011100018,0.45190190683314185,0,1,0.19828750596316602,2.8162090823370747,1
0.29522243435744444,0.05078572370622815,1,1,0.6335413129185112,41.08435704721003,0
0.7279477927210598,0.34954350286421265,0,1,-0.6795175589900515,1.4727912243166665,1
1.6537067928558886,-0.9301363822303028,0,0,2.0851972187571417,5.261664095417412,1
1.7794888938608349,-0.3994546383966495,0,0,-0.35736413363151626,9.946625417228251,1
-1.0353519989755393,-1.6425850957737778,0,0,1.277008580100599,37.91931789910978,0
-0.8938730614982814,-0.9420105694004878,0,0,1.5283079069979346,0.7781745959432889,0
-0.6196411535828052,0.14807979324350795,0,0,-0.7899389947087974,11.453026173902408,1
-1.642718489473267,-0.009107617505656918,0,0,0.40923603823334376,12.602005198842424,0
1.1536471389250496,1.6261477774969233,0,0,0.4313003199517048,17.54295582438781,0
0.9260469417529286,0.6450628304480408,0,0,-0.3562981886742773,9.778040051316433,1
-0.6810720499985652,-1.1873286374511545,1,0,1.8704874723616307,2.8117063950127283,0
0.8461152597939787,0.3583716473375821,1,0,0.9336270324728599,29.59853012858717,0
1.943343778023576,1.8959612096176488,0,1,1.1357010570757735,1.882506232406642,1
0.87488847834107,1.7002390925009565,0,0,0.9879182345018593,32.81042788691549,1
0.5947842880164212,0.10821377192624873,0,0,-0.16776186703981782,4.766894428915268,1
0.05752017199093631,-0.10929443576200669,1,1,-0.5686666749363746,44.55303747869781,0
1.004685424829936,0.7197926196034825,1,1,0.7624650925595595,29.960422088212034,0
-0.8596743288778017,0.901791784116848,1,1,0.48999106959257366,0.0968292574883658,0
-1.12013459000376,-0.33984584039315696,1,0,0.6218791568820884,0.33412778634995105,0
1.2802770314945338,0.16954288948013446,1,1,-0.41496651219165703,11.944825460767538,0
-1.766924680928895,0.6199739366359096,1,1,1.1163862520624346,0.20525086712638665,1
0.9816069757549811,1.0297738877008211,1,1,-0.607567707375357,1.4319790346582542,0
-0.6033353870123914,0.019877833847100235,0,0,-1.613787744445663,6.384176209310076,0
3.0284981340081787,1.0954280016432953,1,0,0.11115034398474308,17.876941530107533,0
2.7127519818967563,0.6621191390742472,1,0,0.1268024077724936,3.7917996887074294,1
1.6908438935544918,1.146457093185747,1,1,0.4638763949484408,45.64227329458385,0
-0.4321130771490072,0.2751484113925393,0,1,0.7735820195943762,2.2632587956386874,0
0.04929396254251992,0.314829193637263,1,1,1.3849760295836504,13.287432597856608,0
0.2642955920842009,-0.3710696624878763,0,1,-0.23053051954105963,5.005426370949808,0
-0.18613570325912096,0.196241634443585,1,1,0.12402983140440293,6.708752806208539,0
-2.4771179365784985,-0.7564843208549542,1,0,0.6911757567035772,40.25944335768536,0
-0.7744649975380029,0.31506006309908763,0,1,0.4094820785193605,3.1295118396778134,1
-1.5821016949890898,0.38788016253946733,1,0,-0.6910054936514013,17.03423241691605,0
0.9798500813555702,0.15291900397555047,1,0,1.580476421982172,26.7539783750379,0
0.3620254554838477,-0.7550865502660367,1,1,0.2822859915973562,24.529567102604855,0
-0.01660854470368241,1.1124970630399826,0,1,1.279040385485808,8.222586295520706,0
-1.334568356745641,-0.4966052931720617,1,0,-0.43448316362620243,2.4344846804025777,1
-0.25874391347900383,-0.27241604115360374,1,0,-1.830591011416082,24.723021481741583,0
1.2436995296163036,0.6432120327377806,0,1,-0.037316550475819305,5.063730072675985,1
-1.6460082931556494,-1.275420076733214,0,0,-0.6306622711458122,44.214250890842735,1
-1.6767649230617894,-1.5207027195251461,1,0,-1.2490323463330881,26.58707792627789,0
0.5799770810102336,-0.07564917278415317,0,0,-0.7667612518616663,4.925594663312191,0
0.1393928744628332,-0.358961154747347,1,1,0.7281911994388197,27.083804600128094,0
-0.4476737816979662,-1.4121220505198269,0,0,-0.0776790623051802,15.46979437655717,1
1.0396809975299939,0.02969666439406904,1,1,-0.4004986319289583,1.8731239036042027,1
-0.06405530882104357,1.214447331320405,1,1,1.5442377321400014,1.2953954651721655,0
0.865215451956944,-0.7770099918840956,1,0,-0.40627432424756293,13.067178458737704,0
-0.3576622595061589,-1.2340853407698347,1,1,-0.6923269010709002,31.758315938711632,0
-2.059534993234776,2.4723800529402595e-4,0,0,0.600353612485484,6.747131020519603,0
0.03658388042249996,0.15474629615500013,0,1,-0.2552080479647394,14.195691372632753,1
-0.42137257369096387,0.006289023860174908,1,0,1.6577548988576456,17.54657845826236,1
-0.05789676564933658,0.23327253324008698,0,0,0.02818507225514994,18.37934133547982,1
-2.0349970811999833,-1.1898553283424202,0,0,0.7354725047552989,5.629535375554812,0
-0.052189850034339486,0.27413367954648815,1,1,-0.06169399687896716,12.155169734378923,1
0.19382082350669202,0.3098437286600929,0,0,0.7206690281913138,4.683158285973339,1
1.8260181863630858,0.22948027813198757,1,0,0.05070682209184614,14.517511991857564,0
0.40990907928889847,-1.0203100265987801,1,0,0.0594020704322523,17.490479387620343,0
0.5276886100127454,0.6331861253139206,1,1,-0.042853715897150604,3.9682309610704425,0
-0.07650778883456517,0.12340218619530802,1,0,-1.215597769253321,15.399503973886086,0
-0.0822698601626302,-0.8307191548773782,1,1,0.9331671753727036,8.701466119543122,0
1.8866792162656303,1.9562261061733,0,0,0.9497428298482667,5.20682827170406,1
0.7170914679212296,0.2613705656717267,1,0,-1.761304763282238,5.854264982260447,1
-0.13086523490078708,0.28263628301248284,1,0,1.3634222110328267,12.810566178505024,0
-0.07616233029262454,0.6584152110039945,1,0,-0.8247866631628744,23.117481539487844,0
0.07283573049256864,-0.9803330834251509,0,0,0.380628556579912,7.72815616621589,0
0.9591378428820146,1.4683883317646373,0,1,-0.6118603036057115,21.666354394666943,1
1.9130092368210794,1.2902967114319277,1,1,-0.2640712526702811,11.070586442515886,1
0.816305287959878,1.7331962715830038,0,0,0.14151504329064687,10.485207665582191,1
-1.1518340191361016,0.16520787046927576,1,1,-0.19758147835350595,4.247867418244649,0
1.6348580518371911,0.5196293506350649,1,1,0.47620966629635714,22.558614873311008,1
-0.26967992695767284,0.6156306634470492,0,1,-0.43947349206687797,7.481337138397698,0
-0.32968886927561897,0.35999168752969635,1,1,0.6899952052331132,17.75024162768727,0
0.38771817115478574,-0.6619175756546115,1,1,0.9321897711470637,17.822968964114754,1
1.5856293695245562,0.15655796072510642,1,0,-0.38823878258739075,22.065603039393284,1
-0.8238424512301568,0.004031253096486609,1,1,1.7638213489512824,9.930162415498126,0
-3.1913018861154727,-0.37312764163278667,1,1,-0.7867413812532201,9.340290240871514,1
0.32639212744302215,1.45573283146258,1,1,0.5583169121316656,0.8213465381742843,0
0.3142648782597968,0.47201283317958953,0,0,0.03209127331962443,36.19263502229411,0
-1.0359326576159873,-1.5127815647542089,1,0,2.843718183177156,10.544962175981533,0
0.6501125614812507,-0.6626270260416627,0,0,0.06291012515302585,11.56895564380012,1
1.3520625105091983,-0.3673433243761265,0,0,-0.9127787916393552,6.800507398458866,1
-0.6185110575128402,-0.8488146727148904,1,1,-0.5057947652901165,23.24985674569644,0
-1.2615176255222016,0.1382102063363727,1,1,-0.25165697898019623,37.829158070914076,1
1.3862887507509147,1.6072932499786852,1,0,0.11744233952798994,0.951283226602326,0
-0.30827482361798075,-1.2168549958470338,1,0,-2.085273470966203,7.361283218951783,1
-0.6059739450465343,-0.8233126731740119,0,0,-0.0489892150987152,6.694402880815926,1
0.05385320936870659,-0.7310887705091667,1,1,-0.4587818647336967,11.891956651461054,0
1.1892571745882685,1.3019733172527834,0,1,-1.0072012239659518,15.266714526902987,0
-2.0154057650279573,-1.7781411494389407,0,1,-0.3149489970390154,6.3899970652974245,0
-0.23116098779345798,0.5329212379700254,1,1,1.084539307901037,45.58750204360418,0
-0.3339703827663573,-0.6440074416379692,0,1,0.01705679200854217,10.986069709954345,0
0.23859915250408076,0.018901253263376203,1,0,-0.4209957749160234,3.199532698178268,0
-0.18951589393700144,0.11951945399192372,1,0,-0.31815107286787414,3.406252562783975,0
1.0628585311563958,1.6176562062988036,1,0,-1.7797219124407888,8.664636730673115,1
0.4098220013092017,-1.6076317517373773,0,0,-0.758827350883874,42.40538316992213,0
-1.8187654141105725,-1.127819001338263,0,1,0.42716200628200807,1.421725740620298,1
0.6732317448253533,1.1056904868410253,1,0,-0.5636244797677193,1.6316678331788015,0
-1.1299700532204036,0.05525263262773383,0,0,2.525543444217301,19.173126821548095,1
-1.0552818565460624,0.04618780420765389,1,0,-0.010781065481395556,20.295216631453908,0
0.8272127343496609,0.642356295084463,1,1,-1.824963834009466,14.680965791965086,0
-0.7409419912443787,-0.6776270800874467,0,0,0.015029950632583588,11.823808866045994,0
0.05959835814257161,1.5868292075263,0,0,-0.2191545688777705,30.761414842359812,0
0.38533264531775074,-0.5403508110174128,1,1,1.4692419254190574,16.70913139244045,0
0.6993491404798786,-0.11028010668364152,1,0,-0.9268107323483474,7.228975939133384,1
0.02272719838518309,-1.1878281839730491,1,0,0.7679502004647019,0.7345419175721503,1
-1.091222633607017,-0.2261543454825276,1,0,0.03739252495904767,28.749388157754193,0
-0.4654023776149152,-0.9586529705144975,0,0,0.30686709695098463,23.317688711646294,1
-1.631927789296779,-0.8857792417665975,1,0,1.1257267581325412,7.0650842127077365,1
1.8013989186453634,0.10354076823401548,1,1,0.6714662055394872,18.12815757811553,1
-0.4910596403115996,-0.5009488939436861,0,0,1.8927278321571328,40.17027429130041,0
0.42639653603140065,-0.7820301046378557,1,0,-0.9154263348859387,6.025394300739622,1
0.11146837540429266,-0.5905310809853463,0,1,-0.007966912438512457,12.524995519545891,0
0.6966726075860901,-0.08982332445611563,1,1,-0.7034604175140537,7.373613159758358,1
-2.079156976273122,-1.9097537113489989,1,0,0.09296650044928355,4.538132981702858,1
-0.5667964350675133,0.6849628360897724,0,0,0.6478563132478046,22.032423390447025,1
-0.4854413748390048,-1.2525844899710215,0,1,1.7910967827733335,20.31035353259114,0
0.20817768273067547,0.745885242214892,0,0,0.6955992913573037,19.303659614072632,1
-0.15685291019683492,-0.5536654920347114,0,0,1.2773840023561276,6.822227423068524,1
1.4859148769064252,0.03142710822846617,1,0,0.12608105713324885,12.941997944158016,0
-0.1223210145661157,-1.792701804963658,0,0,0.617124294489344,6.467065365068345,0
-0.578462810039337,-0.14629344660280055,1,1,-0.6474154450913224,3.3781937283956402,1
-0.1820474098276184,0.045589292850959084,1,0,1.5762506650321995,7.486602392148327,0
-2.0133565464282834,-2.7604669754334354,0,0,0.8317798074145715,7.894808753720811,0
-0.39204350179435826,-0.9207559898162937,0,0,0.16330124379303476,3.755496163999942,1
1.3816178507095966,-0.030111669995952606,0,0,-0.8459963368742984,17.19063097325927,0
-1.8970766218089636,-0.051532443229451275,0,0,-2.3183478197040444,65.22208828023136,1
0.7313706219294251,0.3782366959939444,0,0,-0.5614109864133443,3.858388528450869,1
-0.2141452925894945,0.14311249056839412,0,0,-0.37528890903376266,26.522960412335674,1
-0.9642418821004791,1.3667532669375007,0,0,-0.23355225233956659,24.10687096192018,1
-0.7680710122344941,-0.9370202102016996,1,1,2.0203121097295282,8.58471227241644,1
0.10609344791822692,-0.7922824742739197,0,0,0.2780914337135199,20.87409967568989,1
2.4256638666818096,0.6788676581587401,0,0,1.2081736662957916,3.9458455594699338,1
0.6028041024805078,-0.16126146154197685,0,0,-0.5051610432444764,21.698035022087314,1
-0.876043134609092,0.08314131525314639,1,0,0.16125675490383526,12.8363782780885,1
0.4525710918431262,-0.06051654865802783,1,1,0.7196944005516596,1.9139039701480467,0
-0.5557522037424153,0.42247266304510883,1,1,-2.1830043994425954,13.825174758858413,0
0.9743870578964744,0.5679611689859185,1,1,-1.6434433021588293,9.978089371919056,1
-0.1749340896765959,0.046963243580514985,1,1,1.0483007334217271,17.41228390419837,0
-1.210497217670713,-0.24613601220776515,0,1,0.7196587840656636,24.769811631307874,0
-0.4910942521738381,-1.2982005143649293,0,0,0.026149053232650262,0.8148839067969773,0
-2.1806044028892453,-1.3411024654600205,1,0,1.035983964907052,2.5480987349503517,0
1.2985292328006035,-0.8553970934932196,1,0,-0.3718040508113854,56.30761571623277,0
0.7431668647775801,-0.16198231703484983,0,0,0.20435674945933394,17.543535928945715,1
1.8250306166524313,1.4016787674312101,0,1,-0.48358732838696733,8.595547952431733,0
-0.23337883162576226,0.1446799116896389,1,0,1.287475150174295,6.646459160211153,1
-0.6146786369478896,-0.14588083783853734,0,0,-0.3725320380864035,9.336543348563913,0
0.3361433550299235,0.5533960094880491,1,1,0.6343302854814598,20.795433195108156,0
1.0911917102068844,2.363851465554823,0,0,0.7086234710222811,17.171794072832597,0
0.3049320163221599,0.17038857078462633,0,1,-0.05007026959459845,54.04869273958612,0
0.7476851061408741,-0.7119615357471636,1,0,0.4669062236801025,10.796680750584407,0
1.3315165066586152,-0.31873013586889787,0,1,0.11723090611618166,4.711490974880208,0
-0.8133761096455701,0.46669695445106163,1,0,2.2068048718394806,28.974964077815194,0
-0.6870677167527706,0.3947614686118416,1,0,-0.3655488175101977,7.254425290504249,1
-0.3928340827324467,-0.31401714097386124,0,0,-0.8230893254084272,4.981916980336071,0
-1.4302006702409151,-0.7335415905777672,1,1,-0.7752788952935384,19.02931245316308,0
2.2060074648971515,0.5737661732105632,1,1,-0.3810536056450684,34.645217357731696,0
-1.0257813125190995,-0.37567512868732655,0,0,0.0693667248141379,20.190258293849396,0
-0.8217604528471588,0.045158592574204126,0,0,0.25867027271684784,32.77028008097664,1
1.1969527929522465,1.826903155006198,1,1,-0.3670826063611773,13.70753670376645,1
-0.7615682698128923,-1.945715832531469,0,1,-1.4130512514428213,7.804174544325666,1
0.11656028948294826,0.6594086156509509,1,0,-0.8593247789581595,35.24777925191745,1
1.2064796710481456,0.20470552274587572,1,0,-0.5781500978426878,75.67543016228942,0
0.08551937469927999,-0.6953665345375231,1,1,-2.591944838165691,5.260155903754452,0
0.11831150583311424,-1.1133149885129865,1,0,-1.8340413779326785,3.1782537752683324,1
-0.23358410844176775,-0.9545453739943349,1,1,1.3706488670565444,2.139449716029854,1
-2.290645195785404,-0.7443536926487391,0,1,-0.02106017245641306,66.60963030761366,0
-0.4022675360763556,-0.8107283223373948,1,1,-0.6895599820107926,49.92829711008671,0
-0.7581436248773233,0.5489463428280403,0,0,0.5132223179035329,38.94235424420135,1
-0.612733269053298,-0.5421982418431647,1,0,-1.1528574266468294,1.2225755688133846,1
1.8076138892764286,1.681923108728796,0,1,0.927390285137063,13.94966122717494,0
-0.8818808140143962,-1.0785611304367646,0,0,0.24330251855175078,8.785355976390791,0
1.216459962416972,0.6771013789296412,1,0,-0.4665293237852358,11.052497317403208,1
-1.9022975870881902,-0.5062100193380783,1,1,0.1915880341356979,5.138886339142631,0
0.8659803244304904,-0.2697589335141871,1,1,0.6775043988482736,9.88887667900462,0
0.892158896674897,-0.7515867449700658,1,1,0.20635436105741195,4.526931244213364,1
0.4853184156609262,0.2993561394430667,0,0,-0.34882629458310543,7.249303144118731,0
-0.10422341399218288,-0.7575976467312872,1,0,0.03347686171117247,0.9143869680241037,0
-1.1216408837577543,-1.1020519474002386,1,1,1.4012391803286974,31.750045326789838,0
0.4662813169400886,-1.1742386379030134,0,1,-0.09470195900985175,2.9078296306596987,0
0.9457109625527245,0.9619413285305636,0,0,0.2989327513787063,5.524221099337786,1
1.6086285688551356,1.8713300242478281,0,0,0.028350756350985277,15.370918879770358,1
0.3204637403373622,1.0277734941315473,0,0,-2.093818085484783,7.426425277681911,0
0.19171561296604364,0.6672099312964248,0,0,-0.8729824120560733,29.114655300100804,1
-1.2475140175413648,-0.36674861827220206,0,0,-0.004204374517348556,3.0402753911383016,1
0.8248392699880039,0.740554180522981,0,0,0.5853155374988032,25.607731019892753,0
0.39478508110793387,-0.893401530723319,1,0,-0.24009070265411603,13.323264298996524,1
0.31651130619462486,-0.056553641847705005,0,0,-0.6944448432829536,4.598635512399441,1
0.8668844842131906,0.5021659686236659,1,1,0.7711163700413717,17.690666314015537,0
-1.7383787601818872,-1.1157774733063894,1,1,-1.2723462239772767,14.965141255992723,0
0.005867953333102287,-0.911469288415914,0,0,-0.2001811229570358,13.42953589995488,0
-0.24999358880489728,0.42718168557691055,1,0,-0.27985318193256664,18.854626870719393,1
0.8390895479998077,0.7522805669494245,0,0,0.6913425144677288,44.97411013478979,0
0.054131167399498074,0.7093139404592377,0,0,-0.43838171870084097,23.913528287554804,1
2.2695542771823916,1.6401689790879344,0,0,-0.9723659077399387,51.1240399270854,1
1.2738414309195445,1.357155426275394,1,1,-0.63331311132129,2.897282816023785,1
0.6689187933139891,-0.24684877496962854,1,1,-0.07641403412139824,20.20474572178953,1
1.9829228519547133,0.5107513350251094,0,0,0.5225512684379346,5.3578856918946425,1
0.6789265942327076,-0.790521569527751,0,0,0.9459782548709519,0.07850912662086339,1
0.719783276190884,-0.7798851280144132,0,0,0.3448191523234153,0.8778612741019038,0
0.7823381070655295,-1.1933564673047246,0,1,-0.38020122978265014,41.977318188324404,0
-0.15234934895356372,-0.07384487498659964,0,0,-0.006996917691120559,8.165715109470613,0
-0.3569958132472603,1.5033274637034175,1,1,1.1474031344097146,10.130100437568016,1
0.6858620758686234,-0.4748628728700216,0,1,0.3840776191700969,17.825391477162547,0
-0.1347553152498579,0.6142637427645053,0,0,-0.586210909010012,8.829647730729748,1
-0.29745068929241075,0.5796460413925238,1,0,-1.1729773630572486,25.11658996952915,1
-1.5758899043076784,-0.4083932154151422,1,0,0.25966833044905285,10.846598185311182,0
0.5966540059683206,-0.7042694904297231,0,1,0.7765396226101903,12.252505789564843,1
-0.24475749984148293,-0.3227534438615042,1,1,0.3122915992181713,9.762756050021377,0
-0.8104994656370453,-0.5609093085088266,1,1,-1.9090765886592012,3.6493088773297147,1
0.5526330291685906,0.34057790018412637,0,1,-0.8648594365058089,9.541433886757357,1
0.9193851013528054,-0.6077153456347837,1,1,-0.4095811502625738,2.803565020957048,1
-0.7902651345977837,0.35063262361524244,1,0,0.6074268828704332,5.773291284844106,0
0.14796461796052732,0.34388508871734236,1,0,0.932797593079021,13.369598262314055,1
-0.36875094557549876,-0.6991608924721172,1,1,1.1091490549644596,6.62230748079113,1
-0.037560484329475445,1.4664032521623935,0,0,-0.714623660632915,5.269472662154796,1
-1.2162938103985876,-0.07222600435226234,0,0,-0.3268984050003804,28.729275133435337,1
-1.4966564586249007,-0.9723072395154014,1,0,1.6645545289710861,0.8487646849142768,0
0.00748957040201537,0.33247995561126414,1,1,-0.6342002219462263,19.59214362677023,0
1.2228273428854637,-0.36887235633084847,1,0,0.4314547280033871,3.4410665698067016,1
-0.24797185107953915,-0.9615130156988468,1,1,0.5589851532624236,11.65670805707804,0
0.4935178185070673,0.42325400410726977,0,1,0.9814066886256121,1.3256287310114236,1
-0.42055354230278136,-2.0682640930430836,1,0,-0.40033511586256587,0.10379502649715151,0
-0.9309790506214413,-1.7283733553924905,1,1,-0.16055965387862792,3.9900533322777063,0
-0.9410000498803771,-0.3081917569114714,1,0,-1.49149118155703,1.1136221308388747,1
0.21831253488127786,0.8543030972902531,0,0,-0.23080704563100424,1.7790131191776986,1
-1.8384596714572685,-0.093927121653952,0,1,0.03377618644970395,3.2961591053394503,1
-0.7743618916295293,1.103557733988469,1,1,-0.538330770270071,54.5773646513707,0
-0.9885347153876006,-0.804334333011982,1,0,0.8468633960961488,40.646565807104935,1
0.39703567470502177,-0.7658545427744716,1,1,0.031341357112931297,1.6456962125499122,0
0.2827535535759613,0.5953308184453143,0,0,-0.8859301580382049,6.156168279371091,1
0.08836967350654605,-0.8875310186322308,1,0,1.5304111718378846,1.0507952594503933,1
0.21132800596005624,0.9314256529761256,0,0,0.8146637198990024,11.00545295093453,1
-0.5678377493397451,0.29703601001626345,0,0,-2.8495977576632643,9.809227680075468,1
-1.5570543089168145,0.26776899943277,1,0,-0.746455648334601,0.7931202556903802,1
-0.5186424336733317,-1.8755825011742917,0,0,0.7396531350846548,16.22553190060781,1
1.683384607856449,0.5789190883151154,1,1,-0.4899467245758349,5.084929482572672,1
-1.3342228975796124,0.3504870786639589,1,1,0.6535193881088933,7.249702147520992,0
0.4066349920356282,-0.8226127389071496,1,0,0.5088110793254712,11.47431270177791,0
-1.3923247180663303,-1.0752338056715627,1,1,-0.7961779316985582,5.4886012371520465,1
7.311706529707859e-4,1.0198550445781425,0,1,-0.6597913801151809,28.68386046460743,1
0.07945943234542359,1.0008079679553326,0,0,-0.5292990995352344,11.833966835527805,0
0.675269173981795,0.45660500434169454,0,0,-0.9950016939880031,20.998176420195456,1
0.2711337662726903,-0.09226700793050743,1,1,-0.4182215931098006,13.758433135266403,0
-1.7325492549989296,0.4105980032636938,0,0,0.7487441806299353,13.723570536226843,1
-0.39016129529731347,-0.05482047607247065,0,1,-1.247613835315317,5.161064689525881,1
0.9027194299163002,0.4641945742615068,0,0,-2.656392891332738,0.7111639915580237,1
-1.0670702510604533,-0.49733054377900265,1,1,2.5962319401618728,7.594672488372297,0
-0.1939694678692813,0.7725826675305943,1,0,0.7142458489300413,26.852739793442396,0
-1.0706734242495821,0.2574452241657609,0,0,-1.1209774120514129,10.554739687606174,1
-0.8081457509466714,-0.8675675230288777,1,0,0.47040853761103446,16.517720910768944,0
-1.4206881899603803,-1.5257950112054943,1,1,-1.1780552824737647,31.88603674298033,0
-0.6789605394056311,-0.6910468522235351,0,0,0.20563103450933967,5.543510947362106,1
0.3945231351080767,-0.7323243049983312,0,1,-0.45722996939944527,54.51698143530629,0
0.4699991730607328,0.3795994334570623,0,0,2.821288222884881,24.011407305599644,1
0.7332581646963493,0.3915033201181189,1,1,0.2672817216977167,0.906597632625367,0
-1.3254285458475346,-1.8728803261845428,0,0,0.5228286598998592,13.335907245666133,0
-1.3827692123225113,-1.3718419585477015,0,1,-0.12926145557570634,5.305871703665574,0
2.1374818154959927,0.8399246391553443,1,1,1.3531278111132916,1.2174534025282011,0
-1.3112943935696193,0.01254434797845494,0,1,0.5962366111666665,15.344654165063014,1
2.809967100169552,1.5265534158952612,0,1,-0.26955766805370396,2.3448577910971644,1
-1.3151924760728095,-0.6362759095345301,0,0,1.341071206929832,5.578386016825624,0
-1.1238851074646345,-1.8376315630736912,1,1,-0.7271385444009838,9.502772696704593,1
-1.6342907663369954,-0.14832497980321158,1,1,-0.1943031289455775,2.684129398357493,0
0.13619916583428224,1.3051308318636043,0,0,0.5978650383001441,2.0613656001719267,1
0.1531991971773655,0.9954675723073159,1,0,0.6075986924690535,21.113567772628723,1
0.9321982570871045,0.6336318441277076,0,0,0.2970377983784945,19.058393411094254,0
2.6350453747652804,1.9046010006202105,1,1,1.57513395376986,22.275465500222673,1
-0.30997622596866625,0.7729656312346882,0,1,-0.6848480995636048,11.05224568950566,1
-1.158074837619085,-0.3126072699752028,1,1,1.244291979674129,8.976802555304811,0
0.02336920745489586,0.1607147124376325,1,0,-1.2568747727927054,56.63011999454831,0
-0.4154881518533713,0.7874123786705279,1,0,0.4709127244481542,3.236966215937105,1
0.169310008182186,0.43892981942630643,1,1,0.8230067846173372,30.157987294360428,0
-0.6929581196727,-2.5319077019858582,1,1,1.5176299684843917,5.9532185407419815,0
2.5408092644643423,1.943184229554296,1,0,0.0731167889499861,2.9021321029966862,1
-0.513349836050727,0.2124660879127923,0,0,-0.41291052184120086,28.221957009950664,1
0.4682341624195499,0.5778745963072419,0,0,0.22180772577844973,17.496257436053146,0
-0.5274614795225755,-0.01592953205589548,0,1,-1.241595215032829,57.51977800221303,0
1.0503589137865892,-0.21764178323402128,1,0,0.8789763446424347,1.0033859331951869,0
-0.28776105188822065,0.9641739731260195,1,1,1.256813488110641,2.8051346231208805,0
1.56277879282827,0.26381041249486514,1,1,-1.3389841771273412,35.389840464610856,0
-0.0036488888690369963,-0.22629072254276467,1,0,-0.25222989211908775,15.466143214501471,0
0.22314675839057826,0.8472402206177722,1,0,0.049061810551188995,33.24845593447437,0
0.6517612533566265,1.1717578749579771,1,0,-1.1103081808830104,27.60640543122826,1
-1.3711182465180602,-1.0517832302176702,0,0,-1.0849101013592586,76.08379905774558,0
0.9700856865874248,1.8619876829657647,0,0,-0.35977281190887955,0.09217560219373482,0
-0.16905491699887043,0.7215516602378588,0,0,-0.5135670115055454,13.772467639824534,1
-0.33807555008968304,0.06455032406991212,1,1,0.7864393665231726,10.916557132435466,1
-0.11199811871630959,1.0089624144050005,0,0,0.41614151889160694,38.216135222065404,1
-1.8430353971315623,-1.434245019167905,1,1,0.8921746200315313,70.7149831270534,0
-0.2611715277642863,-0.2714554570422677,1,1,-1.7985934528312941,8.577573154495605,1
0.6650173369564493,0.2512722151238628,1,1,-0.20650215316959006,52.347859422828705,0
0.5298037300627456,-0.228309441001395,1,0,0.6129514256454947,2.625992936963165,1
1.0915047521638954,-0.17315011304691896,0,0,0.1653483336570393,16.25174692387655,1
-0.41869658750238703,0.7485953888389965,0,1,1.6844963505578219,2.9875714032402105,1
-0.582519513136872,-0.9553865995947157,1,1,-0.710216425215171,26.971478854988998,1
-0.32656934215640526,0.269940281690365,1,0,0.5532099527126043,19.820483880593546,1
0.9880254931065552,0.15412335880113515,1,1,-0.23312913208450733,1.204335913826838,0
0.19817015297525126,-0.48879424164124075,0,0,-1.142869236253854,11.733528882854808,1
-0.9807384247306702,-0.2848148751081664,0,0,-1.1883666818559997,1.37477427117678,1
0.15978767822906417,-0.6115280497382671,1,0,0.11377861437485573,2.9906959651988934,0
0.9915607776196348,0.9087423858034414,0,0,0.9389538318057651,1.3665332455317485,1
-0.6288747519154787,-0.9451597959872632,0,0,1.5320744889815743,28.087670794544078,0
-1.7681982967286705,-1.1429506141507888,0,0,0.928433776366965,2.2311200469804455,0
0.6334470839341891,-2.2931451663306075,1,1,-0.6326724491905499,4.442206792475864,0
0.939347532237347,-0.7691924742219666,0,0,-0.23925276484591476,10.024754202784642,0
-0.2969795872481965,1.0016718450999813,1,0,1.1684210650299292,0.6005741857193612,0
0.4807428996121926,-0.9398497658231804,1,1,-0.3434225135145172,20.150660507605576,1
0.7330539959742756,-0.42633437125644286,0,0,-0.06745557869842218,28.614884341476973,0
0.9387455349297201,0.29889104690971985,0,0,0.9613254704229236,11.939442227504658,0
-0.38065189963178364,0.633865315262301,1,1,-0.48777864497875745,5.726890269504975,1
0.3743543815888432,0.3120295766853413,0,0,0.5777422576661518,18.500275100025664,1
-0.4074144919302881,-0.19659533271076016,0,0,-1.0269688813023787,2.058525228132152,1
1.1331774340546026,-0.42519285934003526,0,1,1.1764691064518444,32.681060097496484,0
1.6649399297309715,1.3874911354738582,1,0,-0.3460205063273414,31.64564792735146,0
0.7662411015622812,0.0702851558949642,1,0,0.16410117846881744,18.65950348923073,1
-0.3792718345031573,-1.2752871372748034,1,0,-0.5403513421599566,2.6746748310143422,0
-0.2335912021561286,-0.7825177800893012,1,1,1.3021417150485755,1.3699200573476487,0
-0.5030276958031402,0.4269695982071869,1,1,0.5105547164427546,14.655303023773932,0
-0.69963882810815,-1.3642147434718126,0,0,-0.2283597698059503,9.207080726785364,0
-1.3688567491059724,-1.8180879852825935,0,0,-0.43375810707740825,56.89634980748152,0
0.9639983678317905,1.1880927862358026,0,0,-0.2268866542633895,11.255313726825257,0
0.9054223763795397,0.7399713392057471,0,1,1.2127350486736168,15.31791315942702,1
1.059042902307017,1.4522680029962285,1,1,-0.9701570433785375,23.096484027020722,0
-0.1504178965595671,-0.2393346387265142,0,0,0.023673716698018914,2.923463561129846,1
-1.0920244129525905,-0.18697644902683547,1,0,-0.06400151341965273,8.344955618302679,0
-0.8542522105764917,-0.9123255261636543,1,0,-0.8240075507312432,36.754399090534015,1
-0.7227299166538304,-0.7435585992922913,1,1,0.6982801003595047,3.6798522688375748,1
0.8559889681114629,0.18910358865611893,0,1,0.25435208390266256,12.876238956198844,1
0.49136114888251514,0.9048121482761637,0,0,-2.1695924397729414,2.8070778870041764,1
0.1554190739734527,0.5569454307788335,1,1,1.3674745922010523,19.587086648161414,1
-0.4196179301603266,-0.1904898379953657,1,1,-1.2345900864863306,4.323542443496034,1
0.03866544042966312,0.6161341089760417,0,1,0.638918462765215,5.148228466453239,1
1.0855338489135202,-0.3968091205740474,1,1,0.838542675648644,1.9958149434138144,0
-1.081660549728576,-1.2068907344146385,1,1,-0.8417514011124405,4.996873913009194,1
-0.16967944151595518,0.9163503645284647,1,1,-0.2170225047105649,13.122656050005128,1
-0.443061655640849,0.8056128479799398,1,1,-2.3523552678958466,10.389794216178442,1
1.4015892388366862,0.4348365548991777,1,1,0.5387478776895228,13.961798731515996,0
1.4382286311187906,2.0249384769498455,0,0,-0.45745423498596133,3.438554740147701,1
-1.2656381921987143,-0.06326136724869069,0,1,0.29233468581721905,19.88447541360465,0
1.3768549533802892,-0.6041685792247684,0,1,0.8754170868273771,14.284525426629486,0
-0.25430033665976925,0.5004885459350594,1,0,-0.6743341183077407,28.976863895765607,0
1.1251382299357433,-0.07712465935879464,0,1,0.4859676368676439,13.800523495054936,0
-0.8864637510053817,-0.6618171046605514,0,1,0.7240647297204942,15.109666390424957,0
-0.019261934202304737,-0.7706760804403906,0,0,-0.35206053929053155,5.132470560407546,0
-1.7588959925384677,-2.028123833073475,0,1,-0.35413931207446797,16.324702385980185,0
-0.4762063021516304,-0.2713439424349697,1,1,0.8137438056704116,7.595834457117733,0
-2.579209489508586,-1.5251392509545805,1,0,0.43537093268981397,27.032932996509818,0
0.38805083269375146,0.3107890032703605,0,1,1.0304481820649878,5.8622243023085545,0
0.27800493415325367,0.39226482588269956,1,0,-1.261337572030574,5.255025050973225,0
-0.7288287150941333,-0.30960728434435025,1,0,1.1422490724330705,9.610411851647832,1
-0.23208437357763856,-0.10131948820440016,0,1,-1.623191783117579,38.305128020370795,0
-0.8894881758982963,-0.3407366430799794,1,1,0.5455931571983065,29.78433568220023,0
-2.85223627274949,-0.12781917402495302,0,0,-0.5145159886087026,19.07950815516746,1
-1.92862514572287,-1.2956818755458974,1,0,0.5127032564905954,7.90712099098043,1
-1.1903624074784485,-0.43795508533925365,0,1,-0.7789716718242582,37.60802724801022,0
-0.8475930647955094,-1.199281010034189,1,1,0.8528617856804585,6.007567920244518,0
1.0790061983006018,0.88856297077947,1,1,0.1593303947764423,1.1346015163793806,0
-0.29945381070642096,-0.0026328097472897993,0,1,1.371687547451499,0.544259779543605,1
-0.6062196450613411,-1.3007954335353222,0,0,0.7092909901180627,21.17799990459667,1
1.576587356098157,0.03908829678068104,1,1,-1.6378750678304637,2.353868237182008,1
-1.7603185273758015,-0.7000794654650307,1,0,-0.5734588667336676,6.486701284614248,0
0.5051162525466351,0.7261462389987565,1,0,0.9810369072655342,32.09787435149641,1
-1.412954184710491,-0.605349683379376,1,1,-0.7165504983878056,17.67390569353564,0
0.7154662486478947,0.9713278943921639,1,1,0.4165638244436099,15.100361520993925,0
1.3475300436085866,-0.21403699216429506,0,0,0.006252695993364905,4.321370812128929,1
-0.8633060179969939,-0.4863811133273115,0,0,1.07150316379659,0.2465767094849378,0
0.382009596579658,-0.5912546695925962,0,0,1.4746222053506008,14.152721692641087,1
0.2664512477880844,0.03602921950709456,1,0,-1.7999949283326744,8.952077765837599,0
-1.4774673242839498,-0.8424394023879141,0,0,-2.505824231908874,3.9420034128469217,0
-1.3199027892382047,0.5779403907180914,1,1,0.8275381811056407,15.712553550535084,0
-0.23636288132280606,-1.516151298934141,1,0,-0.32338932161950296,24.326769112873496,1
-0.3177292220305927,0.013056808968220951,0,0,-0.063854607523308,12.556514792633331,0
-1.063748589577981,-0.46217521580533516,1,0,-0.34727827536172573,22.699149913484618,1
0.6973594088941788,0.7411819577751788,1,1,0.6045519538810128,3.6335116410520083,0
0.47860585981237236,1.1278001364130283,0,0,2.055978926117548,2.440526760033354,1
-0.16346691853999118,-1.3858535856154706,1,1,2.056756588914748,24.59214917486377,0
0.10747167558327164,0.03293333579531862,0,0,-0.8348609004073377,21.90132537084699,1
-1.1216145962178519,0.21910703833588585,1,1,1.009776884608445,9.853438582191956,1
-0.17208177187359905,0.2987902803593847,1,1,-3.1642631940293837,2.9043823077871993,1
-0.42891053128785567,0.35757827429011646,0,0,0.9210077725445871,37.18718487074983,1
-1.3444789463672395,-0.34816760310717304,1,0,1.50879397875904,2.6021201292369494,1
-0.3488330161135899,-0.7217118098581683,1,1,-0.47557424145268734,0.20162744825248852,0
0.027608848868380838,0.6567502656717401,0,1,-0.42590876524056215,3.64977950105837,1
-0.7983397718922511,-0.4386522310081129,1,0,1.4290383728045597,20.80310696949738,0
0.9560609132045195,0.04318280099230726,0,0,0.6043830131028771,10.334519874425338,0
-0.2910243653019012,-0.8246103578057437,1,0,0.04427201918403174,17.84969128328309,0
0.9733956853484562,0.0891297745168595,1,0,-0.8395004039648598,20.898246748504036,1
0.4827642863168721,0.6475316645673402,1,1,-0.31847624353500975,30.866218081934118,0
-1.1815660560052315,-0.08997622649726722,1,0,0.4117103176150251,10.806298733807553,1
0.6647184903772938,2.2386048073608684,1,0,-1.8183822655657687,1.3522787512240493,1
0.38925785491779596,0.1807178616043786,1,0,1.0817494125059142,10.279289062016257,1
0.09009480831295182,-0.5890443814005915,1,1,0.67509177293274,11.791771558260825,0
-0.04307599530058513,0.7618948835342692,0,0,1.5185371300417077,0.23158597058713665,1
-0.9273468109683194,-1.0717612247751123,1,1,-0.9294641850302691,16.381167325944354,0
-0.6286040517115737,0.15792325639434762,0,0,1.0125895327116938,29.887237936206933,1
-0.26830372180013806,-0.86912274492314,0,0,-1.0720161575229041,13.596576604225552,0
-1.543781231870899,-0.3855039955238335,1,1,-0.9654242006261542,32.70494599571207,1
-0.5709284379257047,-0.5651193698383064,0,1,0.8927168728618663,22.17160393924235,1
-0.10739961528879777,-0.45269421893748085,0,0,-0.15995681515659646,2.11975267552501,1
0.7037360910729001,0.6289960822378717,1,0,-0.006301698026534835,35.617304460814104,0
0.0454193976561121,-0.7078291678006422,0,1,0.5720023975762459,4.8304019984879085,0
-1.4568315994006833,-1.389092396722135,0,0,-0.807699182262085,36.498112926025655,1
0.4053974863536733,-0.22358827934644257,1,1,0.39795051863062275,3.2003900543229227,0
0.8526285420429406,0.1457102179272181,0,0,-0.959719002563314,5.467191147527489,1
-1.8649448347943522,-2.125075190912183,1,0,-1.0740004768898666,8.894862511831706,0
0.9747099097166722,0.3279243042923025,0,0,-1.7247156895513245,4.934514414260171,1
-0.11466170821407676,0.7708340208746193,1,1,0.9090832649370492,8.348523554640272,1
0.276819759562337,-1.3164182450662187,1,1,0.9629345639611527,25.274733468999738,0
-0.17724228543682552,-0.7649137397170982,1,1,-1.3318831947146714,0.17241643144817426,0
-0.9467153109907747,-0.38395605145555567,1,1,-1.086337215079903,9.465974973133516,1
-0.19903769833275292,-0.6760077068973191,0,0,-1.328041090266492,2.598617893106866,1
0.9419533753218133,-1.0484897746710349,1,1,-0.8068631115560093,1.211357204078132,1
-0.5963824535800418,1.1366925860372399,0,0,-0.017519329399875383,55.67073496465045,0
0.09414408836463758,-1.3196257879830724,0,1,-0.6243501000430733,5.694024927396033,1
-0.37977493993598194,-1.2173576018084857,1,0,-0.4558756372379413,18.5387399089845,1
0.036670629875946464,-1.0939749220416064,1,1,-1.121435938688738,15.536166608069166,1
1.6025592708658076,0.40154801465916556,1,0,0.09202306054226228,11.957033589467922,0
-0.14769315952961265,-0.29660585464249106,0,0,0.24704477199742744,28.400943472682744,1
-1.1847054883304926,-1.0840503450122956,0,1,1.0483068347088522,8.83007824823663,0
-1.1080616964741148,-0.5578292582674893,1,0,2.5148986651407648,1.3790720566733232,0
-1.57612925091239,-1.1626566876893385,0,0,-0.3968508345186176,25.25471808832723,0
-1.1916482416544623,-1.4847437696211028,0,1,-0.021013521149331423,15.671644017411248,0
-0.8660843666795182,0.06179649818185967,1,0,-0.48385996854235025,8.987599640408652,0
-0.6116170709965995,0.5509905350525097,1,1,0.38099105560677754,0.014771084779562902,0
0.13114599127607623,-0.5464606240328379,0,0,1.3174647993889934,2.8841583721933994,1
0.6202035579032283,0.5489065817517629,0,0,-0.17744936649913148,22.21532917453654,1
0.14862513889845633,0.25211487875958905,1,1,-0.6791896437445427,53.83275600568806,1
-0.5065062835430915,-0.4413170383593852,0,1,-0.05351578534320662,7.107025794469136,0
-1.5883267198373898,-1.327912130218553,1,0,-0.45159716859916543,24.380147236965573,0
1.6958965616090704,0.3054544635177393,1,1,1.0549017379589114,18.632735683564853,0
-0.22776137516446815,0.887698101101805,1,1,-0.6741794627951717,3.624539220036802,1
0.4064222200522833,0.6745146583867528,0,1,-0.7458612487875506,1.2459951852049145,0
1.0784989941093814,-0.00930607913648418,0,1,-1.5352023161581105,4.325618286002212,1
-0.15178898623963982,0.06015428852157381,0,0,0.19934329705701162,3.5527239204833863,0
-1.5035584494405205,-0.011087942538996809,0,0,0.44034990985482775,2.4882090928816885,0
-0.11701988172599469,-0.9428453023246254,0,0,-0.08072373794946154,5.084525876495138,1
0.6086801557742142,0.9550171726018672,1,0,-0.8688131247006672,1.4540393910855196,1
0.217845672253429,0.8002574059280976,0,1,0.17813915151112253,7.549620271232482,0
-0.20339780822618145,-0.7632273627122547,1,0,0.443469005733884,7.189940553316738,1
0.36819070389598557,0.17011952109469886,1,1,-1.1396680537668318,17.131342224569856,0
0.13657160617335268,0.6661967775753976,0,0,0.791628732537537,4.230871891897732,0
-0.639134014046775,-0.855336935391487,0,1,0.066557623613974,43.15285828138365,1
0.30421177658666204,0.027045428790558268,1,0,-0.2457060520919595,13.818914549785697,1
1.7469833308697231,2.0383628765705324,1,0,0.8304748860572709,14.045546154864759,0
0.9227334556396505,0.21976404025399832,0,0,0.6010418119877551,28.08789959493967,1
-0.14367141168641462,-0.3256399556654739,1,1,0.25595284572461874,3.2182662517666585,0
1.6020065680263291,1.4877327193058378,1,1,0.08422942499519508,32.809943311509485,0
-0.09687241831372159,0.8931997829381988,0,0,-0.6069847317516185,2.744730784913748,0
0.06304455785130472,-0.24370983716853162,1,0,-0.2996477665109386,1.171542318990907,0
0.7795015383414512,-0.39328425984329374,0,0,0.731078302768253,7.491631015301921,1
0.6792890322683571,0.2867045251901317,0,1,0.7338924970721606,14.384742016348373,0
-0.4980104282539465,-1.4145633765462637,1,0,-0.5887924574016699,22.92121490778058,0
-0.11516261634496681,0.06528930992266407,1,1,-0.5523825991167887,20.116051085205452,0
-0.2169558147012042,0.055498084184082905,0,1,-1.3642980041404984,24.858729096764076,0
0.5250178701210866,0.6751343824705437,1,1,0.6287924516722182,27.94832508834449,0
-0.8862758856203864,-0.013529485530623386,1,1,-0.49582226881584923,12.817768942794858,0
0.202629861860492,-0.34413131895275545,1,0,-0.5330428850759139,35.30068858634137,1
-0.8910122142389871,-0.46265053250434585,0,1,-0.75555663519867855,3.8920066267583584,0
1.4711253369602393,0.9857752943298231,0,0,0.8819480982856926,10.316756744527448,1
0.290392114710973,-0.6446441733201549,0,1,0.6008632787919959,0.7280042866429112,0
1.0174611767961668,1.2759223912665403,1,1,0.3883045849636286,3.1418240140102314,0
0.708722413784413,1.0311328070566663,1,1,-0.46819205286123144,3.001958610772403,1
0.9721297469709133,-0.4067929174340868,0,0,-1.5893994084997773,19.870336547862383,1
0.1648135274381601,1.3024062315382023,1,0,-1.9268967292867762,31.52902122288728,0
0.3712267776155732,0.4552003970058574,0,0,-1.1056554164859649,13.863108206347842,0
-1.1647470258640162,-0.8455100324766027,1,1,0.5668793570945013,19.44819443089148,1
-1.0204392231777089,-0.8652538480214421,1,1,2.9006735601703193,4.232512995079249,1
-0.18390916184136186,0.8031365611342538,1,0,-0.32549589303801496,1.504524771441259,0
0.46254915013736747,-0.13593295127311425,1,1,-1.1434158231501477,17.210919558587538,0
0.3253948872218314,0.464770530234119,0,0,-0.988338342421359,7.6207902343605705,0
-1.2794522182425259,-2.114301275687204,0,1,0.19432976980325603,1.490246073044405,0
1.7799135424775026,2.0368103341638304,0,1,-1.5490854876546103,13.566932165507877,1
2.270310782611923,0.308181819506098,1,0,-1.1845700708080669,10.858939180301652,0
0.11752656754960471,0.5246776110044817,1,0,0.8638574404366208,4.837510643522591,1
-0.9423007334775388,1.040845541614087,1,1,0.04635717614688274,13.456552533132461,0
-0.35229830550008157,1.774053221064603,1,1,-0.795766643950639,16.5531153757372,0
0.06308861114488855,0.6059098325984742,0,1,-1.871737533248398,5.417168508984982,1
-1.0490863855531816,-1.051101589174646,0,1,0.44424065358865134,9.327755472638286,0
0.9234242624301541,-0.6368905782112727,1,1,-0.393700849064997,27.040034107147903,0
-0.7556843844016752,-1.5616258525963356,1,0,-0.30410619965962876,38.71776001603033,0
-0.9412390943566422,-1.0457885449416389,1,1,-0.38939837163098373,13.963900985429426,0
-2.009068924068728,0.36196185107949086,1,1,0.8402209337203436,15.873942095478762,1
-1.3887453722555785,-0.6887226675491329,0,0,0.3371970468385742,7.464064897748479,0
-0.8133912167794078,0.4869783412343898,1,0,0.40263107468207576,9.5293705772364,1
-0.08031208243761889,0.57630976854693,0,1,1.9913539482399494,1.2024674794254544,1
-0.26151733200109895,1.6913121142687686,0,0,0.3604263769401119,3.0955363381438272,1
-0.07934823569374948,0.18921199269621933,1,0,-0.8680586041756828,12.596288190715907,1
-0.038557923800743375,0.7188115554178754,1,0,1.6146750824751177,3.5330601770099985,0
0.631926374302477,1.0441274980499884,1,1,-0.7617588759843229,41.631127829753474,0
0.7642454704290063,0.6024062929028352,0,0,1.2771962914161734,14.746038522839088,1
0.8031885223601888,-0.5853654317544366,1,0,-0.1273185813962831,6.9481590367192005,1
-1.368069720829653,-0.17444815658982593,1,0,0.16692796938849816,7.595128315037051,1
-0.7321297149886964,-0.09174578517503745,0,0,0.2324364112969693,21.50210141910688,0
0.6082475229153617,0.7574397562383497,0,0,0.5123551468900608,28.023537836468822,0
0.864688946783587,-0.17871224061289936,1,0,0.4606459588420061,22.176761039113682,1
-0.709688584782563,-0.7894961532894358,1,0,-0.13882530244148059,0.03456104812877519,1
-0.3400318737343743,0.42897980342542497,0,0,-1.0108697113325444,4.2824258542665135,1
1.1972601594301762,0.829658423552402,0,0,-0.24392490725523133,10.449609783941943,0
1.4897621405671642,0.6818262571618119,0,0,-0.2792065265229717,10.10907785139949,0
0.33142300711165307,0.5963053633527045,1,0,-1.3062323648201641,19.561224975837018,1
0.34580296320141984,1.5819169014331484,1,1,-1.5321493624627176,7.467047719493451,0
-0.27245546032144874,0.17135851174041328,0,0,-1.496009820195222,37.3350427574062,1
0.5702054936880566,1.0736243417856401,0,0,-0.3367727801515898,0.12059797601177424,1
0.9196564844901524,0.4897114727118453,1,0,1.2694586555279401,3.444820016493566,0
0.6634840407193918,0.8759310514061781,1,1,0.16689383533259328,0.5731867202048013,0
-0.5649707939511625,-0.0792084883738857,0,0,0.9991137744705628,3.1763245261716566,1
0.19306063693049935,-0.054573704194560535,1,0,-0.6893679464491098,28.650245659439296,1
-0.8373182302299824,0.43624778838933387,1,1,-1.5389780598652174,1.889951666203201,0
2.833481901816403,1.1455062617611043,0,0,1.9444626643233127,19.403423818319006,0
-0.9524535868914488,-0.5209133451029407,1,1,0.2897530862025044,6.551729401925931,1
0.25326294386322246,0.29380074104332043,1,1,-0.20299728413211887,29.701159251346557,0
-0.42824135395484225,-0.6524584642126074,1,1,0.6422853742402455,2.699243755317063,1
-0.3607241307755627,-0.5969365788924063,0,1,0.7503905271342073,2.867431564424077,0
0.7542742481791784,-0.5808166096669038,1,1,-0.46252477043351514,20.419638890781922,0
-0.24564384438870235,-0.5026910942622141,1,1,-0.32328770742365326,8.759423425155026,0
0.20472163527409643,-0.09895673896029364,1,1,-0.6272352799935619,14.706300196841687,0
-0.7022729866739003,-0.4464150014787205,0,0,0.6901246353475331,31.076240612662744,1
-0.5119798009555083,0.0915358910982016,0,1,-0.2668914267311613,11.431407659857545,1
-0.14137602781711234,-0.34751177536954403,1,0,0.009959333577397481,38.46300064520993,1
-0.12323739780752761,0.5548936179063403,0,0,-0.49145809228050646,0.10239039493803812,0
0.11229836671885925,0.3427701387995291,1,0,-1.4378121461301276,3.0369371579811326,1
0.3914850824100617,0.3963543113631315,0,1,-0.6939200687996299,2.767451693623913,0
-0.8042178923425402,-1.1367398573886671,0,0,0.47337566515151985,9.324770082780752,1
0.39252421320395897,-0.16805956384867285,1,1,-0.31334228808997755,1.4344393191499198,1
0.3924740700735719,0.22270180554185218,1,1,0.6760328970178161,22.60980963927922,0
0.911886045896687,0.7230764283531149,1,0,0.5831920465491138,2.995013172105147,1
0.5238982747648558,-0.3826997463890209,0,1,-1.3402824691718267,8.026068575291905,1
0.765421870702875,-0.4597261177919443,0,1,0.7884814546067128,14.587416147368987,0
1.0180944192344192,0.7320700232414695,0,0,-0.27653823992361937,7.869355743714971,0
0.377894811567847,0.8013038667515797,0,1,-0.7932137446964515,14.983103519868209,1
0.01782080711347828,0.2309406015783021,1,1,-1.457687599873808,0.3352787050170021,0
-1.2494345204795265,-2.441800928842853,0,1,-0.08485763208697708,18.314495861697385,0
1.1361193890554997,-0.08430105600413829,0,0,1.3776616997420679,15.41270830781205,0
-1.330594741113022,-0.8820275553048403,1,0,-0.011628313522899399,19.923508576381625,0
0.48074958855883604,-0.02880870578562758,1,1,0.3645143863886782,6.626245108376825,0
1.6086857583080196,0.5872079383450884,0,0,-1.121686766822368,44.49480282258602,1
0.2550651072663677,1.9008655903504557,1,0,-1.6050347499393942,7.070611198666473,0
-0.9435169363563969,-0.7954408032632287,0,1,0.9799405582383812,33.551224264848194,0
-0.19133189103009351,-0.36157108345280525,0,0,1.189935252352771,5.5181112816435025,1
0.22006267653257472,-0.47402239790143724,1,1,0.17355862848625375,8.016262440780414,1
1.8102913050865486,2.0289549641260627,1,1,-0.5133644864822414,22.411417164909796,1
0.13873446230944675,0.569791131614076,1,0,1.125131925282662,7.024927839679952,1
-0.12931298771623237,-0.886390283809393,1,0,-0.025400763480187653,7.214875045149913,0
-0.2799526993259923,-0.6590983488353563,1,1,-1.3448370639996354,23.278001727422925,1
-1.2917117694643647,-0.772890797884404,1,1,0.5913071204774216,15.652684105691305,0
-0.6946128610197004,-0.48796487171624264,0,0,-0.16786513355256266,44.476662195483236,0
1.1083008055236476,-0.12018239432810651,0,0,-1.2461442826493914,45.17956830778132,0
0.422369548135858,-0.888185027383413,0,0,0.6800941021772217,4.973885614554013,1
-1.1478578805632367,-1.6062044836797411,1,0,1.1963466928331334,3.0831553664015297,0
1.4377666268474838,0.5703802271721488,0,0,-0.7970889989560733,7.0504157551502376,0
1.2036648018713438,-0.3407085582962557,1,0,-0.6353295168482175,12.353309034639572,1
0.12142051939300928,1.2348375537234322,1,0,-0.1448990088799996,18.789059118524023,0
-0.03580901778634428,0.6654690675067487,0,0,-0.751188258323186,21.836026552900847,0
0.13863323906959657,-0.9631396266556531,0,1,-1.8138368700054825,9.531505589290704,1
-0.5486335564369629,-0.20513062905665666,1,1,0.7920041169658769,13.785562557517768,0
3.3900098828124907,1.0728010907346257,0,1,0.9058727347323787,5.66805329921738,0
-0.8940818194610689,0.6440303099706676,0,0,-1.7129548974688353,0.23183064263608338,1
0.045880544904120774,-1.2367444403364343,0,1,0.7770623864586995,2.607916562577485,1
1.7047347979932415,2.3023731594917254,0,1,-0.4516918772484822,4.7513171706666455,1
-1.7900095011115325,-1.1032857968614187,0,0,0.5170821660060024,7.402110731581578,0
-0.5112175738645931,-0.508733677374718,1,1,-0.8555344873199853,5.292406334437458,0
0.37649176108922433,-0.48450597382737953,1,1,0.04108183452343003,4.026987455051723,0
0.7992002281404161,0.597947481601813,1,1,0.90692100142128,11.933336374224037,0
0.8996957863853272,2.572908213481571,0,1,0.5004000846334672,9.701453872082546,1
1.144281327086913,0.944590852847311,1,1,-0.777577294857293,42.18508489186654,0
-0.1162323571942953,-1.3678046642410937,0,0,1.1701197755808546,24.197574894654018,0
0.3992444697151574,0.19145481408366535,0,0,0.3161729736021215,1.727791069773058,1
0.7114017205492059,0.7807168845694492,0,0,-1.5733158339225277,53.795176522590026,0
-0.30355939526723374,-0.7019060019782649,0,0,0.94156728503401,11.494445585750015,1
0.7126507927043504,1.4021791159683636,0,1,0.7257163521527679,21.726880203768786,1
-1.034157578517237,-1.7074366003245873,1,1,-0.11948102247355728,28.986409556613012,0
0.19804087436496612,-0.1855075922083566,1,1,-0.5325646055616935,18.993092333252367,0
-0.38296410917433626,0.5028990205111161,1,0,0.5121178039758055,23.818415261598172,1
-1.5624619392438832,-1.16626842920838,1,1,1.3638861036716066,48.561704569152425,0
0.045181627640472254,-0.2424013806145642,1,1,0.9403169825302647,26.969534512353686,1
-0.21613434968068249,-0.20584226857901589,0,0,0.7090271927701824,1.4832360546095549,0
-1.6372822373541165,-1.5749368314108327,0,0,0.4862799143883564,13.781903973340766,0
0.49673949963626557,1.003975619421134,1,0,-0.02680304003875529,18.664206913131085,0
-0.8095589621284872,0.5883649576394461,1,0,1.6064432915025704,65.16913922617887,0
0.2764755942997152,-0.19901080972229132,0,0,-0.021458542610642624,11.792093498421561,0
-0.8899291314915759,-0.1899652734754726,0,0,1.9405555923777327,27.151943028067603,1
-0.6825828316782602,0.8650404345514724,1,1,1.5057436365925634,5.969159542421116,1
-0.22354448611360542,-0.06471396045121176,0,1,-0.9127241152567397,2.151069669372143,1
0.8104155149547951,0.6803455783593864,1,1,-0.9016689072212932,1.6844669414475617,0
-0.9045599021117887,0.3735115337357757,0,1,-0.49639230218589614,15.512248136353744,0
-0.2766562977101549,-1.3094284929618762,1,1,0.229630797846209,0.7781780209809426,0
-1.1629676952806,-0.4906114813375321,0,0,-0.9283505564837147,18.493864400414658,0
-0.20992102397581847,-0.04882959734838925,0,0,-0.08188943106656438,0.08958576132029179,1
0.20692618359987075,-0.26113743163492953,0,0,-1.4174210678628465,11.598432830329912,0
-0.998801548223835,-0.9514057706229151,1,1,0.5664088827740208,1.2487092623523073,0
-1.7369111026781243,-0.6965565869080099,0,0,-1.4719015189316036,7.05348576368841,0
-0.6557136146219427,-0.5844835890934116,0,1,-0.6154229051717335,18.162129780466262,0
-1.8804411113822,-1.2813520460971364,0,1,-0.050176783601732534,11.18659449949803,1
0.46400652016477717,0.5020239939562524,0,0,0.47706199643042313,2.756107995883493,0
0.2644237887434246,0.8418327068005894,1,1,-1.1618982638318645,20.076994132518312,0
-1.1350713933949583,-1.0516461803357915,0,1,-1.217641862166112,28.76886042326968,0
-2.5499928060605557,-2.1920251752971076,0,1,0.9063687266995492,7.949323711636328,0
1.1290485301849182,-0.623867504773636,0,0,-0.2973174538138993,9.763875309176541,0
-1.2732227071500153,-0.7645327796399503,1,1,0.3949909410882161,0.4698128859931391,0
-1.322600359890899,-0.10834291675431473,1,1,-0.3566098864388906,13.36754872337789,0
-0.4557499684329106,-0.3006393535555586,1,0,-0.554124592796576,20.247029812202726,1
-0.6524983163444915,0.10524102466161078,0,1,1.608276955767274,14.849443929477522,1
0.053068966063794146,0.17711825045408783,0,0,0.760428533803999,9.93298926717929,1
0.09874679786860174,1.0355168688226921,1,1,-4.932954251980016e-4,10.276343436947165,0
-0.6664939025137446,-0.7038523544633216,1,1,-0.9850273427338284,24.961582186421378,0
-0.9916213322900121,-0.5698032040588304,1,1,-2.2315450104617183,3.501464654134162,0
-0.7423833497952131,0.01884273012441312,0,0,-0.30114856028086784,3.333248649310306,1
-1.1252531586526515,0.7228200198843112,0,1,-0.16526082002315984,0.05850739385742262,1
0.9299748071653754,0.3635953816137133,0,0,0.7928825897739665,9.5002752689206,1
-1.0861270340332916,-0.4747531484031725,1,0,0.3585413325330325,9.712991880030014,0
-0.7782537733314341,0.25675098421225073,1,1,-0.021271417404024138,17.433771898727162,1
-1.190392963346844,1.3243748220081577,1,0,-1.9210351555767915,4.80910122542412,1
1.1032862730743203,1.387450912029668,1,1,0.5504035678997988,2.6980870939129566,1
0.2038230302131639,0.5294028978818326,0,0,0.5963253023844377,5.184736024217815,1
-0.5014422654655325,-0.43049613420738253,1,1,-0.847312163467665,5.819106620150298,1
0.16089007165093772,-0.20995163578302928,1,1,1.1185757025267145,41.825321957222286,0
1.359441121548732,0.2104970217630931,1,1,-1.4087323769185012,7.296451502281841,0
-0.4448143131328992,-0.6583235048671523,0,1,0.07533679694974858,43.40044970463556,1
1.2568974836043136,-0.31407889956971025,0,0,-0.05326762211412175,13.568957017465781,0
-0.38230976490732266,-1.1322021975989502,1,0,0.09012933925123076,9.535142251051134,0
2.1074186002591495,2.3592148812470546,0,1,1.5511491827327577,6.446535806906871,0
-0.7298324396246915,-0.31340119464934907,0,0,1.8136626676581862,1.0384498146078531,0
1.4719273699161588,1.6726301076670342,0,1,-0.6809831866146254,5.686153859563701,1
0.04198025396197776,1.3885322028599651,0,1,0.3300524904625048,8.851773009154536,0
1.0820781566293736,1.3842071259183162,1,1,0.46271446552124973,3.517498262226581,1
-0.19263652853920452,0.7023533349193264,1,0,0.7850059401017748,3.3001601336430397,0
0.4223088852296163,-0.1026151338422071,0,0,0.16330361820278658,7.886399360352041,1
0.6594024538265488,0.4632936566183864,0,0,0.03934524938890119,5.779757962695189,0
-1.0550183038781793,-0.24633995461000607,1,1,1.0415080264042,2.6080694866261642,1
0.6640939038646074,0.06675235956464942,1,0,-0.23322275498680806,28.52262075484876,0
0.8392894852131069,2.085221349264618,1,0,0.7736127898362343,18.36501031270612,1
-0.014395828159982296,0.3787476617765263,0,0,-0.40123839115532045,71.3886413682681,0
0.4454689375450498,-0.6897868355726363,0,0,-1.8442452684350528,26.52391521574586,0
0.04050863362114734,-1.313225028913498,0,1,-0.30119672875825837,47.74304017710774,0
-0.2679559392764419,-0.38166648421606675,0,1,-0.8231452478149929,2.2724911958899736,1
-0.5563049266746871,-0.9983696734320547,0,1,-1.7642484192111296,17.793168284246462,0
0.5650893900783959,-0.7665535138184538,0,0,0.785187020584865,49.85357217362443,0
-1.7910036401945184,-2.232269808034318,0,1,-2.2358565509293995,17.593188379515325,0
0.34860494550166105,0.3305135035288811,1,1,-0.4015853384778847,0.5998652807118796,0
-0.8992029544389817,-0.7212155552945717,1,1,0.050867084233738064,1.535639094915169,0
1.0235930447745272,1.1153572485972498,0,0,0.4741340481998652,9.505783011479748,1
-0.48767096646323954,-0.40632134623416194,1,0,-0.11066351805710008,7.0290442315221515,1
-0.022217193854166185,-0.9432479302553918,1,1,1.7817411308078008,11.692691188032331,0
0.3167953708276997,-0.1336582109223316,1,0,-1.016255797613318,21.964959792369473,1
-1.244768672749463,-1.0794120119471549,0,0,-0.8420941972738029,7.865090487884945,1
0.6096412437300847,0.01597349915181412,0,0,0.8842192570664414,3.964673731346618,0
-0.6963582874230851,-1.603998406432889,1,1,-1.6342959765464113,31.173532884600085,0
-1.0849313395331408,-0.33075694070733125,1,1,-3.2640554872740783,19.050983218636063,0
-0.4702608566944095,-1.1673845039881212,0,0,-0.3458616218161279,19.7152135540392,1
-0.29251782794004116,0.8639579032520608,1,0,-2.8588826808171075,3.563308518408693,0
-1.717987390417542,-2.3537342857338124,1,1,0.3986754496559447,32.605170720148735,1
0.4467008330400687,0.32905458837651747,0,0,-0.3231226147731275,5.190560114366682,1
-0.26315453817965323,-0.283378589408679,1,1,-0.22094262262574055,11.079580159893826,0
-0.5794973309351449,-0.19939920813777598,1,0,0.19976111090686735,8.880172027520416,1
-1.5196506906462521,-1.2494240850715441,0,0,1.2369735560434805,8.156029417621813,1
-0.3543507394921985,-0.06351088778325913,1,0,-1.3941108661686468,14.899477620722246,1
-0.4020873874802109,0.18234526554403907,1,0,-1.1512425444307854,15.843734512520092,1
1.2103051068225563,0.30235108087317947,1,0,0.1650776808660511,7.431305878396545,1
0.01668939641751577,0.27113820074905937,0,1,1.4880833885188385,35.121567711107986,0
0.7656483551272864,0.29081534036985734,1,0,-0.6826126991022358,13.123014159716348,1
-0.6839786696267348,0.6336535897214819,1,0,-0.21493313086868895,2.1148934550439527,1
-0.6395313181131824,-0.2994088367189951,1,1,1.3445659568743242,6.128484634934244,1
-0.11028240298070185,0.97038536102714,1,0,1.4988207903017627,14.130628342454642,0
2.124442857024456,1.160171177217714,1,0,-0.8601394152687122,19.772010962440934,0
0.7760577174405326,-0.09800579747442834,0,0,0.8633866921409448,2.1546236940562493,0
-1.340438075783524,-0.7082549202014388,1,0,1.4253139731890108,8.391274577977574,1
-0.934395535860019,-1.412910914594811,0,0,2.035414888138532,48.51682927633299,0
0.5764007479725026,-0.15635889830509592,0,0,-0.24533662714758503,18.62422742846528,0
-1.4821499330992405,-0.3617364658798156,1,0,0.30000763388949353,32.073931540626695,0
-0.11309847965041993,0.5065300817962854,1,0,0.9082368203089088,5.177128637518776,0
1.158277493633983,0.7317291743320276,0,0,-0.9806157469613096,4.997111220473718,1
0.1914102614469947,-0.04169055848643757,1,1,1.5903364644320932,17.69097529011712,1
0.19294126511454765,-1.2321388235637418,1,0,-1.6832047567018324,24.777039521530103,0
-1.3599375478648175,-2.0610792576980295,1,1,1.8043928181627034,9.614849457711442,1
0.6278644698762137,0.8347573326933849,0,1,-0.05063938990820779,1.618193496651516,0
-0.9816164302587137,-1.8527302422074774,0,0,-0.5703232883688312,12.487348278761484,0
0.7550656558631323,0.49250383996243297,1,1,0.12450351446369547,15.76439274676909,0
-1.2845488450952274,-0.4298462243429153,0,0,1.142409563958366,5.626214162939188,1
0.3300231237773043,0.8106166238948093,0,1,1.110570162167077,36.02631281796294,0
2.4350734475703817,1.2985538684672355,1,0,0.01761029701678692,18.337150458565496,1
-0.6310237932131484,-0.32429216369369684,1,1,1.3327211101138656,30.544269883357114,0
1.9460927186723505,0.8412671920703985,0,0,-0.6097600650165611,6.904091296391724,1
1.5614903089638357,-0.4233900428307361,1,0,1.6721398418971787,57.59028483060778,0
1.2071097462931695,1.3621298514984117,1,1,-0.9254217797682959,3.7074068194420637,1
0.6711113898938093,-0.34758828955223053,1,1,0.33882411248433,2.0403899202019633,1
-0.26976960169861575,-1.2774778312649326,0,0,-1.6235293953606709,27.3644493505752,1
-0.6736463467679803,-1.3109774293056717,0,1,0.24187323380977996,13.297847130526446,1
-0.5918462613267245,-0.5448787957732254,0,0,1.8844767371389917,7.539348627400687,1
-1.337394287158545,-1.481627070010893,1,1,-0.7834628935261105,0.2881222485311401,0
0.11866097422692448,-0.8290622695383795,1,0,0.2501561323029198,0.9492359800141981,0
-0.31408889045385935,0.34273731964779697,1,1,0.9948141764489354,8.261184186520033,1
-0.48387074272693786,-0.7830667214293763,1,0,-1.4302699402281858,11.375477451212618,0
-0.003437542916736319,-0.6585890439011274,1,1,0.14333324660470972,29.694722688163438,0
-1.8004486110327818,-0.7496404404555065,1,0,0.8191922461074235,7.302280107304511,0
0.4517601210651935,-0.5197146053424995,1,0,-0.2765230209450027,29.518121043634483,1
-0.11031815015385746,-0.571622925146326,1,0,-0.22805734895364466,4.5192591172213135,0
2.292898723839834,0.339406455451259,1,0,-0.4462903825466069,2.4085944870419813,0
-1.149927121571385,-1.5824444202197525,0,0,-0.9042277357171054,55.043363803810145,0
1.2292048274121399,-0.8843211103301443,0,0,-1.4703104113336107,23.928981877656522,0
-0.4748174668645745,0.38582779955088337,1,0,-0.31348492751936413,6.298629108904493,0
1.3536218575953383,1.0679031867157338,1,1,-0.38583933205571463,0.4169946536988895,0
0.45169181572065176,-0.8004559483367859,0,0,-0.6061073053881633,2.5121516792614256,1
2.3580317274285307,-0.35695834526172154,1,1,1.2229478850320954,40.00379124846515,0
-1.0512796878238095,-0.7618538173042251,1,1,-1.812952387420729,10.841109935539453,1
0.6895852014271433,1.9635048916476423,1,0,0.19236177211881159,0.7633601304532017,1
0.2535037104247923,-1.1988772975100301,1,1,-1.895477264028947,6.211412598962725,0
-0.5638460229462046,-0.5567346136013733,1,1,-0.6667853053726671,27.806243379362765,0
0.20034224260231226,-0.42042849884334854,0,1,0.7982087013205649,14.43323781668703,1
-1.1993875079303158,-0.93852492294705,0,0,-1.82199129553622,39.86173787470307,0
0.09682857012879262,-1.7583262756132556,1,0,-1.7833459401163414,13.104476838929926,1
0.5126711935680283,-0.17584899756266065,1,1,1.6831363211622627,27.663853291137805,1
-1.039042027586426,0.4535473398526221,1,0,0.019977850231738353,4.141451575178437,1
-0.105802355409523,0.2619278111344056,0,0,1.125064627453564,6.950445397681481,1
-0.44086485595860997,-0.569307905776221,1,1,0.6510525197898972,30.609749824085295,1
-0.969570552189159,-0.6449202470655495,0,1,-2.14002127247139,49.242456998530045,0
-0.6645895783108231,-0.5967128727096921,1,1,1.6097243963166665,3.5982480197138074,0
0.0629039208764693,-1.0759424952676486,1,1,-1.1463424778488416,10.314709237240915,0
-1.9600534104796992,0.3361501372544432,1,0,-0.9146106798500288,1.2429991222802965,0
-0.31307696955470676,0.6395774591531498,0,0,0.4151478338934161,36.89957919105876,0
0.32467487223736113,0.9277975208804979,1,0,1.055953887742994,7.507104155136466,1
1.2898917615399603,1.4955924723100926,0,1,-0.06780886246473071,4.821880552670141,0
0.20495239994011036,0.1635460009921184,0,0,0.9570869216118915,17.707868906286233,0
-0.5809645102310154,-1.6953689976160282,0,1,0.10551105094299291,4.90107069252253,0
-1.5095022087438754,-1.7861942473339067,1,1,0.26739918443763094,15.027924353689993,0
0.47063017477667185,0.6881617033448012,1,1,1.163964666423995,8.269670476928411,1
-0.14203080098275486,-0.1836875002859688,1,1,-0.24739943828880026,33.58787044723346,0
-0.19768393997783987,-0.12747988559132084,1,0,-0.4632522438669577,3.9501426274093014,1
-1.406424083052381,-1.3906494473924154,1,1,0.07324332529703223,18.628514230218048,1
-1.0302692744222202,-2.3286112248841295,1,1,1.9288604263740112,3.7152486993539284,0
-2.2461020635820135,-0.8425070045433649,0,0,-0.5081092611282241,2.128686092496133,0
0.4040288438958099,-0.565980814799473,1,0,2.3355140553082476,32.833584469207686,0
-0.5763668098247609,-0.04299444920263587,1,0,0.7826797669449249,5.0316599643483295,1
-0.5173724004227793,-2.327370814002711,1,0,0.21741973507211135,5.3034324187832516,1
-1.0077708581400266,-0.04473788614583729,1,0,2.5926599661022665,1.9772795012632849,1
0.01881723225929305,0.2069328399969043,0,1,1.5467243301546134,1.2027057635321101,0
0.5891390984901482,0.6316734689245354,1,1,-0.612332216615353,4.227310215737075,1
0.6199067256141757,1.1777338410871703,1,1,0.2585387715976346,2.577557652605246,1
-0.02051765053607536,-1.2200390647151154,1,1,-0.392037111323867,0.06564270748134746,1
3.2065368855668e-4,0.6556990288766539,1,1,-0.024438080899649803,10.058289469295255,0
-1.6353861120648423,-0.13313581296343824,1,1,-0.759309232165749,4.7587617444284405,0
-1.2299836718333113,0.5544545715795822,1,1,-0.5236276064075855,5.332996293859247,0
0.058218509546468136,-2.1198219971283088,1,1,1.0102819232326379,3.3361586192599826,0
1.5454024989614359,1.2259240358344043,1,0,0.7787721760775773,25.1680165233474,0
0.7799825292813474,1.258682247310157,1,0,0.4867890115174427,23.470785876305648,1
-0.63296376367251,-0.6274694841671749,1,0,-0.11407745004227063,9.490257270011261,1
0.3073628577592424,0.7442935500178812,1,0,-0.9832519622918087,0.9320701677424106,1
-1.4460680484175268,-0.20590848628322012,1,1,1.2966864359100965,10.821686394181835,1
0.02484836595641422,-0.4879957950654984,0,0,-0.4673987187596698,3.4408072930702684,1
-0.9090274717522517,0.07805109085629802,0,0,-0.7941623613144766,5.998250751479252,0
-0.6640033446424732,-0.9624987428040681,1,0,-0.3920691826958091,26.566340123358845,0
0.790284333189761,0.11721709645291417,1,0,0.5006273808774085,10.144691059881772,1
0.7009227346750351,-1.1385605542250867,0,0,0.1555300397458512,39.381641447072795,1
-0.26070089150363274,-0.24799552616182313,1,1,0.7856080609570991,26.046793734469475,0
-0.08511602371408397,-1.3222561475244914,0,1,0.10127487926543631,3.5045361847519643,1
0.02803629669167479,-0.4928026481146993,0,0,-0.49162590052164623,25.044597493946558,1
-0.16463881325833443,0.5723942166266712,0,0,-0.15227712762136195,2.9009328813482664,1
-1.2655600059378538,-0.209968966063591,1,1,-0.32643217095722077,0.026629932877875524,1
0.08223515812759298,-0.12822582815264288,1,1,-0.20506720189106856,0.5737574623617195,1
-1.2928203557657432,-0.7174346854496102,0,0,0.08358401738242321,34.0549382059275,0
0.5958031792869849,0.6712960448290519,1,0,1.234263844424503,6.660374589839726,1
2.26073291305779,2.475763547134286,1,1,0.7169676522671946,5.101052168612889,0
-1.5789913410924015,2.3273211710117536e-4,0,0,0.3098184638137952,31.816491488773394,0
-0.05860544954052861,-0.02041289673850483,1,1,-0.8341376299832569,32.27738393703989,1
0.903527579437824,0.7887014553461864,1,1,-0.3889134635403112,15.37492052790189,0
0.09731908519073082,0.5103384421451448,1,1,0.42265634995009094,10.30108906709837,0
0.32529949565712496,0.8304067989784326,1,1,-1.2945463562248862,15.936769853509533,0
0.6325949157602274,-0.05581884088404948,0,1,0.015702057707536764,13.029130093005403,0
-0.43490008891715937,-0.33858209660442573,1,1,-0.7021932249111486,21.068009252219362,0
-0.21658998614434016,-0.3842226831729487,0,0,0.6607340132665731,6.581013968293501,1
-0.10663079336666478,-0.38263260426818607,1,1,-0.07853112121937915,9.643673115751357,0
0.7855508268458794,0.8353464104495549,1,0,0.036528412508316954,5.070173342654897,1
-0.5747093678640954,-0.5053141757664606,1,1,-1.3777556355613534,24.964872613802612,0
0.05020565294576733,-0.8055653712555182,1,1,-0.21659486860391167,2.5317741964285667,1
1.5669939662561343,-0.04776244912293781,1,1,-0.34322736757172406,28.649274272567062,1
-1.1440946104624898,0.20638219052667828,1,1,-0.28507966944647417,0.5053365468066516,1
0.2804297813532444,0.31031941524952067,1,0,0.7563708610135189,5.782837441116891,0
-0.7770199358008517,-1.1910023839194126,1,1,0.8136788093928269,9.624774650487199,0
0.47777578759008515,0.36520756759619755,0,1,-1.3774571909945226,2.5223874357308325,1
-0.37199020345598166,0.25926663740872363,1,0,-0.27955265853633865,5.904151995137736,0
-0.8276761590619323,-1.1674062181431164,0,0,0.7694435128708597,14.116886146562443,0
-0.04637114277074618,0.47679074448270997,0,1,-0.4409377335366642,34.60421016134784,0
-1.2637411891188657,-2.677951178840143,0,1,-0.6808016457607008,45.66641868211995,0
1.0160910541167207,0.25881317086942524,1,0,2.448185895109042,9.625814696815606,1
0.20574828469233972,1.8279650117841253,1,0,-0.7707180884185495,5.960535980818584,1
-0.30790434381867837,-0.24831149867313934,1,1,0.48975525187008284,35.350457098309604,1
-0.940417670043141,0.004789538551049521,0,0,1.174514510984377,0.8624290479311151,0
-0.2681330246937534,0.5451498187171778,1,1,0.16285143598805205,22.680956984573353,0
0.42714883558170713,-0.49934419335249586,0,0,0.6580489867757398,29.259405410071604,0
0.5286856304378894,-1.184914213850477,1,0,-0.005640034932983691,5.508076960936906,1
-0.09677359878419382,0.3707671961438084,1,1,1.021909662165575,13.515966742218463,0
-1.6177391986867458,-1.1927161595683375,0,0,1.4256001648919436,45.59797270548344,0
-0.5908773158736818,0.6942825398247571,1,1,0.014047187394886806,3.655954366585808,0
0.5786600579181367,-0.4147547127272331,0,0,-2.229976214494166,49.63189589774241,0
0.2673567640835557,1.146091549406922,1,1,0.7027753460561597,0.030594746650531024,0
0.5592865333818586,-0.19448399798650717,1,1,-0.2110849797689258,4.172546314399215,0
-1.4613940522467845,0.25919097870622143,1,0,-1.0287444849158338,53.28942021708645,0
0.4051954774647297,0.689941344613962,1,1,-3.389360438022021,10.15539318826553,1
0.7661302790441874,1.3453963639588602,1,1,0.44257680198702554,5.386534891303441,1
-0.8678773849389474,0.25870617805192053,0,1,0.40179209552782313,29.995939742227726,1
-0.1315365009514616,-0.25872464868121786,0,0,-1.0572544136715827,8.397798960071963,1
-0.8906121052989928,-0.5701877641189358,1,1,1.3921262571661053,6.855492629326563,0
0.09047860114610244,-0.6357975225121411,0,0,-0.9734824345311026,4.679874623100845,0
1.0740397217758095,0.9867949007576866,1,0,0.46559147279303686,23.573829978612633,0
-0.15994094160431047,1.0184267279788328,0,0,-2.0048199158342235,18.821410280218917,0
0.12467009598903293,0.9593303822191516,1,1,-0.6225279171692748,5.471999945773466,0
-0.3975606353212838,-2.06327068543032,1,1,0.2336209167275209,20.724493635431685,0
-0.8686465638574371,0.058813019938303734,0,1,1.1994120708940386,3.129463134024249,0
-0.22268853735121416,-1.1251242110509432,0,0,0.6692603477705745,0.0417897364819346,1
0.4528935106287967,0.6482027656531983,0,0,-0.25839128751610085,11.272954288870096,1
-0.3539730040481911,-1.0138094733654435,0,1,-0.7093882039171893,24.341272484430732,0
1.7556384847036,1.2289813802649583,0,0,2.439579525701857,12.286399917238352,0
0.00443813632803763,0.3302238990716155,1,0,0.36219867556828833,0.17612321321196453,1
0.764678517789122,0.5444570677373934,0,0,-0.33525807148406195,1.5881510213928811,1
0.7326410613774071,-0.14997702529760254,1,1,1.6318813280421294,1.969240663364587,0
-0.6167850695259938,-0.5660664497115805,0,0,-0.7356825907764681,9.588496426918676,1
2.246611762707467,1.1606021635159511,0,1,-0.4192387191134528,6.9453593336304635,1
0.594322233788763,0.7249367904496747,0,1,-1.740774666011452,0.11058334570421215,1
-1.7803160380514367,-1.2151946414809855,1,1,-0.09702490488815237,0.6855929514903819,1
-0.43287707054167646,-0.4475313459750244,0,1,-1.2259989272473681,23.888681823849684,0
0.3585296359994377,0.6229660059469235,1,1,0.4274085604778617,20.058176670002204,1
-0.8540723811762314,-0.18019822136816582,0,0,0.8796675169349296,13.521801334314828,0
0.01157564706417925,0.03447848577993804,1,1,-1.307659670906336,1.812170009743638,1
-0.08848995153021738,-0.9665369818375528,0,1,1.6009636248820054,2.881021905687614,0
-0.3310100850041009,-0.8931778156561097,1,0,-0.6677738270532563,39.06294915475947,1
-0.2811644782007611,-1.0955175900617544,0,1,-0.8077454562420252,6.5396327172984945,0
0.66313147883056,0.5016682455002097,1,0,-0.010246903253505904,8.80808397555371,1
0.40574688757794697,0.8563962022212925,1,1,-1.195777639512619,42.10864635056491,0
0.22254946119199,0.54824185279282045,1,0,-1.37172216845746,16.500315096321145,1
0.528016766251394,-0.1998993619264936,1,1,-1.8530164579865303,11.838259846043977,1
0.019939059254869617,-1.5845673817338994,0,0,0.46735103274920614,19.713097186415588,0
1.6988848455590966,0.1120153134699804,0,0,0.2850492191415575,6.659317997187145,0
-1.2326503554810342,-0.7730175204234709,1,0,0.07317976032884249,0.5144964270725213,1
-0.3992123973007221,0.8498664127174715,0,0,-0.10056423172836575,46.875730521241216,1
0.2974912822555776,0.1812314933247412,1,1,0.004836032142792243,10.0846284403534,1
-0.9258410376692172,-0.7588570883204715,0,0,-0.3915557071949741,23.06096807659616,1
0.4713294211507724,0.020475015004608882,0,0,-1.6932007980764379,0.6657815992218441,1
0.6946353556211191,-0.598194948748918,1,0,0.6346059957409771,4.619811274988655,1
0.1217541357447632,0.05785342873447495,1,1,-1.7422536455807713,17.362644104976116,0
0.5828591212310896,-0.4172212217635546,1,1,0.4658543182257844,0.4593751903280616,1
0.20887817864952973,0.9059517542256939,1,1,-0.3086449395098326,17.431925064112825,0
-0.6541268194024463,0.06041421848593043,0,1,-0.04446643581666151,23.933344728376188,1
-0.09212174091484548,-0.9918791352770233,1,0,2.1801762383288397,4.9968579758112375,0
0.9026679339051201,-0.09037617480577137,1,1,0.18757700350029774,13.440665311806248,0
0.8335999707727338,0.05900322829723348,0,0,2.319043267603366,0.8342908248695231,0
-1.753773198874383,-1.3112041104750913,1,1,-0.9854199988841281,15.075723567892918,0
1.7987589540557625,0.6390501774224209,0,1,1.0485439396397194,3.319578635276783,0
0.9381070507869048,0.15472898273110675,1,1,-1.1324381723449888,13.897056492343502,1
-0.6498381647284498,-0.5991924764581609,0,1,0.1909518596175327,14.985891256227845,0
-0.5469397002795504,-1.3841137093136717,1,1,-1.1999911447830018,2.8057738460589023,0
0.2117557542453893,0.8257328620656472,0,0,1.220065909013088,6.620995963300553,1
1.609081596106542,1.4688359516141087,1,0,0.05370307713871016,0.4810744331984216,1
-1.814753344567099,-1.1957223507447279,1,0,-0.9836564307644141,0.4483077936586077,0
0.18826748354822814,0.5141721368943586,0,1,-0.10988479258161034,15.653712731697848,0
-0.1154958907219255,0.4004913490708031,1,0,1.0497314003279166,10.371940303953457,1
-2.1477150693850118,-1.1710951455235303,0,0,1.2644530312525557,15.437153215747212,1
-0.9378130834959918,-0.5854866865156585,0,0,-0.953838803738586,6.060973821550219,1
1.1872228235928928,0.3368341183385297,0,0,-0.11458618854146195,5.711234564817435,1
0.9450308599093779,1.237645014587871,0,0,-0.754625737466105,16.894871098505256,0
0.4336666251127401,-0.566586819868263,1,0,0.29621875523790636,20.9237141598493,0
-0.14225064912932003,-0.24175983864857548,1,1,-0.4798587754423513,21.29422485472529,0
-0.43699096475084986,-0.93276875045311,1,1,-2.8219272137131406,7.697974482702242,0
1.461785425568226,0.3301809546476033,0,0,-1.5482472802010645,6.866858117857724,0
-0.4807257541825093,-0.7341205748744941,1,0,-0.34945411790850783,14.751585508390708,0
0.44722195503808543,0.3330740402791436,0,1,0.8455570104526883,15.447787347343944,1
2.240451203266506,1.1589875275042862,1,1,0.577107116472977,23.5956526824351,0
-0.29693598802985344,0.8039597422607322,0,0,-0.8406465782773224,9.819054238958477,1
0.7609504039715829,0.5735805934461234,1,1,-0.9486143845794841,28.368225427426893,0
0.43504718154536837,-0.30442605803690476,1,1,0.44531966196255135,0.18000612610728123,1
-0.6185604301002767,-1.1247592586686088,1,1,-0.743101568012317,14.536875932166247,0
0.5779304986860859,-0.5374347088478149,1,1,-1.6832992190045317,11.75577546430313,0
-0.6257547365247267,0.6008826897431497,1,1,1.1106650217517235,5.945427609341484,0
0.7874642797724203,0.2463677803896035,0,0,-1.6848799850892386,3.9617050057960292,1
0.41219534418766546,0.9024929722114765,1,1,0.0560379549467765,3.0368905780570845,0
-0.871453728998488,-0.6915521188573894,1,1,-0.7622609527293238,17.669623749217244,0
0.037607264360779415,-0.8055386231165305,0,0,-0.7714024744799629,37.594636087931264,0
1.3439546064442043,1.2208233885070516,1,1,0.5336342178621817,21.91164852925346,1
0.11236289492652973,0.8412751620460959,1,0,-1.1270835246889979,3.766775774880956,0
-0.0162392053505589,1.092527128315934,0,0,0.8007087100060318,20.06866055743713,0
-0.18546375536270404,-1.0519533985925107,1,0,-0.14756542983252158,28.658753908730755,0
-0.4907217754834513,0.2047724298607882,0,0,0.2196608432243957,17.384604611216368,0
0.6452978994429002,0.5316396329041597,0,0,1.8202314994061297,12.99925020834769,0
2.348165385380708,1.2975175248969286,1,0,-0.7008321163676603,10.787830148683321,1
1.59574999699851,0.8459121549185088,0,0,0.9788243989774784,3.2187863271036203,1
-0.032070805103771464,0.7000457283442263,0,0,1.5480266745296654,4.319974570085643,1
0.5787717025965032,0.693585974296643,1,1,0.10838542954544435,6.158464331122324,0
0.8389208283744558,0.7329578917356454,1,0,1.676992691779543,5.85250521409523,1
-0.21460952622706087,0.44604968195641825,0,0,-1.0542380481973976,11.936896462640707,1
-1.6883682413981729,-1.162799869707256,0,0,-2.1688422095607094,14.369719930085129,0
0.5111559584395523,0.597356264243326,0,0,-0.4755689386672506,12.662329128493903,0
-0.14755909372176293,0.13784441726853053,0,0,0.09058024538419744,18.24882293118036,0
2.153897306629359,0.5690580108549445,0,1,-2.3152494697980686,4.612598325481861,1
-0.2689653494551844,0.8521100513206774,1,0,1.4055169751331924,9.18372771540894,0
-2.221181740404055,-0.2121123668158872,0,1,-0.03868318517619115,23.20376943902758,0
-0.2949112133535305,-0.3974552635449594,0,0,-1.2122145357604155,22.431963902867444,1
0.756942400841914,-0.09780494939775702,1,1,0.62602029878916,7.543460093798209,1
-1.5651943984309944,-1.0229965788937674,1,1,-0.7616627176076809,8.429139824825468,0
-0.46812873151650686,-1.4980764614368258,0,0,0.027433075744250156,11.091194552473695,1
0.9382868895557466,0.11799719172661904,1,0,-1.141846623579503,6.289933133927896,1
1.47442609973802,0.40149267002637523,1,0,-0.31925775985171817,13.05423692249941,1
-0.08373460024283239,1.0496543294058682,0,1,-0.7878391431060495,10.101940720180286,1
0.47204481408650784,0.6873967568787036,0,0,0.8137645123284568,10.422496997093257,1
-2.368572065125616,-0.6061340717436564,1,1,0.5447193227963096,19.375194470677116,0
0.7928061984470561,0.47601866138272353,0,0,0.45077815557294354,11.179916186776374,0
-1.7079269644933373,-1.4079081854734348,0,0,-0.34899485716962286,4.35340230941136,1
0.014711774431866286,0.19615857087072078,0,1,-0.7404503692650546,4.7497096126287826,0
1.8406497180631434,-0.8138365806646263,0,0,0.02433326120720532,17.124628467558896,0
-0.2863318208297604,-0.008678298632015025,1,1,0.12298172947871956,8.187861097293355,0
-1.9794655712329086,-1.159268116187663,0,1,1.8048554381901911,1.0556617884763648,0
0.2041337939408916,0.31595438900404627,0,0,2.6003847936248845,40.14405932278661,0
-1.1368589986905,-0.9176401887619016,1,0,-0.49349554308025095,25.209475102882823,0
-0.18096264408612134,0.31116546897643405,1,1,2.126701650027102,9.947419301408942,1
0.13894228505393239,0.5816320449855488,0,0,0.9245162359057295,5.5066836030585655,1
-0.16900806058965315,-0.5128155694949792,0,1,0.07130331649962088,14.258024954364569,1
-1.1697436762320041,-1.8878809824271683,1,1,0.845103689572934,3.0548143761938316,1
-0.1768129895115633,0.49325292928776576,1,1,-1.0223534030162094,23.687598495035395,0
0.98937427776965,0.18538378393956928,1,0,-0.7534828133975218,9.215986329170383,0
0.4135924867613977,-0.8711981428427618,1,0,0.6623805803697553,1.8839637072879143,1
-0.5458161458830171,0.08516761930595701,0,1,-0.08691431995375161,0.18720348648261623,1
-1.8898779231752254,-0.7833748518744414,0,0,-0.2882188359375516,29.40377623615779,1
1.4813147036191667,-0.5685383929397734,0,1,-1.1376751208094829,50.75317699377096,0
1.5220787701110718,1.197221831564276,0,0,-0.62626393933964275,17.050318940519137,1
-1.659789764205173,-0.3803814204792597,0,0,-0.2582199673522167,4.361901094266806,1
0.09178288861963566,0.3935330282825198,1,1,-0.6536606745263527,7.287394345295705,0
-0.31859685574570157,-0.32871048326594027,1,0,-0.16348970763411758,11.672907532282663,0
-0.8671816594196206,-0.7231492514195754,0,0,0.06809210932085887,18.623807847868292,1
-0.8489165671213558,0.14174208297481422,1,1,-0.8185826583924346,3.818328578643587,1
0.8445454236958124,0.3330654584908553,0,1,0.442194603731657,2.15379604432558,1
0.4807243580096864,0.7969999700768207,0,0,-0.18686059039064457,9.03366641483079,0
-0.7613263944532751,-0.20043472522604802,0,1,1.0575530845896248,14.135305735905265,1
-1.3805141031492998,-1.319266624933391,1,1,1.2032455984479276,3.8142927275980743,0
1.4052081304009243,0.529229121596922,1,1,1.0263652488218553,2.124156987143892,1
-0.7460308248426742,-0.45781507068779814,0,1,0.15975657891770564,55.77569719237803,0
2.0493024167467304,1.5561161970589477,1,0,0.5550458206488342,10.370437036049067,0
-0.03542040604519309,0.44395163843576757,1,1,0.029956905883332444,17.252450974809346,0
-2.153279694812644,-0.7306595793232038,1,0,0.5299177511527344,25.877601566945497,0
0.6591747090529709,0.9080388987929296,1,1,-1.1903267625610479,11.118859912063854,0
-0.2953152864187588,-0.8169606512142855,1,1,-1.865073876265018,25.392454536673807,0
-0.42995340338888277,0.07370297240012491,1,0,-0.31874228014121775,1.3064458682183822,1
-0.8297747094978968,-0.9470713948527123,0,0,-0.28225634596235694,8.704327264188793,1
0.5450301638385245,-0.3273674595023716,1,0,0.05819136627546538,9.842519998967532,0
0.11201403203741282,0.18286274215057546,0,1,2.18464693247192,1.7308651534373005,1
-1.0640684249992225,-1.6167596155165738,1,1,-0.22655504703994464,12.891712458264873,1
-0.6645142060999606,0.9454269822651118,1,0,0.7409371718571256,3.903472021178964,1
-0.7752540616887432,-1.3096019761815036,0,1,-0.015221442971756404,3.941552326960568,0
-0.7595639054371814,-0.5941656305133551,1,1,-0.07151075407924892,28.15939802298491,1
0.49254632981895663,-0.6018543820348758,1,1,-0.541344866446545,19.82876761199563,0
-0.6924738124237964,0.21909003988395237,0,1,0.3681861199305125,20.704075432277495,1
-2.904892189476985,-2.2591493676813665,0,1,0.40058755679440844,5.63209575046266,0
-0.42772468445689493,-1.0596453391941805,1,0,-0.09276539246450392,11.523653596682783,1
1.3052328346826005,1.3858021253168156,0,1,0.5473113746309872,34.495150582487064,0
-1.9586525974781508,-1.5949166559751706,1,1,0.32131938882010236,26.219151535745528,0
-0.9337868790602128,-2.6171348951580167,1,0,0.6233760232110122,10.587634944849608,0
1.3315790397448615,1.0699999014861623,0,0,-2.1591732178759644,5.743222348895427,1
0.7625047580071844,0.9151689182836933,1,1,1.1490057923916153,1.867120290176415,0
-1.239525049873232,-0.4581402156956529,1,0,0.15024565872556314,10.528011098288315,0
0.4878648199789588,0.3343885210356333,1,0,0.7024205378782704,17.912435905491755,1
-0.22256401023292507,0.6067379422761591,1,0,-0.7403715335938135,24.988454870039895,0
0.5891340891902498,1.2787167923069482,1,1,0.645177525981577,0.83807399397967,1
-0.30954423676700454,-0.406659362758774,1,1,-0.21746387250936491,7.5668358185234155,1
-0.889733194413943,-1.4354448178260095,0,1,1.5389769987915187,7.794747069751319,0
0.07325578615817707,0.2278265943817862,0,1,-0.40569449190219836,24.176608845787392,0
0.9233329786736393,-0.2228603948840131,0,0,0.22622796398893918,4.428031236008418,1
0.7780577751587088,0.6465792310630923,0,0,1.3198450742878216,17.048442864907297,1
1.6756801092095244,1.0121967380937311,0,1,-0.6707305506235628,27.76910921101681,0
-0.30290126174310505,-0.7084103137872854,0,1,0.6957860003646017,22.890160406010036,0
0.437616250848929,0.5446346543825159,0,1,-0.7594013582154883,2.5346872134270813,0
-0.6093773682524076,1.8064892456713406,1,1,0.9475257743250177,8.023282653260184,1
0.6413285791528591,1.4679511066443867,1,0,-1.4232021145208669,18.20311518340866,1
-1.8482016253497158,-1.7813395557145326,1,1,0.8992792569011209,13.733158286382105,1
1.6298853104689495,1.839276445003362,0,0,-1.2136875753686727,7.783270424814412,0
-1.183419858559403,-0.3132594337620068,1,0,-0.25296333044850544,29.617753129944845,1
0.5733638194287793,0.7593565538682827,0,1,0.9328977468357447,6.687681830729066,1
-0.17500899493291747,-0.6431664912997959,0,1,0.9486616206256521,24.3491739112843,0
-2.134584276175877,-0.8618386087621903,1,1,-0.7206299677007082,20.11874657874803,0
0.47925806366912754,-0.10254262781950027,1,0,0.9488043624881739,7.154906670199742,0
0.8834104738818718,0.5274348778706559,0,1,-0.7969484226813888,3.8228384992215623,1
-2.0181719275314243,-1.4800477474922351,1,0,2.501151617325908,13.655440315104311,1
0.8972059172131794,0.6737695151367449,0,1,1.0023028872889939,17.820916989076263,0
-1.5587001470984918,-0.8016750591704839,1,0,1.4566534885401474,3.3988840212779383,1
0.7979841255533289,0.23608777413279053,0,1,1.024636383164559,4.968009889125824,1
0.15265347380846284,-0.32060099349818916,0,0,1.1256460092528915,5.697074065768811,1
-0.24538230734797753,-0.9075527534803567,1,0,0.4211309865786528,4.435328978858312,1
-0.5053964758515113,0.22886261119283763,1,0,1.482719771072611,10.372826052547376,0
1.4586359604495742,0.9790240148197572,0,0,-0.09607045883097892,30.588468060461715,0
-2.236957400164061,-1.450409084788756,0,0,-0.15488585879455583,41.11707897102925,0
0.9719098600562254,-0.7587076032489197,0,1,-0.5485692560994496,6.694411143275732,1
-0.6986112661815811,0.060260233499582316,0,0,-1.11825542816021,75.46283947941191,0
-1.3979691237380578,-0.5857504322688023,0,0,1.0436240096480207,5.701945305164768,1
1.93957982584771,2.854708039119994,0,1,0.5892654286203752,12.946335138558881,0
0.1096737807466776,0.31746565657195447,1,1,0.15423540364189137,31.718539295383408,1
0.38416307192310883,0.22161941278259378,0,1,-1.3366730299016982,6.9329486422701,0
0.11880910245302503,-0.50682905662586,0,0,-1.9437499894602435,11.081829960152334,0
-1.3451788342977942,-1.4696637640977657,1,1,0.16209638279492955,2.9592427435205555,0
-1.0006696833484539,-0.6663052134347665,0,1,0.9328370445707429,27.901080269220202,0
0.03420008403367932,-0.2410364844611658,1,0,0.07290485848465504,27.36433653933572,1
-0.6360620116551934,-0.564265850853593,1,1,0.5578186215467439,2.474834266906194,0
-0.631356025327266,0.1665172578200545,1,0,-0.4209918086123702,10.218481390426374,1
-0.07269605391524471,1.609105555626787,1,1,0.014964534626060995,20.810448704015798,1
1.8883775592973489,2.3120386691175177,1,1,2.8130418226275826,20.37819454624878,1
0.02548001698905162,1.8774036221159485,1,0,-0.3486311102573918,13.055934015172443,0
0.30937282112832437,-0.26345811256276164,1,1,0.8611338489482012,7.552656688472133,0
-0.049988368117276825,1.1439321438816237,1,1,0.9939737447851466,1.5834738803024568,1
0.3002988584818382,0.9555177097587948,0,0,-1.3584377205812925,23.121598147080444,1
-1.887496055159559,-1.8762048514495304,1,1,0.6702954179047363,3.5282210572748567,0
1.6831480459840749,0.25854555252601075,0,0,2.0487297414215693,19.595401947830613,0
-1.5172817540779795,-0.26778224656762284,1,0,0.4504010498134446,27.68522588568121,1
1.2843924812982621,0.2604211814397877,1,1,-1.8561688816353044,6.066850642518169,0
0.3814843346303746,0.4985769590136264,1,0,-2.8434508145613955,0.5471515810857869,1
2.511996547955407,0.8554271174950998,1,0,-0.22172499795002817,32.92600832659812,1
1.3594869518150299,1.4326986629580156,1,1,0.4990847796648435,3.5911374527630198,0
-0.22219878375656604,0.3290525711419372,1,0,0.47155650253648856,11.959466768579707,0
-0.6570185397441394,-1.3920689484835493,1,1,1.3653611775752617,23.05612189677023,0
-0.20317535684386115,-1.3054449691735814,0,1,-0.4832234660018278,6.711249372745669,0
-1.3381832116353474,-1.2415200516676477,1,1,0.7275070984897729,5.27027727370063,1
-1.1122536534882947,-0.5093419383722406,0,0,0.7717421871837946,23.844215162294255,1
-0.8773120554522086,-1.2049527860290725,1,0,-1.6319947406494644,20.44322583959048,1
-0.8856276597388548,-0.4422735397105449,1,0,1.3356235481432577,3.3459576660381187,0
-0.716083488010705,0.15972198366701484,0,1,0.2945204141847899,44.97850885277964,0
-1.0371637110846543,-1.3478807180776518,1,1,0.8347914923322451,32.47431648236721,0
-0.09303577334473839,0.16819482418355933,1,1,0.4260441719741784,3.419128153203844,0
-0.32433081018288784,-0.3116244322946348,1,1,-0.3820223130401953,0.17750989394010724,0
2.5531598393000325,0.8841789836764403,1,0,-0.3297362898267025,8.623819208513355,0
0.3082376296845139,-1.1659726025123898,0,0,-0.16537318505201515,13.070205059334002,0
-1.0850739214130023,-0.8222064784838466,1,0,-0.8233866590172788,4.977432512207969,1
1.6678469195296761,0.9904095320309148,1,1,-0.640919375464706,1.8513643058564593,1
-0.28941480442189627,0.3176583222365741,1,0,-1.34966319065306,19.861156170427112,0
-0.5846703099764363,-1.286714140930295,0,1,-1.0196309949287226,4.689667183316121,0
-0.938501216545229,-0.4144414186075037,1,0,-2.69118675324193,28.18164512583004,1
-1.9446785905209336,-1.7305623650128221,1,0,-0.22061909405455943,10.63671459058879,1
0.19029793971873535,1.0402310957967271,1,0,-0.5478048652055897,26.500921023191406,1
0.18887019529310575,0.7183141295510862,0,0,-0.7208974434565585,4.0814435944572,1
0.1164811819764793,1.4175348728579487,0,0,-1.2290275211931714,15.563898787357175,1
-0.5597949408795387,1.1321376331593225,0,0,-2.2736026251252044,24.90007829084498,0
0.6743235058269216,0.6721048911375285,0,0,1.0421083157805862,4.71543099975724,1
-0.7232076829562436,-0.29143192345077384,1,1,0.0517399104287525,1.9674436602755863,1
-2.6605894570854725,-0.6359715514251765,0,1,-1.3339245693611375,2.176707563742017,0
0.28884438555491926,-0.13284101829307324,1,1,-0.0072964102437928224,18.33195744649764,0
0.05176892067780182,0.38661016198341414,1,1,0.6308280277799001,7.6841039696456175,0
0.5758910905290604,1.0051830524445733,0,1,0.6918334697316569,22.439643574434363,0
0.16547189749335817,1.5223255591760474,0,1,0.6957398769492633,10.980498737882117,0
2.7292766500071255,0.8848064335933832,0,0,-0.16756283045337506,3.6726601270807753,0
0.4400683531103242,-0.025285840533992743,1,0,0.7747454037762902,10.13678909390877,1
-1.3376849191261302,-0.6151086665670202,0,0,-0.9503609577674966,23.868658633910172,0
-1.413973664971666,-0.8940731697435325,1,1,-0.27762737862139647,20.784486379224365,0
1.115825836985283,0.9212808493103631,0,0,0.6749967747091883,14.649787401906698,1
0.06262483140290986,0.9087116138652142,1,1,0.3557012467986764,45.356985258245565,0
0.7695808616632781,1.0040696200267898,0,0,0.868188895320981,0.7725875055180093,1
-1.021397335574807,0.0051069611597091,0,0,0.6751123161262046,6.516038621812923,1
0.2754161228786779,-0.4881419804199241,0,0,-0.08626501157549157,4.498422636675674,1
1.6597632942277365,1.235697478311711,0,0,-0.45469642508157254,2.2292762282789904,1
-0.25110182796224956,-0.15607232942050217,0,1,0.7003755920644045,38.189997132612014,0
1.0823356457670603,-0.3344673492144321,1,0,-0.1465940675473669,0.59398763412106,0
-0.8570966725305761,0.23761834613052885,1,1,-1.6811931500829913,14.822887486064298,0
0.24014585643467934,-0.40211277780554494,1,0,-0.060075017323547884,6.281725305373489,1
-0.5313430309819378,0.43983623103893044,1,0,-0.31434373193907883,7.673086129041648,0
-0.5777141094468573,1.3473618352098664,1,0,1.143477144078436,0.6979625716302529,1
-0.33837053624809443,-0.3968810373195489,1,1,0.14522211920647324,16.57028869384931,0
0.42711348553538814,-0.18270029422192738,1,0,1.0465815119026127,0.3606255296053325,1
-0.4207860552464121,-0.3652393919398275,1,0,-1.7745189235088819,24.944073933311415,1
-0.0693536521736724,0.24269209778803746,1,0,0.4185333534668919,9.891248935596247,1
-1.1182816996817444,0.2644827629645846,0,0,0.2778985070048513,30.99014874543739,1
-1.8872199876241205,-2.0680715677638495,0,0,-0.6457320826526866,14.844992301518396,0
-0.3002236093598319,-0.260213970986057,1,0,-0.4663517867107172,3.476451722258383,1
-0.0038652476130944646,0.30451241209711255,0,0,-0.15415363431727286,0.5489815793819003,1
0.11130365687821561,0.6022854341949273,1,1,-0.1285789337952963,5.318661378588685,0
0.9297770986483197,-0.18074479452469533,0,0,0.8039342879783976,12.554012429558862,0
-0.0017468252520120929,0.25570182476343767,0,1,1.8704945415236334,20.43458972850615,1
0.11498301996419955,-0.11428241170141594,0,0,0.8431690022420603,22.67014497673328,0
-0.7172182278327478,2.1573360107135184,1,1,-2.379258794302645,1.0955175080480424,1
-0.18113011350043223,-1.0365845904362527,1,1,-0.48018961180197306,0.4386435819994256,0
0.03566218985032278,0.6001453195710726,0,0,1.544991920562513,1.0389344709202588,1
-1.4297864649074898,0.14450428269609117,0,0,0.3461059181517102,12.192326565506836,1
0.03617525234041638,-0.054241858785902985,1,1,1.0836967575138936,29.362289334057387,0
1.4182814620917372,0.9239155769677592,1,1,-1.203060804422233,13.292230572191905,1
-0.40045130112899957,-0.8995258447177849,1,0,0.7299757551140733,42.86264076326759,0
-0.7472986417969042,0.7326430869200826,1,1,-1.6075845737004173,3.7786555674257882,1
-1.1387015225221926,-0.6944737109376636,0,0,0.2628741591144738,8.956297349299819,1
0.30875851420940087,0.7085340303478334,1,1,-1.3025128639666637,12.26501096162269,0
0.247273736513125,-0.14819543826797693,1,1,0.2798188690801186,3.8685852169098767,1
-1.1512454973246224,-0.6282750715644546,0,0,-0.417983283990699,7.286089011743033,1
0.35463478523961506,-0.44463129552548164,0,0,-0.5631728759657425,2.0102064940338535,1
0.4997005017519629,0.7055113580775209,1,0,-2.4716547131560382,4.288806547644516,0
-0.0030340276547153673,-0.24937939426581124,1,0,-0.9568211886509803,6.3955736869821305,1
-2.28027748231409,-0.9430030112883807,1,1,2.3052245122702666,2.1838859040559515,1
-0.7282391587433255,0.2748841022223434,0,0,-0.696213773291574,1.022452623385605,1
0.9191738970709141,0.1286701604607644,1,1,0.10795127307323768,15.860424415767426,0
0.6228955733145065,0.18557263543270225,0,0,1.7345226489537395,23.85776500748795,1
0.9350030703242712,-0.34458593097532236,1,1,-1.7126899546396,5.847695706102954,0
0.37097383302551384,-0.6623270892462391,0,0,-1.3759436169782138,18.5372550068332,0
1.1334734188553086,-1.1552096450675136,0,0,0.2967678677534613,54.71134948576797,0
-0.09260827532569588,2.0987019633968864,1,1,-1.0088492944146834,13.130726984928588,1
-1.0332988663354765,-0.6230674208653206,1,0,1.0148909027916366,12.736250076854745,1
1.1233504037815538,1.125670458588806,0,0,0.898602552970553,13.269324630542036,0
-1.3300911647732085,-1.4845827037623696,1,1,1.444144276974683,20.72306446228556,1
0.15035070624328675,-0.7667333048186332,0,0,-0.7816264020847528,5.7046496737244965,1
1.0911361552680028,0.5076405804278238,0,0,-0.3148754368284552,3.0949057254298085,1
3.0138176780946226,0.8409124650068392,1,1,0.8803675696261641,3.3551625795950066,0
-0.4926453757311642,0.512497497210292,0,1,-2.2553874454802325,15.407835649879582,0
0.08968862472308374,1.4400881563556762,0,0,-1.9288670121786673,9.80317171008603,0
0.572021085659161,0.02560709797208771,0,1,2.006667052708657,18.402899356335425,0
0.09630432583669561,-0.526644563186378,0,0,-0.13646484122095054,6.304645693310784,1
-1.0248523504070615,-0.49872456692272377,0,0,-0.6174442819225372,4.144500937442292,1
0.1638039943020012,-0.365650641610365,1,0,-0.030674357383398156,19.639582735570706,0
-0.5342188744602886,-0.1682382387872362,1,0,-0.88718978164114,0.12356186515748731,1
0.5482295561233169,0.5481397981447818,1,1,1.4990209547523006,17.974409686285448,0
1.2497936343193772,-0.7612438640264864,1,1,-0.6787557364885557,1.8526212416560492,1
0.2902220315297026,-0.032812615939350365,1,1,-0.2710511428641712,6.894471490590268,0
-0.8770991476230733,1.2777506744327543,1,1,-1.2048872281008454,18.504025088017187,1
-2.37870761891622,-1.722594210442954,1,1,1.2584223552593785,35.33488477356922,0
0.5218576662835568,0.661575456652244,1,1,1.160246925103238,0.10046074130935558,1
0.02582828090879463,-0.23948125596721148,1,1,-0.19464967483431106,14.72685333173961,1
0.7532902481687422,-1.2142984587882948,0,0,0.9079966285403811,6.779516807983856,1
0.5437921475775093,-0.23178753133308966,1,1,-0.9278037351300009,7.85572435455145,0
-1.0655623722753478,0.2217338289432671,0,1,-0.8993799301570363,15.706155032496248,1
-0.40502735467632334,-0.08889679553051368,0,0,-2.532775205228631,14.111033287598593,0
-2.1066241718514664,-1.6653450613288499,1,1,-0.6696384395183248,11.699055717057012,1
-1.0562833031623107,-0.8279536627164614,0,0,-1.3633750428683398,31.244607800021384,0
-0.227078245657304,0.6822859069587587,0,0,0.31088530582222446,55.91357489256825,0
-0.06587713021369573,-0.40945220048369957,0,0,0.39272573215552103,15.439485975639933,1
0.22771106867536414,0.10429791614291152,1,0,-1.1976587235952665,33.78927128579672,0
-0.22291617764860835,-0.4630981943361142,0,0,-0.5512279711935618,23.579099304652125,1
-0.4020561288957233,-0.8883585654930304,1,0,0.9770912142839219,14.957329453072226,0
-1.4817545541441401,-0.7723902388509014,0,1,-2.052707528193715,5.5274599893414145,0
-0.8392117508967837,-1.2531940401246822,0,0,-1.5371485262415754,4.225082199209575,0
-1.7207077820162868,-0.40443303961566,1,1,-0.05131103805370491,27.831360394073734,1
1.380454892782859,0.1366026172788103,0,0,0.34361833178540374,7.555868295039334,1
0.699218213398837,1.352681507891538,0,0,2.2397715519002452,2.806065103998165,0
-2.200406459198011,-1.7770067927150761,0,1,0.3017375096484127,27.351534445532504,0
-2.1112523179625513,-0.34515789311876144,1,0,-0.566793097183816,4.337386278812146,1
-0.7419816966116402,-1.8548097670766044,1,1,0.8718367188441926,16.103715028580222,1
-1.6027729893972695,-0.15964971362717806,0,0,-0.9019747534823304,20.992175927982707,1
-0.9899943307485004,0.5466914946948933,1,1,1.2183075298569774,14.179440548832124,0
-1.2341214489163757,0.6828340236966415,1,0,-1.946032573577962,7.140545298535966,1
0.27790069565413317,0.13247563668937287,0,1,0.8530429230055052,11.333608766118761,1
1.215225187870548,0.758934637883997,0,1,0.7937317919592807,35.553648490922335,0
0.13738044195955726,0.02330991634162012,1,0,-0.8556255154480809,3.188606823815611,0
-0.13966293007136688,0.0012983907328535105,0,0,0.35832946144621136,5.99151653413837,1
-1.4495789857163148,-1.356424530360846,0,0,-0.4194478238924028,6.085082422941923,1
0.5926625171945785,0.18152275414303223,1,1,0.8390605827451306,1.9392493989663948,1
-0.605883207311777,-1.1924987549853387,0,0,-0.9686107415929098,37.11105259440627,0
0.4075952243561085,-0.03052177080300436,1,0,0.5152763043870401,4.206326705651739,1
0.20966585880526015,0.7135743803915607,0,0,-0.1754761422721282,0.2389864437792343,0
1.1662447439333334,1.0111788467138048,0,0,1.1786142872264331,2.024243352035758,1
0.1431406279323038,0.4791970624128129,0,1,-1.8928941415928477,28.24612610523923,0
0.284682112196496,1.2437279878267544,1,1,-1.1805158109795624,0.14808341774471018,1
-0.6098106565089894,-0.190199735430742,1,0,1.0964678744803122,22.07192425035165,0
-0.08423313363555256,-0.7360222590988834,0,0,0.13550694099460295,6.723758318680823,1
-0.3758608763863839,-0.9196235543876021,1,1,1.219453401082249,6.90141858166249,1
0.16259461742867073,-0.37225712285836654,0,0,0.6104861185883976,21.77089294445469,0
0.07795470189403031,-0.7947049034242869,1,0,-0.7937458806275804,13.27645538813474,1
1.8339883093684308,1.236549669879334,0,1,-1.890500827258741,14.149424862134127,1
-0.8464204771738717,0.7704329514566337,1,0,-0.8206835127678721,11.67933629200035,1
0.6276256938195172,-0.22329812092276274,1,0,-1.4520523118415758,9.476487672236894,1
0.7219766077796713,0.5317638900656586,0,0,0.11261740227966457,8.671793342355825,1
-1.256153280733206,-1.8625187152768912,1,1,-0.32685433402389424,4.504480116917935,0
1.5902992893058052,0.466520731014098,0,1,-0.8267472191409556,13.511076004199312,0
0.2694590576737182,-1.181248169457169,1,0,0.5998845988727195,3.533954769262401,1
1.4011629144779494,0.7003807615821704,1,1,1.0736087500980038,12.249460724329856,0
0.9207268651992402,0.18954345511017795,1,0,-1.5532020078399056,28.06422037276874,1
1.2213282241525207,-0.2760025595160094,1,1,-0.18947090688102786,0.09139964687835755,1
-0.20661641814482634,-0.4022435493478388,1,0,0.3821539759140185,44.31419807859241,1
0.6709647209149046,0.803752581981008,1,0,-0.5281128714356839,2.6974249455234407,1
0.154763195157482,-0.44652882369663305,0,1,-0.0925057066997318,13.455039013394527,1
0.2985714919002891,-1.2347105291900076,0,0,-1.8926787877094355,21.836135902396965,0
0.3603216043387696,0.16118878973062442,1,1,0.5752092785545116,2.7896069227556004,0
0.24817421480329774,-1.0407158068777533,1,0,0.3067334685829451,5.593703588664992,1
0.6936958423105256,0.47493939782163985,0,0,0.21070517350831744,5.1984161465161245,0
2.5832685195970986,0.7917708387622842,1,1,1.9250244736614017,3.35268146793527,0
-0.21428356285404335,0.6328897131488904,1,1,2.0318050277675623,6.084454741570259,1
-1.6065044230934313,-0.6348282085499781,0,1,-0.5165099526455262,32.50775452267756,0
0.4896262995551943,0.3193683552927453,0,0,1.263748375580063,3.7888919711688307,0
0.19160098572559298,0.19189775733372666,0,0,-0.076185941031764,4.587687139392111,0
-0.7890740280450759,0.33748251776064375,0,1,1.1878576870645787,10.371856529869742,0
0.9233639703723241,1.4515510142032328,1,1,-0.816441685561879,1.1518130208528263,0
-0.24639300808017012,0.29189195557013214,0,1,-1.627005280107754,0.3970243957282033,0
1.0934831791886206,-0.19188873095120418,0,0,-2.0739525515365105,33.9493379813117,0
0.07796569066154062,-0.25694868307639335,0,1,-0.2927951923737555,9.839715603307521,0
-1.7275137645818843,-0.6410166764844839,1,0,-0.740217647019296,21.767427543496307,1
1.4774422840939094,1.6415565319256924,1,1,-1.090054801181734,9.18237988199194,0
-0.690847784703819,-1.028794892848854,1,0,-0.9097115638468772,9.641530456166276,0
-0.20650518422769523,0.010840417165685776,1,1,-0.5565811644044799,19.160638055510503,0
0.6319649792693076,0.02379088515506561,0,1,0.026551583886260232,23.145041909537955,1
-0.04934344891171619,-1.7011802673204106,1,1,-1.762998371427665,8.167873404589283,1
0.2213274266458398,-1.3917813717741006,0,0,0.8032554757291033,8.326701938559419,0
1.4355146857348597,0.3197458443582969,0,0,0.03430524103553869,1.328626445436567,0
-0.6295519582174696,0.6437149030927707,1,1,-0.6265357776638147,5.812219822326222,1
-0.10761374745406911,-0.5290744368827409,1,1,-0.05164938551910699,12.167125255315344,1
-0.9290260680395899,-0.48524126466917095,1,1,0.2353274020089491,8.409113108996719,0
2.192469990745764,2.1496295116150153,1,0,-0.0782493117708231,14.850522812940424,0
-0.6228890793148623,-0.8743308919895358,0,0,2.3035872194758227,6.536989711929817,0
1.1412245727463601,0.7233861748804341,0,0,-0.5423627617241975,38.4647001111374,0
-0.45208168930620335,-0.2668104579120184,1,1,-2.0768663198122392,0.4954033254368885,0
0.07951559793741689,0.8381216132126709,1,1,-0.444312478488581,3.744946481681583,1
-1.4051457722137495,-0.07383265507134029,0,0,-1.0746214474717155,12.093848408591793,1
0.7295546064501778,0.47458779906162774,1,1,1.3145682024546603,7.907047923510484,1
0.0340576226962377,-0.9899764799890055,1,0,-0.4282433813524243,22.76356925236581,1
0.933336116582863,0.20465637932939368,0,0,-1.237683963716847,6.781730787533845,0
1.8863396797890728,0.6846679388471713,1,1,0.9466152513054292,9.247952794352903,0
0.49162611362901937,0.13164757035294083,0,0,-0.6111688247628374,31.400727840050312,0
0.07914952635812979,0.39196960321841773,1,0,0.2557022548637158,6.9496284497894605,1
-0.35827621045163394,-0.7729053857501729,0,0,-2.2448576060536345,17.26889594387732,1
-0.8157529369102646,-1.7640024906285108,0,0,0.8162037989191459,7.017228202033341,0
0.9533415239471161,1.3700576310222599,0,1,-0.3843949560940728,1.1325864949742817,1
-0.16934571632175044,-1.0755431392520285,1,1,-1.8171230578509874,0.22180382032882293,1
-0.5383421419225004,0.21248936529961177,0,1,-0.7710894839312766,39.02242705782915,0
-1.7013547791366685,-1.304676154782726,1,0,0.5249470175622334,5.023064654550612,0
0.22583319133927895,-0.08917262471881525,1,0,-0.411353978588759,2.2648848974162243,1
0.5696478066568216,-0.11828017120420997,0,0,-0.2760053271362974,22.877456263611148,1
-1.2302229717683768,-0.6011082168640937,0,1,0.6490135287924035,0.5047304850632619,0
-0.30256485931359645,-1.6174934741729534,1,1,-0.8428828174629707,10.019235643755975,1
3.8907457314083587,0.6174290414510291,0,0,-0.673343745603941,8.395418999393014,0
0.19554123102556065,-0.5407386307069054,0,0,-0.23200987130530554,42.04080598077673,1
1.6392755324614083,2.2309172140833073,0,0,0.23966184085669745,3.3622937080613418,1
-0.254914748132592,0.1870272754310561,1,1,1.203630133805528,0.1739625955505931,0
-0.4467797149752193,0.5920410947620401,1,1,-0.27634571434584854,1.0260225284456286,1
0.4036648089005051,-2.127625657406985,0,1,-1.0808883235664484,23.239175428663216,0
-1.1394698050146144,-2.0216366889691395,1,0,1.5876496387827286,4.2870256765541495,1
-1.296871483235763,-1.6083055404155515,1,0,-0.3573874510115178,29.493309807524724,1
0.9620455112247367,0.304537501527175,1,0,-0.4755044001002037,2.4401939966304664,1
-0.7228431669277605,-0.3495171795447522,1,0,0.5779680470545882,19.948905626528276,1
-1.4703904848348373,-0.4994376956984269,1,1,-1.5591035513422877,4.033284625002546,1
1.2919578912252185,1.3704158135118387,1,0,-1.8341172679948525,2.189594434221854,0
-0.30147935306264745,-1.4475704144796548,0,0,2.6984088784373728,1.3142098532450244,0
1.0879906833530766,1.570595408901501,1,1,-0.014884093729766562,7.853905120181301,1
-1.314317696782593,-1.2360646116285814,1,1,0.3775430520317844,21.793627049897864,0
-0.5888239133847686,0.31269366870857407,1,1,-0.14660205348704633,5.549340109739984,0
-1.303725701929213,-1.342387863482842,1,1,-1.4443500819155168,17.377917481401024,1
0.8839131510035656,0.8159738304844362,1,1,-0.5090583685937713,3.8058057150526623,0
-2.2131681933920175,-1.9140474839863908,1,1,-0.3769917250555351,5.294630388481161,0
0.8148194922002493,-0.36961009313903453,0,1,0.18296323803660297,8.546022714464476,0
-1.0819338939421435,0.07012189546259295,1,1,-1.1030199145244906,4.2768760088068865,1
-0.023473385242797067,-0.5117471626908219,1,0,-0.7680934214214595,61.00094662008186,0
0.49797088588367605,0.43487450092176944,0,0,-0.4348708961646083,16.247246199546222,1
0.6218449051753884,0.08598437384487917,1,1,1.4366720969822038,0.3217897190861936,1
-0.9680516917933814,-0.5627763538679674,0,0,0.31835812781052414,1.0647525006688057,1
0.4185572336009748,-0.22250313555742016,1,0,0.46104941198719557,7.3635020620516825,1
0.1612612340701899,1.0451224680750004,1,1,-1.409557535322477,34.71064571718728,0
-0.39842455661890397,-0.0891667942773719,0,0,0.7447829779948562,0.43721983755820043,0
0.18731409415260916,0.3648968740676355,0,0,-0.8159524446631523,24.52658854243171,1
0.1321657485161977,0.917817041955458,0,1,0.6923773849018663,11.755059056099086,0
-0.008123333672077524,0.9832991165821784,1,1,0.12854583312663603,0.8175911941126004,0
-0.7474515396730258,-1.51369046350634,1,1,0.9012215416268625,5.148916999159601,1
-0.2882504510791704,0.8624933555510613,1,0,0.4608177004580853,45.30882896468822,0
1.5473315766625546,-0.4436972241552827,0,1,0.9797943271278626,11.332690100901145,1
-0.6464718480589106,-0.8662524343420526,1,1,0.7790635489840522,1.9953056763584318,0
-0.7658685259899605,-1.1777363211005123,0,1,-0.7259436024577262,0.9496032218463856,0
-1.095410543359476,-1.270024949715767,1,1,0.45143174191538255,22.393825919811334,1
0.7927031213188855,0.006187620998831134,0,0,-0.39164873787532817,8.638892403685103,0
2.2182212833664408,-0.022810967469673038,1,0,0.9612892762344898,9.621338996115682,0
-0.5864335652336828,-1.3975568133879177,1,0,-1.585894050190226,31.848266776683253,0
1.0955168750378077,0.8010703832434589,1,1,0.9819709407402497,2.94871926739179,1
1.0033863939913363,0.30873705700545917,0,0,-1.3965025430507572,33.70440582866651,0
0.11255407446061855,0.14112187098370813,0,0,-0.25275816038128524,2.732046929581752,0
-1.0069409922235624,-0.43000271521323563,1,0,-0.5825825009594734,35.236470011314374,0
-1.014119803990366,-0.14390811767956574,1,0,1.1131574525611083,16.21080227767406,0
-0.9266423488813076,0.3713843775285529,1,0,-1.1006429981306236,5.297591841445236,0
-1.2761205019239357,0.2906966910166443,1,1,-0.6432694237506165,36.71838650066006,0
-0.1898931640616978,-0.009162032860689465,1,1,0.7914472909003292,19.428053111263917,1
0.695902015708319,1.1385659611610661,1,1,-0.6493224357503145,9.172143114363939,1
0.3999958737718304,-0.2815240045753633,0,0,-0.6355918940776042,8.38002115380177,1
0.5783225571372216,-0.17582395841246806,1,0,-0.9759927220594576,0.11321247113027166,1
-0.43966933648694145,0.21229718545350332,1,1,-0.3082131763789086,26.799922188898318,1
-0.6565443354775247,-0.926517828315188,0,0,0.42024518427073065,11.702816707363684,0
0.17930085298671708,-0.8607092956025494,0,0,-1.7439977248322618,5.889363123039251,1
-1.9517952251396546,-0.8019152470641867,0,1,0.6679265636697869,9.928477180107679,0
2.1378423625858263,1.0247106776980741,0,0,0.5737617181480982,25.136554846628066,0
-0.2735788592320605,0.21715457142584688,1,0,1.645998101988069,48.69507456451264,0
-1.2142760619170632,-0.9468575443216265,0,0,-0.2848576317449141,2.6840777639803046,0
0.019028604710672154,-0.3250511696925406,1,0,0.07661582277525553,0.9309232115737224,1
-0.020410559262894618,-1.1509003391836354,0,0,-0.9747485221793678,2.874568335738988,0
0.14887195113757934,1.027961132134986,1,0,0.9311136483255992,3.586728489579561,0
0.31588530942726983,-0.30282319316555684,0,1,0.5327317368288406,0.5514643057950674,0
0.6869990465502349,0.4571023069484017,1,1,-0.6184736824536679,3.056565266823139,0
0.27474349256887975,0.36947531533789424,0,0,-0.7356625589549872,0.15448287138926559,1
0.34486242872866124,0.06706805529525561,1,0,-0.4362030581078003,17.230104452849357,1
1.0551863614334576,0.7304953629374014,0,0,0.19892365158737024,24.398538736268595,1
0.3178277120444635,1.0274239066565598,1,1,0.3477984109322363,1.3598620452878558,1
1.3103481196153637,-1.1069922124804865,1,0,0.46074492750800905,6.110032159173465,1
-0.9504530303533364,0.22761756254500115,1,1,0.8390813882233272,20.82555015350079,0
1.4644714609396785,0.34584085799317754,0,0,1.8992390461422404,8.934258868105163,1
0.9634401238208871,0.6842196692996472,0,1,0.656857974899738,10.370589077156252,1
0.657707062877916,1.1711239480874176,0,1,1.5082868801967668,20.962086070280282,1
-1.4096454513287457,-1.5175380923339383,1,1,-1.0292034167011204,1.1905721787895474,1
-0.08253605790582853,-0.6350310579377804,0,1,-0.6022847625703612,21.006724577032006,0
1.1081564199303426,-0.7316883193489423,1,1,-0.5826226599050854,33.6260147894331,1
-1.3819667554487332,-0.8223880036913226,1,0,-0.20081065131100487,27.99819061367658,1
1.0032585900947848,-0.07305276688656681,0,0,0.9745580841490632,21.130222714914094,0
-0.5622139851137867,-0.8224318774043791,1,0,0.7272037983096027,4.207036128936472,1
0.4649294011983139,0.22157081781618748,0,1,0.5805208034545034,32.09908697663864,1
0.6859867059691077,0.5031899639569494,0,1,1.6702614903019688,11.41955397311152,0
-1.4692752598382877,-0.6276936921241923,0,1,-0.5709766741258353,14.743984618632238,1
-0.814472635834945,-0.028866306504495398,1,0,1.5593868145671486,4.502626892869651,1
-2.387150525264695,-0.8111455548631462,1,0,0.7597592059613743,1.6903671576249553,1
-1.4396616888216542,-1.5042111324693432,1,0,-0.6584944735567524,5.858750621928441,1
-0.319634405725953,-0.281046868528352,1,0,-0.29718897494308716,2.2905611673381756,1
0.39655651565114913,0.11267540992293748,0,0,0.8724769942061609,20.349387093807405,1
-0.5260060632755104,-0.7770048750901146,1,1,-2.2389182021569907,30.179758305801045,0
-0.30446876729776073,-1.1518766108140719,1,0,0.5156857295285651,10.216486915356288,0
0.7796032360145154,1.3400782287131305,0,0,-0.6274196976851034,97.08850970685081,0
-0.8484992632754297,-0.3694028527037679,1,1,1.3054404182677881,4.932087802545753,0
-0.17311701296395546,1.0830399542800273,1,0,-0.003013126823361809,22.055848849608175,1
-0.27055629924634067,-1.0047871780650677,1,0,-1.9415333590496926,6.344993073365125,0
-0.5364173378435511,-1.2989646658548075,0,0,0.725970299397935,1.4897887616136158,0
-0.11084571940551302,-1.0203185753953556,1,0,-0.7052153662707762,6.204236111815831,0
1.0647973999142897,0.6410612681555644,0,1,-1.2730362932443164,14.367655932840236,1
-0.12150694517797582,-0.15176948410292543,1,0,-1.8990781898085667,21.090544855056084,1
-0.4034257745105932,0.7215273845394437,1,0,0.617187369370586,9.35794592342379,0
-1.083698485036037,0.4288632161186353,1,1,-1.5916746331986436,1.2166516958919709,0
-1.8243437353520118,-1.878025809922864,0,1,-0.5429403735459853,2.807547620580348,0
-1.3599839652384678,-0.3005168329122719,1,1,0.942490642170046,5.931710971538843,0
1.130561318164364,0.24195453235900988,0,0,0.830914708635323,5.083026348264406,1
0.539963621997557,0.32631301330127677,0,0,1.0611725344858272,3.784009637845228,1
-1.5191436440691601,-0.9435211648789035,0,1,0.2367616678805422,7.107994659760345,0
0.5256734257755513,-0.8400437655780698,0,0,1.7677108425684356,11.995002972573387,1
0.22762221158278237,-0.7006022938835683,1,1,-2.414286170357008,9.07241038683241,0
-0.1814063126717094,0.1789861023349567,0,0,-0.3908956175593453,7.556407850839801,0
-1.4779599286348375,-1.2060556915783656,1,0,0.19621062136218817,26.687259666357264,0
0.8462136596652468,-0.11967021855397453,1,1,-1.2084264293859108,25.941788408683998,0
-0.9265356203554918,0.06797994585636402,1,1,-0.23471419939408258,8.480888359881506,1
-1.443264268394732,-1.747475670895025,0,0,0.3883720147590543,0.9019872267872187,0
-1.7592098492664323,-1.8755681478980124,0,0,-1.1715203959882285,58.60554650964517,0
0.8022111834746687,-0.06566396989685458,0,0,0.3285338262669202,8.042914717382676,1
-1.1043277590765523,-0.9557829648857123,1,1,0.46156226742307593,5.7270518202032585,1
-0.07100878861768746,-0.6309154270464704,1,0,1.438046762850261,41.040152948951636,0
-0.00885620685570213,0.1742084840385444,1,0,0.8392943774493776,6.082109614333243,1
-1.6811269621564335,-1.3425144815779277,0,0,-0.11144489488963309,8.431731077795668,0
-0.3375842524626339,0.23744768484750972,0,1,1.5840542703210798,4.686339368187897,1
-1.2002786925260942,-0.4978684433751517,0,0,-0.6999851659691896,3.6210887238354523,1
0.26735845223439525,-0.6724647002978906,1,1,1.6624749970046515,1.9595487597020895,0
-0.2721066136614201,-0.5025861668097097,1,0,0.47169383926435904,15.107665448226442,1
-1.0241265236640824,-0.6412298666980789,0,1,-2.125804627197016,8.609208420393664,0
-1.116816944879591,0.050284120088595285,1,1,1.625295529173008,17.427386783442287,0
-1.6373062141948853,1.3774787791311067,0,0,0.22455324134942273,16.49990339714087,1
0.056413736184959,-0.03750843913780374,0,1,0.5212197649338641,2.2351704933410903,0
1.3934467301663436,1.376797945283235,0,0,-0.20347056170481548,15.806030988256216,1
0.15503763057794467,1.5587273206851242,0,1,0.22840769727175017,24.760061097473255,0
1.5473897194576487,0.5306279782621633,1,0,-0.24079154082060233,21.812898163595488,1
-0.3481148992347564,0.6767757499234827,1,1,-1.1985082437906673,2.5361639035446126,0
1.3809720589353365,0.21433276666386547,0,0,-0.5124227816709097,35.40128662735503,0
1.163131693628446,-0.861691531399026,1,0,-0.877990874816234,10.81748048390143,1
0.3539341715368063,0.031683231659990346,0,0,0.8165016858576014,16.532151341583962,0
0.4725558980392608,-0.16565922378061143,0,0,-0.02798238318766204,0.46708891671654335,1
0.3870769353359296,0.7545552094244895,1,0,-0.7856465181632131,9.185918112389714,1
0.4235093830245896,1.906245790638751,1,1,0.07181183266267721,29.85789382876623,0
0.2111718808446243,-0.37346793149522595,0,0,0.28481023313911397,10.581956987546102,1
0.09029281028827937,-0.11454381799152326,0,1,0.1453078441632064,25.95386118996466,0
1.1516241164667422,0.35534946343535384,0,1,-1.7404584121632816,18.93168383531267,0
0.44382992382024994,-1.1671842141170166,0,0,-0.13466418723903018,22.64254480073374,1
-0.19324894194923165,0.5795804366262403,0,0,0.8347212584339941,1.9030605789829527,1
-1.1971087223137604,-0.14358407103548188,1,0,-0.20458756298951464,29.521358915321926,0
-0.03134799307793111,-0.6448139344847288,1,0,-0.9799063385837016,1.9028029785739637,0
-2.2237557413216766,-1.1772399528500912,0,0,-0.36852808081123933,6.283185126540398,1
-1.035936542118233,0.135957216017923,1,1,1.0596694249177463,34.080932389861836,1
-0.31676801104902613,-0.34478264454557506,0,0,-0.2554783922122953,2.4332790530448762,0
-0.2978885472930781,0.33763127368037527,0,0,0.16683494369576443,51.882094647244145,0
0.24825500765041106,-0.8024529679123619,0,1,0.91177806254504,1.4000800919063239,1
0.5014415949264251,0.49197074158270304,1,1,0.18044041121111476,21.282945143894803,0
-0.6854012690619453,-0.041900815167912386,1,1,1.9058077044726205,4.843086489125889,0
1.4561937979022106,0.9215851808991637,1,1,-1.6330804631711626,2.060520478873064,1
-0.4813205832451042,-1.4629548652814446,1,1,-1.0933390098716462,17.550477243033846,1
0.8395173550592425,0.034169045292891,0,0,-0.6282296086245125,12.990161066364251,1
-0.08694591504810929,-0.2377437184954252,0,1,-0.30158991273002034,6.304555923163775,0
0.3524884283212139,-0.6176902345621049,0,0,-1.040617265554767,0.6581013125834021,1
1.7910114081871147,2.055410787485077,1,1,-0.5857645274880213,6.6613674821857085,0
0.39104908062899624,0.3367801896164828,0,1,2.3406682307613296,6.466019389841662,0
-0.7624486052320665,0.6689203538458818,0,1,0.5582662941700487,22.864067821912556,0
-0.7742153682976937,-0.08058706152590706,1,0,-0.8005442738121614,0.41485930393849096,0
-0.7040731378358746,-0.133050040594078,0,0,0.8195081345207376,9.67632682497782,0
0.9780359335306125,-0.9936916815579433,1,1,0.6934279116656813,11.779853496988192,0
-0.604884835747523,-1.452348203578525,1,0,-0.5568791324463376,8.32521363645224,0
-1.4719678181935267,-2.275688516294031,0,0,0.13377830444264305,43.249572211291806,0
-0.08250428199810711,0.14429466739003954,0,0,-0.533596549563758,9.414370712899677,1
-0.11651586307838038,-0.5349334638673814,1,0,-0.7193512727084147,6.775142900056014,0
0.7250493200746292,0.7375370057506829,1,1,1.0472532281856195,49.474106840226185,0
-0.32377278903984746,-1.6187987498051735,1,0,0.13155759506092124,0.023405118493995125,1
0.19130180844273156,-0.2658934837967347,1,1,0.2669619742676407,19.51317961504539,0
-0.4945548633869024,-0.5597152282924226,1,1,-0.08277723444602203,8.668655450509782,1
1.3852618594347983,0.17099258748714752,0,1,0.48224249970434724,11.757688819786756,1
0.5517036639251095,0.7292432480480842,0,1,0.9555707045925231,10.549744454474983,0
0.6479288621108136,0.5149907145709092,1,0,-0.3812288530816054,28.066418159037003,1
-1.7243441951542653,0.12517075004281575,0,0,0.02843020697618955,6.995584661119462,1
0.5520462753237345,0.5047103164203617,0,0,-0.6170262383118019,12.602273088926628,0
1.6079697201486634,2.200294200132602,0,0,0.4307258064954857,7.4026744631037875,1
-0.4662380347609151,0.7642590056624645,0,1,-0.7806471645784,18.471442323992385,1
-2.055744676678487,-0.8951515563960799,1,0,0.16123634744538534,5.965228075643418,1
0.07928430938896125,-0.19843109258670588,1,1,0.4009413693933553,89.1841272907561,0
-1.1144217129196168,-1.3289104070260964,0,1,-0.5077200024219908,22.518815902134197,1
0.2068268383716422,-0.4731098926257526,0,0,-0.45057107953881,5.536018783629095,0
-1.3518407251276379,0.27078262889914717,1,0,0.059112586674495586,9.40716330997617,1
0.9158424603609242,-0.9790156056828856,0,0,1.0490720050377234,55.22476918814819,0
0.56371114783024,-0.15503825343740535,0,0,-1.368659629772772,18.131379702514895,0
0.2562872729857247,1.3544407014079936,1,1,1.1428563836045136,5.307042070006365,1
1.3647996806584524,0.8068812312659385,1,0,-2.231264314842617,3.5400757004304597,1
-1.026238713918515,-2.4076196036521855,1,1,0.6484583170803109,23.836524002018358,0
-1.0810246517241555,0.46179480571372256,0,0,-0.017915678798687402,10.45644880204127,1
0.3886727120412089,-0.8847023534315277,0,1,0.2825204965133074,14.056044731648637,1
-1.3454387593472297,-1.78519120699075,1,1,0.25597854088473776,0.3743982680961914,1
1.7314185460270086,0.5759642255727071,1,0,0.1714752243420763,30.328782316847203,1
0.38150736623728987,0.2170415938568332,1,0,-0.3899221948380454,6.405495916692316,0
1.1655109717874852,0.7121969086033876,0,1,0.953161842941053,3.9993901124531344,1
0.7638064129648625,-0.5970783367513824,1,0,0.70729566270162,13.07767052670876,1
0.20673599544650673,-0.9272585240803,0,1,1.0153002291296527,22.60672492990761,0
-1.1748515631790073,-1.0448190343558235,1,1,-0.013496910520407654,13.57463941716803,0
-1.1754307038572491,-0.12595244696496666,1,0,0.7050462928606182,14.947043860447916,1
0.6040268981420075,-0.2715270495224024,1,1,-0.2941193381034803,33.52340468866761,1
-1.7692174478783536,-1.485112309829636,0,1,0.16490111786777575,19.31040970218251,0
0.14959875210709453,0.100764601889309,0,1,0.6485589420578757,28.244798061256706,0
-0.07495542549148354,-0.4375029012359961,1,0,-0.4317201896129671,0.1675605640879699,0
-0.30315537803068554,-0.4663177834748461,1,1,0.8165948055645905,3.6251583615851586,0
-0.8574202697983777,-0.44332921170534056,0,1,1.0279967923907671,18.975533720402417,1
1.0604465644408687,2.6193669926881116,0,1,1.1416756314442458,18.978145343077,0
-0.07915782115778636,0.17271173219761077,1,1,-1.0096384729290986,5.753087733861447,0
1.1996812362610672,0.7686778943296759,1,0,-1.1119456671052883,23.19540903897958,0
-1.5978313422076076,-1.28960028159556,0,0,-0.5280360750888154,9.070401579774485,0
1.0210637347193026,0.5015279776012886,1,1,1.4647555067934923,3.4212308367678324,1
0.016029783010973356,0.2786397292029838,1,1,-0.5263573631997037,5.541506383395448,1
0.06482427177314382,-0.09522739673349559,1,0,-1.2822993965248224,5.7313935499969855,0
0.23142616252698736,0.45849193686309947,1,0,-0.7964317193882355,12.47532238723516,1
0.47613016937298025,0.7233161007828488,1,1,0.6566229782380796,16.177089235852197,0
-0.13353968744128883,0.15955891077861878,0,0,0.5022955428693306,12.00382482677583,0
3.183714737377398,0.8202135258597464,1,1,1.2248446071103742,1.7230577265230507,0
-0.7544196335465886,-0.32294386135818953,0,0,1.0437821501658513,7.481100728368758,1
-0.5724394920050297,-1.164642996113113,1,1,-2.7313069090649957,16.2623470648205,0
-0.02185039547270029,0.7843658535033151,0,0,1.2930654117802047,30.599451671413924,0
0.02124859723626027,0.00916165884131833,1,1,-1.000262777212126,3.1992294699759096,0
0.3293567125398292,0.5303966465212776,0,0,-0.5922061529428098,11.283179698332166,1
-0.8883354248184577,-0.1775464871042472,0,0,-1.262344518280053,3.83118400350213,1
0.14394542345243092,1.3776394184614125,1,0,-0.09492279031926423,5.953572218885696,1
0.7042879928040197,-0.06899577054510847,1,1,0.6143883816189596,3.9524352447665563,1
-0.11438075348360754,0.9443782258224602,0,1,-0.2302920651801363,6.137599370309284,0
-0.9618607673194517,-1.4722781844263906,1,1,-0.6951741935810485,2.9436441696527935,1
-1.2219168448448638,-0.5684460387136246,0,1,-2.1768307730072545,30.023241809540277,0
0.7031085504174063,-0.030852693562301192,1,1,-0.8390094124983196,2.1043470539296454,1
-0.21315586006664936,-0.28896070096666043,1,0,2.327846666891733,6.863903263260153,1
-0.13931147238043115,0.5594871559717828,0,1,0.06498752662366149,2.660335915371718,0
1.2786665815437845,0.6557006790821568,1,0,0.33467931646264043,1.3617041221696156,1
0.8760393321492331,1.4059764830545196,0,1,1.305970717031523,2.0539510588819683,0
-1.1090610508814527,-0.516808948096131,1,1,1.0547025271472912,1.791587798823836,0
-1.2022899672899101,-0.6538552517936892,0,1,-0.21291982772479184,7.352982590445183,1
-0.5151551068203806,-0.20663874287410805,0,0,1.0335591180812895,38.845770483703234,0
0.22549420852726443,-0.04018591275697245,1,1,0.7110033340906895,10.448887397653808,1
-0.6546137125052579,-1.2174250009523127,0,0,-0.8939594007202596,30.363969538726398,0
-1.0788304824276715,-1.2814185433057488,0,0,1.0029305898395635,9.478037164665212,0
0.06329308332215108,-1.9349691885900346,1,1,0.38577374191668234,4.53614311573243,1
1.4539874320649604,1.001278397707224,1,0,0.9196942837484708,34.712088655885125,0
1.2228805587915779,0.9698334090790458,1,1,-1.396950039396358,13.896038334250223,0
-1.5115970936751413,-0.4820050173074245,0,1,-2.137959777119782,15.291236591897418,0
-1.0259049446768842,-1.1525502739000348,1,0,-0.5546153828119413,2.876613883381333,0
0.555623537829619,-0.7399155652861648,0,1,1.053442765052474,2.039904754723936,1
-1.1755106402189355,0.30683599134966777,0,0,0.14570444505133362,46.48312706702879,1
0.27090797416140666,1.244630476468676,0,1,0.3459882679297585,18.019347044486338,1
0.42055196436863185,0.8650795002936178,0,0,-0.8665452972976739,24.278932142349976,1
-1.32362509195895,-0.7039756199137879,1,1,-1.1602500417699202,5.054753991260858,1
0.07037206062376787,0.940313120095242,0,0,-2.3990799227582573,10.017046730059224,1
-0.7843859226617591,-0.5587283594365741,1,1,0.2357721487092935,2.0180457329168973,1
0.08881746916831848,-1.481091576848892,0,1,-1.7399038271776113,19.459551195863824,0
-1.039362462834574,-0.3968165085103873,1,0,-0.4853870706772179,4.619644778604442,0
-2.2576999356178673,-0.911533286795257,0,0,-0.6648501937616378,24.00301256427845,1
0.3263092449416834,-2.262328006674,1,0,-0.007575147854188816,20.008921859744436,0
1.3974780182573163,0.401430367119633,1,1,-1.1983550811305863,23.389773794922593,0
-0.826930991733126,-0.44853094490407003,1,0,1.0434564659687473,2.2657651141372197,1
1.4427905625182293,1.2359243596636658,1,1,-0.5120395270639283,14.816757666526636,1
-0.2900034212324697,-1.6213531943535224,0,1,0.23831867632833964,0.10851260929091557,1
-1.3535702659231803,-0.623574924991261,1,0,0.6044181896992212,2.57383905031901,0
-1.0053342617692629,-0.6333318121053738,0,0,0.7673792217198301,1.1575317844518362,0
0.7965077738824687,-0.08820022309190861,0,1,-0.9460987533814769,34.437847742806994,1
1.0939258691504352,0.1954870662740189,0,0,1.3045224134644318,10.69752304386851,0
-3.2404900561178653,-1.1569710918625002,0,0,-1.2650314346331284,3.4781594624094447,0
2.062049667754926,-0.2882005693484988,1,1,1.0319086677040807,26.42672433361262,0
0.6012616690354134,0.5775852321378994,1,0,-1.8157467202668556,6.528323562969452,1
-0.87932411469194,-0.2446164573103423,0,0,-0.32905570959581826,17.463460838731386,0
-0.0447794780401147,-0.5614758973287243,1,1,0.6552364124294422,8.928481171188091,1
-1.2298472968709322,-0.9503194849626198,1,1,0.8622277015469979,12.160568339858045,0
-1.2831928889142306,-1.0578532383049628,1,0,0.14500547864639077,3.6966375244749035,1
-1.7360408227711663,0.7338218998804484,1,1,-1.6426999073774378,14.92656524568014,0
-0.39325793101784257,-0.18625924728887305,1,1,0.9061379284223332,8.836154390888785,0
0.5082806685366895,0.42778233076432426,0,0,0.2969840312111478,14.638492178698536,1
-0.5906747322950562,0.8230360228084515,0,1,-0.927316970935963,18.002275973610438,1
1.421028703987137,0.9142136511110753,0,0,0.9377200978095386,33.134954429720366,1
-0.283558709899106,-0.4560249100208942,0,0,-0.04321135245762881,44.668880432075596,0
0.9104797997775607,0.37149369173964353,1,1,1.373825337182142,28.626598044604236,0
0.8511568659890281,1.1416229963939668,1,1,-0.15040892465077121,2.3297778672845664,1
-2.235360626107171,-0.7125953495502741,0,1,2.829761196464626,1.7515515824743315,0
-0.23334998823390782,-0.4995642118178123,1,0,0.2728800302211525,23.32196996958813,0
0.7017404654014977,0.5721472599719933,1,1,0.08188759650409949,11.74256094986695,0
-1.7304785765192803,-1.4879870446611552,1,0,-0.33230308662407526,20.839448000563703,0
-1.0546894909976847,-0.8832361945502818,1,0,-1.360067645911513,3.2187182218929515,0
-0.9252516961090979,0.33271503897150606,1,0,0.8319968405389649,1.5160728706241113,0
-0.9934762778150255,-1.0379538586023573,0,1,0.009065120817562576,0.9845619136040059,0
-1.1849300916544894,-1.6793049775385018,1,1,0.45163466053912005,11.799821864351,0
-0.10810155923793544,0.05590044124958078,0,1,-1.4878171187206455,30.49507413371926,0
0.7652941370836371,-0.16044418281552802,1,0,1.0095166043704293,33.87361100745451,1
-0.05772876198070144,0.3524654720397272,0,0,-0.26178703731989866,18.384590345022993,1
-1.3582090590339524,-1.0542480276433692,0,0,0.20962850417099255,22.945995387820666,1
2.010765354016747,0.44275696420572075,1,1,-1.1815145116143124,7.431646826961095,0
-1.6593725793736538,-1.3386773051832133,0,0,1.6524607148943862,3.643654516995183,0
1.2953759018581614,-0.6049697139107422,0,1,1.9753843975690801,2.891165249664338,0
-1.4816635699028822,-1.3690648434879158,0,0,-1.6352560737360544,9.667803641250464,0
1.5758850134764693,0.6121540295123533,0,1,0.5765926358711696,24.233126228144734,0
0.32733435928081644,0.5321813267333351,0,0,0.16043230392399133,44.28769037258165,1
1.3017772882704912,0.9066463922775707,0,1,-0.8554806323132548,0.6388554270433182,0
0.04089160783084424,-0.9128511664563165,1,0,-1.3501326817652306,58.50932399856567,0
-0.295111471169356,1.2342382937520477,0,0,0.9927711596461668,6.0655764198000295,1
-2.1942076490048152,0.09030506568110641,1,0,-1.5199327838031749,1.3814149397297442,1
1.1823034312760385,1.286665157794728,0,0,0.1737117429206256,50.2287231212734,0
0.029389696258188318,1.1779785368833455,0,0,-0.3663930383650428,14.39395477432335,0
1.6078846637926716,0.33483183496702307,0,1,0.0821401913838112,16.450600906338014,0
1.5325585823884016,0.9280197563141592,0,0,0.42411492583071325,78.98089000873357,0
0.1662388763570388,0.8122554590684661,0,1,1.836203836090942,8.31934920605844,1
0.9754166765233662,0.6712442521220849,0,0,-2.272146004604969,29.145133774368016,0
0.4246686940442533,-0.7799493880045327,1,0,-0.5082481771180111,4.94156772644766,0
-1.2966314057220432,-1.230140773575494,0,1,-2.364851980240213,8.424516384306447,0
0.624977190959426,-0.9641802117591138,1,1,0.7055351119292904,2.358972326884744,1
-0.6948291302934745,-0.9024225844203344,1,1,0.38731969391776916,30.952667039149983,1
-1.0094745015471924,-0.5963934537490515,1,0,-1.3814948349227116,51.5471901864108,0
-1.5207441027012916,0.18592373481663016,0,0,-0.6399963718886289,24.740751066053157,0
-0.9888078795469333,-0.9377816839768686,1,1,0.32226523898574216,42.23577333913875,0
0.7065229570499237,0.709036085268344,1,0,0.9486896057314433,31.417897796527765,0
1.6039292069398718,-0.5699875434494228,0,0,-0.9010484210169764,1.8728751254098985,1
-0.13892208797217703,-1.2459760301374665,0,0,-0.8500238544074492,4.894638741496792,1
-2.1214617295685665,-0.9393240045820849,0,0,1.1083568835432822,18.488346839984793,0
1.5972944627907,1.8257592025350053,1,1,-0.33610205652941927,7.560848164943884,0
-0.8401793226168895,0.37654517163136697,0,0,-2.056448178024574,6.123564026423619,0
-0.5343497179759858,-0.11411040623142821,0,0,0.7339454846317445,13.541418026221077,0
0.14956950871526078,-0.3939758365547469,1,0,-0.3496574938172204,1.162268671478635,1
1.8002005281477944,1.3495141778494846,1,0,0.3831799462175123,2.2378858919597038,0
0.5063333258110913,0.4642535697435122,0,1,-0.34271109358399776,0.003332793392908335,1
0.42704502725490995,0.6865445504403694,1,1,-1.1187165030210509,6.105507522620059,1
-2.487315604878635,-1.08410678298825,0,1,0.6505154465968754,32.36471912499607,0
-0.6492060350781087,-0.9589259979952605,0,0,0.5025276154154907,10.931456567626086,1
0.3063508824422564,1.2794032475423276,0,1,-0.13207229831927406,14.615422653294901,0
1.1452244145322255,0.4667167221171986,0,0,1.2314014785968117,19.859788816287256,0
-0.07422831139505372,1.0316512086359122,0,1,-0.8464836351626542,9.758496193150526,1
-0.22269403431697954,0.8325117450082165,1,0,1.2214190292631895,22.473035659908792,0
-2.533009397360361,-1.3063591996645059,1,1,-1.4156381313783346,22.099548590396367,1
-1.638059393140067,-0.8124953321532203,1,1,-2.059108912362809,5.657853743845316,0
0.12122823514919197,0.8842541845895069,1,1,1.1268115270010084,0.8528573172433035,0
-0.09991788063054935,0.5840130701061816,0,0,-0.4660763691581513,32.52256247969714,1
-0.013266772289043405,0.7358935178399253,1,1,0.6829469119697953,19.674629860368707,1
2.030006820467171,0.5745568167778323,0,1,-0.11379037385174905,49.67732329584411,0
-0.7960812896867923,1.2168771249404136,1,1,-0.15436105504397654,2.1043087582330444,0
-0.8001010581621492,-0.9789134951613758,1,1,1.2524211370751408,1.530868377047501,0
-0.27899196130827,-1.5685117037056269,0,1,-1.6648989479960474,24.834559819637583,0
0.43620403855457607,0.7121447080935439,0,1,0.09424729632289011,14.817547250058892,0
-0.3231220214515833,0.1939519478111335,0,0,1.4505871610274812,5.466451564566394,1
0.8298835676215396,0.0034806977864731414,0,1,0.32558289659297596,24.006230446587203,1
0.25379488490082924,0.33745343214181533,0,0,-0.3735679770299628,3.3995930849786657,1
0.4603884331786666,0.4982396480993191,1,0,-0.602565930207348,5.970687990195502,0
1.031629619339788,0.08185192689264154,0,0,-0.28888346442036456,5.831282134100761,1
-1.1913421292439668,-0.8355044266629492,1,0,-0.2164868174545469,5.842904806582969,0
0.8965666652211944,1.8019097124684884,1,0,-2.0014931252691386,19.917747051755207,0
0.04769078545893761,0.1709297092251719,1,1,-0.9303991819200612,3.2971580117279267,1
-0.9171945856707188,-0.5995918342936855,1,0,-0.3089981660285016,9.56896595437746,0
0.8978906830500205,0.883972992801882,0,1,-0.3652244588389249,14.012524231042049,0
-0.2259532640410405,0.7451539848799498,0,1,-0.9983758053585005,11.043202655181345,1
-2.024482821883135,-1.8447851294164985,0,1,1.0214685427672423,7.779725737878166,0
0.8689635739865595,0.5517552512368229,0,1,1.4596026557384458,11.782201449121683,0
-0.09844711358966197,-0.5940875161757974,0,0,0.6825101730678538,6.7985792640726075,1
-0.5611514195769779,1.2057851830986857,1,1,-0.2089810512871746,18.955097320796902,1
-0.19405972687951792,0.9382983703762185,1,0,-0.23343921900869138,9.096318291334802,0
-0.5811815136109009,0.6851960048949663,0,1,1.3624480228864688,0.5362532725136233,0
0.5190384195283938,-0.722186371772767,1,1,-0.5630616375565932,5.869603919001965,1
1.5273024204915477,-0.6689072475835612,1,0,0.502474133466251,0.639841505272393,1
-0.4891166319426099,0.29276679048760923,1,1,-1.2060727827122322,12.516411808840786,0
0.05631874618381817,0.04319406482043124,0,1,-0.7475166053443633,1.1879540026964597,0
-0.2646100727466387,-1.6025877904983004,1,0,0.7325907802105768,7.500719876865968,0
-0.834266749762367,-0.9202627979723196,0,0,0.9251907729264416,16.856857243847895,1
-0.6944813330519162,0.7869476722165408,0,0,0.38713416471104917,13.429815502580071,0
-0.8540480265679096,-1.3795509955503897,1,1,0.46812708208119247,36.96854869784352,0
-0.2040311196232726,0.41446757792443983,1,0,-0.25801401889246006,12.619445373710517,0
-0.9343014725734108,-1.0130285082626707,0,1,1.3526083031078882,19.350011713538397,0
-2.173524534270211,-0.6707001638816821,1,1,0.28014475075398676,1.0780868832651749,0
-1.3320629299600857,-1.507014145194666,0,0,-0.9763812903851499,0.9562451335069901,1
-0.5222487209964455,-0.2525228963593757,1,1,-0.7387985030577108,3.6874011924857104,0
-1.017950730594638,-0.2857315589715545,0,0,-0.584838881619135,56.71535976429035,0
0.1600878258463586,0.7060774738643567,0,1,0.9633259923394268,38.41082734328716,0
-0.23497807516115135,0.27927248813209454,1,0,0.724935829241882,2.9927905236840737,1
1.049591298079707,-1.4190143079628093,1,0,-0.915978005149089,11.039634961562957,0
0.33322563824847967,-0.0741681799737999,0,0,-0.7132584377686954,16.473117278225093,0
0.7720573816723584,1.2542050467301822,1,1,0.8275397657930311,3.9325574139658084,1
1.3110400075088662,0.3924141475338678,1,0,0.08404339765490772,6.166836094024903,1
1.4901896369209937,0.8383097113078557,1,0,-0.31210072158372604,12.624030546231273,0
0.7441463813349016,-0.30582805682592373,1,0,0.0935029814041373,9.539709030920243,0
-0.24306210287105842,0.8689014384910319,0,0,0.6096142804949685,1.0785341184999533,0
0.9496712804466318,0.5964121557573476,1,0,-1.8025630469421192,4.961330570097013,0
0.7693932479496404,0.406201967066493,1,1,-2.333320210858699,35.461158953912474,0
-0.4148484696957574,0.10177501250763288,1,1,-0.9485354663473323,2.866301201931183,1
-1.2473519714306798,-1.019418501089259,0,1,0.9900963389846547,0.6687633412742706,0
-1.5125720392754114,-0.876961722985586,0,1,-0.4337009786536015,31.01198800810332,1
-0.9968809867548334,-0.8919333003814528,0,0,1.0073895962365775,0.053882980035999103,1
-0.22799717898898117,0.7331937261388191,1,0,1.5600629583974293,16.62875924623343,1
1.754131824360689,0.6544351308431322,0,0,-0.4635267492015236,6.21177428707653,1
1.7889624882731545,-0.4033843600415892,1,0,0.9403087365206081,15.078598262226032,1
1.2171940016433391,-0.8188286190259116,0,0,0.34156703272331745,5.0753063763200545,1
0.8732637789321251,1.0729601215323996,1,1,1.6837632513880605,5.0405407004071225,0
-1.9974895890000341,-2.142645863735299,0,0,1.4167726090446315,1.5786661439248033,0
1.9208212482524767,0.25995543744032334,0,0,-1.1668319310795594,0.6549585059170944,1
-0.8713705977866806,-0.5402291331123237,0,1,-0.4279679624397716,27.84682793603487,0
-0.9609239435127739,-2.6538824470556226,1,1,-0.8630394715327949,25.904263246669505,0
-0.1924081951248036,-0.7377877841356945,1,1,2.46470570762013,29.043757816645805,0
-1.1544582262333762,-0.9140887053177182,1,1,0.6556731083908695,36.36044388812758,1
-0.22440344878611956,0.5588040612958156,1,1,0.3827633610415481,15.27729575757008,0
-0.4908316027817655,-1.1162232219004886,1,1,1.1634552489547472,5.2616698128031025,0
0.3969531976864984,0.18291394155821497,1,0,0.10571607325208782,4.110584486377548,1
-0.6147263547665954,-0.26249219736719187,1,1,-0.27540034668803265,9.811041197059927,0
-0.034359501222228625,-0.3913151621652386,0,0,-0.12599796416541573,6.8372882869605185,1
0.3420284408590904,0.15644931923935534,0,0,-0.09629007805978873,4.319095984342537,1
-0.6416557139070446,0.2558138215702523,0,0,-0.18389135998520253,27.365179693449523,0
-0.9171099216540685,-0.1971119425638081,1,1,-0.2747442822284735,4.16018142505157,0
1.521388719052711,0.83006402687247,1,1,-0.06104762037682422,0.8953328992322834,1
-0.26945579573974365,0.23482052816227966,1,1,0.5347418763448946,24.79911211825729,0
-0.45905159464794687,0.17660633148415655,0,0,-0.3384554209867575,0.27420472694464565,0
-0.2489190152070381,0.06578702528857779,0,1,-1.1628018353178726,2.4249280792118038,1
1.8307707794682042,1.4807649444945472,1,1,-0.8681283377106833,15.318571021960125,0
-0.1863940630668514,-1.0560236441531734,1,1,0.352678440144731,3.558050240587774,0
0.07526373824693228,0.39728518876807584,0,0,-2.3515432555802565,5.393946653397124,0
1.8809719834971275,1.0852411691828843,0,0,1.5397342103979308,7.874983961560896,1
-0.1504405549327486,0.6742052399747224,0,0,-0.08951580819316904,23.628180957231976,1
0.6671236226875639,1.3984697594428714,1,0,-1.6940150774079403,4.843744920372503,1
0.6858057445875898,-0.49837906435770896,1,1,0.9304991431105968,3.886810894048697,0
0.687536401087501,-0.12385063743326574,0,0,1.173061416493208,42.85505598591976,0
0.6599596974877976,0.745121583762403,1,1,0.8497932254539513,1.3103169878103327,1
-2.139841913076617,-1.3830641732277016,0,0,0.6081717329616689,16.807892147665203,1
-0.4761804373556481,-0.5050952348601654,1,0,-2.08640099853037,7.26455176234763,0
-0.8749434472093933,-2.0248910883325983,1,0,-1.8021466275182096,44.835630834883304,0
-0.4115716626989177,-0.6631266090408937,0,0,-1.0349752032708477,20.16534212478478,1
0.19658447849080748,0.6104797207745143,0,0,-0.41203506848984334,1.4793976033861571,1
-0.012343486103639752,0.5095221547453774,0,1,-0.3097642009783734,0.5099892961935246,1
-0.07456335738382021,0.19813574074120263,1,0,0.7720535566262843,27.84044373776508,0
2.2311793266837543,1.1542300128723775,1,1,1.4612276902117942,9.467857305507057,0
-0.5161661271828497,0.47966265843773837,0,1,0.7043740110943205,9.991911790085574,1
-1.8500675299555862,0.5988189869165779,1,1,0.24932476025478176,4.859000429120688,0
-0.17148426543973663,-1.161425441468142,1,1,1.0406458717039013,14.571818903457016,0
-0.003134947093451891,0.8107680454735166,1,0,0.35793546927969094,1.3886679424167139,1
1.4506577754392058,0.45007176788320735,0,1,1.0611440966259431,26.407693932286264,0
-0.8169049789071882,0.3572694186149206,1,0,0.25421453320254567,40.47291565256184,1
-1.128844339188748,-0.8966163047261668,0,0,0.5841383764542021,17.421798955402934,0
0.2356776971595188,0.9284988506060592,0,0,-0.18228293879462443,2.995970287099331,1
-0.15966459887122245,0.7840611722345758,1,0,3.2081592818867257,17.520554136378657,0
1.2931408883889142,1.8244901916418441,1,0,-0.06254748110125384,11.26579662540417,1
-0.8099412434196437,2.0966849162766925,1,1,1.8786431960521413,38.1738682077893,1
-0.7193216694467683,-1.7091541875563343,1,1,1.362843183184563,17.93915297894327,1
-0.8536304243759949,-0.36527352221505976,1,0,0.3281492198581032,6.104873417022653,1
0.061201689923836906,-0.44526735472195905,0,0,-0.9233377769427429,13.860617871358361,1
-1.6817692529427861,-0.47264725297890725,0,0,-0.07163077453704123,4.055427430506839,1
0.7489759128086665,-0.6196711022651464,1,1,0.6082294943617366,13.959736313127102,0
0.48309975555303447,-0.2585251198275449,0,1,1.1621753707614886,9.416271860506313,0
-0.1397597865851622,-0.1390805738462024,1,0,-1.459402183322525,22.078857263710052,1
-0.2078397733671087,-0.4432410352955628,0,0,0.46400358461407737,6.145969867077069,1
-1.6565758948872984,-2.024900374877328,1,0,-2.507961683641387,18.771829578976835,0
-0.9767322494809643,-0.4444296554850964,0,1,1.1771500154445371,20.24036039189966,0
0.6140136882322428,-0.26851451949216915,0,0,-1.3070293427667283,36.91840618255102,0
0.4640766853231135,-0.0320765741377913,0,0,-0.6741648333862341,1.4764890053288149,1
-0.7013149102570916,0.2142908946605317,0,1,1.1645747705845075,7.101421907256136,1
-1.74778653545323,0.03725816081319755,1,1,-0.9380808416609635,29.98134393874102,0
-1.921404473947664,-1.3682882192207626,0,1,-0.2406575613160862,10.832531520063043,0
-0.9191103742580453,-1.0989075682715175,0,0,1.1900849247224081,6.485141860500955,0
-0.46645451256033693,-0.9296863712655604,1,1,-1.1926265504541846,5.276389860522908,0
-0.7556403182259133,0.40632314300479,1,0,-0.6179313401565354,0.210147796910702,1
0.48613060315689854,0.41803322159381895,1,0,0.23174221206059742,4.767312535769673,0
-0.8489169236467112,-0.0013261643751825702,0,0,0.36489652555523244,3.455023864606574,1
0.4340184556691582,0.9898845691991314,0,0,1.5761440798486983,5.29547079922955,1
-1.3951168735975783,0.14024435007549296,1,1,-0.993227960654055,28.998801604603464,0
-0.07017450353685882,0.32709505731971394,1,1,0.27987689799987664,1.264369784671111,0
-1.0551779061680022,0.03402131730945113,0,1,-0.12954400133373387,4.234211258662138,0
0.9261707820579429,0.42037321862496707,0,1,-1.0761191837710773,3.3625552941358223,0
-2.4429077743659895,-0.48209195881282385,0,1,0.770033797041162,4.981398807586009,1
-0.011097048308807814,-0.1923504326525845,0,1,-0.35282661134551047,29.833437708072346,1
1.2302263203550658,-0.5233409351128918,1,0,0.34060842326089824,25.843629346615565,0
-1.9260905281800453,0.6412561481519876,1,0,-1.7558058272147228,36.93763479341918,0
-0.9268863672769887,-0.797575844006225,0,0,0.15343726886364684,0.9032365437347383,1
-2.7505657382834063,-2.8709442221424646,1,1,0.6273218046976943,3.5252714754604924,0
0.2724801104418152,0.41341117874508443,0,0,0.6354518800083907,44.11448199331945,0
-0.04443859755475722,-0.48618985268861503,1,0,-1.017466689055845,16.22803498366763,0
-1.8215116393275816,-0.927537256540829,0,0,0.4193069230290251,6.904291542650805,0
-0.14780625494724273,-0.7515426772631522,1,0,0.2562704356884234,16.589688067769917,1
-0.7681556288013357,-0.03505252260626496,0,0,-0.09634014314217827,34.71567795151265,0
-0.16672159064687322,-0.3921345737049814,0,0,-2.499048642712468,8.130213434531075,0
-0.5566538147211704,-0.8092178041055061,0,1,-1.0016936183264953,3.3336746664609915,1
-0.27521788145185183,-1.4293125508685376,1,0,0.35726021711684647,8.569407846749863,1
0.5119641345635644,0.8134847185116174,0,1,0.49317447538188963,6.069817299807164,0
-1.9611614974245106,-2.756943498907697,1,1,-0.3084586644404696,17.174028567734144,0
-0.9555655353546654,0.05687930743018815,0,0,-0.8094827822584237,0.2295226590814977,1
1.4363831045068027,0.6823312067455555,0,0,-0.5478638173003301,14.40484707694804,1
-1.9070054274761719,-0.45411340622776564,1,1,2.217731439899718,8.426153947847345,1
-0.17647526372643396,1.1806748196522603,1,0,0.06871284005615556,7.761377323433239,1
0.5414949467479805,-0.41159045544254463,1,1,-1.0036594690671805,4.833166084780886,0
1.6098102364960103,0.3176091777799096,1,1,0.5094156376213667,18.32879479159858,0
-0.8440128005252984,-0.9358990656995927,1,0,-0.32741153078586044,1.9228755331033673,1
-1.5449285393040295,0.4299992666157033,0,1,0.4722134311069777,26.921627998283476,0
0.9326969414374254,0.03977355051663861,0,0,-0.37567174704335576,3.253998608835415,1
-1.861214648794238,-0.4235554583572242,0,0,0.2545918306723296,8.095992510420277,0
-1.9024490302839696,-2.3878308609388585,1,0,-1.0757275647642974,49.19012163209594,0
-1.288059856172897,-1.0075456914297725,0,0,-1.2140524900970724,4.738555271825735,1
1.7171971303720726,2.1391075843006244,0,1,-0.04059318243446503,3.7229728604519456,0
-1.1929222749491972,-1.5051761336226654,0,0,-0.6020958861272496,1.6047199700696586,0
-0.965116263153916,-1.0049753544756994,0,1,2.2456309870346822,23.390420776444746,0
-0.5407955145023242,-0.584661825374028,1,0,0.5520691076507246,13.00976874170156,1
1.1992393092498723,-0.016578136843593994,1,1,1.2184189527969183,4.578710041048444,0
-1.6033128774253687,-1.7021018396409076,1,0,-0.2233768255534202,4.028545522873744,0
-1.3716366353088105,-1.1521457063082738,1,1,-1.8665201975782708,9.871164636646242,0
0.9381194639870691,1.0065631919821705,1,0,-0.7644905590952193,9.179340474464405,1
0.5596957534072875,-0.3132048298167881,0,0,-1.1802334323111063,2.8081219611160355,1
0.7722218226486185,0.8208549137255309,1,1,-1.2347957229858506,13.966043162103018,0
1.1718715974148164,0.5003117749359564,0,0,0.3628428643332419,0.3826053737828636,0
-0.6448775073901624,-0.876780972257369,1,0,-0.554002208889118,0.7129211164188816,1
-0.06370008520937208,-0.338608556420084,0,0,-0.3664539554882318,24.65386285174906,1
0.5579551524749404,-0.9531587671199493,1,0,0.3054197628228899,13.868065161761633,0
-0.486443212695419,1.7572247351200496,0,0,0.6192069348373922,0.6129870435733592,0
-0.6683882810874109,-0.42744119400332825,1,0,-1.9458677917672142,14.323972031727493,1
-1.637960972820444,-1.517979044843691,0,0,0.9866504921570436,59.21024151183063,0
0.12916804275437815,1.00209874344968,1,0,0.15774783609008527,22.581464602991193,0
0.6883382464376762,-0.03366014404644241,0,1,0.4769562166417699,16.45425059409929,1
0.37773188554329523,-0.664161036000125,1,0,0.2548397226252128,4.304629169821624,1
-1.402929521632418,-1.2778316181839828,1,0,-0.6428896447350488,4.449483370372457,1
-0.7797121079529548,0.211451291939456,1,1,0.2014502764089302,18.43959330485233,0
0.5650308483375948,0.25734180340221047,0,1,0.6269766532307286,5.264842298052125,1
0.3408285962514847,0.11389062487999868,1,0,-0.41873193183920454,2.204483970222202,1
0.03818279583949237,0.9333401294675396,1,1,1.0975628829450548,4.832265212191451,0
-0.6605793483820933,0.3201191419667981,1,0,0.0011887774194342456,23.978104684625816,1
1.1643233529822863,0.47573331956145976,0,1,0.8641599561083834,4.919376596975315,1
0.2078608464770713,-1.0507841334792323,1,0,-0.31869403089174075,13.134945849222795,0
1.5960527010265362,0.1827332712562142,0,0,-2.9423461242155735,1.9730395694986043,1
-0.05021546721234367,0.05415305280440629,0,1,0.04165561196885841,2.6341957223518935,0
-1.4701462210518812,-1.0603171139833174,1,0,-1.0536153685949226,14.146627564618468,1
0.07181419608169994,-0.07632407905991154,1,1,-0.12476490295368337,11.348368590877321,1
0.2579467062255139,0.1939518288189468,0,0,-0.5610280281056298,47.16169523932253,0
0.7750057237724447,1.7420992987772863,1,0,1.8155380067998725,9.640994801772147,0
1.8161537562273424,1.281474522062737,0,0,-1.285989765097967,6.689865080977729,1
-0.5104332595206955,-1.5701985662955193,0,1,-1.5859839401041298,31.834595151142224,0
-1.0796489198010175,-0.9153434618224385,0,0,-0.44000796049254964,9.256734541513055,1
-0.28663796919690177,-0.0026645985970469854,0,0,0.9872396045232125,10.6773419219382,0
-0.32947235128181257,-0.8774191995119192,1,0,0.6212327317377664,12.266330355262362,1
0.5523346144338142,1.6383220991286982,1,1,0.10892520376953514,10.398852424947796,0
-0.9365652766457423,-0.2574887045313053,1,1,-1.340836828775179,8.672835569627381,1
0.9352825454314799,1.75228201550354,1,0,0.8027472855990165,39.388675171113604,1
1.1507305269852508,0.38199755900837673,1,1,-0.4328269886951398,10.097606303565865,0
-0.9840282180693575,0.02238578458925594,0,0,1.3871083647222848,7.689073627893759,0
-0.7657960672979546,0.06638137454735088,0,0,0.8436404409791016,22.568756526668565,1
-0.16483355520631066,0.8290014555401247,0,1,0.7517737691331912,6.623135395995323,0
-0.40459799225083554,-0.9208947927690148,0,0,-0.08672686152082566,28.00009188054888,0
-0.16144540217999487,-0.8471534501184529,1,0,-0.8251712102318718,20.14885913557091,1
0.003964424693153835,0.7895062032604934,0,1,-1.2824582183070805,49.12694279422125,0
-1.8219332701246505,-2.9088675346683286,0,1,0.10023454844310374,6.337593987644735,1
-0.43716809096316245,-0.034664667576588565,0,0,0.27841437646241785,0.7166075910710622,0
0.16718501257166055,-0.3588830349639716,1,0,-0.8421447610879073,3.111844958174419,1
-0.1562634274836408,-0.49534935081667186,1,1,-1.4642286496314285,7.577347092718806,0
1.6736685272341467,0.7147270879232202,0,1,-0.054312193899216016,61.70250668602794,0
1.0241101198753595,1.7341798441781666,0,1,0.8188955892047628,1.4814983470847247,0
-0.13440964280155288,-0.013047426356631177,1,0,-0.19749873802430773,15.771481240054818,1
-0.7032871916059779,-0.05871137850309577,0,0,1.7827342361831107,0.0866373993681319,0
-0.4684872532611568,-0.4926307480872603,1,1,0.9068925585174242,2.9880432326898103,0
-0.45300358413314523,0.7330741597179969,1,1,0.775673395279421,25.593171715213067,1
-0.02961985450346273,0.11151438541232384,0,1,-1.6406567461469272,10.778344358318689,1
-0.8733687176763141,-1.2548406538386945,1,1,0.44866679762353895,2.5619625183135115,1
0.3442960167898027,1.674262618683296,0,0,-0.022960424818072818,24.555901330672086,1
-0.9429638972905602,-0.16938136389105546,1,1,-1.1945533311688326,16.335677992079958,0
-1.2760050696961858,-0.7080390099044771,0,1,0.03674935829048364,20.167028609729645,0
2.197974005878759,0.9547965568421158,1,1,-0.6158496670530129,5.282190812304006,1
-0.4117579590915046,-0.4561683069080307,1,1,-0.4376664419006649,5.210569473594772,0
-0.5130541801566861,-1.4959686663790546,0,0,0.06266478546505992,8.697325469832506,1
0.17786716821601584,-1.2751468189663624,1,1,-0.059056981300798096,18.78492604198396,1
0.626290391979133,-0.19381137828719736,1,0,-0.23722229944951226,35.04842142034728,0
1.4594559121020352,-0.29889392925998004,1,1,-1.3340654303554487,10.63716912491096,1
0.5983992683024935,1.2747872048998152,1,1,-1.208261245496008,6.698290161198745,0
1.6683561014788637,2.086504199712107,0,1,-0.4602518188308083,5.150610359896219,0
-1.3796185760017834,0.679274252909676,0,1,0.800352867954805,11.328169815314206,1
0.8468201835793142,0.9240243429829829,0,1,0.7789089335863771,14.890058091154145,0
0.6073347281736846,-0.014719454003051025,0,0,-1.5527988681993106,23.37299357356966,1
0.3656475419952225,-1.1242777177358987,0,0,-2.196219198726414,14.527553770757553,0
-1.2776446874479743,-1.3420055977622711,1,1,0.7023788699043014,0.12658539131053625,1
-1.163645572622544,-0.6617651160912107,1,0,-1.563041801748211,9.793470987625794,0
0.022725448406832063,-1.1441095968748378,1,1,-2.1803734350027226,8.739546403418291,1
-0.24562525519021325,0.4489923447738627,1,1,0.4361499528617023,5.7997950262832365,1
0.4288995929784145,0.01832346625943304,0,0,-1.2372466644033824,7.923643954614014,1
1.3472570387981022,0.8158295351930581,0,0,-1.3439145784909658,10.953574525875588,0
-0.1433775620769998,0.8242512592173732,1,1,-0.41885337572849496,11.572797655066813,0
0.29515592587617623,1.0577076701521955,0,0,-0.0637702527948774,10.362902537534826,1
0.9794559799299569,0.12346808817084998,1,1,-0.022044019071359226,9.525453125245322,0
0.06194696845351581,-1.1755291507007504,0,1,0.9256000133496413,0.7779361663117418,0
-2.1592503615802237,-1.1066049764923167,1,0,-0.8206476807077386,13.422922137360771,0
-1.879147376062672,-0.5993934164429112,0,1,0.7342159952256011,12.668535224805696,0
0.4739064055558511,0.8138022449888935,0,1,1.3102938160012048,19.99127019592272,1
0.41696959351439306,0.3992605392949016,1,0,-0.9985883258405915,20.585040065002087,0
-0.8846188538396139,-0.04051882028730308,0,0,-1.2191995234233695,10.854874469670664,0
0.17070575329717763,2.3970219101401846e-4,1,1,0.4490296565726497,1.605939377156809,0
-0.14170917964746385,-0.03810745645894691,1,1,0.9995629787970448,6.996659520639531,1
0.21578760180099646,1.0492410979593993,0,0,1.1552098766641803,2.1628402245435936,1
-2.359956928033497,-2.661842755628605,1,1,-0.5211445102027138,8.761775555261032,1
-0.5381694916280346,0.22592248904262557,1,1,-1.0042195558076927,5.650197335584446,1
0.2082823670334658,1.13806349491684,0,1,0.13311604336345012,23.369635921958565,0
-0.4236902177978275,0.1025529376200349,1,1,0.5046895874627323,80.32629958096538,0
-0.13834942581778137,1.012152727359468,1,0,2.0845306131182464,1.6018168682044527,0
0.6531146943998011,0.7683704454626308,0,0,0.3473507822193168,3.1830218278184788,1
0.7562709772949388,0.07337777505309068,0,0,0.5047957355802398,25.10099692441441,1
0.7555976037995158,0.09081605486549199,0,0,1.9706341132731435,0.7779631425687704,0
1.1163352066997254,-0.55904528929988,0,0,-0.741125137185619,0.4176696597033946,1
0.5242020029308275,0.11871536659931553,0,0,-1.2151134276893008,2.199747702142792,0
0.4567990292592039,1.1289988256635985,1,1,-0.3097555056234571,9.534772985316382,1
-0.9183489096550994,-1.2615977067809165,1,1,-0.2701097322523434,19.53788775812038,0
-1.5039024019416525,-1.497015136585342,1,1,-0.2744945576223883,51.04469117181136,0
0.10320971380170603,0.588274373927499,1,0,0.12941474977192416,25.009946199221964,0
1.6181413252298034,1.6457587676044332,0,1,-0.5129846512308873,47.934808585397306,0
-1.627746029285384,-0.5056244001306627,1,0,-2.4658678639893967,17.723481766694285,1
-0.5081612107929491,-0.2965189670617444,0,0,-1.1703801575744934,23.03779294137007,0
0.2691178031157612,0.37536260016110923,1,0,0.11586318560682192,0.18077524602049846,1
-0.008159872513815893,-0.1286016314909472,0,0,0.3434539484461196,11.900074179482045,1
-1.695423645174909,-0.4577512879813094,1,0,-0.0550408151572473,3.8223874100760833,1
-0.4084591066740739,0.3965479598268119,1,0,0.8433744147220384,1.2616066147059086,1
-0.4508467402367841,0.6016783068306906,0,0,-1.3464208928905308,79.18622973598801,0
0.21761535234019075,1.1301423678347169,0,0,-0.19063102914299726,34.66139515002078,1
2.050730689153132,0.9903676295267901,1,1,-0.23487935584454914,2.9439959157272653,0
-6.094500957748128e-4,1.178193525241982,0,1,-0.9435586539815223,6.97427850903833,0
-1.9606717777048988,-0.6778834158878012,0,0,-1.4579956542826507,11.41913586680896,0
-0.6792308810099495,0.526380125165244,1,0,-0.9094628898783603,18.98556637992646,0
-2.0968141290563596,-2.3205224844750973,1,1,0.7381616225753251,14.196039501275566,1
0.710221221192964,0.4507585421686008,1,1,-0.4350514854766762,5.096305165310394,0
-0.9223270874255298,-0.08278691572519692,0,1,1.2443796679222894,2.221647432791348,1
0.47782554712956754,-0.5126899257126931,1,0,-0.9408811845308059,12.630429505424495,1
-1.210571073450865,-0.1360020008562145,0,0,0.062300272782535325,3.942004476878864,1
-2.3202676480430897,-1.5933792542309915,0,0,0.009701938525749106,1.0288757915720055,1
-0.6726820655320324,0.25204330991506935,0,0,-0.02294006350073072,4.574517633147451,1
0.48668187517123346,0.4296266543501184,1,1,0.7397439503434747,27.63330562302321,0
-0.5477163194837483,1.0674858157883897,1,1,-1.5264725565003359,7.719910419528088,0
0.3186545389935445,0.8117044656634298,0,0,0.9591042281699443,2.4929851505718403,0
-1.5609225559747621,-1.1971621877023735,1,1,0.5058940247067242,9.401608546152998,0
-0.519377425959205,-0.8409128304496376,0,1,0.3010836002805562,37.50749482362934,0
0.3039969341864947,0.7818115693532881,1,1,1.9314522088465211,1.4724332778584974,1
-1.2909889282638274,-0.44739086056751376,1,0,1.0726938848832295,1.3086947515376746,1
1.2247560950217569,-0.09438399306982603,1,0,-0.7475719872332305,17.9105908799588,0
0.6253362101728098,0.6126335388659094,0,1,1.3400402774734628,8.95940773296943,0
0.8158379147841539,0.7762847667852382,1,0,-1.9663149248393648,30.013140030692384,0
-0.7594232941393129,-0.11974166914581147,0,1,-1.7899225545292115,31.337895137739462,0
1.1370823710036253,0.3099192628999878,0,0,-0.4888375122745273,21.407127749931632,1
1.0859483342483152,-0.6005729728762813,1,0,-0.3826922586365982,0.24106512637269542,1
1.0347019324365005,0.18594015851154344,0,0,-0.1334195845190094,28.08795797114984,0
-1.4081427375353868,-1.2125593797126626,0,0,0.08753718908456128,6.862685055576236,1
-1.0885955097065472,-0.6373372036056996,0,0,-1.5885662068256494,19.508973826724194,0
-0.044189015077627083,0.3641760854943344,0,0,0.20583351868453253,22.872338182125546,0
0.8599345440246161,0.5434525091120657,1,0,-0.41800213810665016,5.684997113313684,1
2.2038752580443584,0.8492840257694947,0,1,1.3799228305563145,1.7482279548169792,1
-0.6567206718701745,-1.331300646843241,1,0,0.1997935001497031,17.60637480519613,0
-1.477482485325568,1.0782435606964187,0,0,-0.031773589931972906,31.40416588423067,1
1.0246038758017875,-0.46038791007339874,1,0,-0.3898102544622404,5.947555636476481,1
-0.18027048742528565,-1.325459305201619,0,0,0.47109245882519035,7.96048658356991,1
-0.06066447500403208,0.2603002970125478,1,1,0.8709952649296577,19.39122412186355,1
0.06319955896190789,0.44735287728022555,1,1,-0.6353001314439316,34.971570028757284,0
-0.09228118988211215,-0.9262106775746994,0,1,-0.5800742898315768,4.4189370506978864,1
0.008632554798230368,1.130165642535069,0,0,0.622601041489762,11.872399668478941,1
-0.4136420196832511,-0.23298104330775968,1,1,-1.1900518000024731,10.168663528118584,1
-1.4785911828802838,-0.2747455257524498,0,1,2.2144176604301657,4.837260209383536,0
-1.1423373056107298,-1.2142792081060252,1,1,0.5213216502348045,15.052802341250375,1
1.6129565369128565,1.3365774833942543,1,1,-1.1261075272622298,4.688014957737393,1
0.41097854926046856,0.45372513279337334,0,0,0.4687138586561665,9.82246607088962,0
-0.6587278439691783,-0.3303233523038926,1,0,1.047449854919136,0.6230726329309579,0
-0.053219816241531395,1.2195806250124017,0,0,-0.14562058960664967,19.618652114047674,1
0.39975147197136895,0.07356974598104371,0,1,-1.7094307946128278,0.6847125460109655,0
1.0792640566927922,0.05120929750134551,0,1,0.36942441487928734,12.00457547636681,1
0.2063615366770103,-1.4321622360237636,0,0,-1.9730921242260542,5.549413720210676,0
-1.156912299287269,0.8548040576409683,1,1,-1.142268851022231,20.8077788107531,1
-1.265529018018274,0.010377074399314123,1,1,-2.1357295924456197,22.998950425371703,0
-0.044278901691258164,0.6839155297068206,1,0,0.9352908366177556,4.849997708667429,1
0.05399496107781314,-0.5986461825409204,0,1,1.4286686298013522,10.251344485445717,0
1.216411488336525,0.7781847309313971,1,1,-0.3980679222265619,8.810052425597883,1
0.45218477523355954,0.11801508164110619,0,1,1.3146648224658302,9.24371027671849,1
1.102529485706142,1.2819067524641212,1,1,-1.2739537518902204,3.4177670988854754,0
0.6617671769898692,-1.3016255265410108,1,1,-0.33403011204020094,4.6752197507326025,0
-0.3159248253932681,-0.28921215126153077,0,0,0.0718902668980825,10.963212662739643,0
-1.2580333421097796,-1.2574564743110057,1,1,-0.2549248453954248,0.496037263049237,0
0.019649377058374464,-0.22530949340753706,0,0,0.3754671673861543,0.422215970182741,0
0.5748553399962791,-1.7502800992172045,1,0,-0.20233829361239977,16.94139765501621,0
-1.2308752256495576,-0.001240615675270007,1,1,1.3561763713678967,33.86178265907866,0
-0.2681880111414751,-0.05480344628812703,1,0,2.1216376057055655,7.253604845692679,1
0.3428823835502946,1.4352344396242405,1,0,0.23122457653236952,46.219368890716765,1
-0.36104075362731636,-0.12162030146763794,1,1,1.0934891253723116,16.14107304582176,0
0.7023600109248824,0.9527575326184512,1,0,-0.6247805773588252,55.63846210045797,0
0.8711569823304718,0.5303349687643273,1,0,-0.43925713074559225,8.434945929608519,1
-0.3983220901191482,-0.5037366760540247,1,0,0.702194409378344,140.75662141653103,0
-0.7405264850712029,0.04151960709188912,0,1,-0.5342374613803217,16.015516665158128,1
0.6950648999990372,-0.9547290137868697,1,1,0.7049758162890175,21.209999140259647,0
0.8699513999099812,0.21732741700623268,1,1,2.9306617835332904,9.78439364898734,1
0.8061045884422937,0.1146370060389938,1,0,-0.359031126270985,58.61545621333988,0
0.8115583576403238,0.38654926665613065,1,1,0.8677872036608074,0.9884053578736929,0
0.1688755096278945,0.23909519518098296,1,0,0.13517406245308028,1.7765725865729987,1
0.10331278978895223,0.6442324144780076,1,0,0.04457761091752364,28.883203972060944,1
-0.862301036635239,-0.3259187563351211,1,1,-0.24209901293323474,24.687603877542568,0
-1.0068986026988938,0.1929142903551816,0,0,-0.5275849983514334,63.48657921265084,0
1.3390208657964822,0.3156408182792868,0,0,1.3008674248986216,5.991951909462802,1
1.2700992166727865,1.1790746608259743,1,0,0.28329217030350606,8.926727174346166,0
0.7826383734199227,3.0655787244186694,1,1,1.3211859917961297,9.10044165011711,1
-0.38246065508444727,1.3919146833906,0,0,-1.1861480407035454,3.620123114925899,1
-0.860229582402642,-1.8924295149986687,1,1,-0.23767615320483249,17.079125269148804,0
0.821227851040104,-0.7121387106674537,1,1,-0.2595382457381575,9.167595841997377,0
0.5898241276836437,-0.2322262542687314,1,0,1.0903465550543752,0.5643575499014044,1
-0.5695486490793514,0.1381156490821423,0,1,0.8758760186624986,23.245381273266204,0
-0.09585824372203171,-0.10835188275478874,0,1,-1.2470617005273814,9.285584793764613,0
-1.9712853462336017,-0.7710223921832007,0,1,0.8810156413169267,1.751129592605995,0
0.06037356780836972,0.11317460858374093,0,1,-1.87909443803605,8.108670532012997,0
-0.18932211471871918,0.5286689532000624,0,0,-0.6245452993844314,4.057577356307778,1
-0.2594792011726431,-1.3205496261678291,0,0,-0.19551123356674643,18.33995548804893,0
-1.1693724981394609,-0.3230318477322995,1,0,1.5586732800708503,1.6631959154846687,1
0.9879701103235232,0.6283913293480736,1,0,-1.67586531646468,14.820740931363412,0
-0.40275601693046,0.17927901235505664,1,1,-1.9066033800522741,0.2805455822360895,1
0.5404160908257744,0.2684007644353594,0,1,2.0521252896208955,8.644471484376657,0
0.25059635494771737,0.5995629206711752,1,1,-0.7235744292082444,20.647587354515974,0
-0.707099771801877,0.34729740615271976,1,1,-0.3575480572388667,4.669564369792643,1
-0.7590686777526895,-0.37784599374121447,1,1,0.08252981788923472,6.357257828821398,0
-1.4174759055539714,0.7925240892902745,1,1,-0.30348410573279744,17.813889661345243,0
-0.9923861390425369,-1.8476158584695865,1,1,-0.4548892675488368,12.481712195015437,1
-0.7616481222434063,-1.0357591414524845,0,0,-2.5750635666679798,8.931031340956112,1
-1.0213193644936698,-1.020825619659881,1,0,0.6351958603907273,5.178871244537324,0
0.15774056256078434,1.321841503504829,1,0,-0.1488219169291637,9.418008863390053,1
-1.6732030649500134,-1.4564633062461634,0,0,-0.7312532182222012,1.5790191835015437,0
-0.33037080004267844,-0.092014056794193,0,0,-0.1172744815046154,23.82361801065902,1
-0.8358297368396427,-0.7887600356067104,1,1,0.5901053323974672,4.244948985436248,1
-0.4236960792792228,0.12929494445750367,1,1,-0.1924142822321157,20.981734926975836,0
2.3926002284076584,-0.5385262580582018,1,1,0.3200864119293715,6.667615926930607,1
1.2346229773370712,1.2001205199664187,0,0,1.1037769989983963,0.5887038284620821,0
-0.043188590992361595,-0.383805737791455,0,1,-0.26203200706327845,3.25664659761117,1
1.5353860927383545,-0.6352971229110508,1,1,0.26620130575836237,38.97441360347566,0
0.7365021456886099,0.9833931189121987,0,1,-0.48538732467385537,3.589210336848117,0
-1.3818071107871708,-0.002545496898094468,1,0,-0.9514770527540546,0.5984861820804754,0
0.10877687233318345,-0.5199979729409572,0,1,-0.6137828596657725,0.31162368138502583,1
-1.2719061632430444,0.7027112759613416,0,1,0.6776669086703176,1.1166974545189874,0
0.27839870197797173,0.5481994442808673,0,0,-1.4283998337629602,6.323025111925791,0
-0.5047311520913262,1.0196137094355064,0,0,-0.6393570057646528,2.299602319662635,0
-0.03719807805845625,0.5188889634254945,0,0,1.4892727393415148,41.965378704834635,0
0.18083414100917783,-0.1970342836089407,0,0,0.8487109666172367,0.8162924519530309,1
-1.1193024249911976,-0.830203041620058,1,0,1.277893873955845,67.33615061022333,0
-1.5994374049639566,-0.35126983531365585,1,1,0.28098906517438904,1.3499643133112171,0
-0.8452598239274537,0.15150460293352047,1,1,-0.7388936300175396,25.81396686644766,0
0.6785105430809514,-0.8528370684421474,0,1,-0.7699719208622525,3.7362979048043994,0
1.4509199939252715,1.1504908840616976,0,0,1.0988308386963477,4.587644660795057,1
-0.06396600590401204,-0.12321724626533337,1,1,0.9363145854920415,8.604962560330232,1
-0.5965059983695462,0.031851711684670714,0,0,0.06815299240318005,7.178589293926098,0
0.6620597529243267,0.7842848751391975,0,0,-1.1169195548258963,18.8650139761192,0
0.1560236473915056,-0.35561242669288706,1,1,-1.090213835254616,0.06406086352319268,1
-0.7946159699153343,-0.05405132019148823,0,0,-1.1514775162840958,5.091826897114515,1
-0.8828255321463055,0.6611622363005003,0,1,-0.8867946745572796,3.9944326069968317,0
-1.1415686760078494,-0.44933050764267235,1,0,0.19672482144752815,12.141266994135144,0
1.0196834474641536,1.7143762800093447,1,1,0.25826156507732223,9.526894607627943,1
-1.0291827685910158,-0.8697168674956111,1,0,-0.4859864262857979,12.837639761707496,1
-1.0645812970299477,-0.3039840199539198,1,1,-0.5236341269371177,4.462989603748007,0
-0.2870445558164885,0.47657661222826897,0,0,0.9243648858218937,34.955288192008915,1
-0.338374432875917,-0.5655763180297954,1,0,0.2955060320341672,0.11194849473736329,1
3.5192990649636373,2.89074096151358,0,0,0.11129679061063202,1.8028982245669474,0
1.0175301979119686,0.8127355158848275,1,0,2.004507897785292,17.778753036692304,0
0.331029329991891,-0.338248788992382,1,0,-0.22823154859986602,8.986685802606312,1
-1.0768452867195526,-1.4377078805344663,1,1,-1.0887123841068933,1.2738740567880247,1
-1.132630756082282,-0.6675624894193967,1,1,0.10951066243183363,9.344541497818438,0
1.3067182663933912,0.26146321593130667,0,0,0.47439866593462726,36.41659649049039,1
-0.11128544007593938,-1.2681878145874856,1,1,0.12827483361683203,13.43591258416328,1
0.3035058333113262,0.2186091240995522,0,0,-0.17330435102071806,1.1547011032010137,1
-0.09205146351483488,-0.8424375087504133,0,1,0.13989790104630534,4.513839663282744,0
-0.6000976398473148,-0.6388841195105239,0,0,0.5977437514253877,0.7107880768369753,1
0.1734364645771361,0.7766507515607286,1,0,-0.003284215863378518,24.143582839778407,1
-0.823346689715434,-0.9921799566828796,1,1,-0.21387606458760056,12.144060836004588,0
1.3719059891330514,0.4013574082915873,1,1,0.22565005060389584,26.6321679806447,0
0.5668858192233499,-0.03175428895869281,0,0,0.30271693664017324,38.734551510341845,0
0.30498731785041355,0.12950018169082325,1,0,0.8944782584656003,8.878273831888976,1
0.6052381030219819,0.6655487340776425,1,0,-2.3309611026376387,9.90007449351395,1
-0.18549405441813704,0.32118885391262025,1,0,1.102547577505517,0.45335575469284073,0
-0.3973536258760291,1.0533048638816573,1,0,-0.9123115723081081,1.986349513701456,1
1.1359954222781365,0.43755069962427295,1,1,-0.19490841213438528,2.2351384633957876,1
-0.11393823408345301,-0.312720706018219,0,0,-0.7465278675266964,27.73496469601057,0
-3.5304315081966458,-1.4387239081574494,0,0,-2.149632744670562,9.065150952103284,1
1.4281986637778714,0.021552865151618583,1,0,0.2953928215085217,57.95178539064953,0
-0.2955939317078148,-0.6044480385311521,0,1,-1.8238370311815646,5.779656551015998,1
0.29360494819989713,0.3684422291503254,0,0,-0.1719227437699145,18.075746842873833,1
1.0780464409545443,0.3859248955509314,1,0,1.5547361888635327,16.876137856728743,0
1.6504854253938173,0.39362735805966853,0,0,-0.23397685765833984,21.295677290476366,0
0.021828480764899058,-0.11821149270937442,0,0,-0.041158474811807226,28.61574755884092,0
0.18391899359703992,-1.0617801710613188,1,1,-0.6042265065647515,1.0947276421006351,0
1.58282040783261,1.5222313057861734,1,1,-0.11709424582848402,4.0349731056386435,0
1.4493396104436511,0.222719819802764,0,1,-0.3931634505063479,23.59014651639029,0
-1.1463012240111743,-0.1533527273091415,0,0,1.111743042559918,5.750318002099581,1
-0.26398273751982504,-0.03590939614793211,0,0,-0.4000015691209834,13.283872293689535,1
-0.9001951834555282,-1.0463382151626166,1,0,0.1734518753501616,11.147186852286795,0
-0.13969690047390387,-1.0420207981089922,1,0,-2.133395594295504,7.693693734000663,1
0.8590989840512478,0.6554743008507635,1,0,0.527609825225153,9.054843350203956,1
2.1867434238850048,2.43563425597506,0,0,0.4778417489191221,8.775415636138796,0
0.6389280647539826,-0.10449635080431852,1,0,0.790807059242847,36.231314395029116,0
0.10131322728241296,-0.22389067292282644,0,0,2.219764151937534,13.64895146146138,0
0.8540677812363033,-0.5605084494991179,0,1,-1.137434261549518,42.757926477865055,0
-1.7408464811724569,-1.7217288408170857,1,0,-2.0389010179745903,3.9775473961038474,1
0.27414133179816497,-0.4532598301947025,1,1,-0.05984212481706169,11.557204384558103,0
-0.5764204139030381,0.007547634850953944,1,1,-1.2659856800671991,8.09553032985379,1
0.2603508241422185,1.4333654068553991,0,0,-0.6401712055084194,20.656891069265182,1
-0.7327795852901626,0.1455526686344908,0,0,0.6407283704011657,1.9818240535520704,1
1.9507098289183329,1.2815648746060728,0,0,0.35089778835116653,0.553550461063077,0
-1.0879169919197222,0.10635485606150163,1,1,0.0640328259029201,14.54263021117495,1
0.35109437664165044,-0.12214757850603725,1,1,1.0898939462310822,19.904367581564614,0
-1.123807332260936,-0.3085789716345327,1,1,-1.1262092735880451,12.022598042480043,1
0.5641852821626202,-1.2344764519803453,0,0,-0.5964004740586822,2.3876085093525385,1
-2.363145814085146,-2.0862402039044783,1,0,-1.1527114048219982,8.32914295950354,1
-1.9504635749706931,-0.26549428500079353,0,0,-0.42137753968672215,23.247041976037867,1
1.722390750164307,0.05116453202896465,0,0,0.3640481291832334,7.152560141843718,1
2.0989243130079953,2.09282977857457,1,1,0.6781153687010941,2.79798057347421,1
0.07834243695736481,1.242914371674716,1,1,-0.6348007575830019,14.248930805173853,1
0.40102446230128447,-0.6273387234221404,1,0,0.1824089730521652,0.9636018819097717,0
-1.645906613558306,-1.2708683577722675,1,0,0.5996137524936165,39.99729435656799,1
-0.4794834957407322,0.5377057440831434,1,1,0.4347910106210577,6.410986577020418,0
0.19214259512223283,0.06889467314222546,0,1,0.4858978970181334,23.679432375660276,0
1.8203571149303117,1.1313636510067646,1,1,0.012014042804772886,1.3190924017384476,0
-0.3149239523081849,-1.1074378866265207,1,0,-0.46558605660141705,11.762178199128408,0
-1.741093033497708,-0.4117004740769664,1,0,0.748203440554992,19.175811583609427,0
-2.9913232335121314,0.02812489310772537,1,1,-1.3530217970291625,0.3797661164293648,1
-0.9143186638559242,0.3079604804202687,0,0,-0.8561425820812333,16.5251110435224,1
-1.1663797316684255,-0.542147341797467,1,0,-0.7428637009629367,2.8553100779022533,0
0.8966660675917943,1.864508546490296,0,0,-0.8591374324654678,8.098243307907843,1
-1.2042268051571599,-0.6604144385722776,0,1,0.22188116155943793,20.71863662327257,0
0.3423604210543118,-1.597964578609875,0,0,0.11942741229208517,14.095334299392224,1
-0.3588544663864437,-0.8195431316455263,0,1,-0.5330708127638838,3.148653898675814,0
-0.416025972846947,0.5739882433433763,1,1,1.8240944461230635,11.743735432135782,0
-0.5839537568146882,-1.5188533955135992,1,1,0.4315959374506052,1.1318725866683872,0
-2.2080007380571036,-1.774837058402976,1,0,1.1083246156355737,24.26973597917686,1
0.40699058716339304,-1.042026594408477,1,1,-1.0511377237446646,18.204765368348156,0
-0.5644250692920144,-0.7072913475548637,1,1,-0.4449168620698558,17.102744948597493,0
0.4505316625448368,0.7370604382328306,1,0,2.1963984523042135,25.775938484596473,0
1.4805745515934687,-0.208485831515704,1,1,-0.15497374729842264,6.238752400725504,0
-0.4366069764522746,-1.0341304558363997,1,0,-0.826272045933549,5.908349688923612,1
0.19863795995784558,0.19011898055361698,0,1,0.1560093264674155,22.05469363266981,0
-0.6833658774574898,0.04023722681206532,1,0,-0.17314464341644425,17.598269499286264,1
0.9409331294710993,-0.00861083010839686,1,0,2.257773936907962,30.342818354881874,0
1.3586256434373365,1.6168442882352276,1,0,0.03130920174659408,3.1644525455893464,1
-2.048480558994439,-0.5668805083607409,1,1,0.9417501696895351,8.087853566675111,0
-0.0027039590263384914,1.3052335170568994,1,0,1.9002282981394758,9.015906555103491,0
-0.5789085777253477,0.1961082215722441,1,0,1.1569852908948868,16.236834820999537,1
-0.8673046460256197,-0.761624961235634,1,1,-0.11372581685391896,11.023314567246837,0
0.8994005443947717,0.6276530705731048,0,0,-0.2315704658573602,1.631089176939491,1
-0.17789315685889268,-0.461026254719649,1,0,-0.02678025162728773,0.8988746938126657,0
2.1555369544259118,0.76781523449631,0,0,-0.7449289653533988,0.12035763905200259,0
0.36136878775395265,0.9701041452274416,0,0,1.0128983805942904,2.443385346429458,0
-0.27729673236999747,0.6018479087518395,1,1,0.5544886075115639,13.932425203995638,0
1.0469549803935945,1.1336064607003151,0,0,1.8756320656795424,7.488693121432337,0
1.331495770824338,0.3121313777698913,1,0,1.9310747911266588,2.819737752101251,0
-0.40617740968745975,-1.1319310117571435,1,1,0.5106229979922278,5.708786790123927,0
0.6901949961421456,-0.9273811120285784,0,0,-1.6437724907188362,8.936272790245567,1
-0.12116633969259472,-0.3556466098533764,0,0,0.13896964189364056,5.299165739996578,1
0.5240846545555875,0.014983238845426905,0,0,-0.03893259408073092,4.522976507555489,0
1.0478247291023144,-1.0055824532821684,1,1,-0.4204926710788207,37.70338126716743,0
-1.439944582896825,-0.6791379806740527,0,0,1.0068109532758744,5.308733768149305,1
1.7648310670424958,-0.09727981082821135,0,0,1.5936336965240785,4.803736767871844,1
-1.4717149021125655,0.8076233846598271,1,1,0.056718303722637614,15.053619741294838,0
-1.3287597601700232,-0.13389873295032717,1,0,-1.222111263582881,0.08367887484173395,1
-2.5071182653834025,-0.6419719983360174,1,0,0.289115098719926,3.9497162592974866,1
-0.7874372957619784,-0.0866551666348343,1,1,0.6036365920227854,7.11143100183881,0
0.9186565839297496,0.45179290959091434,0,0,1.2459195451752083,15.299471011689043,0
0.017207665594149674,-1.0120298575163023,1,0,1.262512780177975,10.946534930925647,1
-0.4166696492927361,-0.15154560555166904,1,1,-1.0115863992511984,7.543419236065568,1
1.3441848623440595,0.07174318988990824,1,0,-0.738057421031131,3.4884223565775945,0
1.6149078730708177,2.0979939914510553,0,0,-0.14040580047164034,25.269766750880194,1
-1.6523488251788956,-1.0655839331101638,1,1,0.09453580482730808,10.002424165563347,0
0.051199150827964834,0.0984143650490204,1,0,1.5601592839607281,16.834207452803287,1
-0.4080899578229397,0.518066723537243,1,1,-0.358480663223945,16.476071374147327,0
1.5724370138927861,0.4479594943759361,1,1,0.6039484231891552,7.795673564910658,0
-0.5743154272144904,-1.1780591587319225,0,0,-1.7360230015086195,23.722794503025572,0
0.26307619663476095,0.2412845932665498,0,1,0.1741273716515079,9.833331701694538,0
-1.6136045453428607,-1.6542210186344775,1,1,-1.5629899294428726,5.057884787451091,1
-1.3448402870060903,-1.0430665955742453,1,1,0.23255100126942516,6.208839425349672,1
0.20205238363955802,0.4205019996038073,0,1,0.6577883071503867,18.823210951064777,1
-0.7733072260873765,-0.6814636644306538,0,1,-1.0618786076004607,2.4200874471247933,0
-1.680929516907355,-1.4197592439628104,1,0,1.1372531361427036,2.763770775991747,1
-3.1295798839001194,-1.9782025628665791,0,1,-0.7413127749742611,16.03784017191607,0
-0.7443562689865172,-0.8559165164774707,1,1,-0.4774502925017424,4.867488234285912,1
-0.02093986880562334,-0.6456007328350359,1,0,0.7007166479625552,76.17786824729222,0
0.3738515556071653,-0.31761585245149604,1,1,-0.039106055540983294,2.922165811921426,0
2.0029782289895834,1.8018010510265483,1,0,-1.1996061275934562,4.948527447908081,0
-0.8967113778692405,-0.39470932300913336,1,0,-0.6088090533711884,45.17160365506626,0
0.7567360866185254,0.3176922002564745,1,1,0.8747136267828721,22.806802109281072,0
-0.050570246097948426,-0.1407711080919214,1,0,1.7080921923310157,23.868890050491085,0
1.5090925200656167,1.233248023612646,1,1,0.2583218703967275,1.7151777419637342,1
-1.039570124746552,-0.5893986838274606,1,1,-0.7593444608501302,22.519107252756605,1
1.3704857983097254,1.0215335227601852,1,1,1.4703224559989516,8.45417200540944,1
0.149816914905433,0.9173486066663566,1,0,-0.6409738406090607,11.71407222381027,0
-0.8797624572107464,-0.31959444671715936,0,0,-1.6781904276828723,12.176795413135101,0
-1.2143305280027439,-1.1677445967350795,1,1,-0.49555011225872314,23.212956396850153,0
0.7246027990255584,0.39813316741712296,0,1,-1.825498881393987,35.291273993864024,1
1.8912591029819716,-0.06083192120272218,0,1,-0.7116846256726983,0.5895671308894463,0
2.02099662218836,0.7083212229317619,0,0,1.123645338896146,20.960000698797955,0
0.26417522212700545,-0.0983085668522796,0,0,0.5586910477647054,17.622874610206797,1
-0.7155010741402699,-0.7196974523189135,1,0,2.4154541553473594,7.0366127916313275,0
0.7598494297642953,1.057820564669111,0,0,0.021574738115804373,16.414578302049502,0
0.8890666773137637,0.8257784774982929,1,1,2.006028387242497,10.10530799965313,1
0.018800454201574224,0.25552126640174155,1,0,0.7251982257203942,0.369744240504089,1
0.5769420175770178,-0.45133100908466767,0,1,-1.2541024003880428,8.25611057256155,1
-1.6541141111371254,-0.24171678187077672,1,0,-2.4270537522755897,21.667535484291875,1
-1.2191492423399688,-0.4057069062624133,1,0,-1.1442050878307009,1.3918841181083716,1
-0.6720588441873481,-1.159934863454771,1,1,-1.1972574624956118,7.647529494333796,0
1.7350928021538568,1.479961152697957,0,0,-1.7396644541014716,8.358032457012698,0
-1.9541675452859881,-0.9270739088984733,1,0,-0.5340958724471944,5.464452151640616,0
-1.1934593394959487,-0.9650805651797507,1,1,-1.4672469640070696,3.156810554277442,1
-0.2008005997231213,0.03830897141844855,1,1,-1.0772359028267857,11.830772596868078,0
0.7236669827261792,-0.6219225437515536,1,1,2.4208619166300087,12.584917182570258,0
-0.4312257180830804,-0.6749493139864599,1,1,0.633041253057944,2.1271215122349907,0
-1.2403832712646823,-0.25504109975101674,0,1,0.7774774340566638,7.033243894030458,0
0.4785866657479875,-0.14926209101201496,0,1,1.0231405858839908,4.224030096011963,1
0.7362103569889505,1.2759469819142393,1,0,0.04994246811257914,0.20483931749289525,0
-0.8130170737721153,-0.36027835234969824,1,0,-0.5470819437819375,28.29115395361899,1
0.3079609440973092,0.40697258554790905,0,1,1.0419673608647424,13.223426267288941,0
-1.5231742931025585,-0.6613254239246721,1,1,-0.889728625706255,5.240473967416948,0
-0.22958288475081098,-1.4367627346612764,0,1,0.1987884760982447,1.3053136280806137,0
0.3505302532268362,-0.6800611985468886,1,0,1.2933666769928582,16.34828654543797,1
-0.42737269101099584,-1.1260343179380277,1,0,0.5427703938365568,10.3604221180743,1
-0.2733553909938142,0.06625407649192613,0,0,0.8898264483682811,2.842574707559637,1
0.6381620453056202,0.7627403526544356,0,0,-1.282824854421676,16.94015836671996,0
1.1224710375947433,-1.0425941443308633,1,1,0.2323200611008802,2.708541617858161,0
0.34878513479205703,1.1439408281075145,1,1,0.3127668502738887,11.401612124617955,0
-1.6931829867331734,-0.7696485689305115,1,0,0.11008982354584651,0.36943306549520566,1
-2.0899157078630735,-2.343974245252242,0,0,-0.9772286258679863,2.667229140759895,0
-0.8024592850568999,0.7849989092130375,1,1,-0.24082294272118707,11.192373256281073,0
0.4269969452569438,0.36536502012937266,0,0,-0.06658027761844683,33.57453383055479,0
-0.4566769189557793,-0.03261320319172403,1,1,0.7467244628822303,4.798957060404035,1
1.3116789136780507,0.597037902228064,1,1,0.5543824541704241,0.5136222154276021,0
0.29450988632559283,0.057799575113743895,1,0,-1.5640561199105742,23.674684338553767,0
-1.6831052322442543,-0.7002556111591751,0,0,0.691606363070906,26.939816512415312,0
-0.7892404064831624,0.2903759754150438,0,0,0.46561934368738694,23.183648933971025,0
0.2045454338828738,-0.7423094405721556,1,1,0.319606318314586,6.228449527879019,0
1.0244125903707044,0.8166274485634712,1,1,-0.1948184229441932,11.971340286383642,1
-0.615945114417814,0.4172774649695276,1,1,1.0941059529488955,1.9812907908528927,0
0.1884616722724134,-0.3604680636976158,0,1,-0.23100988829172392,4.320441995748023,1
0.7046847594301566,0.6522371139571888,0,0,-1.492330528044877,9.954831945893272,0
-2.39994528114168,-2.5274455943563785,0,1,-0.01728227627182312,54.470405029063855,1
-0.8490695920522413,-1.1483824743294861,1,1,-0.6615387237867405,15.79399242139369,1
-0.19140573353934537,-0.3038765530831712,0,0,1.603201136585945,4.917105981670176,0
0.30543502569795683,-1.0279249447895102,1,0,-0.5989825806755072,7.1006449942682,0
-0.1827999788449009,0.4824217044957584,0,0,0.7770496465666176,4.264447616923845,1
1.1926415172647007,0.7635088958920406,0,0,-1.3884818298687316,6.356888152227438,1
0.9107575479171346,1.6093095243272881,0,0,0.7323593488676097,43.562769017205284,1
-1.340434545356455,-2.3127525960646835,0,0,1.1898255381222331,30.216360894570943,0
0.03570148307484601,-0.0017133541738558328,0,0,1.057215268827114,23.62850229947862,0
0.6737723905981966,0.0358349126695503,0,0,0.04799176346791914,14.655628917371438,1
0.5902526625286809,0.7568267636197772,1,1,-0.6229754139981263,3.5679958637634592,1
-1.927490681464925,-1.4550825175492617,0,0,-0.41605139413488956,4.002733792548704,0
0.47414752199101146,0.24811169532624905,1,1,0.9747380647828766,16.666425635737806,0
0.11967753788214668,-0.4768159046564734,1,1,-1.541502274714839,20.591103862951165,1
-1.4146479356835253,-0.22993275857327422,1,1,0.13000648992112346,1.6116488160400086,1
-3.312273739532908,-1.6582425162045982,0,1,-0.22547838926171343,16.824605812776966,0
1.3781137068414608,0.5460123783231355,0,1,-0.2602446863825385,17.878232616479796,0
0.019584226310627322,0.32084367519605655,0,0,-0.23016805070330598,12.474862883823947,1
0.8657285891440235,-0.021450247347539475,0,0,0.5388563449088283,0.42737797041470343,0
-1.6283206825495649,-0.159233662879541,0,0,-0.9390767567290035,3.4986066624781107,1
0.8051406490527538,0.5958604966059498,1,1,0.8364638095957417,13.805418454151539,0
0.3284068207284322,0.25213931917252985,1,0,0.45029478184456734,19.686309526435203,1
-1.0496974294800852,-0.4769724293535395,1,1,0.01767824239444277,1.6088916710708219,1
0.6072336456148872,-0.45210091429582233,1,1,-0.6388785669665508,10.565641438624457,1
0.668530004320609,0.05181997602542787,0,0,1.6926894759959783,6.586761900644505,0
0.4026580720790257,0.02436957848882232,1,0,0.03086274658355365,1.4125425700197018,1
1.6300242411456152,1.8532368183571375,1,0,-0.3186206881032422,10.57744857722095,1
0.37408975444503134,-0.1589488757660647,1,0,0.7990428433066624,0.36403604059245287,0
0.49041383336537875,0.09168186770930103,1,0,-0.6083820912952769,12.710042213337877,0
-2.1413377323051113,-1.3526377993150371,0,0,0.9130253906814167,11.536065870212772,0
-0.0853214573797656,1.0018219532758037,1,1,0.6448122477770422,26.863923359435503,0
-1.5322493259164172,-2.1495623553103833,0,1,-0.25986666065624064,10.900157836398908,0
0.38946924288848744,-1.1630362362131532,1,0,0.9592361619603493,2.880550329447598,0
0.6729100446202889,0.09383790953568438,0,1,-0.9470463275020565,1.0161435928540798,0
0.04301726766527154,0.7391976582468106,0,0,-0.17320601169400565,0.4227874660325096,1
0.9407760785043944,0.0963704930037117,0,0,-1.3053504831013947,1.4951029657719614,1
-0.47498871838727036,0.3925369919858641,1,0,1.6916376081320028,4.423040012077474,1
-0.35642878010283263,1.086354072362493,1,1,-0.6323160403413992,7.629368214218197,1
-2.3204463485009956,-1.5023457781401086,0,0,-0.28567593135973696,17.205303620354552,1
-2.0712585920806554,-0.9903666435388231,1,1,0.2080841636983958,16.80808161523605,0
0.25603315291298673,0.027879548287572442,1,1,-1.2429206500053585,21.718677858870468,0
0.6333166441426685,-0.018736431324499758,1,1,0.2384193079229668,27.85262770242029,0
1.434041031334012,-1.227246125981528,1,0,-0.8490347853590271,16.63903978069095,1
-1.4237751752405698,-0.19032093022441732,1,0,-0.9689596970119202,17.552417576307498,1
-0.028837196325433797,0.14112006697216348,0,0,-0.24202323632760292,10.237870953660673,0
-0.581708262174505,-0.4482095713009304,1,1,-0.5910703583004635,5.9405046166370274,0
-1.3772576133374075,-0.3992017323471212,0,1,-1.376475993816638,5.98087633553619,0
-0.4111788910920206,-0.3712281764640899,0,1,1.2524798459237092,3.929237006268101,0
-1.130437727273045,-0.5684558639219595,0,0,-0.26030332898418107,9.163710489540927,0
0.39346655409504766,-0.5067286812824738,0,0,0.6538565308191129,1.006630806660181,1
-0.9483629206542875,0.6228108060839577,0,1,0.51499581464281,1.9029266215343041,0
1.5930075340337135,0.2001476836701641,0,0,0.25812458644861735,3.7674342025767023,1
-1.3607378453999823,-0.3334298859295936,0,0,-0.34287337103275833,11.439764778701495,1
0.1305911445554229,-0.2649613576660672,1,1,-0.23129780321267504,6.84353187644286,0
0.07846434067635859,0.5342188336938709,1,0,-0.8350324534354232,3.12810961030172,0
-0.49586637647920284,0.5381912539459095,0,0,1.5478636390908906,8.06017686262693,1
-0.6712264619195444,1.1920241712192827,0,0,-1.189861760531906,47.67255530122119,0
-0.7008733669892063,-0.8954639922069636,1,0,0.4740674061830667,7.610963127111951,0
-0.9488586501224857,1.1774971544593007,1,0,-0.9966923463257971,20.019730829099665,1
0.773163242910464,0.7689502314596408,0,0,-0.5858208737392357,12.184226522258118,1
-1.4433124284326482,-0.04818734935487001,0,0,-0.6783624482597406,8.884030714640831,1
-0.6595626500296526,0.6028103881157985,1,1,2.0213822723937414,2.221897403356047,0
-0.8733917405641605,-1.0224238615688332,1,0,0.39155551684780243,33.81509442893211,1
-0.2392084304024226,1.2338369953114734,1,1,1.3893937830742804,17.034900571670775,1
-0.6102762723641895,-0.662917601016753,1,1,-1.602093147122418,6.485814237643507,1
-0.23051048972401905,0.9559176768801568,0,0,1.038741489877999,17.765492620753736,0
-0.1719879457273813,0.3884087327157882,0,0,2.4909842416169545,13.983218038082356,1
-1.6075234748691913,0.9262293897548705,1,1,-0.17259602024475337,47.85424807566941,1
-0.30680035532182953,0.10591557472061616,0,0,0.7519011265971219,53.82366920039229,1
0.6070032447446119,0.07565287048490771,0,0,-0.9544357990097728,25.817072323816397,0
0.10076049034454784,-0.20256374337348443,1,0,-0.7002140005804105,11.585481783094668,1
-0.4402984655433753,0.21021177539145977,1,1,-0.7011319720523167,38.87321540930834,0
1.0118834213543024,0.1957556731796648,1,1,-0.18026841573331423,0.25228384158663225,0
1.6475515955358524,0.6459555336069064,1,0,0.5577631440127115,0.7282784945802568,0
-0.6943587124285703,-0.02140138414499909,0,1,0.25381932895640197,23.88498014024119,0
0.7147084999587401,0.7992241303027249,0,1,0.8010337630733129,0.7799377711669588,1
0.7077816010875772,-0.6168925340705018,0,0,0.4812477637159105,20.983204079347693,1
-0.33202514847912973,-0.8180658178991493,1,1,0.23044938939749324,4.243092983601521,1
0.4178067680128968,-0.9412048472537774,1,0,1.1719663118505552,15.259988795744638,0
-1.7053221034497414,-0.6645642745412073,0,1,-0.4301239454671173,3.3322923446368984,1
-0.18054584919410285,1.293349066954807,0,0,-0.08014736639699387,20.460407716277718,1
0.4519338756745893,0.9721404050950617,0,1,0.2627572344947725,7.836317574519514,1
-0.07365947192868333,0.4370599187663675,1,1,1.1202493919134942,2.967726203710071,0
0.09588532846338187,-0.08406379903864233,1,0,-0.22111659534079725,27.031647902819646,0
-0.8000419066310545,-0.5710696525059991,0,0,-0.5043788331662024,35.87847387711586,0
-0.6608889972062733,0.07466642432205689,0,1,-0.19526602330103204,51.101112808804785,1
-1.914766929331058,1.1030006443402682,0,0,-0.04225688485104652,21.308957738530225,1
-0.6352977270879037,-1.805202390866004,1,1,1.6908428412263812,12.752963751410654,0
-0.5011874085623834,-0.14500118629516262,1,1,1.3011242002925418,5.0737972506714,1
2.0305567612719333,0.980346562833774,1,0,0.9004278206628146,17.371314649914705,0
0.7974497988688605,0.3012631948447862,0,0,1.1133711399988213,7.773586953396848,0
-1.1313800581675777,0.24538334258622652,1,1,-0.19188028899778228,73.60131677249298,0
0.652334188008413,0.25754956999632805,0,1,-0.7117587320730236,2.437620621505391,0
1.1043900975270307,0.8163825641003548,1,0,1.1486124804471112,14.874805771010266,0
0.8372602071692777,0.5203901717813868,1,1,0.23106208806593043,6.364861190405361,0
-0.2167408556843823,0.4549535726327711,0,1,-0.8660774936581163,40.60856922210829,0
0.9381944279197678,1.500904721953105,1,1,0.3609934150298245,33.19084374121168,1
0.013510446034481064,0.24696667825448465,0,1,-0.7742144867381253,9.34806848340398,1
0.8830632746916867,1.0123789039625655,0,0,-0.5927345308249397,7.989008121667106,1
2.791327495392863,0.9503250983448392,0,0,-0.7750070543393857,5.872291908329748,0
0.751390595208391,0.3271007126946977,0,0,-1.015303926304251,18.906034905961352,1
-1.4816450019303742,-0.3016218554555915,0,0,1.4395167743542951,20.89144723070773,1
-0.31769339930643464,-0.03880779654402863,1,1,-1.2648117864123027,15.749836422439941,1
-0.7216776340609291,-1.2059039531886975,1,1,0.9938329483819176,29.245522262214493,0
1.004101056372336,-0.6343175778817598,1,1,-0.6226222698457883,28.850220746274164,0
1.0180159324358462,0.6978494673546307,0,1,1.000939945822259,16.031319390034795,1
-1.7135719977010886,-0.6709904883215008,1,0,1.072571476437367,1.8803692192480679,0
0.5931014019032876,-0.00390391437806642,1,1,-0.48107190637938174,11.034330603051714,1
-0.18898423215276966,0.3586939528410098,0,0,0.09744307045063676,24.939273720562444,0
0.19938371155058673,-1.7792124675310272,0,0,2.319289551957513,0.47760942656264666,0
-1.5873257848876692,-0.3995924736168692,0,0,1.153875816291643,5.522628834391997,1
0.5387591275645196,-0.9275265772797874,0,0,1.4698303960786339,11.317994684685726,1
-0.5974609058844812,-0.5243849213390914,1,1,1.0476355203353098,3.591511192006008,1
-1.8837820009385342,-0.16265808780270452,1,1,-0.4330899333001103,11.62194417660128,0
-0.3443922020557379,0.23111402005932283,0,1,0.9947338395617389,1.9924459472369915,0
-0.4954199281956059,-1.7035094546331215,1,0,-1.4561824896966635,0.32453645109557644,0
0.4991056194559124,-0.9375009186735357,0,0,-0.7043883219495548,6.710766732309822,0
-0.07467310682420279,-0.417875563438982,0,0,-0.30170071100998236,9.574292741830975,0
2.2693689629509377,1.934270791895608,1,1,0.6893200746360307,0.5966782638206215,0
-1.019685454711024,-2.0784954325191416,0,1,-0.7677303019296433,0.7355027080560282,1
1.0986767672016262,1.244313308597496,1,1,0.13730872390230858,21.41812924056348,1
-2.65493976058477,-1.7559423489902515,0,1,2.0125625713937447,35.045145070679865,1
-1.5543206164154997,-0.3833194938025696,1,0,-0.773692388182253,14.623069703760073,1
0.6842144087263802,-0.8243492499920786,0,0,-2.3982084032472217,4.772279091524571,0
-0.1301719393983694,-1.762532784564168,1,1,-0.2921979627907867,26.994509452202507,0
-0.6269794902707095,-2.095055445657708,1,0,-2.21969468530389,8.974660137664936,0
-0.9347404407406904,0.04177066283612113,1,1,-0.7437088584359979,1.6423691393214848,0
-0.4945696053027309,0.8908249712921861,1,1,0.7258024457130426,0.25302169295572646,0
-0.38590548117480983,-1.1190910380896508,0,0,-0.6072902647275413,14.139308857178818,1
-0.9055409674565159,-0.7360804576822728,1,0,-0.1469163528580246,14.998867718634001,0
-0.3063343499579715,-0.5634445542629614,1,0,-0.6645478064004899,18.417178472577607,1
-1.4526768213288523,0.27832702756486616,0,1,-0.839155661367841,5.303673827337482,0
-0.5992643325273037,-0.21088423902607067,1,1,0.35483699935676116,18.0679003423075,1
-0.9676047395537628,0.09251115757645556,1,1,-0.19674546047218502,13.414987633652082,1
-1.2150670333889688,-0.8915615674530308,1,1,0.6860240665934948,6.29174429563712,0
-1.2026921419859824,-1.4014985824287889,0,1,-0.6720541635115007,5.967642978898116,0
0.6069173987053712,-0.8891015367917523,1,1,0.41914489657911297,8.282549041017717,0
1.0446733085969058,0.6071354767185414,1,1,0.1343647389826552,2.1928491279425306,1
-0.13480212729165725,0.4615097807007491,0,0,0.2802485427452348,2.5739100614282155,1
0.13288737407537157,0.4208529037092206,1,1,1.051903079372195,10.350669440955821,0
-0.5977537907085574,-0.5783659114461178,0,0,1.1339278351542246,12.501426549937618,0
-0.3114766447466438,-0.3658045065583035,0,1,-1.1767665090196424,18.769701938394647,0
-1.536033941669175,0.37768741754878,0,0,0.554755289743081,16.058776435018355,0
-0.9721239006923822,0.06315798528323141,1,0,0.22321203454041266,3.160297983904948,0
0.49207294523414086,0.7891100852650423,0,0,1.0502675456506507,19.265802982656883,0
-0.7239692584565987,-0.40247207515921346,0,1,0.3697457202808077,26.337194137010798,0
-0.8888008695796908,0.631859490182372,1,0,-0.4352880301755118,7.207966751228428,1
0.016555210164795876,0.5183158708642671,1,1,0.2859202750622289,2.122358679699506,0
-0.6289626370605759,-0.46352882187348693,1,0,-1.3605674747609628,37.482614530985046,1
2.537724092543601,1.0809631495425627,1,0,0.7581856559174698,2.5283964980091596,1
-1.1603287167003606,-0.5498756671808017,1,0,0.8775252131814752,16.559242777089356,1
0.31386527616916976,-0.4016391211774637,0,1,1.3834454356437955,1.8436708361715883,1
0.7566128853867937,-0.6467815564009785,1,0,-0.6205662319563554,2.2774363839171796,1
-0.43315331311058924,0.2079664772912419,0,0,0.4077271429823713,8.411005707493619,0
-0.6574105853147173,-0.033806832392098196,1,1,0.5238738946205759,8.072181304549963,0
0.0711183269688516,0.5234662214979204,0,1,-0.5999847776210169,8.439980842834734,0
0.9385800538035235,0.3233325440107242,1,0,-0.2620879584459337,10.678405400624492,0
-0.26478322108846897,0.08454652872316676,1,1,-0.7523525541036945,17.990656933407298,1
0.14860643333348358,0.032426565805763245,1,1,0.698649167999799,8.495278977389987,0
-2.4136596544726836,-0.4217935123135905,1,0,-1.1983236286624597,5.276837227973928,0
-0.9583212712170085,-0.6286937910334429,1,1,0.11695558121791083,8.138586177300072,0
0.6179569605788874,-0.1405387805788308,0,0,-0.25209751898466504,14.417216479398801,0
0.152411723025351,0.14237076184203984,0,1,0.39494927433419713,63.80979561113116,0
1.5125124476458995,0.7576100529763262,0,1,-0.5093992544073719,6.7999136533487485,1
0.23396792407243883,-0.0642689545050544,0,0,1.2630583721142996,22.010291479867632,0
-0.11281389996241588,-0.012305383506242447,0,0,1.5779769501627459,10.70156743800318,1
-1.5965311092752654,-1.7491491085708955,1,1,0.07675367483161537,10.413911893000128,1
-0.11263225391855634,0.777518849986038,1,1,0.2431382270782284,40.6535898587828,1
-1.44189000485482,-1.0996701539485845,1,0,0.38655547098139453,5.100472689998195,1
0.3010572606790118,0.3630851411776025,1,1,0.002365869883384526,7.04949020698967,1
-0.5994591469282418,1.0410395175149514,0,1,0.5954959258966396,2.818288864942326,1
0.5868935317381847,0.467871849677687,1,1,-1.779494438591381,5.628472213197558,0
-0.3520097508864746,1.0693050096573697,0,1,-0.6449966371442555,21.919686378797742,0
0.03149702048563309,0.0796230488140191,1,1,0.4069716493268013,0.05219264754227229,0
0.796099037250156,0.1411822567003861,0,0,-0.14640661854631482,32.68176966461482,1
0.9263191514491166,1.0215575779946704,0,0,-1.0640765754121853,11.5294852132215,0
-0.04402350064143729,0.045525449790670816,0,0,-1.1209844763812622,15.691084539477707,1
-0.07077311038800552,-0.5826214275701275,1,1,1.457915396204939,10.70616438690012,0
1.5515018831111815,-0.4225279027760511,1,1,0.05749176274712204,33.62261161448689,0
0.8282644294689286,0.5177727106835431,1,1,0.24820630642132305,0.38531349979082125,1
-0.6567122353766982,-0.30328972761430484,0,0,-0.05104789747582311,5.330739355858228,1
1.4271400824040155,1.5829145237141664,1,1,2.066717769823841,58.13947793145315,0
-0.2119839045025829,0.06417311094312357,0,0,-0.1909952525686319,2.0126788697158737,1
1.4115440540657187,0.19005312618510894,1,0,-0.7064693510099924,9.257207556293277,0
-0.5195862123375332,0.004609826158809005,0,0,0.5328301829810076,0.5064484115665006,0
0.3133277659791197,0.8192617890033278,1,1,0.5364339401395896,24.775925401157473,0
-1.9624241468257622,-0.9463519650277371,0,0,0.795466115972291,49.78067813427844,0
0.06474985272569696,0.6462662509831852,0,0,0.32311804712274605,5.959828016328289,1
1.242464352090457,-1.3449168816825896,1,0,-1.45189016054281,3.587065793171122,1
0.056772766526124875,0.23829612766647731,1,0,1.661253129321772,22.266278686233704,0
-0.5052517063592074,-0.5954916232560781,1,1,0.4775818747207799,10.626749153533037,1
0.29812785664370045,1.0134213030343484,0,0,-0.8739481600998912,5.241236176218456,1
0.8883899674963202,1.0622613326799708,1,0,0.19277443154034687,15.032702380102576,1
-0.5987220660149472,0.638072864290526,0,1,0.45545232657096174,10.247341164794092,0
1.0813153196869594,0.09602975863094515,0,0,1.2438061209898472,14.805908321530213,0
1.0671315097153495,0.7416893419634223,1,1,0.18936121270617215,20.301500982985537,0
1.5077344233004706,1.6436026009125357,1,0,-0.41292950013080615,5.969864119683231,0
-0.7069936592269143,-0.7310090123985907,1,1,0.06569954450350447,17.402158711287047,0
-0.48445510915099094,-1.2871661148088345,0,0,0.22091942594268807,2.1595756512523616,1
-1.5791833291514838,-0.8649050629070197,1,1,0.7082349141489733,1.7097509649499503,0
-0.29544234538646624,0.3453322574342361,1,0,0.4009935044301946,14.850430811832544,0
0.49379899244366293,-0.6979897169459296,0,0,-0.9556727818038212,2.575937001646848,0
-2.026600457028601,-1.8332726499739356,1,1,-0.06191444942489206,34.4879841811298,0
0.8445128526456465,0.1497072457562112,1,0,1.733445885000419,35.65643230672095,0
-1.7513256585021928,0.28745383478354203,0,0,1.2324218788538837,23.450399118898,0
0.05980348049332019,0.21731237882601068,0,1,-0.008522844460803779,26.24253832211734,1
-0.6846188263664986,-1.9033556881402829,0,0,-0.7263370728566981,3.068136585279436,1
0.38615170499450063,0.532333138405057,1,1,-0.06281296257071146,6.7032052250758785,1
-1.016552163977955,-0.34667281664511973,0,1,0.4444372167654037,28.361599804455714,1
-0.414056740536052,0.42560664215548916,1,1,-0.5884364662385048,8.64143343102978,0
0.5621920373696309,0.6058727926171292,0,0,-0.623059532930913,14.576852344996505,1
-1.6248001460948547,-1.1614569842617284,0,1,0.6735226138396228,4.9485802736204,0
1.042199291728993,-0.30655220088267376,0,1,-0.35072203717737177,33.66488558904639,0
0.41288581579623457,0.242247260321996,1,0,0.11442633677067884,25.297942009579955,0
-0.6016788890637185,-0.8060859006745527,1,1,-0.5618731791226237,13.685193682108876,1
0.04400297999556601,-0.9839613836071677,0,1,1.2793374625133547,19.757075460974548,0
-0.3046298363917341,0.1489109981805645,1,1,1.787411052822744,3.50066609896403,0
-0.6590815099622389,-0.5945917133002592,1,1,-0.23260206354897234,13.353830980115415,1
-1.8096661324137988,-0.09986109541992139,0,0,-0.8634599400244218,5.731867405165231,1
0.2966907672145759,0.9218973015792038,1,1,-0.7658227855291134,17.629157585578998,1
0.3104195645065279,0.017568842990675043,0,0,0.04064081671968121,3.189084679247905,0
1.0076163222774552,0.11262233160509921,0,0,-0.11884763017447553,21.77963678690711,1
0.7217274805267886,1.4297870893843465,0,0,0.5420971191648086,17.943242258340007,1
-0.1165226436978879,-0.6671693895315884,1,0,0.268817386580822,24.415740533909748,1
0.6245526956832093,-0.016951131761438865,0,0,0.3897286790917047,22.228834664350085,1
-2.575965415703055,-1.1774408086415569,0,0,-0.6717714030015144,1.0767601103194662,0
-0.5057059551872948,-0.47583809259403587,1,0,-1.0098148872535384,20.656716592259766,1
0.020596592085872462,0.95152740153278,0,1,0.3734034614015851,18.234237892061827,0
1.0065834106440472,0.76921621115783,0,0,1.5019736185370254,3.9866815939631928,1
0.34363212270667726,0.6930159461890915,1,1,-1.1139644973323237,47.27510249710866,1
1.2631383154779712,0.3502287974677031,0,0,0.4530636670827667,10.814812658246764,0
0.18340897529911943,-0.567330212124788,1,1,-0.4289738233249311,8.008478103285157,1
0.4402455689564532,-0.14679408360296528,0,1,-0.43212096283908047,5.676438186936166,1
-0.7162805233962852,-0.5920958886854266,1,0,0.19479243376346925,4.375070462931077,1
-0.7724048136627245,-2.1967283009797915,0,1,0.985675830199906,4.794560766709659,0
-1.1509015520581012,-0.8021476726523953,0,0,-1.3389245536610974,16.15963364298755,1
-1.746539690069922,-1.851103598496663,0,0,-1.0394038840417823,24.22375636791769,0
1.4604515829209541,0.8453454016022953,0,0,0.0972114010685704,5.2035218068761715,1
-0.6829798186415934,-0.6329667741660876,1,1,0.7028090094058476,10.646929897900138,0
0.09616500888673254,-0.2991183607734789,0,1,-0.6296844344412044,29.205422969099644,0
-0.1975617255439783,-1.1376079589211356,0,1,0.055690173516786325,16.94651079401861,0
-0.35196791511017517,0.2328346249941746,1,0,0.6642147200789912,0.9880405992311965,1
0.5126322964740325,0.07048242070369168,0,0,-0.83957223478174,7.5834493913373695,1
-0.9492312231587771,-0.19526346470051553,1,1,0.24025395624356174,5.094996243571452,1
-0.7512104154503028,-0.18268200170481114,1,0,-0.35296841742177776,10.074837758964552,1
-0.30510802263673975,-0.04205894812323516,0,1,-0.8345254212720231,6.66593501484945,0
-1.436005410490514,-1.8143660845403229,1,1,-1.6040690017366932,3.191248880533868,0
-0.3679397246237974,0.21511367639922163,1,0,0.470729546790763,0.9970994953584373,0
-0.3787775912896504,0.45969285584442027,0,0,-1.1451381250669312,9.959429812253909,1
-0.8363418664012031,-0.8996024128813911,0,1,1.018300672700817,3.7182648270660614,0
-0.45516422497812675,0.1472557704520561,1,1,0.12900930147618384,4.627725323410453,0
0.20191472163780586,0.5974540276452016,1,0,0.3812759548570264,21.78259032466906,1
-0.1408627993264097,-0.5246225517630048,0,0,-0.81863831894662,5.672343055498301,1
-1.238607268310885,-0.920137143656517,1,0,0.3322221139619007,24.640166207078114,1
1.8780115611025707,1.2775628398124836,1,1,-0.3930090279224078,4.37680835040955,1
0.8342304241473054,0.6746463789219745,1,1,-0.1109860301153992,10.92402501801266,1
1.3221954848446944,-0.30737858733248036,0,1,-0.08513373949217089,9.041369234618072,0
2.189657375900046,-0.14252425058561657,0,0,-0.6955495497043666,3.4920349301941083,0
-0.9878186763610054,-0.6553837635442878,0,0,-0.03796922605928073,8.48629287152792,0
-0.14996081028175123,-0.32218801334993014,1,1,-0.3775057817397202,9.674299580250006,0
0.5595178131348048,-1.0796851597418315,1,0,1.239703473066023,17.40983352846989,1
-1.598027901631825,0.31360582952840466,0,0,-0.16990530281193067,14.792258533985231,1
0.915853091760727,-0.4978042984988539,1,1,0.13875046891814855,35.32601556215324,1
-0.4517186839314051,-1.846819495500878,1,1,-0.18613020425576576,18.671675185261087,0
1.1011101234364271,0.7037968370557268,1,1,-0.18098529377872163,16.479645441392215,0
-1.2754884877354475,-0.35374789116459293,1,0,-0.45798344710442473,14.777479613374101,1
0.30009605870900374,-0.2820611977481644,0,1,-0.9110304738689192,2.1629749516809076,0
0.3780411414475922,0.47360768685403287,0,0,0.021925670627856535,31.432091260440107,0
-0.24606824638264083,1.0238824727725413,1,1,-2.2920843745836423,70.12534422329726,0
-0.36000296922945324,-0.23316724317086357,0,1,1.1997099630309564,45.46811980128243,0
0.5503623351460506,-0.0074845699322952375,0,0,-1.1873514452592222,19.20397967265674,1
0.3132631686913084,-0.0560560526332918,0,1,-1.5702852111546997,8.240922230105257,0
1.4040706064845314,1.9487561165534404,1,1,1.1745386117721794,26.007385233246225,1
-0.3444680209020102,0.951569456949452,1,0,0.11986411576516216,7.10638244474544,1
-1.0194463344566311,-0.8328311773636647,1,1,-1.1417190220644264,37.72622427262671,0
-0.7620305958900322,-0.5783113172425078,1,0,1.340443568423213,3.1666284513346934,1
1.8580790105354332,0.8818256694368491,1,1,0.6221069699941625,23.210806575313132,0
-0.5792707799254025,-0.6271497872865467,1,1,0.06023023943726841,17.20373482725473,1
-0.3162154742025761,-0.8618239147371514,0,1,-1.094785825114273,10.103446910569437,0
-0.6139797002710998,-0.24322661103815968,1,1,1.0023768959785222,10.818335314929358,1
-1.4216791050364919,-0.9195912266649293,0,0,0.8976926815918559,6.429900713696442,1
0.9255141639463431,1.2651486463755126,1,1,-0.50886999080777,14.184249619169053,0
-0.9004124060870295,-0.9645726393456674,0,0,-0.0779897410792396,17.31529545935908,1
-1.006248439426231,0.6095738666848617,0,1,-0.33123030993417557,6.747213785597716,0
0.296090378245357,-0.829273070057608,1,0,0.1837833692911196,28.227955806083205,0
0.5436215021542025,1.5191220660937046,0,1,0.5988908422132497,2.490058695522228,0
-1.9823476800553785,-0.7134920842735811,0,0,0.7490539179797743,14.64741329998032,1
-0.9398789684693489,-0.7415964011288987,1,1,-0.5886092722010048,1.1750990097557255,1
-0.013836493510299867,-0.030709446430895314,1,1,0.39847409752259816,1.37519808987766,1
0.2780681862174709,1.2250351145958225,0,1,0.29550139457550995,17.863902097123702,0
1.7099608477250263,0.10714979481118592,0,0,-0.27514129828748385,39.827406663681096,0
-1.7515787865535,0.5505236418725246,0,1,0.717231252289362,13.171192483336423,1
1.2997977886499206,1.4377157874429969,1,1,0.2114122599245977,3.0744466463168614,1
2.0131573434115193,1.5277551540006598,1,1,0.3158547799114409,16.95656642880663,0
0.508768590685271,-0.3570062620893725,1,1,0.41396179797234156,19.910682191395498,1
0.7284625820192179,0.8159049417001147,1,0,2.34837917923839,10.871185748532241,1
0.989040590718134,0.019574969514225826,0,1,0.9363445900739013,6.795944250458455,1
1.1346258544483145,0.9919639566884093,1,1,-0.05954226678419416,1.5112701228111407,1
-1.944114536968508,-2.268479341189321,1,0,-1.28051482666155,3.3607459842842284,1
0.4233433210434394,-1.0507026038073326,1,0,-0.7412582960475146,3.8497783349862225,0
-2.1442786983626623,-0.2695907618993223,0,0,0.3336907881545013,7.6983917979199905,0
-0.7831330659133481,-0.4244632815580591,1,0,0.7494002655830945,5.924609673126784,1
0.44641016686887564,1.7479568065306952,0,1,-0.6647858370330346,3.49892659744591,0
-1.777326889141816,-1.6753949257491945,1,1,-0.09599594800719362,3.3915022560700945,1
-1.526325417138509,0.29326098729241745,0,0,0.16133515171573387,1.1687549111684077,0
0.8890642362346148,-0.534992000361602,0,0,-0.7573818654035027,2.436922526765595,1
-0.6774864965326906,-0.4272155627590114,1,1,-2.012631050636391,2.917066746389384,0
0.1633844454728425,1.4022498292671592,1,1,-0.7316311860922271,3.6134629120415087,1
0.13173241806873306,0.08780239432768705,1,1,-0.27296521602806734,4.50217578057271,1
-0.4784839927338582,-0.16018399905099034,1,0,0.6240862644165661,35.053403056993105,0
-0.815317832961126,0.12261451849036492,1,0,-0.8802206643292892,37.73285777048761,0
-1.1857170725983168,-0.6707508868679977,1,0,-2.624210936808394,26.39626469166261,1
1.3762644929999297,1.8474662656736542,0,1,0.2793656231828667,11.929229413337943,1
-1.3432144252423772,0.11186498811812529,1,1,-0.05494946704922085,61.54117040955461,0
-0.16239211910423673,1.0053542934313524,1,1,-0.08000211221480057,21.234427732557407,1
-0.8538327422074773,-1.0522579689986153,1,0,-0.3975947393883223,13.066639442313246,1
1.1228297076448306,-0.4974590824508156,1,1,-0.7612928866430939,17.001311595974055,0
-0.5417517621866715,-0.11234956217859698,1,0,-0.31622464176222925,7.3543949102715,1
0.46642471692491866,1.7039288664327212,0,0,-0.16279723197781795,32.68707554236849,1
0.71105979331493685,-0.6132084514185285,0,0,1.229417562990858,12.76978157626098,1
-0.22094232304345762,-0.9269376085978809,1,0,-0.9672714001961897,1.993176876117824,1
0.9738238262565615,-0.0576150118817097,1,1,2.3260843149270864,24.5337118476459,0
-1.4490881288569766,-0.7108846104931453,1,0,-0.030628072223451777,19.70532531750962,1
-1.7061957801186203,0.20339228822564615,1,1,0.8073447988757775,34.24468345806682,1
0.3054891036087144,0.5942758898239066,1,0,-1.1579900854691376,2.054223274989194,0
-1.8321729325999592,-0.9085499094629714,1,0,1.8583154345829094,17.67545095186229,1
0.4734066998263285,0.24287595935488723,1,1,0.5024805810710652,49.23730056388913,1
0.8259783100269914,0.4184563216727511,1,1,-0.26625013216600507,31.099001656041647,0
0.5582452346188523,-0.16378690138648805,1,1,0.668160770708757,2.2788476882121276,0
-2.0562569730659854,-1.2086006233589854,1,1,-1.0314546581381403,9.931266662021056,1
-1.7105816516029,-1.7895896716316342,1,1,0.09931115685426135,5.299524479621165,1
-1.12980326483312,-1.7224441685310388,1,0,1.0696333132253069,3.7684615856058117,1
0.050335507120531024,1.4323922679547696,0,1,2.055038773379611,0.2600385944096508,1
-1.0176671820022036,-0.4765779399301066,0,0,0.8243539171383493,3.731815230612974,1
-0.5041359253886595,-0.09549695994934762,1,0,0.7132579300488721,1.4546670077815969,1
1.1298996978817546,-0.5666191923889159,1,0,-0.2635828731529002,1.9858246356458573,0
-0.49842241506814783,-0.3694891902145596,0,1,-0.6510581575494694,0.5667560028740768,1
-0.19355733607074246,0.8308302212223455,0,1,1.0152386905385444,0.6875659889293453,0
0.1878984368255254,-0.17779533317935275,1,0,-0.06092817571311459,1.201303581731513,1
-0.5000195389061819,-1.0399589109164622,1,0,-2.4215655528553306,6.650388938133921,0
-0.2946974303842864,0.9581324376947099,1,1,0.22127974499740322,16.419482812136067,0
-0.26383704471200553,1.3351021383851571,1,0,1.542208507223149,11.055536476470904,1
1.0143190587397906,0.5234600619641712,0,0,-1.1495584957590086,3.6826743978043317,1
-0.1697334210110332,-0.8621482095523072,0,1,0.6960056253058317,35.3454232458562,0
0.6251624005034222,1.6313994156602543,0,0,0.19445734913857493,65.23872860945738,0
-0.5731059475461305,-0.9414147405497459,1,0,-0.22090234165707012,21.123322333804204,1
-0.27140699928686574,-1.1031956642892462,0,1,0.6137201331017571,5.2601817822709505,0
0.8546557748321071,0.06102200878124908,0,0,-0.7934823419405281,28.15029852324546,0
-0.8402032524269856,0.5156080288977908,1,1,-0.20630493091207405,19.07217672236546,0
-1.0596741156901957,-1.1818440517940956,1,1,-1.672635970980667,5.751738233067469,0
0.7128462181814017,-0.04328241572511693,0,0,1.865735499422167,3.5064078464701365,1
1.108399664895085,0.5068006049944643,0,1,0.8750179277908906,25.24748746526656,1
-0.1619375901910921,-0.44393424157935635,1,1,-0.4217150409814096,1.0232199576744472,0
1.3182282845480269,0.10653927263280427,0,0,0.5664011729282105,7.3730373309213215,0
0.2749146537751216,-0.2994677372028724,1,1,-0.524563740243264,16.745122978909393,0
-0.1968035151855941,0.07300215751854085,1,0,9.724741559587881e-4,6.294445886229916,1
-0.8027994698810204,1.025168201360236,1,1,-0.529854614032917,4.027400514807932,1
-0.9840732143476959,-0.6171774880550145,0,0,-1.4440554130439474,0.46266719483568536,1
-2.1576646592126885,-2.8646993760662993,1,1,1.0278347735286486,20.492236654121218,1
0.3068568888933467,-1.1069681448322444,1,1,1.1116029465288428,1.3704328314604326,1
-0.8496282800641681,-0.28825314209118885,1,1,0.023194136716254535,2.939585321241249,1
0.4665237988206978,0.6543131880826227,0,0,-0.545652049023055,13.22981936526287,1
1.667225496317997,1.5143505674004376,1,1,1.5550242253507864,16.49202392976418,0
-1.1418908977783075,-0.061612957073715835,0,0,2.3959365161006856,16.336654488293824,1
0.24521382542766307,0.679271193326787,0,1,-0.9853090615290641,4.951179203558449,0
-1.884050887468626,-1.4648212027537153,0,1,-0.7401881247740549,7.225082784594859,1
0.19523814823753224,0.4037306141160962,0,1,-0.010833425085833738,9.071895058004321,0
-1.6281073745645154,-1.1065022710752865,1,1,0.7759756549619392,49.21045254320652,0
-0.09742298385733429,-0.07563840551221092,1,0,1.8406320102114726,30.00065299575088,0
-0.653524548238587,-1.0661453145079438,0,0,0.9328459333916093,6.963944388014124,0
-1.0081503228590678,-0.9470437357472196,1,0,-1.7815429834466996,21.735898480734313,0
-0.23258411526962228,-0.6880109425915879,1,1,1.922655377437109,25.389235875833453,0
-0.016256383373505975,0.5923420557527468,0,0,-0.7408865123064486,1.8378484544690505,0
-0.5291840410165813,0.6589801982217861,0,0,-1.8839548758277735,3.4729689272101956,0
-0.631483514388343,-0.11582866519554641,0,1,1.07052557549976,11.364845783740972,0
-0.3242542844242749,-2.5757766725861333,0,1,0.19823059806001528,15.56183391216317,1
0.32371223769366975,-0.25128874711853905,0,0,0.7509247483244179,14.5416861975786,1
1.158171742286877,-0.27400850066010396,0,0,-1.6149610034958608,2.177514419713848,1
1.1714416457854098,1.062332271170645,1,1,-0.8708214390378076,10.509764628204369,0
0.41789839103176696,-1.3778069126726549,1,1,-0.25693678630155237,9.607421863101232,1
-1.2892184803286793,-0.3714274075401797,0,1,0.28154038024684813,2.033587555943999,0
-0.8846402501939689,-0.5414894823174522,0,0,0.6588363804394736,9.825196742838873,0
0.394689059644926,1.1440813729080137,1,0,0.3555641559201908,10.621478874595928,1
1.3370501194740518,2.239433634847016,0,0,-1.0186344840156865,21.400598369619566,0
-0.5040883737878197,-0.08064578270867076,1,0,2.1933412176392464,21.94901086797954,1
-1.5234885577574953,-1.0587429559288712,0,1,-0.8141166875783415,14.580481244136918,0
-0.813823050190279,-1.661351883037979,1,0,1.4393614589653976,24.686160597239915,1
-0.274725221466341,-0.19122342383518856,1,1,-0.8512628700340067,3.433144032956275,0
-0.08096163797679853,0.7139902399375783,1,1,-1.0923697558409378,20.274663483452386,0
-0.42887349597019797,-0.1821193864642744,0,1,0.07046136608202326,14.64510110730688,0
0.5855014854776774,0.903652792332823,1,1,-0.4300038505668669,3.288536489667121,1
1.006270284252404,0.9322209428073491,1,1,-0.039158668153382696,8.217351314417932,1
-0.4202973886250562,-0.7192814850984424,1,0,-0.5096256323664593,23.794059108663944,0
1.5412219442828365,-0.7362297001548825,1,1,-0.4708951130244101,6.108092356286224,0
1.2618793392442733,1.1646883716158585,1,1,-0.15875989000973853,0.016325399277108306,1
-0.541726643634324,-0.3681115297331323,0,1,-0.4506045983458284,3.9878740554323064,0
0.9641269736150523,0.8972087843927057,1,1,1.295859126939941,30.40458489061599,1
-2.3756536101522907,-0.8649587102167443,0,1,-0.09203308091447808,14.894268901754835,1
0.0562024059077321,0.8193881904213571,0,1,-1.0423872333232354,3.3529805138593454,1
-0.649950319568664,-0.7635060025757631,0,0,1.2769373480718391,19.02762140537344,0
1.7842409482724968,1.064960854617966,0,0,0.6418130874727942,4.4769314858824725,0
-1.4228188062271379,-0.7531208809478696,1,1,-0.7699888947536138,28.906251233908666,0
-1.7529280432897418,-1.1349136886376292,1,0,0.011840662683754447,6.838268079007454,0
0.32298324960812486,0.7273034137939539,0,0,-0.8031151610795585,5.768003179529919,1
-1.4932799408490776,-2.4984963323810554,1,0,-0.44269457003081536,10.360266822731862,0
0.3144950863939478,-0.4172149106861257,1,1,0.05426854193051911,18.8166044450086,1
-1.8350089932147773,-1.3568389594705996,1,1,1.3447530537891224,3.9112365276024144,0
1.4929796950825567,0.7169856312926665,1,0,1.7565224419237664,7.6150707181356125,1
-0.3395867791455024,-0.44362905548832343,0,0,0.23058729696566238,2.0671468389914534,0
-0.3882034461806301,-0.3618061419486044,1,1,1.0787045057672682,0.8021526758057705,0
2.0735353715969875,0.5385125566200176,1,1,0.39366706696205744,2.731035036846881,1
-0.847659613768444,0.06650803858354892,0,1,-0.44612113577696144,17.519733206093775,0
-0.03216947553687208,-0.43969051872337467,1,0,-0.7519880209594285,30.312700692116945,1
-0.9625171046059277,-1.4598214308992967,1,0,1.264191109068798,4.25839819136331,0
-0.08863583832739916,-0.05455600553989206,0,0,0.9776371094328616,2.975548352773273,1
0.7179768588486326,1.2624460438543659,0,0,0.4726491814206724,25.624501568435935,0
-0.24112082448486066,0.19479991245946418,1,1,0.37913686399350993,3.7989756132396773,1
-0.37194959430707225,0.8236002548614427,1,1,-1.2267663326515958,13.971229397832234,1
-0.054845848493448916,0.6476721839164241,0,0,0.6059275023049815,0.280137946937075,0
-1.5219061729690093,-2.09524166349612,1,1,1.6125275635658958,5.419147101996833,0
-0.6141660169611908,-0.616805561795428,1,0,0.9954370582773214,3.987560834115762,1
-0.9593403657501768,-0.18666439576357596,1,1,0.8511067526549476,12.256640061721722,0
-1.2752027210738996,-1.1188624879307574,0,1,0.1838926424215768,1.5567681458985367,1
-1.126001316536812,-1.3929244432510903,1,1,0.1468133381538382,39.21160294465393,0
-0.5421091189463435,-1.2579760046889588,0,0,-0.5739304659744389,13.885494974406988,1
-1.4046948359477522,-1.675948919410697e-4,1,0,-0.20148129721519686,2.6498449351422804,1
1.0414982242196933,1.2259843357336961,1,1,-0.1983181679220734,5.653908558937803,1
1.922005943991786,1.5289527249717154,1,1,-2.0342029185884583,1.0546407137339409,1
0.5843481812632152,-0.8588342412713713,1,1,1.606181147702225,9.609422076522268,0
-0.3572159934619833,0.13675979928651688,1,1,-0.2006182891837261,2.3928399701498417,1
0.3055601229080533,-0.09929813799341194,0,1,1.0964683691621704,3.7472387757799566,1
0.6596056815597221,1.0034148958954978,1,0,0.4210349238636087,2.2464265871350038,1
-0.7807424497219303,0.19388050169731036,1,1,-0.031970900685516,1.0903121147527097,1
-0.5428058094372792,-0.7783069994104516,0,1,0.5559556170589396,13.401321659102633,0
-0.88679578419233,-1.2909419394463204,0,0,0.8784387063749416,10.303015178824598,1
0.8897217695811559,0.10932014751314828,0,1,-1.9992063705152234,13.03470109204643,0
-1.1181425843117947,-0.46616280183440595,1,1,0.5942214385548279,26.29428138177736,0
0.19190203376990636,0.3976423776294782,1,1,0.627594794373975,16.635964534899788,1
0.24643632783934338,-0.5878067681169343,1,1,-0.9074093832294646,0.8630834192148154,0
-0.8167484818877795,1.242365418030236,0,1,-0.27893913052047714,9.324211001568779,0
-0.7868725913113703,0.22409253598344314,1,1,1.5166236615557445,17.894275185495694,0
1.0838147646047382,-0.22068855562414424,0,0,-0.8617939808960617,15.152239106848896,0
-0.9474009362783636,-1.5094553023636663,1,1,-1.0929263782019063,2.7394761458635224,1
0.04397581449743693,-0.1614416699126644,0,1,-0.5687284192383176,18.594783845060814,1
-0.1228490128800616,-0.7150138240276805,0,0,1.0552667351071263,7.079096868599314,1
-0.16065239540230153,0.6386703926545595,0,1,-1.193847927171149,14.217638387483568,1
1.3530572630932054,1.1814484513123944,1,0,-0.9876166883946345,1.1766171909897483,1
-1.473706257227793,-1.2183012227865326,1,0,0.23533667323519583,12.775453762241195,0
0.4821105708336506,-0.09378502213957868,0,0,0.25424877030693827,0.46020840581185773,1
0.6907539366024258,0.5845684559363039,1,1,-0.08051375005469184,0.7635127828531973,0
-0.4431167665339097,-0.18243063850770355,0,0,0.012515209919237916,0.12310713522395111,1
-0.16436448061443976,-0.7639837272022867,1,0,1.3170784870269785,17.054615892794207,0
-1.5046251874375667,-0.7502197383265822,0,0,-0.7797553987471438,16.940134508321187,1
-0.04068817605931922,-0.5453364175095482,0,0,-0.39456590771733147,16.955756181216383,0
-1.5995546018795928,-0.6979617438865169,1,1,-1.9825949973760764,5.307931086213892,1
-0.3637451237389762,0.32302608399912214,0,1,0.026739551576861583,3.7671849205503207,1
0.3413147832762424,1.3398621434570208,1,0,-0.4954171523239753,3.2669257674542913,0
0.4988331288563822,-0.028649768199990933,0,0,-0.04677115219696824,20.599504716199803,0
0.797161304011926,0.9394694212072221,0,0,-0.5410840319029888,14.82134932952176,1
0.9627323109269537,0.47150226496411274,1,1,0.27376305824010844,5.997122376869544,1
0.8917453787159701,0.08270351669059328,0,1,0.18430273774684705,10.54611729465166,1
-1.2359459530711947,-0.6267028685230842,1,0,-0.7075754904913792,23.842196457686576,1
-0.24213739264021847,-0.12767540420077836,0,1,0.0474259656710195,2.3263438712212716,1
0.6354307667731343,0.15820499860591875,0,1,-0.7086587600171018,6.059089251673974,0
0.7375014073836207,0.10700515426478047,1,1,-0.24881340491351409,1.6955450781759374,1
1.2371585131900016,0.43678340953229094,1,1,0.2561560563170636,33.51561627682996,0
-1.0236249165894618,0.34589128066239094,1,0,0.7507528027291105,1.7957992736667279,0
-0.704722316826067,-1.1598080793602095,0,0,-0.8797330155208923,28.755395962856458,0
0.12775704204772212,-0.023911421983530134,0,1,-1.6346331438836306,18.257374860710215,1
0.10177390204309733,0.26161900458393433,1,1,-1.2961763646193443,9.487996041472698,1
0.9006247289826703,-0.4568548561722432,1,1,0.18722282415184532,18.016206401822654,0
-0.42465965223497765,0.2662902624424388,1,1,-0.9250781780558845,6.1814153556169,0
0.427782165367161,0.8155483015074231,1,1,-0.8458293798166818,4.894465508097201,0
0.11219573511975087,-0.712067649715857,1,0,1.5043024110289422,0.9365295218195924,0
-0.29037766514995045,-1.0266151203499225,1,1,0.2621364519286025,45.860566548785194,0
0.20611130092719623,-0.16627040494754297,1,1,2.3417840378276575,7.626994676585938,0
-0.34138976651355657,0.026210005214344995,1,0,-0.167323652948418,34.84725631956475,0
0.4722238531127799,-0.39847705506701464,0,0,0.21770576809063588,2.983881464087538,1
-1.4159360775845276,-0.2480102524159586,0,0,0.8808161618528744,4.830680785825874,1
-1.56837851156753,-1.0006289992757489,0,0,1.2301501782569382,1.6229890258155732,1
-2.40366372713006,0.1191724025128762,1,1,-2.1982195128604762,17.399753235867138,1
-0.6801512394049899,-0.3132140595994742,1,0,-0.5329298860632871,20.988649961133955,0
-1.0281255128217321,0.30886452122255326,0,0,-1.0453041192981405,11.778609884694275,1
-1.970821519709664,-0.9751945698545355,0,0,0.49580861394575576,82.96952080866927,0
-0.09571666007741235,1.1746570766487239,0,1,-0.35424924783532036,3.9666780346148722,0
-0.1809557190647945,-0.3102166223220525,0,0,1.6659416464569134,8.910670373085383,0
0.15057887017693844,0.9776708741919103,1,0,0.8539417853065359,1.4985518884736153,1
0.1466042488353868,0.14366130535966956,1,0,-0.9541888392460687,14.19362541868673,1
-1.7548318719116194,-0.3307637664245485,0,0,0.3713520569329029,57.904596606254586,1
-0.052725502725028996,0.11091220634118419,1,1,0.2867451989103369,9.739376284167669,1
0.3523274894767533,0.7988120092022675,1,1,-0.2607466925792398,3.795059421189618,0
0.15512266578362316,-0.5623254182306291,1,0,0.9100749889724852,7.717788837936394,0
1.173279790026314,1.0372976655824089,1,0,-0.1143624553262071,5.017325244340542,0
0.6152455421887522,0.4809659525944244,1,1,0.7730310517632915,5.019018111098885,1
1.4764203895437065,0.5553943009529527,0,1,-1.6091741747978956,1.5538389449327838,1
0.9955770640295062,0.5685820987575763,1,1,0.09907367033863099,13.602419277295185,1
-1.0385534134627024,-0.8092871902973504,0,0,-0.03347954093808147,8.077730341997846,0
1.0330041485292727,-0.06286537905135003,0,1,-0.3062380415472502,23.093939614594085,1
1.3321698376420235,-0.5733914786817081,0,0,-6.0704334498355304e-5,2.0447786821908243,1
2.0212484825257135,1.3279342096292721,1,0,1.1087542018006353,6.165331190687872,1
-0.43372540133627374,-2.7286023567731412,1,1,0.23361406819943206,12.957237806516378,1
-0.07401804720601178,0.6706319451622385,1,1,-1.0325795961643074,18.576221093875102,0
-0.21177698202433395,-0.3691732414405768,1,0,-0.31170397545726364,7.75331132060911,1
0.3674946273067801,0.4968177548721705,1,1,-0.4739292974216338,39.727630798481975,0
0.2864224719414745,0.9807621114568673,1,0,-0.5227712575127637,2.1460793742008595,0
0.17892263805640923,-0.27787179330202816,0,0,0.26164453757799444,1.4779192956936527,1
-0.1931555648917818,-0.969018013241369,0,0,-1.3821379938565566,0.18488622942946592,0
-0.03465764534489598,-1.9947949784587222,1,0,-0.26157112942415806,3.02304167896746,0
1.075609720867143,0.7694602764350305,1,0,-0.31237507089611954,47.061898379983596,0
1.1129118452968048,1.1925896486563725,0,0,0.5303849145319267,12.41463714757481,0
-2.7530314697882377,-1.904144941835457,0,0,0.10431525936268056,40.22159930661922,0
0.556687077162259,-0.6978877719369541,0,1,-0.29430283973667815,2.2748225767697607,0
-0.6649978886188724,0.6073503455622979,0,0,0.38699869944798376,11.401004292804416,0
-0.0725721653284733,0.017509113455594374,1,1,0.13012559184931932,10.443610601256598,1
-1.575054814465423,-1.3431723414718637,1,0,0.7063194073128299,80.46750254528983,0
-0.9255038786040044,-0.730062806216829,1,1,-0.5288692256113664,8.387622346159459,0
0.7238599736112784,0.19756544079327756,1,1,0.9853514437832699,0.5381793509690502,1
-3.0026607667622294,-0.24793114469256872,0,1,-0.3769862453708922,10.07686390696115,1
-0.17397788794345623,0.1221968205881457,0,1,0.37398664798219,5.820279753979108,0
0.19991952300032284,1.0340081323579247,0,1,0.8056163715773381,6.387967564179975,1
0.4818082396032934,1.4675732486858102,0,1,-0.5182509551256901,7.853565957852959,0
0.6669737582406249,-1.7712117215748167,0,0,0.6653765604376455,4.34679636686782,1
-1.2637213060355001,-1.429454441486008,1,1,0.36584478009145166,3.640466727456703,1
-1.034237326176169,-1.507092357483169,1,1,0.7763275520881293,20.568943401872197,0
-1.1151595381987212,-0.5889266220152845,1,1,1.9411830549985039,7.0691436554330425,1
-0.8653470122784515,-0.3739301632449314,1,1,0.46338868477375966,3.6825871357557625,0
-1.0960228714568458,-0.1756021467932542,1,1,-0.7913050211869889,3.5189170456828602,1
-0.5162170369532552,-0.17774480086625788,0,0,1.8730763313546723,22.52690130799572,1
-1.6605363765747694,-1.5997305145232532,1,0,0.6847464518392015,38.41219739430706,1
-0.8081227489795147,-0.07015367610092876,0,0,0.04906262106689931,7.336391028175022,0
-0.3927791878763871,-0.8943103718739003,0,1,1.1802698201498958,13.689755579961776,1
-0.9526062759314741,-0.8345192701862683,1,1,1.09421682287161,2.772262181482605,0
-0.28473268762348997,-0.46945335858369763,1,1,-0.2122511376656925,24.540523501402397,0
1.0370830742862476,0.7466037034115814,0,0,-0.025553100810849466,18.074982169506637,1
0.10003890545561835,-0.31590607364716505,1,1,-0.20173357854567395,1.0303354299754546,1
0.1831433586426466,0.4358038471247968,1,0,-1.3073947372011254,18.363284098632388,1
-0.2848972448433307,-0.14076769771708184,0,0,-1.412131769395112,12.631223953193235,1
-0.2135647357792458,0.376793009537315,0,1,-0.5522903084627279,12.669678971631646,1
2.372396167159941,1.5942486921570502,1,1,1.027749263501722,11.132036391501835,0
0.13549571807456906,0.256979797551617,0,0,-0.8970531443759181,1.778061638027192,1
-0.19294360497335095,0.16273611030313384,0,0,0.48268834344741307,3.7342570560290316,0
-2.3605880130422845,-1.2670753020052214,1,1,1.521772705443488,15.634022774550449,0
-0.023719554194645227,-1.2498931944070455,0,0,-0.8437849979137184,12.7492963001995,1
0.03994449274034573,1.0743879788249906,0,0,-0.770124665318787,7.368532615321828,1
-0.41796393165491114,-0.27904543493751266,0,0,0.004240407133149184,6.613299101375359,1
0.6481324007194804,0.9831802466450571,1,0,0.7120972952442828,2.7992183942482467,0
-1.1033815049239153,-0.37766149166174423,1,0,0.44272305660956873,50.26840432287698,0
0.5799688531501869,-0.49510241385281434,0,1,1.263155927623669,9.31586738510424,0
-0.7793444887420267,-0.7129996663393623,1,0,0.3340745336218733,69.87992238610178,0
1.6519735744032653,0.9541974354890537,0,1,-0.9606932824582142,12.941227265737922,1
1.0911527485450327,2.154672157580141,0,0,-0.1054576588810652,12.689579761871153,0
1.1771150773236394,0.5832856722285531,1,1,-1.7839055161590072,28.956537115344215,0
-0.46131695918447774,0.0905962973686518,0,1,-0.6474576072489895,14.47577531005218,0
-1.3327655227056547,-0.21117031598911445,1,0,2.0424659122282476,38.616293500278,1
-0.7693566906591028,0.07029805192163224,1,0,1.3738064953430984,0.5597940153481877,1
-0.5686483999436275,-0.4836271054562689,1,0,-1.6928868019699765,15.238560735368363,1
0.34015473753942416,-0.5227155564958796,0,0,-0.9329377362119122,27.301053417857094,0
0.33215090616541043,-0.18723713512218337,0,0,1.5055699707770327,3.476006556014642,1
0.21008559201096288,-0.06876730527881128,0,0,0.7062360767742575,0.055301229203706725,0
0.6117690142001321,-0.41012496852283215,1,1,0.38125813841929546,5.148835209531088,0
0.3006034653249247,0.9102351618732525,0,0,1.241473320192075,25.557079908982672,1
-0.47800004921865274,-0.6619651348832869,1,0,0.05780453631219574,3.0391843015018805,1
1.5968681179059134,0.1925420759433537,1,0,-0.5403812695729908,10.920625223156108,1
-0.5056380209759495,-0.5486293636553072,0,0,-0.07835327776179463,16.929017206924204,0
0.7520005169189679,0.4575741699428763,0,0,-1.9002029067762207,12.47074410973771,0
-0.18661531913431048,-1.1651430621790135,1,1,-1.5984838783191517,6.211321986073967,1
0.57320297119112,-0.5495640460434461,0,0,-0.941244535487175,2.803893608821405,1
-0.7357214093653045,0.40274564161505816,1,1,-0.7384838690153511,2.0644859572993997,0
-0.11685973271923908,-0.6610625025726985,1,1,0.33470688010371485,4.258250285472188,1
-0.803453540328042,-0.40002181831560907,0,1,-0.7904594072307767,8.288002761735303,0
-1.0649508688608482,-1.5552278671780606,1,0,-0.018771110252165813,19.472423253070712,1
0.4651510806408978,1.1416380188749398,1,0,0.1649758774914511,5.8501592430944145,1
1.823610224330729,0.508753926461232,1,1,0.18694459737044775,3.07234183931903,1
0.8702057868792099,0.38202992106251316,0,0,0.5817281942569871,1.7364855166637003,1
-1.7040403153129846,-0.3508064646438246,1,1,1.112106930317928,20.72463748701314,0
2.522628724927561,1.1946594200208331,1,1,-1.2414348487653553,17.28919304063905,1
-1.6144727764254887,-1.036495652400402,1,1,-0.25170924876815504,14.822401706051876,1
-0.1970675081676494,-0.38168619928033765,0,0,-0.2524017663025622,16.513283302534504,1
1.3202950222917866,-0.3130890827647227,0,0,-0.7252329533491176,4.77402755077281,0
-0.17999034851362275,0.10165027208387163,0,0,-0.8367400680602539,44.898993610110985,0
-0.16018026322073942,-0.3912207258679882,1,0,-2.2052443694117128,9.228748756615467,0
-0.5284062363429428,-0.5838811951560301,1,1,-1.3722504176336474,12.083298393658229,0
-1.2095423806008505,-0.33599745659919217,1,0,0.5323808954474919,7.176379993212729,1
0.4089532056637906,-1.3239377544915614,1,1,0.7042566358531898,7.645044857738225,1
-0.2716186633036802,-0.8866501247397058,1,0,1.1817340826461633,24.033159944478612,0
0.3782420062655292,-0.40120490671741194,1,0,-0.031135067556127757,24.252019508948433,1
0.9909749609317491,0.6488696041398108,0,0,-1.9448473119825112,6.096007115419766,0
-0.4741498074078743,-0.010736660035609996,1,1,0.033081489909211635,19.44041889957158,1
1.5694038640495505,1.477622790666415,0,0,0.7821898299662656,18.36331097263305,0
-0.13235428060308763,0.619220487767328,0,0,-0.4037353452052559,1.7820803797354339,0
-2.1032810189149043,0.00576660777431548,1,0,1.0413624986504253,9.099521780293074,0
1.3778940540557196,0.24927311672731395,1,1,1.012370653817259,15.170927694457381,0
-1.5338101024592954,-0.10949841062702259,1,0,1.5405176411327692,0.80527352713488,1
-1.8115304248137767,-1.162410460266367,1,1,0.903347626077922,0.21997893150018447,1
-1.4544057731383455,0.3635637099461765,1,0,-2.576554536135156,25.283403542793398,1
-2.0638815335821783,-0.8706948897661513,1,0,1.4118567528640622,40.276243410096214,0
-1.7875901887868697,-0.7379749491543443,1,0,1.423237488891568,3.307353180175122,1
-1.2161069457880818,-2.2073267601924433,0,0,0.03445183233443874,4.321418713389907,1
0.3955773443003476,0.8172730408164168,1,1,1.3220655561954162,13.380723252072642,0
-0.5632965536894644,-0.6687170340213613,0,0,-0.8682181256444488,0.7093602891051246,0
-0.0036320208387560166,0.5717377022500426,1,0,0.375231841364965,1.9044974462837554,1
-0.001099061331387378,1.3647505374363107,1,1,-0.249183294127388,7.965584397028311,0
-0.3597862001018613,-0.5132448486558608,1,1,0.5544908814042694,42.43822141602074,1
0.41333120273010837,-0.003507222760450901,0,0,2.10591978361714,29.33075191539545,1
1.1426595385478573,1.1686502606759763,1,0,-0.11688294806375236,20.82274955060326,0
-0.4040264765326634,0.5085526759881273,1,1,-0.6992692799621291,33.654344759151286,1
1.3250411425943114,1.8960921560044315,1,0,0.4323918269938885,12.027812981438682,1
-0.4714252392231684,-1.2933407680018794,1,0,1.0166701763536066,8.870016272866588,0
1.6271046013605848,0.9568438828580148,1,1,-1.1045071431285034,13.443542102784177,1
-1.44614150264141,-1.7578458268073849,1,1,-0.49240566061725416,17.846304109825134,0
-0.19691279874918857,-0.09787994178999655,1,1,-1.2122762560593623,0.6262495624742913,0
-0.47589055473090147,0.12824113892694228,0,0,0.5727293650872948,6.788488590737452,1
0.3592739719450949,1.6193475168496068,1,1,-1.9468967018718626,36.65408903290223,0
0.40217358339489057,1.0541146901808298,1,1,-1.3462925456612995,10.899588830668378,0
-1.1075645121492177,-0.2329100530299803,0,0,0.14817224367257345,9.354382257146264,1
-1.4928514250621019,0.013853033432633333,1,1,-0.721706692941137,28.013627197855694,0
0.016454548008657678,-0.24787328656172106,0,0,0.05688742068438896,5.992892877878369,1
0.05375646925242824,0.10338890775458438,1,1,0.8803128075774249,11.78416920624472,0
0.04077396693682136,-0.13603173286317818,1,0,1.2166816808644503,0.16976382518654623,1
-0.7801425916306717,-0.9539583638649571,1,1,0.17083477929637098,0.6796445061082315,0
-0.3186526727906079,-0.5860647326001653,1,1,-2.0412967489205873,3.1468527513811484,0
-1.5953108570297037,-1.6316551510982145,0,0,-0.15235027045108807,8.50231633935138,0
0.13248127193809378,-0.4520456058293069,1,0,-0.488753964043906,4.138304442023448,1
0.15204570665559564,-1.0163413540141475,0,1,-0.04668920692869289,9.195200908339391,0
-0.917326461513552,1.401124804976556,1,0,0.06771312798036873,0.6372151576327771,0
1.37068890788895,0.48037500889193085,1,1,-0.20422050126137528,9.460318456026346,1
0.4179954079835825,-0.14622404304907427,1,1,1.1435581140654463,5.196510098558135,0
0.19118021288196377,-0.2921580248088363,0,0,-0.9112507329058577,5.595393921158719,1
-2.757630165443104,-0.8663023365268556,1,0,0.9710027477364956,20.890943543411826,0
-0.5277961794513013,-0.7178138676924102,1,0,-2.0861356870164047,1.5487402325143684,1
0.9271396117333579,1.1348099173200823,1,1,2.2397807940270287,16.94512844694996,1
-0.11556583795545836,-1.2743390621905715,0,1,0.8317488468205281,35.81576678896867,1
0.3455311503156075,-0.2899019978133417,1,1,0.5163505891652864,7.546012726716668,0
-0.7954872083339448,-0.22429783271531695,0,1,1.0671021322350804,10.228256522372192,0
-1.470517983557911,-1.6109125844871395,1,0,0.7304404988049155,27.783629249123077,0
-0.5138615105413112,-0.1520664443979886,0,0,-1.6172667995830112,6.10554778703909,0
0.31089324120058615,1.1659772957567207,0,1,-0.07796415929134569,0.2687648262353937,0
-1.5857667910424007,-0.4318629928810076,0,1,-0.03006914761437528,6.041476341823872,1
-0.11011203418504745,-0.7981635939870628,0,0,0.8463714647569165,14.049381261391071,0
-0.2244763039920666,-0.3422675085187779,0,0,0.36889322606925723,8.062332766094608,0
0.5538308510494802,0.9154521397651509,1,1,-0.05285030069900025,1.4180563926035141,1
-0.4519455641078173,0.0027999654012179076,1,0,0.18313254107637786,58.107602057978006,0
0.23590883026657422,0.08891380872632555,0,0,0.5222509324014526,2.1536034643362387,0
-0.008813462198008966,1.1687276379312526,1,0,-0.13169067752961489,3.063291018149418,1
0.02962757042249124,-0.9544027568176968,1,1,1.1976593992963278,42.91287071666017,0
0.6285352743501611,0.17009020085090215,0,1,-0.1522295204630371,9.94962836978921,0
-0.21390247221197778,0.16790447219526033,1,1,-0.31672747367360726,0.762874332461578,1
-1.6758757951186216,-0.61769917721039,1,1,0.13346280831133528,9.219482685184667,0
-0.12932288612323753,1.3985524196407169,0,1,1.051040228700041,34.637753652318565,0
1.9157753660167238,0.712313122204429,1,0,-0.7377752933457926,4.262615273423793,0
0.14628042608688718,-1.1518879979819945,0,1,0.19106395846505514,22.901676479333158,0
0.2129120515150777,1.3969005698666421,0,1,-0.3902772743802828,3.391909017497278,1
0.039557254626265324,-0.5726529661570489,1,1,0.6246143387982163,14.643456361750841,0
1.265365772406053,0.9721500731062716,1,1,0.8403128279662567,9.892512441875276,1
0.18629018498364205,0.04778422906676737,1,1,0.11786146745498285,14.547172062751413,1
0.6455959052508634,0.9005539938640441,0,0,1.5514093087231866,6.438115491211759,1
-0.7163584900329768,-0.7353428099517778,1,1,0.2388782005117241,2.5821097543944953,0
0.1696461490544227,-0.7091372497666023,0,1,-0.4058339024369218,7.2949198092618035,1
-0.7691960105237868,0.06294456207551585,1,1,0.10535463320467998,30.652678013765637,0
-0.23172020284017947,-1.5247053181868115,0,0,-2.5516648516120846,0.27776948609259366,1
1.7592569643798273,1.1294409722426186,1,0,0.9008794615958774,4.166332433093698,0
0.06133713022515812,-0.011158179145719926,0,0,1.3489326257428764,25.940600289191753,1
-0.9893796100009392,0.05536389520398005,0,0,-1.0651687224732647,0.22185925919289293,0
1.0511644796137334,1.5229999531883447,0,0,-0.2602626941476452,8.50964180269354,0
1.276027797896376,0.6998278759475134,1,0,-1.8101647436523118,37.19500495987096,0
0.5988489514879352,0.5926255210569569,1,1,0.25042674133477405,0.6489304370706664,1
0.2518937798347497,0.7227521423995773,1,1,-1.598093412923984,0.12349211484999269,0
-0.7784894074669011,-0.7531776886740692,0,0,-1.148271560117066,3.6510646936562146,0
1.1696522552262223,0.28057859157421705,0,1,-0.9797548792749938,2.9403449401661765,1
0.020608161503253324,1.0518980794778174,1,1,-0.34281749852339066,0.5818842521067515,0
-0.9747494939766381,-0.9905929783848516,0,1,2.513999972322867,2.8909919837410616,0
-0.08175540386042485,0.2630077762631192,1,0,-0.2605645359188914,28.193414310334738,0
-0.6539339987575533,-1.577562484441806,1,1,0.4677694144514158,23.358381628397943,1
0.8436090069186658,0.18743203666184957,0,0,-1.0887202213157665,9.318774154330658,0
-0.8996203612382608,-1.2340265368253522,1,0,1.6235727509851667,1.5185539390485425,1
0.24797347653525006,-0.7312828690810932,1,1,-0.2868451919805701,3.4362546434462513,0
0.4740179297767921,-0.5788456878041676,1,1,-1.252205679190112,9.613622714563006,0
-0.9738535623615395,-1.3027763088002806,1,1,-0.37459069056551486,1.6822400107318138,1
-0.0387550960698001,-0.8880157310605012,0,0,1.0641762365265963,31.032349014827684,1
0.2565214277336367,0.38275011548105753,1,1,0.3535460762592677,13.23609669516618,1
-1.1091811447647648,-0.16799388001996968,0,0,-1.8468189926969103,2.3580798734055652,1
-0.29157308651096814,-0.044496633841402705,0,0,0.4801260613380285,4.707495772584355,0
-0.06011507969821328,-0.08013788999244807,0,0,-1.6263272378806404,10.658017185275733,1
-1.1580091458724646,-1.7157502632676302,1,1,1.3830469984609108,11.673275629439638,1
1.1021619281121684,-1.5481347809787507,0,1,-0.017158642442270423,5.42976617503868,0
1.4117832745083865,-0.1411310823472669,0,1,-0.835511425430504,4.244795056513032,0
-0.03967166135917124,-0.48579849041910983,1,1,-0.7265424288676072,2.240403014038764,1
0.5384527955448746,-0.18833894813426277,0,0,-0.2391551502937135,2.723001132442339,1
0.6317188674963202,1.2759267771674803,1,1,-0.10213737372849707,3.0487403183686457,0
-1.3193278256099223,-0.7135080325298305,1,1,0.010679936493757472,4.769512353299552,0
-0.017695891516981248,-1.1621548775675448,0,0,0.7666555959806742,44.41728260208856,0
-1.3799143282593254,0.33815502659698593,0,1,0.3389230762225247,28.445159131766086,0
-0.8239804951317379,-0.014941655383768071,0,0,0.5662138111955217,8.43325225298354,1
0.6488076182332456,0.3562623558211586,1,1,-1.0936737021884622,2.6921576705247046,1
0.07971386438760368,0.04795685193115047,1,0,-0.08869695103580891,15.512046827681049,0
-0.4292019526918373,-0.3619453795996018,0,0,1.4715988161021045,16.856150168876177,0
1.5054918221920084,0.9058222453441083,0,0,-0.4860294553748873,10.922069555241974,0
0.32216099089337225,0.25752781493319143,1,0,-0.7205560218946031,16.727476414801817,0
1.6279343614079334,1.6894141863105654,1,0,-1.6491320250235941,11.596136661713878,0
-1.081226699817793,-1.830034702200592,1,0,0.6513549895972527,9.345092359412476,1
0.2537486440733845,0.18328599065207526,1,0,1.1223571833521448,3.096379176084254,1
1.3481434948065054,1.4563214651363816,0,0,-0.4507897911073486,10.830075282272684,1
0.5465487700613075,-0.2761026519747006,0,0,1.3051500231148676,0.7463892756396738,1
-0.39681472295471437,-0.6599587448137407,1,0,-0.974723150305269,8.394591660798316,1
-2.8144412116289192,-1.7869488539728269,0,0,-0.5388658316827701,22.096440921585998,1
-0.3132352975602744,0.3451964316256959,0,1,-2.4800346019437227,3.690736217273248,1
0.8106574548007359,-0.4251295723017291,1,0,0.05138083435522564,2.471659219438205,1
-0.08172376444168576,-0.7160429999162182,1,0,-0.44493604959027894,107.67524413596851,0
0.9075940776484221,1.544719304823663,0,0,-0.41377738114269197,55.06043410996849,1
1.224321439975676,-0.5816031978314788,0,0,2.4965132615996883,20.703858673561033,1
0.2471266719853649,-0.3163264336032303,1,0,0.6540317130558769,0.39065200642383197,1
-0.3571996874689727,-0.26074879331446066,1,0,0.5467511714152395,16.07767363720557,0
-0.1807326097116639,0.6808648757689658,0,0,-0.07500930374689603,4.005142717719308,0
0.001322485894449037,0.04594477241423572,0,0,0.07079778694837573,20.160575497185174,1
-1.9068215816739067,-1.5586024365397324,0,0,-0.07416937524099372,45.0160251870068,1
-0.02677617835720874,0.2725915187832102,1,0,0.15360004699286228,1.8186501461992763,1
1.7049722788913024,1.3054183713920398,1,1,-1.1797253405177541,1.6829961869459804,0
-0.08608493992265745,-1.29490655956345,0,1,1.7302365721762618,4.667974145486087,1
-0.5848436535483448,-1.1061757130223866,1,1,0.08377076827810763,10.63400114208548,0
1.1087211169032514,0.599552460258282,1,1,0.1390499431967394,13.397384431880695,0
1.6664308537244645,0.3304326912638176,1,1,-1.954877635641101,47.22220179270088,0
-0.4918792538413692,-0.41856480767279947,0,0,0.7198789367688858,0.3180738617612128,0
0.4290761519142456,0.24044139360133698,0,0,-0.48593785209450896,20.27534876067114,1
-1.8713423090191157,-1.3015366676337732,1,0,1.659893047534928,10.225975749910285,0
0.25683700570716517,-1.4344787096548344,0,0,-2.6488838911078836,15.650159058783883,1
-0.8703584045112676,-0.0888710956041378,1,0,0.018506981104858412,59.19118113059888,0
-0.6765304879290144,-0.4932358451870734,1,1,-0.006723403596279864,4.1638606796077084,0
-0.19098663236238297,1.0199632686545967,0,1,0.26891035302714467,2.3550385228110096,1
0.11729446754713178,-0.8336847366548944,0,0,-0.7250372180545867,6.042084671039148,1
0.8495520506112515,1.399359195308366,0,0,1.8040395353986496,10.53590646632102,1
0.427536282278976,0.7006649925588264,0,1,-0.8263555708792564,9.752458597903775,1
0.19599143934653193,-0.051676792670774255,1,1,0.7985908536792772,4.072825587983872,1
0.07955527076556368,0.7916521238718914,0,1,0.4285330604625736,9.089936232589846,0
0.10208962537153454,1.979824365959269,0,0,-1.2069692776752388,23.22921549108291,0
-0.3174810833569635,-0.39739119504327747,1,1,-0.4014197503398276,35.59816588978096,0
-1.5509407019708892,1.059803772977933,1,1,-0.8517838649845205,16.28781614823139,1
0.5027377230248734,0.8161292830764013,1,1,0.07161735669721384,7.59027394323882,0
-0.8179362042472645,-1.0118121447842727,1,1,0.6612534991467226,2.509435165932395,1
-0.32026502955541536,-2.1447572334808154,1,0,1.4399894583153976,2.8214962602414504,0
0.6879436501787687,-1.5364895712812079,1,1,2.341070236731826,12.30063715151378,0
0.9648132498774519,-0.495648572968783,0,0,-0.5741764529590264,30.714001497753344,1
0.23215870649695655,0.22420766002881148,1,1,-1.6699671275515937,13.014369681980963,1
-1.3651209976907805,-1.0281644439580013,1,1,0.25676612172175123,13.850342351626344,0
1.164134452156679,0.7481404767276273,1,1,0.9144356754497444,2.37442651928967,1
0.6684597292948999,0.9197820971974049,0,0,0.4691646611174692,0.5329448490153602,1
1.6118621438188443,-0.6260468413582303,1,0,0.3077734708561681,2.458794946503422,1
-0.9245603370341057,-0.9850719370444434,0,1,2.05910302287359,6.121805817348578,0
0.12705087779726995,1.9930044729633103,1,0,-0.7642822306632189,37.756632458105514,1
0.2244141369603022,-0.2961936372582769,0,0,0.6401857066193668,12.605605695511727,0
0.4104823153463202,0.7288058599121913,1,1,0.2266372851954361,5.453273828452264,0
0.96192391523673,1.2619175365403708,1,0,1.6410312406342975,22.16458964191947,1
0.05610082093740013,-0.6654170270442732,1,1,-0.7426105209225315,2.9866002401950222,0
-0.5946257351042168,-0.5240277306045401,1,0,1.3297441893719124,14.461375209775042,1
0.9506843692451108,-0.44069166447624575,1,1,0.7001825160215711,6.129938307214657,1
1.0342924644337148,0.8275157940784509,1,1,1.9482670246103264,6.395288161669581,1
0.07893106413773307,0.32898643986585724,1,1,-1.3189262773059982,17.50355708587032,0
0.672566507075964,-0.19567467413933376,1,0,2.3711417532039603,1.2349345699729375,1
-1.4705188119153756,-0.7814100068854339,1,0,-0.3126128054914989,1.8702786412219512,0
-0.462001214922236,0.4365942158309794,1,0,-0.7423603591854671,8.388568816210311,0
-0.234470690526258,-0.587609138756589,0,0,0.34622150951584685,7.489564932854019,0
0.9663865146729029,0.513615842228793,1,0,-0.3261703464361148,1.5201649878571968,1
-1.1809127873177905,-1.0297696405319328,1,0,-1.9804347446909545,1.4130135235811752,1
-1.4264591722357025,-1.064720382794401,1,1,-1.102670810594984,0.35455198607439375,1
-1.2838456498553312,-0.5789668894355937,0,1,0.13016837132082024,3.7242679831546703,1
-0.024890404988683775,-0.3000168238087656,0,0,-0.7648550055002651,10.512829891563632,1
2.0782116318013344,-0.30763688501787123,1,0,-0.592532941438666,4.0712245132299465,0
0.7828770620096996,0.9162189376626348,0,0,-0.2600205135570882,42.52979707837059,0
1.0583930134151782,-0.40099910312022813,0,1,-0.44742373045522627,6.970035714100916,1
-0.1502325902323684,-0.024448763641436513,1,1,-0.16195164117682267,1.681652951502669,0
-2.4768578639197627,-0.8044269443052754,1,1,-0.7575963443889596,14.762714976322117,0
0.38907924226999996,-0.43573873591780965,1,0,-0.38718019285132227,6.931480054575123,0
-0.9739893596716283,-1.7874432324810883,0,0,1.0586112404075276,2.258243767407985,0
0.3034185479658351,-0.3737313740677042,1,1,0.06377810849072152,11.105082900367648,0
-1.0923562944070673,-1.7429803951570881,1,1,1.6300727118439986,24.238237716395787,1
0.11022839037711776,-0.6385537392406746,1,1,0.9123474660802673,6.817691765265344,1
0.7715374759089585,0.9402265457269074,0,0,-0.3842816191697386,2.291087061065681,1
0.4755730253676907,-0.23609664955277668,0,0,-0.4266161289734812,15.633281616901007,1
-0.5896461025228141,-0.8484682886110396,0,0,-0.06139294665152604,13.24860261336084,1
-1.1133289332355598,-1.4358890189843474,0,0,-0.13708403267799096,11.826437461085645,0
-0.8142652579153098,0.2128661715333664,1,1,-0.9339228312545588,6.17161244837186,0
-0.18473605166133522,-0.3204474409169544,1,0,2.4196454571948047,17.85063405983017,1
1.678016595985339,1.927750385055544,1,1,-0.7220808662257274,19.136059558097134,0
-0.4820307544190093,-0.1480870858400595,1,1,0.2876297992494499,11.485963466516102,0
0.5765234313737089,0.5362798911024904,1,1,-0.06925701393549585,7.5422436194684295,0
0.22548229984695337,-0.36355339989632424,0,1,-0.5725667201295473,5.003071307388051,0
0.27256011181082,0.22828232104484364,1,1,1.7752996732564508,22.545869535321746,1
-0.19450594633280016,-0.1841889591277009,1,1,0.5304042890598728,9.928180619122061,1
0.04595001752190428,0.08137442746893708,0,0,-1.3731562346901995,5.568105008803285,0
0.217633771968359,0.1745393056785115,1,1,1.1959844880302906,64.65711418401874,0
1.2969806566352706,2.275245382635939,0,0,0.9542263479531807,4.190035320775274,1
-0.12280926506035018,0.5007415160834207,0,1,-0.7358125114805658,3.4517558249710563,1
-0.4993739381855892,0.3487405115044537,1,1,-0.4720767413814804,4.506596565447949,1
-1.4276983491814705,-0.04865545017649098,0,0,-1.2951763012524904,41.75912095591246,1
-0.029585592593742525,0.1358661602494127,1,1,0.8188559970015648,24.383502281592623,0
-1.1633032346515428,-0.7491384323894114,0,0,-1.6593837527584705,4.15174601577999,0
0.9502756656816828,-0.15467240286978018,0,1,-0.8653837389442104,49.29541875726556,0
-1.0304823409247783,0.8086707995574844,1,1,0.6500043105773448,45.533205441222236,0
0.6759691588058885,0.8667019169739112,1,0,-0.41261815131054624,1.815628428810044,1
0.41689033091502203,0.20703833545847863,0,0,0.06764388481874957,17.406715323848157,0
0.38607379083816656,0.5251764328646311,0,0,-2.5569204890918185,43.136705008645784,1
-0.7943888295270972,-0.7061176561332283,1,0,-0.5798632808682327,20.15044063996533,1
0.38960775707051376,0.7154210985713649,0,0,0.4690315730686222,17.616847191187407,1
0.5150577215642556,1.6103883295467754,1,0,-0.32164657873885394,1.9413834027802161,1
-0.44379857264381256,0.13075519194889682,0,0,0.5711054173257766,21.503953168860736,0
-0.7842391576505683,-0.5287318031501869,1,0,1.13428008996971,11.004582281192066,0
1.3139675248247658,0.199949262998233,0,0,-1.3199310627717724,4.712165984673796,1
1.41821926874099,1.0772339403684121,1,1,0.6395002656827893,7.156540116503777,0
1.0446809706021776,1.33025746332881,1,0,-0.1397317590310592,3.7348843636793485,0
-0.5491949062689897,-1.9017132371947383,0,0,0.257493398837936,5.678401794284582,1
1.7014289859711427,1.0555244580156042,1,1,0.5179765526631469,8.279136696679366,0
-2.5584419603098616,-0.7966553863009688,1,1,-1.0880862560006672,8.127812723021645,1
0.16459318517723637,-0.19034945327993433,1,0,-0.8657389168658878,27.096772485707262,1
0.8804666126483355,0.6117211412789915,0,0,0.4696526787143094,9.301169227060779,1
1.0195553801030923,-0.0016454392037779098,1,1,0.8543199100363834,33.77997327045401,0
1.8151659186865423,1.3730414130283453,1,1,0.34059861743562203,0.9609293874163194,1
-1.1699271836116814,-0.8338300204249125,0,0,-0.5136819980638282,4.4694649109447715,0
0.6231603934816353,0.1707961473089196,0,1,0.6152010979816596,27.571815211847028,0
0.9458233630406601,0.560257240797318,0,0,0.27769791736840255,18.247798476348283,1
0.2924655621886146,0.7376822586622874,0,0,-2.4602540769077543,2.272174315495153,0
-0.5710294747536624,-0.7479566403472755,0,1,1.1567011824162108,0.3950096195757849,1
-0.5694720663919433,1.2980558077995112,0,1,0.6323059212896465,4.544067271178796,1
-0.26617033676658647,0.49153007191403986,0,0,-2.092180784206828,9.657988580066034,0
0.1652723649989206,-1.1661069464374436,1,1,-1.690640973405839,46.25104191293542,0
1.6603314198793149,1.160877598187468,1,0,0.3776550435476913,40.70507847680043,0
-0.05695112580505753,-0.7316760856441821,0,0,-2.121837907052062,33.62780209608212,0
-0.521528382238366,-0.5510202384074601,1,0,0.20757144801920313,2.7127823315844952,0
-1.376426492066478,-0.9543334859775429,1,1,0.39310766261582214,1.6233570666464838,0
0.9001532158578455,0.3448425514450665,0,1,0.5558122921140349,19.560993008194977,1
-0.9706192502991651,-0.3939043474082076,1,1,-0.6751475184117103,5.783468930451558,1
1.5725848777654288,0.8334487226321817,0,0,-0.5700717800389622,39.2409828637102,1
-0.41300259692515745,-1.3015871450880707,1,0,0.7614381151068207,22.033827943081796,0
-0.7673882463746304,-0.25176651452705334,0,1,-0.755618629065828,0.15620162815340174,1
-0.4995357391050112,0.024845990123913225,1,1,0.9867498878361586,19.24412604887804,0
-1.8228997900461315,-0.8595578567075857,0,1,0.6306575350579429,4.223945000457027,0
-0.8988273649228732,-1.1169531516906575,0,0,-0.8447105293087455,2.3150614293788387,1
0.6902700619380108,0.14705098551100648,1,1,1.3204082039741234,7.808934555579566,1
0.4269819242602716,-0.3357005566973043,1,1,0.9642820228736869,4.035746247209177,1
-1.5253259266931212,-2.623130052951816,0,0,-0.12099319454858821,5.600567777644713,0
2.0218384718953875,1.4970574039279834,0,1,0.02338174774273542,1.3400847542833465,0
1.296645355313227,0.7781236230110181,0,1,0.5345215380193898,1.384563506742702,1
-0.97327813325028,0.2837775353418336,0,0,0.44776675246133285,15.12940539663616,1
-0.39511168614790315,0.3413539081424676,1,0,-2.026933120280409,3.9584027193908127,1
1.4255760517540408,0.8607234852994654,1,0,0.8670143243804215,37.5386716558786,0
0.9405331642140256,-1.2918812159038024,1,1,0.03301735235411158,4.100132316466003,0
-0.46027492605416837,-0.06488404271976325,1,1,-0.3870735338835205,4.534043423817079,1
-0.21166029257930233,-0.4803006235038033,0,0,0.15245353700377035,7.55245701053558,1
0.06791330390887045,-0.6975917635295932,1,0,0.06585449149304322,9.644285184205383,0
-0.7042631259535477,-0.6391371919289741,1,1,-0.41980330152323764,2.525775822807233,1
1.4512968012085359,-0.3092649277373988,1,0,-0.031013816817625394,0.8047688896246398,0
-0.9979872645245925,-0.5532241711355915,1,1,-1.623849432962475,3.9690882632774964,0
-0.22100916822902728,-0.5961414212666023,1,0,-0.057495805533995505,21.250921897955777,1
0.9675885131364436,2.2276696882839326,0,0,2.0615342393327776,9.819999899945318,0
-0.0351112343009933,-1.3545822686517999,1,0,1.5253055892839293,7.517885400564859,1
-0.15835305349373788,-0.4843420655929416,0,0,-0.8720245719280723,24.29584010592092,0
-0.12378795464663575,-0.7449748934349552,1,0,-0.21300005914446662,7.4985033660941465,1
0.5807704087835299,1.5792682755196994,0,1,-0.5899240492834065,2.8890237615290624,1
0.5479679702719659,0.7535372185896891,0,0,-0.3151646104260169,1.042509841657168,0
1.6387895733768214,1.3554943724575654,0,0,-1.7790081560900197,3.190794743913941,1
1.6410693789062307,0.9628054238119786,0,0,0.48216318252436957,16.03489416178382,1
-1.144440710323486,-0.7829974970234027,1,1,0.6516389595682736,9.530211599277598,0
0.26470665792513937,0.7854122608382977,1,0,1.169133890893994,6.299802285536376,1
1.935230244618163,1.0245565919371324,1,0,1.7344692105044537,27.31912323330867,0
0.6703593373717519,0.04591234624722468,0,0,3.3007316753259532,12.966305490324281,1
0.6306906501460889,-0.21284881673150258,1,0,-0.7766629301822392,3.155749806477634,0
-1.2140938085670012,-0.7639735057023,1,1,-0.9945447772729717,8.832059088648515,0
-0.16816689950263858,-0.07316133492502148,1,1,-0.11545069401075903,33.565598383764964,1
-0.751381368284263,-0.9085024192889115,0,1,0.18749013182885407,7.874007635470039,0
0.07072333083773567,-0.2718427690621944,0,1,-1.001658779155851,11.692730787220952,0
-0.5701385800839287,-0.32106277472641576,0,1,-1.1062853835798214,6.976053317806374,0
-0.7751778042478775,-0.42416031004385757,0,0,0.7668746110442987,3.843131982164033,1
0.2981691796572939,-0.4382651883696508,1,1,-0.09014902656920169,6.913880803331276,1
0.8181910272772986,0.6249633197782766,1,1,0.9443007507096267,13.961786759429229,0
-0.12326428935056784,0.3580782198043208,1,0,-0.7006159779190237,4.604744669193812,1
0.3353415130318787,-0.8827133618128832,1,1,2.406043467134842,34.06963479978054,0
-1.7654802799322022,-1.3885343337736387,1,0,-1.0465862185280101,19.949095526019253,0
-0.3183618010043385,-0.014897594901969596,1,1,0.012316577551237872,16.669036071785172,1
-0.7044978214138916,-0.5295222770121533,0,0,-0.13165568858868884,4.899232840690488,0
0.08037539104586283,-0.619464419135482,0,0,0.5767394361783721,0.4242411922505233,0
-1.3241722917811158,-1.7923372386973617,1,1,0.024583008329760795,3.9065620793626574,1
-0.37632081518372623,-0.8605366802434751,0,0,0.37873444988648824,6.53766021024594,0
1.0273886491795474,0.09031078316586755,0,1,1.0205170314449432,30.239559924154214,0
0.8623475881913703,1.1597863120145186,1,1,-1.7684823731924577,5.176612454678676,0
0.15644279671952085,0.7239931018965191,0,1,-1.5017610259042102,17.128166565271076,0
-0.4421450115985942,0.6437199608545963,0,1,0.1690683164093717,14.118528960029824,0
-1.1579092891452003,-0.5549304542173527,0,0,-0.9422362926143236,0.4878376419997583,0
-0.10216022447755173,0.8370027134449258,0,1,-0.1566439213143725,16.11515199936173,1
-1.7102076935379988,0.2507648047961807,0,0,0.6269831930846552,1.4048321216643,0
0.3552191922390708,0.42633813473818466,0,0,0.9703704917109354,4.8574872052433635,1
1.3252574678405877,2.3269905778765327,1,1,-1.1216878005758137,15.850925608715958,1
-0.8955603072789446,-0.0031503808720239057,1,0,0.41260375074978106,9.117833065394038,0
-1.217920411897813,-1.4070968862646414,0,1,0.8617040463336367,6.327074648782371,0
-0.8616966489611967,-0.0411591057427389,1,1,0.3788530573792029,9.096561028517812,0
0.49335891927950565,0.053543975487151035,1,1,0.3770384998513305,10.731716309476312,1
0.07741260862311601,-0.9861952291835135,0,0,-0.26348802600077215,12.258548733623677,1
-0.19418285089204082,-0.5259634998497446,1,1,-0.45047415820482833,9.872985672939237,0
-0.9651279055094326,-0.36483957359575564,1,1,0.44299499913982643,13.919439486610168,1
0.648973499473504,1.2910772685853298,1,1,-0.5268114209285323,13.197156740891886,1
-1.1520617424363366,-0.5456964974169835,1,1,1.153103853548071,12.4461595130847,0
-1.1626630958865947,-0.5822437112980762,1,1,2.194101943834372,14.242069259136573,0
-0.106889339049851,-0.06581893408486525,0,0,0.67889704969233855,17.031209861441717,0
-0.8819744707427533,-0.723139885574771,1,1,-0.7902767382589867,2.6290279138080304,1
-1.4504441062235858,-1.0393331391290346,1,1,-0.2593280838459469,12.677958447299178,0
-0.26217500155032664,-0.1510387147384512,1,1,0.3018033072178751,1.0561927979370436,1
0.3502131474784243,-0.20023672960544256,1,0,0.36069302714683066,6.7192026632690744,1
0.4163540662390797,0.8921565871157748,0,1,-2.222636240872835,19.097429300246553,0
-0.2754173080707122,0.15173158914139256,1,1,0.7734153118902329,26.50004264936162,0
0.8335459586106222,0.17600285883924813,1,1,0.126621288782799,13.754635807538357,0
-1.0354912753680603,-0.864004541095715,1,0,-0.5200528000280477,11.47741575915956,1
3.138083133771765,1.8829060541085703,1,0,0.6140225948872846,8.182001202647033,0
-0.004966851776585496,-0.5038513867897781,0,0,-1.838633287925569,12.367179349395643,1
1.33016234482615,1.7164754048884137,1,1,-2.481083415464371,7.112077014830006,0
1.116445641383155,1.447946830892404,1,0,0.42454835317350814,3.9856517603758777,1
-0.7136521133851557,1.5316297252296744,0,0,-0.40418552770873484,2.0999702783193595,1
-1.0293068187706944,-0.6229364531851637,0,1,-0.3942803342722869,7.508642284710204,1
-0.5255039553559976,-1.2260351018339688,1,0,1.0143299151416345,3.8394401691364966,1
0.26482063541433354,-0.13764664062223936,0,1,0.6857420026891138,2.3366949200975387,1
-1.0892933466319523,-0.3069221241202454,1,1,-1.0630662200463292,2.1840562752294086,1
-0.07765334886277626,-0.3759928549694147,1,1,-0.014647905554314224,0.5114497015419524,1
1.594985942933317,1.0399823472529561,0,0,-0.8014218763137975,1.197022917204995,1
1.1355801365536804,0.12021309514424505,0,0,-1.335351787900797,11.894356047655508,0
0.10161536420834108,-0.2933653776189833,1,0,0.7822193346641627,40.401463812726305,0
0.14780664650836337,-0.4498516474303633,1,1,-0.4656623510023034,6.104726456151979,0
1.0506684199043748,-1.0499874447328617,1,1,-1.295496352564191,0.19636978524065574,0
-0.046828004479124344,0.9203098215286607,0,0,1.722859242937617,3.1634337721845585,1
-0.4000843355768838,0.018331393184092132,0,0,-0.9157391804024673,7.619885745742375,0
2.131995625991961,1.006222345939927,0,0,0.8889721413084803,10.027125510153393,1
0.5116920856493425,1.5246599697471552e-4,1,1,-1.1862126691991268,13.326684958715004,0
-0.4571671354863593,0.017394121191318695,1,1,0.7577652091320526,7.448887297862054,1
0.28130522648880385,1.5903090055350828,1,0,-0.7418824375272911,12.167863544206131,1
-0.9145114157977728,0.510502234677102,0,0,0.252011860129251,11.448616274195723,1
0.7884723903086911,1.0237566087123844,1,1,1.2753199901025458,21.902383330222392,1
0.5796120819635405,1.1128895490372706,1,1,0.23342026096068078,28.956451612904885,0
0.22290466028216,-0.603236249240572,1,1,0.2583677929441661,2.4313181207216843,1
0.3534089593645212,-0.4189767967738712,1,1,-0.025443240026104375,2.913731560247934,0
-1.377928263400679,-1.5519943499783309,0,0,1.6611121997298328,4.3784758672981186,0
-0.00203898679606444,-0.423633248797474,0,1,-0.38616042873464534,75.34061748243747,0
-0.8081778202388253,-0.6657563547707182,0,0,-0.23709505623992108,5.6455607623091995,1
-0.07436545739867788,-1.3530260463719233,0,0,0.9669522648361208,9.585708491216524,1
-0.043081818921881516,0.06014565007706202,1,0,-0.38272687081805234,2.0450077911400197,1
-0.6983561655209674,-1.313140397879347,1,0,-1.764391690801564,5.408382482327403,0
-0.5418542292405508,0.36416646953168397,1,0,-1.1585142946777534,22.177506384840576,1
1.372275109011569,0.3687372919933663,0,0,-0.3622251831408659,33.05205388343059,0
-0.8460149458078857,-0.6889551998907402,0,1,-0.9079608130326962,57.37143392174033,0
-0.553822204793871,0.16258331259827624,0,0,-0.09362139171985134,8.811967602021214,1
-1.489058347986415,0.3312676270093612,1,0,0.37533113159452675,29.342169853815246,0
1.1278529494656537,0.5943626460695246,1,0,0.8470167166487677,3.1778550394022753,0
1.0133618580000712,1.6829641622223168,1,0,0.8315792798691802,46.66626010868034,0
-0.49771482091170605,0.4769870095356468,0,0,-0.47419407147099346,10.305863731400501,0
-0.40324175069110807,-0.7665488488755232,0,0,0.011411151408431899,8.792151035345428,1
-0.7463286336615096,0.13719693276463452,1,1,-0.47032926675330683,15.7803054854909,1
0.3161812360069071,0.4202816082523594,1,1,-3.042156425475438,0.20835367049374634,1
-1.4654427196583302,0.05602568375977279,1,1,1.205880514714452,5.6319491914989666,0
-0.4523496475714297,-0.13699733754703147,0,1,-0.4331613871094206,34.19538945315244,0
-1.1132936380685574,-0.2504495100546438,1,1,2.515450743077006,30.70990029833538,0
-2.557497523183784,-0.34175757103182036,0,0,0.4551997472032754,10.310362765572705,0
1.1910057563519434,-1.2278801442205036,0,0,-2.2889677621770415,6.8760061268761365,0
0.8518623027243944,0.20856455093802528,1,1,-1.3118708262358143,2.148996502308164,1
-0.24846217061174616,-0.32381763953536036,0,1,-0.06701084094305956,40.044394107963136,1
0.39727961740837525,1.3467230331411888,1,0,1.43715980233256,7.151208968984114,1
-1.5365557242834855,-0.10858253861183509,0,1,-0.38279385268535615,42.555005715086196,0
0.9029003232565292,-0.2866821823305555,1,1,0.4076265240842159,25.806878494819625,1
-1.430137396704432,-0.563612070545245,1,0,-0.5993005484202746,23.346456154091886,0
-1.7356199903251583,-1.4616803984455207,1,0,0.7072595579678475,48.03726021460539,0
-0.7983790751547556,-1.2893924287899154,0,0,-0.2332743352707609,17.77967644781473,0
0.17478951277863775,-0.015089019669019516,1,1,-0.077998224729438,28.832240213352698,1
-2.185932839057977,-0.8390209045736203,0,0,0.47617099470449403,3.0579228712871496,0
0.4422849400048354,-1.3506133803824336,0,0,-0.4751890692421515,21.55947986132413,1
0.29864080872219795,1.1901960716849422,1,0,-1.409000166394099,67.64514317409643,1
-0.8942574161874352,-2.0910110654786034,1,0,-0.15064726105705578,2.3555502827678407,0
1.3128967884319327,1.62222865943209,0,0,-0.5657887516564941,12.608744558234587,1
0.4257559451442563,0.3335801287723581,0,0,-1.843382358680688,7.219740026001189,1
-0.513275056502448,-0.0221213412210719,0,0,-0.12242981181285564,27.074078887402326,0
-1.2630700050573753,-2.2087186635592166,1,1,0.542168256670995,7.79882156106726,1
0.16912466956552208,0.7782194949776848,0,0,-0.6995225454272913,2.71772122564348,1
-0.6165069763302954,-0.49727255377038165,0,0,-0.5567393295624558,2.831567419854964,1
0.3254063753523539,-0.9924562899210362,1,0,0.5464392172787997,9.690043408581879,0
-1.4357331385292142,-1.2108726276723754,0,0,0.8051292364191516,7.2829416525122275,0
1.4883101708619337,0.342201054963827,1,1,1.3455820330598662,1.2623590627360468,1
-0.19035857889466914,-0.6504475430112138,1,0,0.6973800036659602,5.452707643588307,0
0.6541108605306157,-0.0032976504351329705,0,1,0.12281105673749078,35.154304850274535,0
-0.5744266291318659,-1.4706704961620582,1,1,1.9909835571838834,6.57449196844315,1
0.8166575322462154,1.139385495369244,1,1,-0.32415502497100496,9.827700634145367,1
1.2782731239186813,1.3070915872435371,0,0,-0.1440814681795441,3.5429128677417947,0
0.7211999780060745,1.061681686691624,1,0,0.68460550369995,8.149449551715353,1
-1.7803353620846967,0.1403254606365728,0,0,-2.2919678808369532,7.188850932873239,1
-0.3520848323005516,1.2584641301642956,0,1,0.00850012269648156,0.1198583746393675,1
1.4194892161947856,0.5049612307876423,0,1,-1.0456401132082451,6.506692574981557,0
0.583687352718807,1.177215280117212,1,0,0.8378652748955225,48.862712771777026,0
-0.6729969262817622,-1.247266020126787,1,1,-0.9733454963702656,1.587886030723083,1
-0.006587315595091357,1.2830721806481333,1,1,-2.251450435754441,1.8928296878265385,0
-2.2340716665676936,-0.5168427942316469,0,1,-0.9633136550111919,43.66127338779433,0
-1.411026416628552,-1.0663092280358528,0,1,1.1468851015532675,6.34516794306431,0
2.9008767361162975,2.520174347705452,1,0,0.16407744868821597,10.200715515920784,1
0.3701362304432823,0.6210174687786392,1,0,1.3155769837675961,10.329263417848518,0
-1.0267649727104233,-0.3017267257828285,1,0,-0.04331782648447228,24.678655341894935,0
-0.7899570192739258,-0.46267068530227695,1,1,-0.49057686474209217,35.692486500464355,0
-0.8337269558328365,0.012455473479531132,0,1,-0.5435331833051119,8.435685890564931,0
0.08045250929010168,0.03335559185658534,1,1,-1.4826575044609551,3.1272784094811636,0
-0.2477014745228462,0.059944934833818964,0,1,0.2752850980880752,3.59587134922851,0
0.24661999656929484,2.5717006916694576,0,0,1.2135437818401318,22.269131122316868,1
0.013634871884221742,0.1357484062951889,1,0,2.169026697444765,44.127496944681084,1
0.2685024995720156,0.2104273213695071,1,1,-0.22143968799827335,2.703383244564105,0
0.4241985455087994,-0.22476353406139252,0,0,-1.3923864165011013,41.06997665963429,0
-1.0013817130269695,-2.2048017322442948,0,1,-0.25141438944010824,4.826281667784345,0
-0.8513372967599523,-0.8485509876096424,1,1,-0.010834184841342036,2.8998033367197236,0
-1.16331961850867,-0.14787524611826275,1,0,-1.179521660726675,24.08956873246625,1
-1.0330256640154856,-0.5691573495007421,0,0,1.0154926242914013,0.6474566098983916,0
0.06511008616568469,-0.8823762134848576,0,0,-0.05255091943574346,13.303316421231477,0
-0.10257806884881689,1.1702135680884473,1,1,0.11955103501829552,10.611376730530994,0
-0.835042660121708,0.5760692622036707,1,1,-0.27130292290501895,6.7723209477069295,0
-1.6437364435673891,0.32080842404367416,0,0,0.7555596726437209,22.097804014655388,1
-0.7353572406877281,-0.4679896415208389,0,1,0.20007405405313966,25.01129152884148,0
0.7464751335166517,0.7142691111258208,1,1,0.3431324454450467,6.501059408412547,0
-0.01350432855885117,-0.29562363211874243,1,1,0.13217849235009416,18.257334644177938,1
1.5526651516368957,1.5780267469250653,0,0,-0.10507206635044289,9.335204734175706,0
0.1129456625506163,0.18708729335810992,0,1,1.8183890308145998,9.523379404284778,1
0.08646448522460087,-0.021853944727845465,0,1,-0.05487982912944861,13.649859120087935,1
-1.3605397283303406,-2.243147908210352,1,0,1.1099505280854642,10.758821284362478,1
1.5211064312115432,0.2662983189252315,0,1,-0.7163012242318638,8.11285701962191,1
1.7278589702472613,-0.3964753247565248,0,1,1.161970323412717,5.865460001004133,0
0.2770912888073231,0.07593867086618586,1,0,-1.304853905072286,1.2476589005187066,1
1.644625884623294,-0.08512160873483066,1,1,-0.32043599799660005,15.106923287664143,0
-1.615372594398184,-1.0370016080494129,0,1,-0.9425730383474865,6.459097119055429,0
-0.958570895442444,-0.7565113078850119,0,0,-1.0172234144044798,31.393921849741904,0
0.543463384787822,0.3304794497952228,1,1,0.4458205127760457,12.96974894766872,1
-1.6766654558913021,-1.0832204239273142,1,1,-1.0060055729646797,1.227245755982675,1
0.09989107236690532,0.2203357100163586,0,1,-0.03390741518178504,3.0174610496257723,0
0.517740377061856,1.2068691972256862,0,0,1.3392306653002704,4.331060060412168,1
-0.28150867649906713,1.1515789539640071,1,1,-0.18685010332796964,31.85416226670534,0
-0.501633761977074,-0.13686312751043384,0,0,-1.1766950833714644,27.49892297133501,1
-0.7032309182917349,0.16523624544643267,0,0,-0.5956419898931484,4.037905477246262,0
0.8521533708695296,0.1790522678248262,1,1,-0.8383731360240905,1.037724935355007,0
-0.5675266853688513,-0.630171680547243,1,0,0.25580945284493745,7.714913343528868,0
-1.4669924471413571,-0.6719816091884385,0,0,1.178970964450874,11.20821277082369,1
0.528229908580459,0.42165855051276385,0,0,0.01882062421861922,2.291891714881631,1
1.8728695635990158,0.8973469641612706,0,0,-0.9910223385672747,3.243837230154951,1
0.7503744664219469,1.2144296204086151,0,1,0.5477803137492535,13.368246487151241,0
0.7232464672953449,0.5708903879095966,1,1,-0.3661286484458255,23.32090968220989,0
-0.8441560478169609,-0.5211036688846793,0,0,-0.465494019738107,15.310406770364661,1
0.551867834837085,-0.11171540646303141,0,1,1.5151816608491466,12.332765200322774,1
1.112788033721233,0.13462566637614493,1,1,0.8843827599175055,11.972915902589968,0
-0.0689191021129835,-1.448596699717288,0,0,-1.0497770285984582,12.84222344195463,0
-0.6251169642029658,-1.357538513322345,1,0,0.639036082592318,22.445123041366752,0
-0.7457917782877233,-2.3599133588511734,0,0,0.3145330577836873,17.641857481365502,0
0.33167155846373425,0.6779488434799427,1,1,-1.2579640785974298,0.9153843006415849,1
-1.4113243381959888,-1.2079318040472986,0,1,0.1677435093462115,6.787006205674189,0
1.3161690988603096,-0.10879979454067512,0,0,0.32191041864185355,5.928143332119038,1
-0.0013308453174985227,-0.7535040208464759,1,1,-0.8451578483880219,1.778249845770177,1
0.08152758412542203,-0.5409233831940699,1,1,-0.3473156183270191,22.85397517985497,1
-1.7169102681707615,-0.6903972460356611,0,0,-1.2739015782501197,4.305139167816828,1
-0.21258120462121877,-0.5737671444651419,0,0,-1.3284449590198755,0.025555174413759835,0
-0.68941435500834,-0.46669122525571655,1,1,-0.5580748155327727,35.99518460408187,1
1.7342751573890642,0.17961470589019057,1,0,-0.1334650378056638,5.235415937299893,0
-1.3961559997068236,0.7803222767474708,0,0,0.24614449389612475,39.804962472842476,0
0.12841593611709973,0.6149527842480389,0,1,-0.21330002970039924,16.15768818024526,1
-0.560573371428689,0.19887061920575683,1,0,-2.2984712040389312,0.27096900427318443,0
1.174544541367221,0.016701690920524315,0,0,-0.5524864309767145,61.8640615313569,0
-0.8366777631321868,0.6674226756563919,1,0,-1.9194756931756218,5.050188112054667,0
-1.2496805082650042,-0.4417023321240765,0,0,-1.6692623083067786,1.8757228509425885,1
0.5205393960561806,-0.7509502944601794,0,0,-0.11272740409360182,15.306238436612846,0
0.42642445727616674,1.0805941060091413,0,1,1.3986010367877981,9.027687674496164,0
0.28917686556780386,-0.4160446893743303,1,1,1.390316540624971,5.987691045756735,0
0.0822050626330513,1.0185722108656523,1,0,1.1889304550658766,39.410076163611826,1
-1.741847496720795,-0.038293877651420005,0,0,0.7763504628266006,12.044097660073442,1
-1.4069949051281845,-1.918372849622787,0,0,-1.2327675715153124,20.38628220635285,1
0.6400301087753102,1.3614581968541262,0,1,-1.7316937537981605,3.119371417895477,1
-0.06989388972177536,-0.06136911974979645,1,0,-0.714459181704633,0.9851825412751164,1
-0.84106437900949,-0.9849241776343601,1,1,-0.6023771018406938,13.306262726719314,0
-0.26177947360449555,-0.1983110901606649,0,1,-0.19246159097336868,2.430654351211084,1
-1.0248983648090417,0.9363651852429288,1,1,2.417412356322427,13.08333725600169,1
-0.44163193637277226,0.5003672410663915,0,0,-1.1118167818892812,27.27424804836443,1
-1.5553316402306738,-0.09553529291859075,1,1,-1.1095381804948525,6.5403337897996785,1
-0.681556521668729,-0.6398732924611772,0,0,-0.957134522845782,9.729090671713058,1
-0.8372959771043259,-0.34538335275306487,0,0,2.92521207328173,8.601224783477175,1
-0.25751151501076663,-0.9299254374765824,1,1,1.0552568689096706,1.2649867852653545,1
-0.6509936697075214,0.2612126527729617,1,0,0.7613776578726793,23.36141295491752,0
0.9695189650633167,-0.010203937319704592,0,1,-0.10450584396104262,28.96011841592388,0
-1.2018871881737614,-0.7235908912722693,1,1,0.05919061065736871,9.259245237123087,1
-0.2501085836349149,1.0075776031940746,1,0,-0.9052738192252752,8.257925740267874,0
0.16795152400968968,-0.22311927959226135,0,0,-0.9310826033593431,10.602723575164797,0
-0.48960723811124146,-1.5338353301903576,1,1,-1.0833184808337857,37.31921717765065,0
0.2364431953001505,-0.6158096748455293,0,1,-0.3082256378751961,24.580299065978604,0
0.29339672552614565,0.0796255285630241,0,1,-0.47240792208876753,0.16540990113981902,0
1.0722593545052612,0.43423611150923924,0,0,-1.3564301123663722,43.47423375358868,1
-0.4305477605020514,0.45092191053241193,1,1,0.5272467829604938,2.605000428333182,1
0.7024627332445357,0.13053964461436854,1,1,0.13813342166802384,31.16169886709917,0
0.6506364653094808,1.3090175588408517,0,1,-1.3696342656375484,1.500848737023923,0
-0.4042149927025755,1.319473177147813,1,1,0.7420178813272802,7.532935222776239,0
-0.4373714189677627,-0.8581043419305056,1,1,-0.6400717709931375,0.4017445238374083,0
-0.3087300146308302,-1.6200817440044362,1,1,-0.12677552926617622,5.319265983135773,0
0.02735991858586047,0.5599497239988076,0,0,-0.5271148553119729,1.3535287422100175,1
-1.4992434233191247,-0.027308847732661068,1,0,0.42167203363017847,10.642085564196915,1
2.084314220772691,0.523135322830038,1,1,0.6750610361042296,10.581207938103947,1
-0.9206347269417915,-1.834785793095996,1,1,1.1645451899726615,2.503220304849925,1
-1.0601179503259517,0.08659379345933105,1,1,0.2323737449518494,20.544762114639912,0
-1.1800430053297497,-0.8715663294669067,1,0,-0.22552877648183337,1.2385288637401832,1
-1.5252850899372852,-1.5940510883368622,0,0,0.07051776388639963,2.1471053049054616,0
-1.2344205414798655,-0.2875016939061264,0,0,1.7175101243328974,21.47946132690198,0
-0.6596876572510597,-0.17277759025637457,0,0,-0.7185724908566087,1.6865418944567825,1
-2.2854504275345326,-1.4707271557184862,0,0,1.4486572893214957,59.803449851183366,0
1.6460653429641454,0.8387582092312863,1,0,1.1226276911123998,30.63494440096765,0
0.14867150629115575,1.687245551490987,1,0,0.04705098593947322,30.005660924980425,1
-0.9308469993949028,0.6219104967469598,1,0,-0.9298646622667666,8.541408172920057,1
-0.34688334838236523,-0.931863369823207,1,0,0.3147994656739216,6.445999952740452,1
-1.2269455335733086,-1.40802543854746,1,0,-1.2206490710405757,8.108294532997498,1
-1.2587257031748142,-0.43384846087857387,0,0,0.7280615358615404,8.308736492365483,1
0.4977217240020566,-0.05627267491336074,0,0,1.4926157130540407,11.29545081716074,0
-0.26833982310123944,-0.448379344232292,1,1,-2.988509142856081,15.313890033155575,0
-0.8800088300082589,-1.191856317317972,1,1,1.254439158807196,7.384295923569498,0
0.5606069680221415,1.1220456224782795,0,0,1.8020714973581011,3.9980674169698736,1
-1.126346729189445,-1.295099839928088,0,1,-0.0883753510538307,11.894288508789648,0
-0.05463533486785567,0.31691694681104365,0,0,-0.5798043634836672,13.0248924314573,0
0.29504317934808544,1.78509412589111,0,1,0.8660089029463511,0.307688192644451,1
-0.9342250520022606,0.3615606435237372,0,0,0.8478711471769641,39.54553322049919,1
1.1778592454529397,-0.23010871592046267,0,0,-1.7536931879436173,14.812013067374481,1
-0.0889908639680209,-1.2452409933239335,0,1,0.03029681576083998,7.607371332375584,1
0.6663874782798233,0.08729969143885763,0,1,0.5321681758896255,8.010172400206441,0
-0.3621152019819273,-0.24374443292657355,0,1,-0.536901765747423,3.849233493467785,0
0.7123956923419914,-0.2715199656783057,0,0,0.20415343828637353,20.154609651565195,1
0.9694287871821488,0.7088403618343374,1,1,0.1800831691033352,24.38082314702098,0
1.1830742511322652,0.8959443557391935,1,1,-0.13321666509561236,2.7410932668947106,1
1.3763903289415516,-0.1858708928894901,0,0,0.5262487928233377,34.02824232976455,1
-0.09539872283198468,0.7528926514760618,1,0,-1.106363528119381,9.593074254936118,1
2.085223696145248,0.8738626839675806,0,1,0.03695815577780808,20.552731844644985,0
-0.1693321179867773,-1.0612497958029825,1,1,2.3362413253222405,4.590940086393973,1
-1.3064383272156515,-0.6933917043450784,1,1,-1.3865939410014119,20.756383491949887,0
-1.6698730364761283,-0.9724655267428801,1,1,-0.49479623905725656,0.013321670469860311,1
0.05712966756229648,-1.056937927130244,0,0,0.4196982276321291,35.69519161498041,0
-1.206930644186568,-0.6509163774523742,0,0,0.5968943836563414,27.036066183413784,0
0.5280031084277031,1.7443402709987157,1,1,0.18955316233570915,10.458196137589491,0
-1.6556720420667155,-0.779073140311886,0,0,-0.12799771404271937,5.93940558408218,0
-1.3548031004608956,0.678830253846731,1,1,-1.4666907786532843,6.554284498309946,1
-0.7121473927978631,-0.4391120046456317,0,0,2.3414240339470647,17.184588992624672,1
-0.11139112001406458,-2.07426207399466,1,0,0.16218524570491208,29.03267205260942,0
-0.5148007192368932,0.011835292804365127,0,0,0.10221491153601169,8.053788825325194,0
1.6643790270939496,0.8400533261243391,0,0,-1.5428623737283305,26.135167149325138,0
1.5383728621082944,0.4306340105218618,0,0,-1.1156627706792523,5.587873005930291,1
0.2343900880422909,0.3226926037445115,0,0,-1.2042615520510356,9.2677868143961,0
-1.4817586285423714,1.6286997319383993,1,0,0.018120517970399423,7.810660819505057,1
0.8020385900397324,-0.9328966053240285,1,1,0.9920549095856296,18.488650796938444,1
0.7471357126897263,0.4389460150531089,0,0,-1.3009518366917985,27.399936106778487,0
2.404310315571272,2.140838321607414,0,0,-0.9571172624759822,28.443210199291645,0
